time,open,high,low,close,Chars,Chars,Chars,Chars,Chars,Chars,Chars,PlotCandle (Open),PlotCandle (High,PlotCandle (Low),PlotCandle (Close)
2025-09-05T14:30:00-04:00,23642.5,23664,23641.75,23646.25,0,0,0,0,0,0,0,NaN,23664,23641.75,23646.25
2025-09-05T14:35:00-04:00,23646.5,23656,23637.75,23644.75,0,0,0,0,0,0,0,NaN,23656,23637.75,23644.75
2025-09-05T14:40:00-04:00,23644.5,23651.25,23638.25,23649.75,0,0,0,0,0,0,0,NaN,23651.25,23638.25,23649.75
2025-09-05T14:45:00-04:00,23649.25,23656.5,23642,23649,0,0,0,0,0,0,0,NaN,23656.5,23642,23649
2025-09-05T14:50:00-04:00,23649,23659,23635.75,23639,0,0,0,0,0,0,0,NaN,23659,23635.75,23639
2025-09-05T14:55:00-04:00,23639.75,23657.5,23631.5,23657.25,0,0,0,0,0,0,0,NaN,23657.5,23631.5,23657.25
2025-09-05T15:00:00-04:00,23657,23657.75,23641.25,23655.75,0,0,0,0,0,0,0,NaN,23657.75,23641.25,23655.75
2025-09-05T15:05:00-04:00,23656.25,23680.75,23655.75,23669.25,0,0,0,0,0,0,0,NaN,23680.75,23655.75,23669.25
2025-09-05T15:10:00-04:00,23669.75,23672.75,23664.25,23671,0,0,0,0,0,0,0,NaN,23672.75,23664.25,23671
2025-09-05T15:15:00-04:00,23670.5,23690,23665.25,23671.75,0,0,0,0,0,0,0,NaN,23690,23665.25,23671.75
2025-09-05T15:20:00-04:00,23672,23691.75,23666,23687.25,0,0,0,0,0,0,0,NaN,23691.75,23666,23687.25
2025-09-05T15:25:00-04:00,23687.25,23692.25,23680.5,23683,0,0,0,0,0,0,0,NaN,23692.25,23680.5,23683
2025-09-05T15:30:00-04:00,23683.25,23685.75,23654,23664,0,0,0,0,0,0,0,NaN,23685.75,23654,23664
2025-09-05T15:35:00-04:00,23664,23684.25,23661.5,23665.5,0,0,0,0,0,0,0,NaN,23684.25,23661.5,23665.5
2025-09-05T15:40:00-04:00,23665.5,23676.75,23657.75,23664.75,0,0,0,0,0,0,0,NaN,23676.75,23657.75,23664.75
2025-09-05T15:45:00-04:00,23664.5,23674,23659.5,23666.5,0,0,0,0,0,0,0,NaN,23674,23659.5,23666.5
2025-09-05T15:50:00-04:00,23665.75,23675.5,23643.75,23660.5,0,0,0,0,0,0,0,NaN,23675.5,23643.75,23660.5
2025-09-05T15:55:00-04:00,23660.5,23694.25,23652,23691,0,0,0,0,0,0,0,NaN,23694.25,23652,23691
2025-09-05T16:00:00-04:00,23691.25,23696.25,23677.5,23682.25,0,0,0,0,0,0,0,NaN,23696.25,23677.5,23682.25
2025-09-05T16:05:00-04:00,23682.5,23684.25,23675,23675.5,0,0,0,0,0,0,0,NaN,23684.25,23675,23675.5
2025-09-05T16:10:00-04:00,23675.25,23679,23673,23675.5,0,0,0,0,0,0,0,NaN,23679,23673,23675.5
2025-09-05T16:15:00-04:00,23675.5,23677.25,23666.75,23672,0,0,0,0,0,0,0,NaN,23677.25,23666.75,23672
2025-09-05T16:20:00-04:00,23672.25,23676.5,23671,23674.75,0,0,0,0,0,0,0,NaN,23676.5,23671,23674.75
2025-09-05T16:25:00-04:00,23674.25,23676,23671,23674.75,0,0,0,0,0,0,0,NaN,23676,23671,23674.75
2025-09-05T16:30:00-04:00,23675,23675,23671.25,23672.75,0,0,0,0,0,0,0,NaN,23675,23671.25,23672.75
2025-09-05T16:35:00-04:00,23672.75,23681.5,23672.5,23680.5,0,0,0,0,0,0,0,NaN,23681.5,23672.5,23680.5
2025-09-05T16:40:00-04:00,23680.75,23681,23667.5,23670.5,0,0,0,0,0,0,0,NaN,23681,23667.5,23670.5
2025-09-05T16:45:00-04:00,23670.5,23673.25,23669,23670.75,0,0,0,0,0,0,0,NaN,23673.25,23669,23670.75
2025-09-05T16:50:00-04:00,23671,23677,23670.75,23673.5,0,0,0,0,0,0,0,NaN,23677,23670.75,23673.5
2025-09-05T16:55:00-04:00,23673.5,23676,23672.25,23673.25,0,0,0,0,0,0,0,NaN,23676,23672.25,23673.25
2025-09-07T18:00:00-04:00,23673.5,23689.25,23655,23658.25,0,0,0,0,0,0,0,NaN,23689.25,23655,23658.25
2025-09-07T18:05:00-04:00,23657.5,23664.5,23650.25,23655,0,0,0,0,0,0,0,NaN,23664.5,23650.25,23655
2025-09-07T18:10:00-04:00,23655,23669.25,23655,23669,0,0,0,0,0,0,0,NaN,23669.25,23655,23669
2025-09-07T18:15:00-04:00,23667.75,23679.25,23667.25,23677.25,0,0,0,0,0,0,0,NaN,23679.25,23667.25,23677.25
2025-09-07T18:20:00-04:00,23677.75,23681,23674.25,23680.75,0,0,0,0,0,0,0,NaN,23681,23674.25,23680.75
2025-09-07T18:25:00-04:00,23681.5,23700.25,23680,23697.25,0,0,0,0,0,0,0,NaN,23700.25,23680,23697.25
2025-09-07T18:30:00-04:00,23697.75,23717,23697.75,23717,0,0,0,0,0,0,0,NaN,23717,23697.75,23717
2025-09-07T18:35:00-04:00,23715.75,23717,23706,23716,0,0,0,0,0,0,0,NaN,23717,23706,23716
2025-09-07T18:40:00-04:00,23716,23732,23714.25,23728.25,0,0,0,0,0,0,0,NaN,23732,23714.25,23728.25
2025-09-07T18:45:00-04:00,23728.5,23748,23728.5,23733.25,0,0,0,0,0,0,0,NaN,23748,23728.5,23733.25
2025-09-07T18:50:00-04:00,23734.5,23738.5,23729,23733,0,0,0,0,0,0,0,NaN,23738.5,23729,23733
2025-09-07T18:55:00-04:00,23733.75,23742.25,23732.75,23740.75,0,0,0,0,0,0,0,NaN,23742.25,23732.75,23740.75
2025-09-07T19:00:00-04:00,23740.75,23747,23740.75,23745,0,0,0,0,0,0,0,NaN,23747,23740.75,23745
2025-09-07T19:05:00-04:00,23745,23752.5,23744.75,23751,0,0,0,0,0,0,0,NaN,23752.5,23744.75,23751
2025-09-07T19:10:00-04:00,23750.75,23754.5,23746.5,23751.75,0,0,0,0,0,0,0,NaN,23754.5,23746.5,23751.75
2025-09-07T19:15:00-04:00,23751.75,23752.75,23744.25,23746,0,0,0,0,0,0,0,NaN,23752.75,23744.25,23746
2025-09-07T19:20:00-04:00,23746,23758.25,23744.75,23757.25,0,0,0,0,0,0,0,NaN,23758.25,23744.75,23757.25
2025-09-07T19:25:00-04:00,23756.5,23782,23756.25,23768.25,0,0,0,0,0,0,0,NaN,23782,23756.25,23768.25
2025-09-07T19:30:00-04:00,23769.25,23784.25,23769,23776.25,0,0,0,0,0,0,0,NaN,23784.25,23769,23776.25
2025-09-07T19:35:00-04:00,23776.25,23783.25,23773.75,23777,0,0,0,0,0,0,0,NaN,23783.25,23773.75,23777
2025-09-07T19:40:00-04:00,23777.25,23781.25,23770.25,23774,0,0,0,0,0,0,0,NaN,23781.25,23770.25,23774
2025-09-07T19:45:00-04:00,23773.5,23778.75,23768.75,23774.75,0,0,0,0,0,0,0,NaN,23778.75,23768.75,23774.75
2025-09-07T19:50:00-04:00,23774,23779.5,23769.25,23778.5,0,0,0,0,0,0,0,NaN,23779.5,23769.25,23778.5
2025-09-07T19:55:00-04:00,23778.25,23781,23775.25,23778,0,0,0,0,0,0,0,NaN,23781,23775.25,23778
2025-09-07T20:00:00-04:00,23778.25,23783.5,23765.5,23769,0,0,0,0,0,0,0,NaN,23783.5,23765.5,23769
2025-09-07T20:05:00-04:00,23770.75,23791.25,23770,23785.75,0,0,0,0,0,0,0,NaN,23791.25,23770,23785.75
2025-09-07T20:10:00-04:00,23786,23787.75,23776.75,23783,0,0,0,0,0,0,0,NaN,23787.75,23776.75,23783
2025-09-07T20:15:00-04:00,23783.75,23783.75,23775.75,23781.5,0,0,0,0,0,0,0,NaN,23783.75,23775.75,23781.5
2025-09-07T20:20:00-04:00,23781.25,23787.5,23779.25,23782,0,0,0,0,0,0,0,NaN,23787.5,23779.25,23782
2025-09-07T20:25:00-04:00,23782.25,23786,23780.5,23784.25,0,0,0,0,0,0,0,NaN,23786,23780.5,23784.25
2025-09-07T20:30:00-04:00,23785,23787.75,23778.5,23780.25,0,0,0,0,0,0,0,NaN,23787.75,23778.5,23780.25
2025-09-07T20:35:00-04:00,23779.75,23784.75,23776.5,23779,0,0,0,0,0,0,0,NaN,23784.75,23776.5,23779
2025-09-07T20:40:00-04:00,23778.5,23781.5,23773.75,23775,0,0,0,0,0,0,0,NaN,23781.5,23773.75,23775
2025-09-07T20:45:00-04:00,23774.5,23776.25,23768,23771.25,0,0,0,0,0,0,0,NaN,23776.25,23768,23771.25
2025-09-07T20:50:00-04:00,23771.25,23774.5,23766.25,23767,0,0,0,0,0,0,0,NaN,23774.5,23766.25,23767
2025-09-07T20:55:00-04:00,23767.25,23770.5,23764,23764.75,0,0,0,0,0,0,0,NaN,23770.5,23764,23764.75
2025-09-07T21:00:00-04:00,23764.75,23772,23761.25,23761.75,0,0,0,0,0,0,0,NaN,23772,23761.25,23761.75
2025-09-07T21:05:00-04:00,23762.5,23769.25,23761.5,23762.75,0,0,0,0,0,0,0,NaN,23769.25,23761.5,23762.75
2025-09-07T21:10:00-04:00,23763.5,23766.25,23757,23764.25,0,0,0,0,0,0,0,NaN,23766.25,23757,23764.25
2025-09-07T21:15:00-04:00,23763.5,23765.25,23760.25,23763,0,0,0,0,0,0,0,NaN,23765.25,23760.25,23763
2025-09-07T21:20:00-04:00,23764,23767.5,23759.25,23761.75,0,0,0,0,0,0,0,NaN,23767.5,23759.25,23761.75
2025-09-07T21:25:00-04:00,23763,23765.25,23761,23762.25,0,0,0,0,0,0,0,NaN,23765.25,23761,23762.25
2025-09-07T21:30:00-04:00,23762.5,23767.25,23761,23766.5,0,0,0,0,0,0,0,NaN,23767.25,23761,23766.5
2025-09-07T21:35:00-04:00,23767.25,23776.5,23766.5,23776.25,0,0,0,0,0,0,0,NaN,23776.5,23766.5,23776.25
2025-09-07T21:40:00-04:00,23775,23780,23772.25,23776,0,0,0,0,0,0,0,NaN,23780,23772.25,23776
2025-09-07T21:45:00-04:00,23776.25,23779.25,23773.5,23778.75,0,0,0,0,0,0,0,NaN,23779.25,23773.5,23778.75
2025-09-07T21:50:00-04:00,23779.25,23779.25,23765,23770,0,0,0,0,0,0,0,NaN,23779.25,23765,23770
2025-09-07T21:55:00-04:00,23770,23770.5,23767.25,23767.25,0,0,0,0,0,0,0,NaN,23770.5,23767.25,23767.25
2025-09-07T22:00:00-04:00,23768.25,23771,23754.25,23756.5,0,0,0,0,0,0,0,NaN,23771,23754.25,23756.5
2025-09-07T22:05:00-04:00,23756.25,23762,23756.25,23761,0,0,0,0,0,0,0,NaN,23762,23756.25,23761
2025-09-07T22:10:00-04:00,23761.25,23761.75,23752.5,23754.25,0,0,0,0,0,0,0,NaN,23761.75,23752.5,23754.25
2025-09-07T22:15:00-04:00,23755,23759.25,23738.5,23740.25,0,0,0,0,0,0,0,NaN,23759.25,23738.5,23740.25
2025-09-07T22:20:00-04:00,23739.5,23745,23735.75,23738.5,0,0,0,0,0,0,0,NaN,23745,23735.75,23738.5
2025-09-07T22:25:00-04:00,23739,23745.25,23736.5,23739.25,0,0,0,0,0,0,0,NaN,23745.25,23736.5,23739.25
2025-09-07T22:30:00-04:00,23740.25,23745,23739.75,23743.5,0,0,0,0,0,0,0,NaN,23745,23739.75,23743.5
2025-09-07T22:35:00-04:00,23742.75,23746.25,23740,23741.25,0,0,0,0,0,0,0,NaN,23746.25,23740,23741.25
2025-09-07T22:40:00-04:00,23740.75,23744,23740,23741.25,0,0,0,0,0,0,0,NaN,23744,23740,23741.25
2025-09-07T22:45:00-04:00,23740.75,23743.25,23739,23741,0,0,0,0,0,0,0,NaN,23743.25,23739,23741
2025-09-07T22:50:00-04:00,23740.75,23744.5,23739,23739.5,0,0,0,0,0,0,0,NaN,23744.5,23739,23739.5
2025-09-07T22:55:00-04:00,23740,23743.5,23740,23741.25,0,0,0,0,0,0,0,NaN,23743.5,23740,23741.25
2025-09-07T23:00:00-04:00,23741.25,23748,23741.25,23747,0,0,0,0,0,0,0,NaN,23748,23741.25,23747
2025-09-07T23:05:00-04:00,23747,23763.5,23744.75,23759,0,0,0,0,0,0,0,NaN,23763.5,23744.75,23759
2025-09-07T23:10:00-04:00,23759.75,23760,23753.25,23757,0,0,0,0,0,0,0,NaN,23760,23753.25,23757
2025-09-07T23:15:00-04:00,23757,23762,23755.25,23758,0,0,0,0,0,0,0,NaN,23762,23755.25,23758
2025-09-07T23:20:00-04:00,23758,23760.25,23754.5,23760,0,0,0,0,0,0,0,NaN,23760.25,23754.5,23760
2025-09-07T23:25:00-04:00,23760,23761.75,23756,23756.75,0,0,0,0,0,0,0,NaN,23761.75,23756,23756.75
2025-09-07T23:30:00-04:00,23757.25,23760.75,23755,23759.5,0,0,0,0,0,0,0,NaN,23760.75,23755,23759.5
2025-09-07T23:35:00-04:00,23760.5,23761.5,23757,23757,0,0,0,0,0,0,0,NaN,23761.5,23757,23757
2025-09-07T23:40:00-04:00,23757.75,23761.75,23753.25,23755.75,0,0,0,0,0,0,0,NaN,23761.75,23753.25,23755.75
2025-09-07T23:45:00-04:00,23755.25,23756,23747,23748,0,0,0,0,0,0,0,NaN,23756,23747,23748
2025-09-07T23:50:00-04:00,23748.5,23752.5,23747.25,23752.25,0,0,0,0,0,0,0,NaN,23752.5,23747.25,23752.25
2025-09-07T23:55:00-04:00,23752,23757.25,23752,23754.25,0,0,0,0,0,0,0,NaN,23757.25,23752,23754.25
2025-09-08T00:00:00-04:00,23754,23754.5,23748.25,23751.5,0,1,0,0,0,0,0,NaN,23754.5,23748.25,23751.5
2025-09-08T00:05:00-04:00,23753,23755.5,23746,23747.75,0,0,0,0,0,0,0,NaN,23755.5,23746,23747.75
2025-09-08T00:10:00-04:00,23747,23748.5,23741,23741.75,0,0,0,0,0,0,0,NaN,23748.5,23741,23741.75
2025-09-08T00:15:00-04:00,23742,23742.25,23734.5,23740.75,0,0,0,0,0,0,0,NaN,23742.25,23734.5,23740.75
2025-09-08T00:20:00-04:00,23740.75,23742.5,23739,23742.5,0,0,0,0,0,0,0,NaN,23742.5,23739,23742.5
2025-09-08T00:25:00-04:00,23743.25,23745.5,23741.25,23744.75,0,0,0,0,0,0,0,NaN,23745.5,23741.25,23744.75
2025-09-08T00:30:00-04:00,23746,23750.5,23743.75,23743.75,0,0,0,0,0,0,0,NaN,23750.5,23743.75,23743.75
2025-09-08T00:35:00-04:00,23743.75,23743.75,23737,23737,0,0,0,0,0,0,0,NaN,23743.75,23737,23737
2025-09-08T00:40:00-04:00,23737.25,23740.5,23730.75,23736.25,0,0,0,0,0,0,0,NaN,23740.5,23730.75,23736.25
2025-09-08T00:45:00-04:00,23736.5,23741,23735.5,23735.5,0,0,0,0,0,0,0,NaN,23741,23735.5,23735.5
2025-09-08T00:50:00-04:00,23735,23736.5,23731.75,23732.5,0,0,0,0,0,0,0,NaN,23736.5,23731.75,23732.5
2025-09-08T00:55:00-04:00,23732.75,23736,23724.5,23734,0,0,0,0,0,0,0,NaN,23736,23724.5,23734
2025-09-08T01:00:00-04:00,23734.75,23738.75,23733.25,23736,0,0,0,0,0,0,0,NaN,23738.75,23733.25,23736
2025-09-08T01:05:00-04:00,23738,23740.5,23734,23734.25,0,0,0,0,0,0,0,NaN,23740.5,23734,23734.25
2025-09-08T01:10:00-04:00,23734.25,23738,23731.25,23737,0,0,0,0,0,0,0,NaN,23738,23731.25,23737
2025-09-08T01:15:00-04:00,23736.25,23751.25,23736.25,23748,0,0,0,0,0,0,0,NaN,23751.25,23736.25,23748
2025-09-08T01:20:00-04:00,23748,23748.75,23737,23740.25,0,0,0,0,0,0,0,NaN,23748.75,23737,23740.25
2025-09-08T01:25:00-04:00,23740.25,23743.5,23738,23741.75,0,0,0,0,0,0,0,NaN,23743.5,23738,23741.75
2025-09-08T01:30:00-04:00,23743,23743,23735,23737.75,0,0,0,0,0,0,0,NaN,23743,23735,23737.75
2025-09-08T01:35:00-04:00,23738.5,23745,23733,23741,0,0,0,0,0,0,0,NaN,23745,23733,23741
2025-09-08T01:40:00-04:00,23740.5,23741.25,23730.25,23732.5,0,0,0,0,0,0,0,NaN,23741.25,23730.25,23732.5
2025-09-08T01:45:00-04:00,23731.75,23736.25,23729.25,23732.25,0,0,0,0,0,0,0,NaN,23736.25,23729.25,23732.25
2025-09-08T01:50:00-04:00,23732.75,23736.5,23730.75,23732.75,0,0,0,0,0,0,0,NaN,23736.5,23730.75,23732.75
2025-09-08T01:55:00-04:00,23732.25,23738,23731,23731.5,0,0,0,0,0,0,0,NaN,23738,23731,23731.5
2025-09-08T02:00:00-04:00,23730.75,23755.5,23730.25,23748,0,0,0,0,0,0,0,NaN,23755.5,23730.25,23748
2025-09-08T02:05:00-04:00,23748,23755,23744,23752.75,0,0,0,0,0,0,0,NaN,23755,23744,23752.75
2025-09-08T02:10:00-04:00,23752.5,23759.75,23750.75,23755.75,0,0,0,0,0,0,0,NaN,23759.75,23750.75,23755.75
2025-09-08T02:15:00-04:00,23755.5,23756.75,23748,23753.75,0,0,0,0,0,0,0,NaN,23756.75,23748,23753.75
2025-09-08T02:20:00-04:00,23754.5,23757.75,23751.25,23752.5,0,0,0,0,0,0,0,NaN,23757.75,23751.25,23752.5
2025-09-08T02:25:00-04:00,23752.75,23763,23752.5,23756.75,0,0,0,0,0,0,0,NaN,23763,23752.5,23756.75
2025-09-08T02:30:00-04:00,23756,23758.25,23747.75,23753,0,0,0,0,0,0,0,NaN,23758.25,23747.75,23753
2025-09-08T02:35:00-04:00,23753,23754.75,23748.25,23749.25,0,0,0,0,0,0,0,NaN,23754.75,23748.25,23749.25
2025-09-08T02:40:00-04:00,23749.5,23757.25,23749.5,23754.5,0,0,0,0,0,0,0,NaN,23757.25,23749.5,23754.5
2025-09-08T02:45:00-04:00,23753.25,23757.5,23749.75,23757.25,0,0,0,0,0,0,0,NaN,23757.5,23749.75,23757.25
2025-09-08T02:50:00-04:00,23757.75,23759,23752,23754,0,0,0,0,0,0,0,NaN,23759,23752,23754
2025-09-08T02:55:00-04:00,23753.75,23755.5,23748.25,23753,0,0,0,0,0,0,0,NaN,23755.5,23748.25,23753
2025-09-08T03:00:00-04:00,23753,23763.75,23750.75,23763.75,0,0,0,0,0,0,0,NaN,23763.75,23750.75,23763.75
2025-09-08T03:05:00-04:00,23763.25,23767.75,23759,23767.75,0,0,0,0,0,0,0,NaN,23767.75,23759,23767.75
2025-09-08T03:10:00-04:00,23767,23778,23765.25,23768,0,0,0,0,0,0,0,NaN,23778,23765.25,23768
2025-09-08T03:15:00-04:00,23768,23781,23768,23774,0,0,0,0,0,0,0,NaN,23781,23768,23774
2025-09-08T03:20:00-04:00,23774.75,23779.25,23764.75,23767.5,0,0,0,0,0,0,0,NaN,23779.25,23764.75,23767.5
2025-09-08T03:25:00-04:00,23767.5,23773.5,23762.25,23763,0,0,0,0,0,0,0,NaN,23773.5,23762.25,23763
2025-09-08T03:30:00-04:00,23763,23768.5,23759.75,23759.75,0,0,0,0,0,0,0,NaN,23768.5,23759.75,23759.75
2025-09-08T03:35:00-04:00,23760.25,23767,23759,23767,0,0,0,0,0,0,0,NaN,23767,23759,23767
2025-09-08T03:40:00-04:00,23766,23781.5,23766,23779.75,0,0,0,0,0,0,0,NaN,23781.5,23766,23779.75
2025-09-08T03:45:00-04:00,23779.5,23780.75,23767.5,23767.5,0,0,0,0,0,0,0,NaN,23780.75,23767.5,23767.5
2025-09-08T03:50:00-04:00,23767.25,23768.75,23753.25,23757,0,0,0,0,0,0,0,NaN,23768.75,23753.25,23757
2025-09-08T03:55:00-04:00,23755.25,23757.5,23752,23753.5,0,0,0,0,0,0,0,NaN,23757.5,23752,23753.5
2025-09-08T04:00:00-04:00,23753.25,23758,23741.5,23754.75,0,0,0,0,0,0,0,NaN,23758,23741.5,23754.75
2025-09-08T04:05:00-04:00,23754.75,23760.5,23753.75,23757.5,0,0,0,0,0,0,0,NaN,23760.5,23753.75,23757.5
2025-09-08T04:10:00-04:00,23757,23765,23753.75,23763.5,0,0,0,0,0,0,0,NaN,23765,23753.75,23763.5
2025-09-08T04:15:00-04:00,23763.75,23766.25,23758.75,23763.25,0,0,0,0,0,0,0,NaN,23766.25,23758.75,23763.25
2025-09-08T04:20:00-04:00,23763.75,23763.75,23755.25,23761.25,0,0,0,0,0,0,0,NaN,23763.75,23755.25,23761.25
2025-09-08T04:25:00-04:00,23761.25,23761.25,23755.75,23759.5,0,0,0,0,0,0,0,NaN,23761.25,23755.75,23759.5
2025-09-08T04:30:00-04:00,23758.25,23761.25,23754.25,23761.25,0,0,0,0,0,0,0,NaN,23761.25,23754.25,23761.25
2025-09-08T04:35:00-04:00,23761.5,23766,23759.25,23766,0,0,0,0,0,0,0,NaN,23766,23759.25,23766
2025-09-08T04:40:00-04:00,23766.25,23767.75,23761.25,23766.75,0,0,0,0,0,0,0,NaN,23767.75,23761.25,23766.75
2025-09-08T04:45:00-04:00,23766,23768.5,23761.75,23767.5,0,0,0,0,0,0,0,NaN,23768.5,23761.75,23767.5
2025-09-08T04:50:00-04:00,23767,23767.75,23759.5,23760.5,0,0,0,0,0,0,0,NaN,23767.75,23759.5,23760.5
2025-09-08T04:55:00-04:00,23760.25,23765.5,23758.5,23764.75,0,0,0,0,0,0,0,NaN,23765.5,23758.5,23764.75
2025-09-08T05:00:00-04:00,23765,23766.75,23758.25,23762,0,0,0,0,0,0,0,NaN,23766.75,23758.25,23762
2025-09-08T05:05:00-04:00,23761.25,23761.75,23756.25,23758.75,0,0,0,0,0,0,0,NaN,23761.75,23756.25,23758.75
2025-09-08T05:10:00-04:00,23758.5,23765.5,23754.75,23762.5,0,0,0,0,0,0,0,NaN,23765.5,23754.75,23762.5
2025-09-08T05:15:00-04:00,23762,23766.25,23761,23765.25,0,0,0,0,0,0,0,NaN,23766.25,23761,23765.25
2025-09-08T05:20:00-04:00,23765.75,23769.5,23763.75,23768.25,0,0,0,0,0,0,0,NaN,23769.5,23763.75,23768.25
2025-09-08T05:25:00-04:00,23768,23770.25,23762,23764,0,0,0,0,0,0,0,NaN,23770.25,23762,23764
2025-09-08T05:30:00-04:00,23763.25,23769,23761.75,23768.25,0,0,0,0,0,0,0,NaN,23769,23761.75,23768.25
2025-09-08T05:35:00-04:00,23768.25,23768.25,23763.5,23765.25,0,0,0,0,0,0,0,NaN,23768.25,23763.5,23765.25
2025-09-08T05:40:00-04:00,23764.75,23769.5,23760.5,23765,0,0,0,0,0,0,0,NaN,23769.5,23760.5,23765
2025-09-08T05:45:00-04:00,23766,23772.5,23765,23772,0,0,0,0,0,0,0,NaN,23772.5,23765,23772
2025-09-08T05:50:00-04:00,23772.5,23786,23772,23784.75,0,0,0,0,0,0,0,NaN,23786,23772,23784.75
2025-09-08T05:55:00-04:00,23783.75,23785,23777.5,23780.25,0,0,0,0,0,0,0,NaN,23785,23777.5,23780.25
2025-09-08T06:00:00-04:00,23781.25,23782.5,23776,23777.5,0,0,0,0,0,0,0,NaN,23782.5,23776,23777.5
2025-09-08T06:05:00-04:00,23776.75,23782.75,23774.25,23782.75,0,0,0,0,0,0,0,NaN,23782.75,23774.25,23782.75
2025-09-08T06:10:00-04:00,23782,23789.25,23780.25,23786.75,0,0,0,0,0,0,0,NaN,23789.25,23780.25,23786.75
2025-09-08T06:15:00-04:00,23785.25,23786,23777.25,23780,0,0,0,0,0,0,0,NaN,23786,23777.25,23780
2025-09-08T06:20:00-04:00,23781.25,23785.75,23779.25,23783,0,0,0,0,0,0,0,NaN,23785.75,23779.25,23783
2025-09-08T06:25:00-04:00,23782.75,23783,23779,23780.5,0,0,0,0,0,0,0,NaN,23783,23779,23780.5
2025-09-08T06:30:00-04:00,23780.25,23786.75,23778,23786,0,0,0,0,0,0,0,NaN,23786.75,23778,23786
2025-09-08T06:35:00-04:00,23785.75,23790,23779.5,23781.25,0,0,0,0,0,0,0,NaN,23790,23779.5,23781.25
2025-09-08T06:40:00-04:00,23781.25,23783.5,23779,23783.25,0,0,0,0,0,0,0,NaN,23783.5,23779,23783.25
2025-09-08T06:45:00-04:00,23782.75,23784,23775.75,23779.5,0,0,0,0,0,0,0,NaN,23784,23775.75,23779.5
2025-09-08T06:50:00-04:00,23779.75,23780.75,23774.5,23775.5,0,0,0,0,0,0,0,NaN,23780.75,23774.5,23775.5
2025-09-08T06:55:00-04:00,23775.5,23776,23769.25,23771.5,0,0,0,0,0,0,0,NaN,23776,23769.25,23771.5
2025-09-08T07:00:00-04:00,23771.5,23773.25,23765.5,23771.25,0,0,0,0,0,0,0,NaN,23773.25,23765.5,23771.25
2025-09-08T07:05:00-04:00,23771.75,23777.25,23770,23773.25,0,0,0,0,0,0,0,NaN,23777.25,23770,23773.25
2025-09-08T07:10:00-04:00,23774,23781.5,23772.75,23781.5,0,0,0,0,0,0,0,NaN,23781.5,23772.75,23781.5
2025-09-08T07:15:00-04:00,23781.5,23781.75,23771.75,23777.75,0,0,0,0,0,0,0,NaN,23781.75,23771.75,23777.75
2025-09-08T07:20:00-04:00,23777,23777,23768.5,23769,0,0,0,0,0,0,0,NaN,23777,23768.5,23769
2025-09-08T07:25:00-04:00,23769.25,23779,23768,23777,0,0,0,0,0,0,0,NaN,23779,23768,23777
2025-09-08T07:30:00-04:00,23777.75,23782.25,23772.25,23772.25,0,0,0,0,0,0,0,NaN,23782.25,23772.25,23772.25
2025-09-08T07:35:00-04:00,23772.5,23777,23771,23773,0,0,0,0,0,0,0,NaN,23777,23771,23773
2025-09-08T07:40:00-04:00,23773.5,23777,23773,23776,0,0,0,0,0,0,0,NaN,23777,23773,23776
2025-09-08T07:45:00-04:00,23776.5,23777.5,23767.75,23771.25,0,0,0,0,0,0,0,NaN,23777.5,23767.75,23771.25
2025-09-08T07:50:00-04:00,23770.5,23777.25,23769.25,23775.25,0,0,0,0,0,0,0,NaN,23777.25,23769.25,23775.25
2025-09-08T07:55:00-04:00,23775.5,23779.25,23760.5,23762.75,0,0,0,0,0,0,0,NaN,23779.25,23760.5,23762.75
2025-09-08T08:00:00-04:00,23762.5,23768.25,23759,23764.75,0,0,0,0,0,0,0,NaN,23768.25,23759,23764.75
2025-09-08T08:05:00-04:00,23765,23765,23749,23757,0,0,0,0,0,0,0,NaN,23765,23749,23757
2025-09-08T08:10:00-04:00,23756.75,23757.25,23744.5,23746.5,0,0,0,0,0,0,0,NaN,23757.25,23744.5,23746.5
2025-09-08T08:15:00-04:00,23747,23756,23744.25,23750,0,0,0,0,0,0,0,NaN,23756,23744.25,23750
2025-09-08T08:20:00-04:00,23750.25,23754.75,23743.5,23749.25,0,0,0,0,0,0,0,NaN,23754.75,23743.5,23749.25
2025-09-08T08:25:00-04:00,23749.25,23755,23749.25,23754,0,0,0,0,0,0,0,NaN,23755,23749.25,23754
2025-09-08T08:30:00-04:00,23753.75,23768.5,23753.25,23764,0,0,0,0,0,0,0,NaN,23768.5,23753.25,23764
2025-09-08T08:35:00-04:00,23764,23766,23757.25,23761.25,0,0,0,0,0,0,0,NaN,23766,23757.25,23761.25
2025-09-08T08:40:00-04:00,23761,23762,23755.5,23759,0,0,0,0,0,0,0,NaN,23762,23755.5,23759
2025-09-08T08:45:00-04:00,23760.25,23769,23754.25,23767.75,0,0,0,0,0,0,0,NaN,23769,23754.25,23767.75
2025-09-08T08:50:00-04:00,23768,23772,23764.5,23770.5,0,0,0,0,0,0,0,NaN,23772,23764.5,23770.5
2025-09-08T08:55:00-04:00,23770.75,23779.5,23769,23779,0,0,0,0,0,0,0,NaN,23779.5,23769,23779
2025-09-08T09:00:00-04:00,23778.25,23782.5,23773.25,23780.5,0,0,0,0,0,0,0,NaN,23782.5,23773.25,23780.5
2025-09-08T09:05:00-04:00,23780.75,23782,23771.5,23772.5,0,0,0,0,0,0,0,NaN,23782,23771.5,23772.5
2025-09-08T09:10:00-04:00,23772.25,23782.5,23767,23781.5,0,0,0,0,0,0,0,NaN,23782.5,23767,23781.5
2025-09-08T09:15:00-04:00,23780.75,23787,23779.75,23785.5,0,0,0,0,0,0,0,NaN,23787,23779.75,23785.5
2025-09-08T09:20:00-04:00,23786.25,23793.5,23783.5,23784.25,0,0,0,0,0,0,0,NaN,23793.5,23783.5,23784.25
2025-09-08T09:25:00-04:00,23784.5,23795,23777,23784,0,0,0,0,0,0,0,NaN,23795,23777,23784
2025-09-08T09:30:00-04:00,23784.25,23821,23771.75,23820,0,0,0,0,0,0,0,NaN,23821,23771.75,23820
2025-09-08T09:35:00-04:00,23820,23849,23796.5,23803,0,0,0,0,0,0,0,NaN,23849,23796.5,23803
2025-09-08T09:40:00-04:00,23802.75,23846,23802.5,23831,0,0,0,0,0,0,0,NaN,23846,23802.5,23831
2025-09-08T09:45:00-04:00,23830.75,23852.25,23813.75,23849,0,0,0,0,0,0,0,NaN,23852.25,23813.75,23849
2025-09-08T09:50:00-04:00,23849.25,23865.75,23830,23865,0,0,0,0,0,0,0,NaN,23865.75,23830,23865
2025-09-08T09:55:00-04:00,23865,23876.25,23845,23846.25,0,0,0,0,0,0,0,NaN,23876.25,23845,23846.25
2025-09-08T10:00:00-04:00,23846.25,23858,23826.5,23856.75,0,0,0,0,0,0,0,NaN,23858,23826.5,23856.75
2025-09-08T10:05:00-04:00,23856.5,23870,23846.25,23854,0,0,0,0,0,0,0,NaN,23870,23846.25,23854
2025-09-08T10:10:00-04:00,23854.5,23861,23838.75,23841.5,0,0,0,0,0,0,0,NaN,23861,23838.75,23841.5
2025-09-08T10:15:00-04:00,23841.5,23845.25,23810.75,23817.25,0,0,0,0,0,0,0,NaN,23845.25,23810.75,23817.25
2025-09-08T10:20:00-04:00,23816.75,23830.75,23806.25,23823.75,0,0,0,0,0,0,0,NaN,23830.75,23806.25,23823.75
2025-09-08T10:25:00-04:00,23824.25,23869.75,23822.5,23862.75,0,0,0,0,0,0,0,NaN,23869.75,23822.5,23862.75
2025-09-08T10:30:00-04:00,23862.5,23880,23852,23857.75,0,0,0,0,0,0,0,NaN,23880,23852,23857.75
2025-09-08T10:35:00-04:00,23857.75,23879.75,23852.75,23872.75,0,0,0,0,0,0,0,NaN,23879.75,23852.75,23872.75
2025-09-08T10:40:00-04:00,23872.75,23886.5,23869.75,23881,0,0,0,0,0,0,0,NaN,23886.5,23869.75,23881
2025-09-08T10:45:00-04:00,23881.25,23888,23873.75,23876.75,0,0,0,0,0,0,0,NaN,23888,23873.75,23876.75
2025-09-08T10:50:00-04:00,23876.5,23876.5,23863.25,23872.25,0,0,0,0,0,0,0,NaN,23876.5,23863.25,23872.25
2025-09-08T10:55:00-04:00,23872.25,23880.5,23858.25,23859.5,0,0,0,0,0,0,0,NaN,23880.5,23858.25,23859.5
2025-09-08T11:00:00-04:00,23859.5,23868.5,23854.75,23861.5,0,0,0,0,0,0,0,NaN,23868.5,23854.75,23861.5
2025-09-08T11:05:00-04:00,23862,23869,23858.75,23865.75,0,0,0,0,0,0,0,NaN,23869,23858.75,23865.75
2025-09-08T11:10:00-04:00,23866,23881,23865.75,23873.5,0,0,0,0,0,0,0,NaN,23881,23865.75,23873.5
2025-09-08T11:15:00-04:00,23873.25,23874,23845.25,23849,0,0,0,0,0,0,0,NaN,23874,23845.25,23849
2025-09-08T11:20:00-04:00,23849.75,23855.25,23844,23850.5,0,0,0,0,0,0,0,NaN,23855.25,23844,23850.5
2025-09-08T11:25:00-04:00,23850.75,23877.5,23848.5,23876.25,0,0,0,0,0,0,0,NaN,23877.5,23848.5,23876.25
2025-09-08T11:30:00-04:00,23876,23884.75,23866.75,23870.75,0,0,0,0,0,0,0,NaN,23884.75,23866.75,23870.75
2025-09-08T11:35:00-04:00,23870.75,23875,23864.75,23870.75,0,0,0,0,0,0,0,NaN,23875,23864.75,23870.75
2025-09-08T11:40:00-04:00,23871,23871,23858.25,23860.75,0,0,0,0,0,0,0,NaN,23871,23858.25,23860.75
2025-09-08T11:45:00-04:00,23861.25,23863.75,23829.75,23844.25,0,0,0,0,0,0,0,NaN,23863.75,23829.75,23844.25
2025-09-08T11:50:00-04:00,23843.75,23865.25,23838.75,23862.25,0,0,0,0,0,0,0,NaN,23865.25,23838.75,23862.25
2025-09-08T11:55:00-04:00,23862,23876,23861.25,23872.5,0,0,0,0,0,0,0,NaN,23876,23861.25,23872.5
2025-09-08T12:00:00-04:00,23873,23873.75,23852,23855.75,0,0,0,0,0,0,0,NaN,23873.75,23852,23855.75
2025-09-08T12:05:00-04:00,23856,23858.25,23842.5,23845.25,0,0,0,0,0,0,0,NaN,23858.25,23842.5,23845.25
2025-09-08T12:10:00-04:00,23845.75,23852.75,23841.5,23843.5,0,0,0,0,0,0,0,NaN,23852.75,23841.5,23843.5
2025-09-08T12:15:00-04:00,23843,23843.25,23826,23834.25,0,0,0,0,0,0,0,NaN,23843.25,23826,23834.25
2025-09-08T12:20:00-04:00,23834.25,23841,23825.25,23829.5,0,0,0,0,0,0,0,NaN,23841,23825.25,23829.5
2025-09-08T12:25:00-04:00,23829.75,23834,23820.75,23831.25,0,0,0,0,0,0,0,NaN,23834,23820.75,23831.25
2025-09-08T12:30:00-04:00,23831.25,23837.75,23803.5,23811.25,0,0,0,0,0,0,0,NaN,23837.75,23803.5,23811.25
2025-09-08T12:35:00-04:00,23811.75,23816.75,23790,23807.5,0,0,0,0,0,0,0,NaN,23816.75,23790,23807.5
2025-09-08T12:40:00-04:00,23808,23823.25,23800,23813.5,0,0,0,0,0,0,0,NaN,23823.25,23800,23813.5
2025-09-08T12:45:00-04:00,23814,23814,23792,23797,0,0,0,0,0,0,0,NaN,23814,23792,23797
2025-09-08T12:50:00-04:00,23797.5,23817.5,23797.25,23816.75,0,0,0,0,0,0,0,NaN,23817.5,23797.25,23816.75
2025-09-08T12:55:00-04:00,23816.5,23822,23800.25,23811.75,0,0,0,0,0,0,0,NaN,23822,23800.25,23811.75
2025-09-08T13:00:00-04:00,23811.5,23815.75,23790.75,23793.5,0,0,0,0,0,0,0,NaN,23815.75,23790.75,23793.5
2025-09-08T13:05:00-04:00,23794,23802.5,23785.25,23792.5,0,0,0,0,0,0,0,NaN,23802.5,23785.25,23792.5
2025-09-08T13:10:00-04:00,23793.25,23805.75,23787.5,23788.25,0,0,0,0,0,0,0,NaN,23805.75,23787.5,23788.25
2025-09-08T13:15:00-04:00,23788.5,23804.5,23787,23802,0,0,0,0,0,0,0,NaN,23804.5,23787,23802
2025-09-08T13:20:00-04:00,23802,23815.5,23797.5,23813.5,0,0,0,0,0,0,0,NaN,23815.5,23797.5,23813.5
2025-09-08T13:25:00-04:00,23813.25,23817,23800.25,23805.25,0,0,0,0,0,0,0,NaN,23817,23800.25,23805.25
2025-09-08T13:30:00-04:00,23805.5,23812.5,23800.5,23804.5,0,0,0,0,0,0,0,NaN,23812.5,23800.5,23804.5
2025-09-08T13:35:00-04:00,23804.75,23808.5,23798.75,23799,0,0,0,0,0,0,0,NaN,23808.5,23798.75,23799
2025-09-08T13:40:00-04:00,23799.5,23804.25,23792.5,23803.25,0,0,0,0,0,0,0,NaN,23804.25,23792.5,23803.25
2025-09-08T13:45:00-04:00,23803.5,23805,23787.5,23788.75,0,0,0,0,0,0,0,NaN,23805,23787.5,23788.75
2025-09-08T13:50:00-04:00,23789.25,23793,23762.75,23786,0,0,0,0,0,0,0,NaN,23793,23762.75,23786
2025-09-08T13:55:00-04:00,23785.5,23790.75,23774.5,23782.25,0,0,0,0,0,0,0,NaN,23790.75,23774.5,23782.25
2025-09-08T14:00:00-04:00,23782.75,23784.5,23773.25,23776.5,0,0,0,0,0,0,0,NaN,23784.5,23773.25,23776.5
2025-09-08T14:05:00-04:00,23776.25,23788.5,23772.25,23782,0,0,0,0,0,0,0,NaN,23788.5,23772.25,23782
2025-09-08T14:10:00-04:00,23782.5,23804.5,23781.25,23799.25,0,0,0,0,0,0,0,NaN,23804.5,23781.25,23799.25
2025-09-08T14:15:00-04:00,23799.25,23814,23797.25,23811.75,0,0,0,0,0,0,0,NaN,23814,23797.25,23811.75
2025-09-08T14:20:00-04:00,23811.5,23819.75,23807.25,23809.25,0,0,0,0,0,0,0,NaN,23819.75,23807.25,23809.25
2025-09-08T14:25:00-04:00,23809.25,23814.25,23802.25,23812.5,0,0,0,0,0,0,0,NaN,23814.25,23802.25,23812.5
2025-09-08T14:30:00-04:00,23812,23816.75,23804,23810.25,0,0,0,0,0,0,0,NaN,23816.75,23804,23810.25
2025-09-08T14:35:00-04:00,23810,23813.5,23797.5,23797.75,0,0,0,0,0,0,0,NaN,23813.5,23797.5,23797.75
2025-09-08T14:40:00-04:00,23798,23803,23787.5,23801.5,0,0,0,0,0,0,0,NaN,23803,23787.5,23801.5
2025-09-08T14:45:00-04:00,23801,23811.25,23799.25,23805,0,0,0,0,0,0,0,NaN,23811.25,23799.25,23805
2025-09-08T14:50:00-04:00,23805.5,23808.75,23792.25,23795,0,0,0,0,0,0,0,NaN,23808.75,23792.25,23795
2025-09-08T14:55:00-04:00,23795,23801.5,23789.75,23793.75,0,0,0,0,0,0,0,NaN,23801.5,23789.75,23793.75
2025-09-08T15:00:00-04:00,23793.75,23794.25,23783.5,23791.75,0,0,0,0,0,0,0,NaN,23794.25,23783.5,23791.75
2025-09-08T15:05:00-04:00,23791.5,23796.5,23786.5,23787.25,0,0,0,0,0,0,0,NaN,23796.5,23786.5,23787.25
2025-09-08T15:10:00-04:00,23787,23789.75,23764,23770.25,0,0,0,0,0,0,0,NaN,23789.75,23764,23770.25
2025-09-08T15:15:00-04:00,23770.5,23775.75,23763,23768.5,0,0,0,0,0,0,0,NaN,23775.75,23763,23768.5
2025-09-08T15:20:00-04:00,23768.5,23773,23760,23769.25,0,0,0,0,0,0,0,NaN,23773,23760,23769.25
2025-09-08T15:25:00-04:00,23768.5,23772.5,23763.5,23770.25,0,0,0,0,0,0,0,NaN,23772.5,23763.5,23770.25
2025-09-08T15:30:00-04:00,23770.75,23790.25,23770.75,23771,0,0,0,0,0,0,0,NaN,23790.25,23770.75,23771
2025-09-08T15:35:00-04:00,23771.25,23793.5,23771.25,23791,0,0,0,0,0,0,0,NaN,23793.5,23771.25,23791
2025-09-08T15:40:00-04:00,23791,23803.25,23790.25,23799.25,0,0,0,0,0,0,0,NaN,23803.25,23790.25,23799.25
2025-09-08T15:45:00-04:00,23799.5,23811.5,23799.25,23811,0,0,0,0,0,0,0,NaN,23811.5,23799.25,23811
2025-09-08T15:50:00-04:00,23810.5,23812.5,23785.25,23795.5,0,0,0,0,0,0,0,NaN,23812.5,23785.25,23795.5
2025-09-08T15:55:00-04:00,23796,23805,23785,23803.75,0,0,0,0,0,0,0,NaN,23805,23785,23803.75
2025-09-08T16:00:00-04:00,23803.75,23806.75,23795.25,23798.5,0,0,0,0,0,0,0,NaN,23806.75,23795.25,23798.5
2025-09-08T16:05:00-04:00,23798.75,23810.25,23796.75,23809.25,0,0,0,0,0,0,0,NaN,23810.25,23796.75,23809.25
2025-09-08T16:10:00-04:00,23809.25,23809.25,23800.5,23804.75,0,0,0,0,0,0,0,NaN,23809.25,23800.5,23804.75
2025-09-08T16:15:00-04:00,23804.25,23804.5,23798.25,23799.5,0,0,0,0,0,0,0,NaN,23804.5,23798.25,23799.5
2025-09-08T16:20:00-04:00,23799.25,23802,23796,23799.25,0,0,0,0,0,0,0,NaN,23802,23796,23799.25
2025-09-08T16:25:00-04:00,23798.75,23803,23798.5,23801.25,0,0,0,0,0,0,0,NaN,23803,23798.5,23801.25
2025-09-08T16:30:00-04:00,23801.5,23803,23800,23801.25,0,0,0,0,0,0,0,NaN,23803,23800,23801.25
2025-09-08T16:35:00-04:00,23801.25,23801.25,23797,23798,0,0,0,0,0,0,0,NaN,23801.25,23797,23798
2025-09-08T16:40:00-04:00,23798.25,23799.25,23792.75,23794.25,0,0,0,0,0,0,0,NaN,23799.25,23792.75,23794.25
2025-09-08T16:45:00-04:00,23794.25,23798.25,23794.25,23794.75,0,0,0,0,0,0,0,NaN,23798.25,23794.25,23794.75
2025-09-08T16:50:00-04:00,23794.5,23796,23792.5,23793.5,0,0,0,0,0,0,0,NaN,23796,23792.5,23793.5
2025-09-08T16:55:00-04:00,23793,23799.5,23791.75,23798.5,0,0,0,0,0,0,0,NaN,23799.5,23791.75,23798.5
2025-09-08T18:00:00-04:00,23799,23818.5,23798,23813.75,0,0,0,0,0,0,0,NaN,23818.5,23798,23813.75
2025-09-08T18:05:00-04:00,23812.5,23821.25,23810,23813,0,0,0,0,0,0,0,NaN,23821.25,23810,23813
2025-09-08T18:10:00-04:00,23814.5,23817,23809.5,23814.75,0,0,0,0,0,0,0,NaN,23817,23809.5,23814.75
2025-09-08T18:15:00-04:00,23814.25,23817.75,23808.75,23815.75,0,0,0,0,0,0,0,NaN,23817.75,23808.75,23815.75
2025-09-08T18:20:00-04:00,23817.75,23820.5,23815.75,23820,0,0,0,0,0,0,0,NaN,23820.5,23815.75,23820
2025-09-08T18:25:00-04:00,23819.25,23822,23815.5,23815.5,0,0,0,0,0,0,0,NaN,23822,23815.5,23815.5
2025-09-08T18:30:00-04:00,23815.75,23822.5,23815,23821.75,0,0,0,0,0,0,0,NaN,23822.5,23815,23821.75
2025-09-08T18:35:00-04:00,23822.5,23824.5,23819.25,23819.5,0,0,0,0,0,0,0,NaN,23824.5,23819.25,23819.5
2025-09-08T18:40:00-04:00,23820,23824.25,23820,23822.75,0,0,0,0,0,0,0,NaN,23824.25,23820,23822.75
2025-09-08T18:45:00-04:00,23822,23829,23819.25,23828.25,0,0,0,0,0,0,0,NaN,23829,23819.25,23828.25
2025-09-08T18:50:00-04:00,23827.25,23828.25,23818,23821,0,0,0,0,0,0,0,NaN,23828.25,23818,23821
2025-09-08T18:55:00-04:00,23821,23825.75,23820.25,23825.25,0,0,0,0,0,0,0,NaN,23825.75,23820.25,23825.25
2025-09-08T19:00:00-04:00,23825.75,23830.25,23824.75,23824.75,0,0,0,0,0,0,0,NaN,23830.25,23824.75,23824.75
2025-09-08T19:05:00-04:00,23825.25,23826.75,23821,23821,0,0,0,0,0,0,0,NaN,23826.75,23821,23821
2025-09-08T19:10:00-04:00,23821.5,23827.25,23821.5,23824.5,0,0,0,0,0,0,0,NaN,23827.25,23821.5,23824.5
2025-09-08T19:15:00-04:00,23823.75,23828.25,23821.25,23823,0,0,0,0,0,0,0,NaN,23828.25,23821.25,23823
2025-09-08T19:20:00-04:00,23822.5,23823,23818.25,23818.5,0,0,0,0,0,0,0,NaN,23823,23818.25,23818.5
2025-09-08T19:25:00-04:00,23818.75,23819,23815.75,23818.75,0,0,0,0,0,0,0,NaN,23819,23815.75,23818.75
2025-09-08T19:30:00-04:00,23818.75,23821,23814,23815.25,0,0,0,0,0,0,0,NaN,23821,23814,23815.25
2025-09-08T19:35:00-04:00,23815.25,23818.75,23812.5,23816.25,0,0,0,0,0,0,0,NaN,23818.75,23812.5,23816.25
2025-09-08T19:40:00-04:00,23816,23817,23804.25,23805.5,0,0,0,0,0,0,0,NaN,23817,23804.25,23805.5
2025-09-08T19:45:00-04:00,23805,23811,23803.75,23809.25,0,0,0,0,0,0,0,NaN,23811,23803.75,23809.25
2025-09-08T19:50:00-04:00,23809.5,23813.25,23806.25,23811.75,0,0,0,0,0,0,0,NaN,23813.25,23806.25,23811.75
2025-09-08T19:55:00-04:00,23810.5,23813.25,23806.5,23808,0,0,0,0,0,0,0,NaN,23813.25,23806.5,23808
2025-09-08T20:00:00-04:00,23807.5,23818.25,23802.5,23815,0,0,0,0,0,0,0,NaN,23818.25,23802.5,23815
2025-09-08T20:05:00-04:00,23814.25,23819.75,23810.75,23819.5,0,0,0,0,0,0,0,NaN,23819.75,23810.75,23819.5
2025-09-08T20:10:00-04:00,23819,23826.75,23817.75,23826.75,0,0,0,0,0,0,0,NaN,23826.75,23817.75,23826.75
2025-09-08T20:15:00-04:00,23826.5,23826.5,23811.25,23816.75,0,0,0,0,0,0,0,NaN,23826.5,23811.25,23816.75
2025-09-08T20:20:00-04:00,23817.5,23817.5,23811.25,23811.75,0,0,0,0,0,0,0,NaN,23817.5,23811.25,23811.75
2025-09-08T20:25:00-04:00,23812.75,23815.5,23811,23814.5,0,0,0,0,0,0,0,NaN,23815.5,23811,23814.5
2025-09-08T20:30:00-04:00,23813.25,23815,23810.5,23812.25,0,0,0,0,0,0,0,NaN,23815,23810.5,23812.25
2025-09-08T20:35:00-04:00,23813,23815.75,23811.5,23812.75,0,0,0,0,0,0,0,NaN,23815.75,23811.5,23812.75
2025-09-08T20:40:00-04:00,23811.75,23814.75,23807.75,23812.25,0,0,0,0,0,0,0,NaN,23814.75,23807.75,23812.25
2025-09-08T20:45:00-04:00,23811,23812.5,23807,23812,0,0,0,0,0,0,0,NaN,23812.5,23807,23812
2025-09-08T20:50:00-04:00,23813,23816,23810.25,23812.75,0,0,0,0,0,0,0,NaN,23816,23810.25,23812.75
2025-09-08T20:55:00-04:00,23813.75,23813.75,23805.25,23807.25,0,0,0,0,0,0,0,NaN,23813.75,23805.25,23807.25
2025-09-08T21:00:00-04:00,23806.75,23808.25,23804,23806.25,0,0,0,0,0,0,0,NaN,23808.25,23804,23806.25
2025-09-08T21:05:00-04:00,23806.5,23812.25,23805.25,23809.75,0,0,0,0,0,0,0,NaN,23812.25,23805.25,23809.75
2025-09-08T21:10:00-04:00,23808.25,23810.75,23805.5,23808,0,0,0,0,0,0,0,NaN,23810.75,23805.5,23808
2025-09-08T21:15:00-04:00,23808.25,23808.5,23803.5,23806.25,0,0,0,0,0,0,0,NaN,23808.5,23803.5,23806.25
2025-09-08T21:20:00-04:00,23805.25,23806.25,23795.25,23796,0,0,0,0,0,0,0,NaN,23806.25,23795.25,23796
2025-09-08T21:25:00-04:00,23796,23799.25,23790.75,23797.25,0,0,0,0,0,0,0,NaN,23799.25,23790.75,23797.25
2025-09-08T21:30:00-04:00,23796.25,23800,23794.25,23795.25,0,0,0,0,0,0,0,NaN,23800,23794.25,23795.25
2025-09-08T21:35:00-04:00,23795.75,23800.75,23794.75,23796.5,0,0,0,0,0,0,0,NaN,23800.75,23794.75,23796.5
2025-09-08T21:40:00-04:00,23795.75,23804.25,23794.75,23804,0,0,0,0,0,0,0,NaN,23804.25,23794.75,23804
2025-09-08T21:45:00-04:00,23803,23810.75,23802.75,23808,0,0,0,0,0,0,0,NaN,23810.75,23802.75,23808
2025-09-08T21:50:00-04:00,23808,23815,23804.75,23813,0,0,0,0,0,0,0,NaN,23815,23804.75,23813
2025-09-08T21:55:00-04:00,23813.75,23818.25,23813.25,23813.75,0,0,0,0,0,0,0,NaN,23818.25,23813.25,23813.75
2025-09-08T22:00:00-04:00,23814,23821.75,23814,23818.25,0,0,0,0,0,0,0,NaN,23821.75,23814,23818.25
2025-09-08T22:05:00-04:00,23817.75,23824.75,23817,23823.75,0,0,0,0,0,0,0,NaN,23824.75,23817,23823.75
2025-09-08T22:10:00-04:00,23824.25,23830.75,23823.5,23828.75,0,0,0,0,0,0,0,NaN,23830.75,23823.5,23828.75
2025-09-08T22:15:00-04:00,23829.5,23837,23828,23834.5,0,0,0,0,0,0,0,NaN,23837,23828,23834.5
2025-09-08T22:20:00-04:00,23834.25,23834.5,23828,23830.25,0,0,0,0,0,0,0,NaN,23834.5,23828,23830.25
2025-09-08T22:25:00-04:00,23830.25,23833.25,23828.75,23832.25,0,0,0,0,0,0,0,NaN,23833.25,23828.75,23832.25
2025-09-08T22:30:00-04:00,23832,23848.25,23831.5,23833.75,0,0,0,0,0,0,0,NaN,23848.25,23831.5,23833.75
2025-09-08T22:35:00-04:00,23834,23834.75,23828.5,23831.75,0,0,0,0,0,0,0,NaN,23834.75,23828.5,23831.75
2025-09-08T22:40:00-04:00,23832,23835.75,23830,23834.25,0,0,0,0,0,0,0,NaN,23835.75,23830,23834.25
2025-09-08T22:45:00-04:00,23834.5,23835,23830.25,23832.25,0,0,0,0,0,0,0,NaN,23835,23830.25,23832.25
2025-09-08T22:50:00-04:00,23832.5,23833.5,23825,23828,0,0,0,0,0,0,0,NaN,23833.5,23825,23828
2025-09-08T22:55:00-04:00,23828.5,23830,23826.5,23827.75,0,0,0,0,0,0,0,NaN,23830,23826.5,23827.75
2025-09-08T23:00:00-04:00,23828,23829.75,23826.25,23829,0,0,0,0,0,0,0,NaN,23829.75,23826.25,23829
2025-09-08T23:05:00-04:00,23829,23830.5,23826.5,23829.5,0,0,0,0,0,0,0,NaN,23830.5,23826.5,23829.5
2025-09-08T23:10:00-04:00,23829.75,23836.25,23828.75,23831.5,0,0,0,0,0,0,0,NaN,23836.25,23828.75,23831.5
2025-09-08T23:15:00-04:00,23831.25,23835.5,23830.5,23833.75,0,0,0,0,0,0,0,NaN,23835.5,23830.5,23833.75
2025-09-08T23:20:00-04:00,23833.5,23838.5,23832.25,23834.5,0,0,0,0,0,0,0,NaN,23838.5,23832.25,23834.5
2025-09-08T23:25:00-04:00,23833,23837,23833,23836.5,0,0,0,0,0,0,0,NaN,23837,23833,23836.5
2025-09-08T23:30:00-04:00,23837,23842.25,23836,23841.5,0,0,0,0,0,0,0,NaN,23842.25,23836,23841.5
2025-09-08T23:35:00-04:00,23841,23842,23837.5,23838.75,0,0,0,0,0,0,0,NaN,23842,23837.5,23838.75
2025-09-08T23:40:00-04:00,23838.5,23841,23837,23838.25,0,0,0,0,0,0,0,NaN,23841,23837,23838.25
2025-09-08T23:45:00-04:00,23839.5,23842,23839,23841.25,0,0,0,0,0,0,0,NaN,23842,23839,23841.25
2025-09-08T23:50:00-04:00,23840.5,23841,23836.25,23836.75,0,0,0,0,0,0,0,NaN,23841,23836.25,23836.75
2025-09-08T23:55:00-04:00,23836.25,23839.5,23836.25,23839.5,0,0,0,0,0,0,0,NaN,23839.5,23836.25,23839.5
2025-09-09T00:00:00-04:00,23839.5,23840.75,23832.75,23833.5,0,0,1,0,0,0,0,NaN,23840.75,23832.75,23833.5
2025-09-09T00:05:00-04:00,23834,23839.75,23832.75,23835,0,0,0,0,0,0,0,NaN,23839.75,23832.75,23835
2025-09-09T00:10:00-04:00,23835,23836.5,23834.5,23836.25,0,0,0,0,0,0,0,NaN,23836.5,23834.5,23836.25
2025-09-09T00:15:00-04:00,23836.75,23838.75,23836.5,23836.5,0,0,0,0,0,0,0,NaN,23838.75,23836.5,23836.5
2025-09-09T00:20:00-04:00,23837.25,23839.5,23834.75,23839.5,0,0,0,0,0,0,0,NaN,23839.5,23834.75,23839.5
2025-09-09T00:25:00-04:00,23838.5,23840,23834.25,23834.75,0,0,0,0,0,0,0,NaN,23840,23834.25,23834.75
2025-09-09T00:30:00-04:00,23834,23837.75,23833,23835.25,0,0,0,0,0,0,0,NaN,23837.75,23833,23835.25
2025-09-09T00:35:00-04:00,23835,23835.5,23833.75,23834,0,0,0,0,0,0,0,NaN,23835.5,23833.75,23834
2025-09-09T00:40:00-04:00,23834.25,23834.75,23831,23832.25,0,0,0,0,0,0,0,NaN,23834.75,23831,23832.25
2025-09-09T00:45:00-04:00,23832.5,23835.75,23830.5,23834.75,0,0,0,0,0,0,0,NaN,23835.75,23830.5,23834.75
2025-09-09T00:50:00-04:00,23835,23839,23834.5,23836,0,0,0,0,0,0,0,NaN,23839,23834.5,23836
2025-09-09T00:55:00-04:00,23836.25,23840.5,23835.25,23838,0,0,0,0,0,0,0,NaN,23840.5,23835.25,23838
2025-09-09T01:00:00-04:00,23836.5,23837,23833,23835.75,0,0,0,0,0,0,0,NaN,23837,23833,23835.75
2025-09-09T01:05:00-04:00,23835.25,23835.75,23832.25,23833.75,0,0,0,0,0,0,0,NaN,23835.75,23832.25,23833.75
2025-09-09T01:10:00-04:00,23834.5,23837.25,23832.75,23834,0,0,0,0,0,0,0,NaN,23837.25,23832.75,23834
2025-09-09T01:15:00-04:00,23833.5,23833.5,23822.75,23828,0,0,0,0,0,0,0,NaN,23833.5,23822.75,23828
2025-09-09T01:20:00-04:00,23828.5,23828.75,23815.25,23821.75,0,0,0,0,0,0,0,NaN,23828.75,23815.25,23821.75
2025-09-09T01:25:00-04:00,23820.75,23821,23814.75,23818.5,0,0,0,0,0,0,0,NaN,23821,23814.75,23818.5
2025-09-09T01:30:00-04:00,23819,23829.5,23818.5,23824.25,0,0,0,0,0,0,0,NaN,23829.5,23818.5,23824.25
2025-09-09T01:35:00-04:00,23825,23826.25,23821.25,23825,0,0,0,0,0,0,0,NaN,23826.25,23821.25,23825
2025-09-09T01:40:00-04:00,23825.5,23827,23819.5,23825.5,0,0,0,0,0,0,0,NaN,23827,23819.5,23825.5
2025-09-09T01:45:00-04:00,23825.75,23828.5,23824,23826,0,0,0,0,0,0,0,NaN,23828.5,23824,23826
2025-09-09T01:50:00-04:00,23825.5,23836.25,23825,23835.75,0,0,0,0,0,0,0,NaN,23836.25,23825,23835.75
2025-09-09T01:55:00-04:00,23836.5,23842.25,23833,23834.5,0,0,0,0,0,0,0,NaN,23842.25,23833,23834.5
2025-09-09T02:00:00-04:00,23835,23843.25,23830.5,23841,0,0,0,0,0,0,0,NaN,23843.25,23830.5,23841
2025-09-09T02:05:00-04:00,23841.75,23845.25,23839,23843.75,0,0,0,0,0,0,0,NaN,23845.25,23839,23843.75
2025-09-09T02:10:00-04:00,23844.5,23854.75,23842.75,23851,0,0,0,0,0,0,0,NaN,23854.75,23842.75,23851
2025-09-09T02:15:00-04:00,23851.5,23855,23840.5,23846.5,0,0,0,0,0,0,0,NaN,23855,23840.5,23846.5
2025-09-09T02:20:00-04:00,23846.5,23851.5,23843.75,23850.25,0,0,0,0,0,0,0,NaN,23851.5,23843.75,23850.25
2025-09-09T02:25:00-04:00,23851,23853.75,23848.25,23849,0,0,0,0,0,0,0,NaN,23853.75,23848.25,23849
2025-09-09T02:30:00-04:00,23848.75,23851,23844.25,23849.25,0,0,0,0,0,0,0,NaN,23851,23844.25,23849.25
2025-09-09T02:35:00-04:00,23850,23854.5,23841.25,23852.5,0,0,0,0,0,0,0,NaN,23854.5,23841.25,23852.5
2025-09-09T02:40:00-04:00,23852.5,23853.75,23843.25,23845.5,0,0,0,0,0,0,0,NaN,23853.75,23843.25,23845.5
2025-09-09T02:45:00-04:00,23844.75,23852.75,23843.75,23847.25,0,0,0,0,0,0,0,NaN,23852.75,23843.75,23847.25
2025-09-09T02:50:00-04:00,23847,23855.75,23847,23852,0,0,0,0,0,0,0,NaN,23855.75,23847,23852
2025-09-09T02:55:00-04:00,23852.25,23853.5,23847.25,23849.25,0,0,0,0,0,0,0,NaN,23853.5,23847.25,23849.25
2025-09-09T03:00:00-04:00,23850.5,23855,23846.5,23850.25,0,0,0,0,0,0,0,NaN,23855,23846.5,23850.25
2025-09-09T03:05:00-04:00,23850.75,23856.25,23847.75,23855.25,0,0,0,0,0,0,0,NaN,23856.25,23847.75,23855.25
2025-09-09T03:10:00-04:00,23855,23863.75,23854.25,23863.75,0,0,0,0,0,0,0,NaN,23863.75,23854.25,23863.75
2025-09-09T03:15:00-04:00,23863.5,23867.25,23860.5,23862.75,0,0,0,0,0,0,0,NaN,23867.25,23860.5,23862.75
2025-09-09T03:20:00-04:00,23862.25,23863.75,23858.75,23862.75,0,0,0,0,0,0,0,NaN,23863.75,23858.75,23862.75
2025-09-09T03:25:00-04:00,23863,23871,23863,23866.75,0,0,0,0,0,0,0,NaN,23871,23863,23866.75
2025-09-09T03:30:00-04:00,23866.75,23872.5,23862.5,23871.25,0,0,0,0,0,0,0,NaN,23872.5,23862.5,23871.25
2025-09-09T03:35:00-04:00,23871.25,23885.25,23871.25,23872,0,0,0,0,0,0,0,NaN,23885.25,23871.25,23872
2025-09-09T03:40:00-04:00,23872,23874.5,23854.75,23856,0,0,0,0,0,0,0,NaN,23874.5,23854.75,23856
2025-09-09T03:45:00-04:00,23856.25,23857.75,23850,23853,0,0,0,0,0,0,0,NaN,23857.75,23850,23853
2025-09-09T03:50:00-04:00,23852.5,23856,23850.75,23855.25,0,0,0,0,0,0,0,NaN,23856,23850.75,23855.25
2025-09-09T03:55:00-04:00,23855,23857,23854.5,23855.5,0,0,0,0,0,0,0,NaN,23857,23854.5,23855.5
2025-09-09T04:00:00-04:00,23855,23857.25,23853,23854,0,0,0,0,0,0,0,NaN,23857.25,23853,23854
2025-09-09T04:05:00-04:00,23854,23854.25,23839,23839.5,0,0,0,0,0,0,0,NaN,23854.25,23839,23839.5
2025-09-09T04:10:00-04:00,23839,23852,23839,23846,0,0,0,0,0,0,0,NaN,23852,23839,23846
2025-09-09T04:15:00-04:00,23846,23850.5,23836.5,23844,0,0,0,0,0,0,0,NaN,23850.5,23836.5,23844
2025-09-09T04:20:00-04:00,23844.25,23853.25,23841.5,23852.5,0,0,0,0,0,0,0,NaN,23853.25,23841.5,23852.5
2025-09-09T04:25:00-04:00,23853.25,23854.5,23845.75,23848.75,0,0,0,0,0,0,0,NaN,23854.5,23845.75,23848.75
2025-09-09T04:30:00-04:00,23849.5,23855.75,23845.25,23849.25,0,0,0,0,0,0,0,NaN,23855.75,23845.25,23849.25
2025-09-09T04:35:00-04:00,23849.25,23852.5,23838.25,23840.25,0,0,0,0,0,0,0,NaN,23852.5,23838.25,23840.25
2025-09-09T04:40:00-04:00,23840.25,23849.75,23838,23845.75,0,0,0,0,0,0,0,NaN,23849.75,23838,23845.75
2025-09-09T04:45:00-04:00,23846.25,23846.25,23834.75,23835.75,0,0,0,0,0,0,0,NaN,23846.25,23834.75,23835.75
2025-09-09T04:50:00-04:00,23835.5,23840.25,23834,23837.25,0,0,0,0,0,0,0,NaN,23840.25,23834,23837.25
2025-09-09T04:55:00-04:00,23836.5,23844,23836.25,23844,0,0,0,0,0,0,0,NaN,23844,23836.25,23844
2025-09-09T05:00:00-04:00,23843,23848.25,23839,23845,0,0,0,0,0,0,0,NaN,23848.25,23839,23845
2025-09-09T05:05:00-04:00,23844,23848.25,23836,23836.75,0,0,0,0,0,0,0,NaN,23848.25,23836,23836.75
2025-09-09T05:10:00-04:00,23836,23850.5,23835.75,23850.25,0,0,0,0,0,0,0,NaN,23850.5,23835.75,23850.25
2025-09-09T05:15:00-04:00,23850.5,23854.75,23847.75,23851.5,0,0,0,0,0,0,0,NaN,23854.75,23847.75,23851.5
2025-09-09T05:20:00-04:00,23851.5,23853.25,23844.5,23847.5,0,0,0,0,0,0,0,NaN,23853.25,23844.5,23847.5
2025-09-09T05:25:00-04:00,23847.25,23853.75,23845.25,23847.75,0,0,0,0,0,0,0,NaN,23853.75,23845.25,23847.75
2025-09-09T05:30:00-04:00,23847.5,23851.25,23846.5,23847.5,0,0,0,0,0,0,0,NaN,23851.25,23846.5,23847.5
2025-09-09T05:35:00-04:00,23847.5,23852,23847.5,23851.25,0,0,0,0,0,0,0,NaN,23852,23847.5,23851.25
2025-09-09T05:40:00-04:00,23852,23856,23846.25,23849.75,0,0,0,0,0,0,0,NaN,23856,23846.25,23849.75
2025-09-09T05:45:00-04:00,23849.25,23852.5,23845.75,23852,0,0,0,0,0,0,0,NaN,23852.5,23845.75,23852
2025-09-09T05:50:00-04:00,23852,23852,23844.75,23845.75,0,0,0,0,0,0,0,NaN,23852,23844.75,23845.75
2025-09-09T05:55:00-04:00,23846,23849,23842.25,23844.25,0,0,0,0,0,0,0,NaN,23849,23842.25,23844.25
2025-09-09T06:00:00-04:00,23844.5,23847.25,23841.75,23843.75,0,0,0,0,0,0,0,NaN,23847.25,23841.75,23843.75
2025-09-09T06:05:00-04:00,23844,23852,23844,23852,0,0,0,0,0,0,0,NaN,23852,23844,23852
2025-09-09T06:10:00-04:00,23851,23856.75,23849,23854,0,0,0,0,0,0,0,NaN,23856.75,23849,23854
2025-09-09T06:15:00-04:00,23853,23856.75,23851.5,23851.75,0,0,0,0,0,0,0,NaN,23856.75,23851.5,23851.75
2025-09-09T06:20:00-04:00,23853,23855,23851.25,23852.25,0,0,0,0,0,0,0,NaN,23855,23851.25,23852.25
2025-09-09T06:25:00-04:00,23852.75,23855.5,23846.75,23847.25,0,0,0,0,0,0,0,NaN,23855.5,23846.75,23847.25
2025-09-09T06:30:00-04:00,23847.25,23849,23840.75,23848,0,0,0,0,0,0,0,NaN,23849,23840.75,23848
2025-09-09T06:35:00-04:00,23847.5,23854.5,23845.5,23854,0,0,0,0,0,0,0,NaN,23854.5,23845.5,23854
2025-09-09T06:40:00-04:00,23854.5,23860.25,23853.25,23856.25,0,0,0,0,0,0,0,NaN,23860.25,23853.25,23856.25
2025-09-09T06:45:00-04:00,23856,23857.25,23843.5,23844,0,0,0,0,0,0,0,NaN,23857.25,23843.5,23844
2025-09-09T06:50:00-04:00,23843.25,23847,23837.75,23841.25,0,0,0,0,0,0,0,NaN,23847,23837.75,23841.25
2025-09-09T06:55:00-04:00,23841.5,23845.5,23838.75,23845.5,0,0,0,0,0,0,0,NaN,23845.5,23838.75,23845.5
2025-09-09T07:00:00-04:00,23845.25,23845.25,23836.5,23836.75,0,0,0,0,0,0,0,NaN,23845.25,23836.5,23836.75
2025-09-09T07:05:00-04:00,23836.25,23843.25,23834.5,23839.75,0,0,0,0,0,0,0,NaN,23843.25,23834.5,23839.75
2025-09-09T07:10:00-04:00,23841,23842.5,23828.5,23831.5,0,0,0,0,0,0,0,NaN,23842.5,23828.5,23831.5
2025-09-09T07:15:00-04:00,23831,23831.5,23812.25,23814.5,0,0,0,0,0,0,0,NaN,23831.5,23812.25,23814.5
2025-09-09T07:20:00-04:00,23814,23826,23811.75,23823,0,0,0,0,0,0,0,NaN,23826,23811.75,23823
2025-09-09T07:25:00-04:00,23823,23825.25,23819.5,23821,0,0,0,0,0,0,0,NaN,23825.25,23819.5,23821
2025-09-09T07:30:00-04:00,23820.75,23832.75,23820.75,23831.5,0,0,0,0,0,0,0,NaN,23832.75,23820.75,23831.5
2025-09-09T07:35:00-04:00,23831,23833.75,23825.75,23833,0,0,0,0,0,0,0,NaN,23833.75,23825.75,23833
2025-09-09T07:40:00-04:00,23833.5,23837,23829.75,23836.75,0,0,0,0,0,0,0,NaN,23837,23829.75,23836.75
2025-09-09T07:45:00-04:00,23836.25,23849.75,23835.5,23848,0,0,0,0,0,0,0,NaN,23849.75,23835.5,23848
2025-09-09T07:50:00-04:00,23847.75,23850.75,23845.25,23847.75,0,0,0,0,0,0,0,NaN,23850.75,23845.25,23847.75
2025-09-09T07:55:00-04:00,23848,23853.25,23844,23849.75,0,0,0,0,0,0,0,NaN,23853.25,23844,23849.75
2025-09-09T08:00:00-04:00,23849.5,23849.75,23838.25,23849.25,0,0,0,0,0,0,0,NaN,23849.75,23838.25,23849.25
2025-09-09T08:05:00-04:00,23847.75,23849.25,23845.25,23847.25,0,0,0,0,0,0,0,NaN,23849.25,23845.25,23847.25
2025-09-09T08:10:00-04:00,23846.25,23856.75,23846.25,23853.25,0,0,0,0,0,0,0,NaN,23856.75,23846.25,23853.25
2025-09-09T08:15:00-04:00,23853.75,23857.25,23847.5,23849.75,0,0,0,0,0,0,0,NaN,23857.25,23847.5,23849.75
2025-09-09T08:20:00-04:00,23850.25,23854.75,23845.5,23845.5,0,0,0,0,0,0,0,NaN,23854.75,23845.5,23845.5
2025-09-09T08:25:00-04:00,23845.5,23852.25,23841.75,23852,0,0,0,0,0,0,0,NaN,23852.25,23841.75,23852
2025-09-09T08:30:00-04:00,23852.25,23852.25,23834.75,23842.75,0,0,0,0,0,0,0,NaN,23852.25,23834.75,23842.75
2025-09-09T08:35:00-04:00,23842.5,23851.75,23841.25,23849.5,0,0,0,0,0,0,0,NaN,23851.75,23841.25,23849.5
2025-09-09T08:40:00-04:00,23850,23851.5,23839.5,23842.75,0,0,0,0,0,0,0,NaN,23851.5,23839.5,23842.75
2025-09-09T08:45:00-04:00,23843,23845.75,23837,23839.75,0,0,0,0,0,0,0,NaN,23845.75,23837,23839.75
2025-09-09T08:50:00-04:00,23839.5,23841.5,23833,23839,0,0,0,0,0,0,0,NaN,23841.5,23833,23839
2025-09-09T08:55:00-04:00,23839,23844,23837.75,23839.75,0,0,0,0,0,0,0,NaN,23844,23837.75,23839.75
2025-09-09T09:00:00-04:00,23839.25,23840.25,23800.25,23807.75,0,0,0,0,0,0,0,NaN,23840.25,23800.25,23807.75
2025-09-09T09:05:00-04:00,23807.5,23828.75,23800,23828.75,0,0,0,0,0,0,0,NaN,23828.75,23800,23828.75
2025-09-09T09:10:00-04:00,23827.5,23828,23816,23823,0,0,0,0,0,0,0,NaN,23828,23816,23823
2025-09-09T09:15:00-04:00,23822.5,23825.5,23816.25,23819.75,0,0,0,0,0,0,0,NaN,23825.5,23816.25,23819.75
2025-09-09T09:20:00-04:00,23819.25,23825.75,23810,23817.75,0,0,0,0,0,0,0,NaN,23825.75,23810,23817.75
2025-09-09T09:25:00-04:00,23818,23838,23815.25,23835.25,0,0,0,0,0,0,0,NaN,23838,23815.25,23835.25
2025-09-09T09:30:00-04:00,23835.5,23857.75,23823,23842.75,0,0,0,0,0,0,0,NaN,23857.75,23823,23842.75
2025-09-09T09:35:00-04:00,23842.5,23848,23824.5,23834.25,0,0,0,0,0,0,0,NaN,23848,23824.5,23834.25
2025-09-09T09:40:00-04:00,23834.5,23843.5,23815.75,23841.25,0,0,0,0,0,0,0,NaN,23843.5,23815.75,23841.25
2025-09-09T09:45:00-04:00,23841.25,23848.75,23824.5,23829,0,0,0,0,0,0,0,NaN,23848.75,23824.5,23829
2025-09-09T09:50:00-04:00,23829.5,23832,23804.25,23807.25,0,0,0,0,0,0,0,NaN,23832,23804.25,23807.25
2025-09-09T09:55:00-04:00,23807.5,23836.75,23801.25,23815,0,0,0,0,0,0,0,NaN,23836.75,23801.25,23815
2025-09-09T10:00:00-04:00,23815.5,23833.25,23781.25,23795.5,0,0,0,0,0,0,0,NaN,23833.25,23781.25,23795.5
2025-09-09T10:05:00-04:00,23795.25,23834,23787.75,23831.75,0,0,0,0,0,0,0,NaN,23834,23787.75,23831.75
2025-09-09T10:10:00-04:00,23831.5,23850.75,23827,23835.75,0,0,0,0,0,0,0,NaN,23850.75,23827,23835.75
2025-09-09T10:15:00-04:00,23836,23841.75,23810,23816.75,0,0,0,0,0,0,0,NaN,23841.75,23810,23816.75
2025-09-09T10:20:00-04:00,23817.25,23828.25,23815,23818,0,0,0,0,0,0,0,NaN,23828.25,23815,23818
2025-09-09T10:25:00-04:00,23818.75,23822.75,23799.25,23810.5,0,0,0,0,0,0,0,NaN,23822.75,23799.25,23810.5
2025-09-09T10:30:00-04:00,23810.25,23812.25,23752.25,23754,0,0,0,0,0,0,0,NaN,23812.25,23752.25,23754
2025-09-09T10:35:00-04:00,23754.25,23761.75,23733.25,23743,0,0,0,0,0,0,0,NaN,23761.75,23733.25,23743
2025-09-09T10:40:00-04:00,23743.5,23758.25,23726,23744.25,0,0,0,0,0,0,0,NaN,23758.25,23726,23744.25
2025-09-09T10:45:00-04:00,23744.25,23764.5,23736.75,23760.75,0,0,0,0,0,0,0,NaN,23764.5,23736.75,23760.75
2025-09-09T10:50:00-04:00,23761,23789,23740.75,23787.5,0,0,0,0,0,0,0,NaN,23789,23740.75,23787.5
2025-09-09T10:55:00-04:00,23787.5,23803.75,23785.75,23785.75,0,0,0,0,0,0,0,NaN,23803.75,23785.75,23785.75
2025-09-09T11:00:00-04:00,23785.75,23803.5,23765.25,23772,0,0,0,0,0,0,0,NaN,23803.5,23765.25,23772
2025-09-09T11:05:00-04:00,23771.5,23778,23752,23773,0,0,0,0,0,0,0,NaN,23778,23752,23773
2025-09-09T11:10:00-04:00,23772.5,23784.25,23763.25,23776,0,0,0,0,0,0,0,NaN,23784.25,23763.25,23776
2025-09-09T11:15:00-04:00,23776.5,23790.25,23775.75,23782.5,0,0,0,0,0,0,0,NaN,23790.25,23775.75,23782.5
2025-09-09T11:20:00-04:00,23782.75,23790.5,23773.75,23779.25,0,0,0,0,0,0,0,NaN,23790.5,23773.75,23779.25
2025-09-09T11:25:00-04:00,23779.5,23787.5,23774,23784.25,0,0,0,0,0,0,0,NaN,23787.5,23774,23784.25
2025-09-09T11:30:00-04:00,23783.75,23786.25,23770.25,23773.25,0,0,0,0,0,0,0,NaN,23786.25,23770.25,23773.25
2025-09-09T11:35:00-04:00,23774,23778.5,23764.25,23769.75,0,0,0,0,0,0,0,NaN,23778.5,23764.25,23769.75
2025-09-09T11:40:00-04:00,23769.75,23771,23753.75,23761.25,0,0,0,0,0,0,0,NaN,23771,23753.75,23761.25
2025-09-09T11:45:00-04:00,23760.75,23775.75,23758,23759.25,0,0,0,0,0,0,0,NaN,23775.75,23758,23759.25
2025-09-09T11:50:00-04:00,23759.75,23812.5,23759.75,23805.5,0,0,0,0,0,0,0,NaN,23812.5,23759.75,23805.5
2025-09-09T11:55:00-04:00,23805.75,23812.75,23783.75,23784.5,0,0,0,0,0,0,0,NaN,23812.75,23783.75,23784.5
2025-09-09T12:00:00-04:00,23784.5,23801.5,23781.5,23798.25,0,0,0,0,0,0,0,NaN,23801.5,23781.5,23798.25
2025-09-09T12:05:00-04:00,23797.75,23807.25,23795,23806,0,0,0,0,0,0,0,NaN,23807.25,23795,23806
2025-09-09T12:10:00-04:00,23806,23821.5,23806,23819.75,0,0,0,0,0,0,0,NaN,23821.5,23806,23819.75
2025-09-09T12:15:00-04:00,23819.5,23833.75,23815.25,23816.75,0,0,0,0,0,0,0,NaN,23833.75,23815.25,23816.75
2025-09-09T12:20:00-04:00,23817.25,23818.25,23795.25,23812.25,0,0,0,0,0,0,0,NaN,23818.25,23795.25,23812.25
2025-09-09T12:25:00-04:00,23811.75,23821.5,23809.25,23818,0,0,0,0,0,0,0,NaN,23821.5,23809.25,23818
2025-09-09T12:30:00-04:00,23818.25,23820.5,23811.25,23820,0,0,0,0,0,0,0,NaN,23820.5,23811.25,23820
2025-09-09T12:35:00-04:00,23819.5,23821,23813.75,23819.25,0,0,0,0,0,0,0,NaN,23821,23813.75,23819.25
2025-09-09T12:40:00-04:00,23819.25,23822.25,23809.5,23812,0,0,0,0,0,0,0,NaN,23822.25,23809.5,23812
2025-09-09T12:45:00-04:00,23812,23823.5,23807.25,23817.25,0,0,0,0,0,0,0,NaN,23823.5,23807.25,23817.25
2025-09-09T12:50:00-04:00,23817,23819.5,23806.25,23811.25,0,0,0,0,0,0,0,NaN,23819.5,23806.25,23811.25
2025-09-09T12:55:00-04:00,23811.75,23830,23811.5,23821.5,0,0,0,0,0,0,0,NaN,23830,23811.5,23821.5
2025-09-09T13:00:00-04:00,23821.25,23837.25,23821,23835.25,0,0,0,0,0,0,0,NaN,23837.25,23821,23835.25
2025-09-09T13:05:00-04:00,23835.25,23846,23834.75,23843,0,0,0,0,0,0,0,NaN,23846,23834.75,23843
2025-09-09T13:10:00-04:00,23843,23855.5,23839,23839,0,0,0,0,0,0,0,NaN,23855.5,23839,23839
2025-09-09T13:15:00-04:00,23839.25,23852.25,23839.25,23840.25,0,0,0,0,0,0,0,NaN,23852.25,23839.25,23840.25
2025-09-09T13:20:00-04:00,23840.25,23849.75,23838.5,23849.5,0,0,0,0,0,0,0,NaN,23849.75,23838.5,23849.5
2025-09-09T13:25:00-04:00,23849,23854.25,23841.25,23841.75,0,0,0,0,0,0,0,NaN,23854.25,23841.25,23841.75
2025-09-09T13:30:00-04:00,23842.75,23847.5,23832.75,23834.5,0,0,0,0,0,0,0,NaN,23847.5,23832.75,23834.5
2025-09-09T13:35:00-04:00,23834,23839.25,23827.75,23837,0,0,0,0,0,0,0,NaN,23839.25,23827.75,23837
2025-09-09T13:40:00-04:00,23837.25,23838.25,23826.25,23833.25,0,0,0,0,0,0,0,NaN,23838.25,23826.25,23833.25
2025-09-09T13:45:00-04:00,23833,23844,23831.5,23839,0,0,0,0,0,0,0,NaN,23844,23831.5,23839
2025-09-09T13:50:00-04:00,23839,23845,23836.5,23843,0,0,0,0,0,0,0,NaN,23845,23836.5,23843
2025-09-09T13:55:00-04:00,23843.5,23846.25,23837.5,23839.5,0,0,0,0,0,0,0,NaN,23846.25,23837.5,23839.5
2025-09-09T14:00:00-04:00,23839.5,23845.25,23836,23841,0,0,0,0,0,0,0,NaN,23845.25,23836,23841
2025-09-09T14:05:00-04:00,23841.75,23848.25,23840.75,23847,0,0,0,0,0,0,0,NaN,23848.25,23840.75,23847
2025-09-09T14:10:00-04:00,23846.75,23848.75,23823.5,23843,0,0,0,0,0,0,0,NaN,23848.75,23823.5,23843
2025-09-09T14:15:00-04:00,23842.5,23846.75,23833.5,23841.25,0,0,0,0,0,0,0,NaN,23846.75,23833.5,23841.25
2025-09-09T14:20:00-04:00,23841.25,23846.5,23837.25,23840.5,0,0,0,0,0,0,0,NaN,23846.5,23837.25,23840.5
2025-09-09T14:25:00-04:00,23841,23841.5,23831.5,23833.5,0,0,0,0,0,0,0,NaN,23841.5,23831.5,23833.5
2025-09-09T14:30:00-04:00,23834,23838.5,23827,23828.5,0,0,0,0,0,0,0,NaN,23838.5,23827,23828.5
2025-09-09T14:35:00-04:00,23828.5,23832.25,23824.25,23824.5,0,0,0,0,0,0,0,NaN,23832.25,23824.25,23824.5
2025-09-09T14:40:00-04:00,23824.75,23835,23824,23828.75,0,0,0,0,0,0,0,NaN,23835,23824,23828.75
2025-09-09T14:45:00-04:00,23828.75,23845.25,23828.75,23844.5,0,0,0,0,0,0,0,NaN,23845.25,23828.75,23844.5
2025-09-09T14:50:00-04:00,23844.75,23847.75,23840.75,23846,0,0,0,0,0,0,0,NaN,23847.75,23840.75,23846
2025-09-09T14:55:00-04:00,23846.25,23849,23840.5,23843.75,0,0,0,0,0,0,0,NaN,23849,23840.5,23843.75
2025-09-09T15:00:00-04:00,23843.5,23848,23837.75,23846.25,0,0,0,0,0,0,0,NaN,23848,23837.75,23846.25
2025-09-09T15:05:00-04:00,23846,23847.25,23838.5,23840.5,0,0,0,0,0,0,0,NaN,23847.25,23838.5,23840.5
2025-09-09T15:10:00-04:00,23840.5,23843.5,23836,23838.25,0,0,0,0,0,0,0,NaN,23843.5,23836,23838.25
2025-09-09T15:15:00-04:00,23838.25,23850,23838.25,23848.25,0,0,0,0,0,0,0,NaN,23850,23838.25,23848.25
2025-09-09T15:20:00-04:00,23848.25,23859.5,23847.25,23854.5,0,0,0,0,0,0,0,NaN,23859.5,23847.25,23854.5
2025-09-09T15:25:00-04:00,23854.5,23861,23854.25,23856.5,0,0,0,0,0,0,0,NaN,23861,23854.25,23856.5
2025-09-09T15:30:00-04:00,23856.5,23860.75,23849.25,23858.75,0,0,0,0,0,0,0,NaN,23860.75,23849.25,23858.75
2025-09-09T15:35:00-04:00,23858.75,23861.25,23845.5,23849.25,0,0,0,0,0,0,0,NaN,23861.25,23845.5,23849.25
2025-09-09T15:40:00-04:00,23849.75,23849.75,23834.75,23845.75,0,0,0,0,0,0,0,NaN,23849.75,23834.75,23845.75
2025-09-09T15:45:00-04:00,23845.5,23854.75,23844.25,23851.5,0,0,0,0,0,0,0,NaN,23854.75,23844.25,23851.5
2025-09-09T15:50:00-04:00,23851,23875.25,23851,23870.75,0,0,0,0,0,0,0,NaN,23875.25,23851,23870.75
2025-09-09T15:55:00-04:00,23870.5,23890,23865,23867.75,0,0,0,0,0,0,0,NaN,23890,23865,23867.75
2025-09-09T16:00:00-04:00,23867.75,23871.25,23853.25,23858.25,0,0,0,0,0,0,0,NaN,23871.25,23853.25,23858.25
2025-09-09T16:05:00-04:00,23857.75,23865.5,23847.75,23862.25,0,0,0,0,0,0,0,NaN,23865.5,23847.75,23862.25
2025-09-09T16:10:00-04:00,23861.75,23880.5,23860.5,23878,0,0,0,0,0,0,0,NaN,23880.5,23860.5,23878
2025-09-09T16:15:00-04:00,23877.25,23888.25,23870.75,23887.25,0,0,0,0,0,0,0,NaN,23888.25,23870.75,23887.25
2025-09-09T16:20:00-04:00,23886.75,23894.75,23883,23891,0,0,0,0,0,0,0,NaN,23894.75,23883,23891
2025-09-09T16:25:00-04:00,23891.25,23904,23887,23897,0,0,0,0,0,0,0,NaN,23904,23887,23897
2025-09-09T16:30:00-04:00,23897.25,23902.25,23892,23899.5,0,0,0,0,0,0,0,NaN,23902.25,23892,23899.5
2025-09-09T16:35:00-04:00,23900,23909.25,23899,23904,0,0,0,0,0,0,0,NaN,23909.25,23899,23904
2025-09-09T16:40:00-04:00,23904.5,23921.25,23903.75,23908,0,0,0,0,0,0,0,NaN,23921.25,23903.75,23908
2025-09-09T16:45:00-04:00,23908.75,23912.5,23899,23904.5,0,0,0,0,0,0,0,NaN,23912.5,23899,23904.5
2025-09-09T16:50:00-04:00,23905,23906,23888,23889.75,0,0,0,0,0,0,0,NaN,23906,23888,23889.75
2025-09-09T16:55:00-04:00,23889.75,23891.5,23884.75,23889.75,0,0,0,0,0,0,0,NaN,23891.5,23884.75,23889.75
2025-09-09T18:00:00-04:00,23898.5,23907.25,23891,23892.5,0,0,0,0,0,0,0,NaN,23907.25,23891,23892.5
2025-09-09T18:05:00-04:00,23893,23905,23890,23905,0,0,0,0,0,0,0,NaN,23905,23890,23905
2025-09-09T18:10:00-04:00,23904.75,23911.5,23903.5,23908,0,0,0,0,0,0,0,NaN,23911.5,23903.5,23908
2025-09-09T18:15:00-04:00,23907.75,23910.25,23899,23900,0,0,0,0,0,0,0,NaN,23910.25,23899,23900
2025-09-09T18:20:00-04:00,23900.25,23901,23893.5,23895.75,0,0,0,0,0,0,0,NaN,23901,23893.5,23895.75
2025-09-09T18:25:00-04:00,23895.5,23901,23891,23897.25,0,0,0,0,0,0,0,NaN,23901,23891,23897.25
2025-09-09T18:30:00-04:00,23896.5,23905,23896.5,23902.5,0,0,0,0,0,0,0,NaN,23905,23896.5,23902.5
2025-09-09T18:35:00-04:00,23902.75,23902.75,23893,23899.25,0,0,0,0,0,0,0,NaN,23902.75,23893,23899.25
2025-09-09T18:40:00-04:00,23898.5,23899.25,23895,23896.75,0,0,0,0,0,0,0,NaN,23899.25,23895,23896.75
2025-09-09T18:45:00-04:00,23896.5,23900,23894.5,23900,0,0,0,0,0,0,0,NaN,23900,23894.5,23900
2025-09-09T18:50:00-04:00,23900,23902.75,23893.5,23895.75,0,0,0,0,0,0,0,NaN,23902.75,23893.5,23895.75
2025-09-09T18:55:00-04:00,23895.75,23900.5,23895.5,23895.75,0,0,0,0,0,0,0,NaN,23900.5,23895.5,23895.75
2025-09-09T19:00:00-04:00,23896.25,23898,23887.25,23888.75,0,0,0,0,0,0,0,NaN,23898,23887.25,23888.75
2025-09-09T19:05:00-04:00,23889,23894.5,23883.5,23893,0,0,0,0,0,0,0,NaN,23894.5,23883.5,23893
2025-09-09T19:10:00-04:00,23893.75,23894.75,23891.25,23892.25,0,0,0,0,0,0,0,NaN,23894.75,23891.25,23892.25
2025-09-09T19:15:00-04:00,23892,23894.25,23886.25,23888.75,0,0,0,0,0,0,0,NaN,23894.25,23886.25,23888.75
2025-09-09T19:20:00-04:00,23889.25,23890.25,23877.25,23882,0,0,0,0,0,0,0,NaN,23890.25,23877.25,23882
2025-09-09T19:25:00-04:00,23882,23882.75,23874,23876.5,0,0,0,0,0,0,0,NaN,23882.75,23874,23876.5
2025-09-09T19:30:00-04:00,23877.5,23879.75,23874.25,23876,0,0,0,0,0,0,0,NaN,23879.75,23874.25,23876
2025-09-09T19:35:00-04:00,23876.25,23881,23875.5,23879.75,0,0,0,0,0,0,0,NaN,23881,23875.5,23879.75
2025-09-09T19:40:00-04:00,23880.25,23886,23879.25,23885,0,0,0,0,0,0,0,NaN,23886,23879.25,23885
2025-09-09T19:45:00-04:00,23885.25,23889,23880,23883.75,0,0,0,0,0,0,0,NaN,23889,23880,23883.75
2025-09-09T19:50:00-04:00,23883.25,23891,23882.25,23889,0,0,0,0,0,0,0,NaN,23891,23882.25,23889
2025-09-09T19:55:00-04:00,23888.25,23888.25,23879.25,23885.75,0,0,0,0,0,0,0,NaN,23888.25,23879.25,23885.75
2025-09-09T20:00:00-04:00,23884.75,23887.5,23881.25,23883.25,0,0,0,0,0,0,0,NaN,23887.5,23881.25,23883.25
2025-09-09T20:05:00-04:00,23884,23891.5,23884,23888.25,0,0,0,0,0,0,0,NaN,23891.5,23884,23888.25
2025-09-09T20:10:00-04:00,23888.5,23896.75,23887.25,23893.75,0,0,0,0,0,0,0,NaN,23896.75,23887.25,23893.75
2025-09-09T20:15:00-04:00,23893.25,23896.25,23889.5,23894.25,0,0,0,0,0,0,0,NaN,23896.25,23889.5,23894.25
2025-09-09T20:20:00-04:00,23893.75,23897.5,23893.5,23895.75,0,0,0,0,0,0,0,NaN,23897.5,23893.5,23895.75
2025-09-09T20:25:00-04:00,23895.5,23899.5,23895.25,23896,0,0,0,0,0,0,0,NaN,23899.5,23895.25,23896
2025-09-09T20:30:00-04:00,23895.75,23898.75,23895.5,23896.5,0,0,0,0,0,0,0,NaN,23898.75,23895.5,23896.5
2025-09-09T20:35:00-04:00,23895.75,23898.75,23894,23897.25,0,0,0,0,0,0,0,NaN,23898.75,23894,23897.25
2025-09-09T20:40:00-04:00,23897,23898.5,23889,23896,0,0,0,0,0,0,0,NaN,23898.5,23889,23896
2025-09-09T20:45:00-04:00,23895.25,23895.75,23885.5,23887.75,0,0,0,0,0,0,0,NaN,23895.75,23885.5,23887.75
2025-09-09T20:50:00-04:00,23888,23892,23883.75,23884.5,0,0,0,0,0,0,0,NaN,23892,23883.75,23884.5
2025-09-09T20:55:00-04:00,23884.25,23886,23881.75,23886,0,0,0,0,0,0,0,NaN,23886,23881.75,23886
2025-09-09T21:00:00-04:00,23886.25,23891.5,23878.5,23881.5,0,0,0,0,0,0,0,NaN,23891.5,23878.5,23881.5
2025-09-09T21:05:00-04:00,23881.25,23884,23878.5,23881,0,0,0,0,0,0,0,NaN,23884,23878.5,23881
2025-09-09T21:10:00-04:00,23880.75,23882,23878,23881.5,0,0,0,0,0,0,0,NaN,23882,23878,23881.5
2025-09-09T21:15:00-04:00,23881.25,23885.25,23879.25,23883.75,0,0,0,0,0,0,0,NaN,23885.25,23879.25,23883.75
2025-09-09T21:20:00-04:00,23882.75,23888,23879.5,23887.5,0,0,0,0,0,0,0,NaN,23888,23879.5,23887.5
2025-09-09T21:25:00-04:00,23887.5,23898.75,23886.75,23897,0,0,0,0,0,0,0,NaN,23898.75,23886.75,23897
2025-09-09T21:30:00-04:00,23897,23904.5,23895.75,23903,0,0,0,0,0,0,0,NaN,23904.5,23895.75,23903
2025-09-09T21:35:00-04:00,23903.5,23904.75,23898,23899,0,0,0,0,0,0,0,NaN,23904.75,23898,23899
2025-09-09T21:40:00-04:00,23898.75,23900,23893.25,23896,0,0,0,0,0,0,0,NaN,23900,23893.25,23896
2025-09-09T21:45:00-04:00,23896.5,23902.25,23896.5,23899.25,0,0,0,0,0,0,0,NaN,23902.25,23896.5,23899.25
2025-09-09T21:50:00-04:00,23898.75,23900.5,23896.5,23900.25,0,0,0,0,0,0,0,NaN,23900.5,23896.5,23900.25
2025-09-09T21:55:00-04:00,23900.75,23906.25,23898.75,23903,0,0,0,0,0,0,0,NaN,23906.25,23898.75,23903
2025-09-09T22:00:00-04:00,23903.25,23906,23900.5,23902.75,0,0,0,0,0,0,0,NaN,23906,23900.5,23902.75
2025-09-09T22:05:00-04:00,23902.5,23903.25,23897.25,23899.25,0,0,0,0,0,0,0,NaN,23903.25,23897.25,23899.25
2025-09-09T22:10:00-04:00,23899.75,23904.25,23899.75,23903.5,0,0,0,0,0,0,0,NaN,23904.25,23899.75,23903.5
2025-09-09T22:15:00-04:00,23902.5,23905.5,23897.5,23905.25,0,0,0,0,0,0,0,NaN,23905.5,23897.5,23905.25
2025-09-09T22:20:00-04:00,23904.5,23906,23902,23905,0,0,0,0,0,0,0,NaN,23906,23902,23905
2025-09-09T22:25:00-04:00,23904.75,23907,23901.25,23905,0,0,0,0,0,0,0,NaN,23907,23901.25,23905
2025-09-09T22:30:00-04:00,23905.5,23917.75,23903.75,23913,0,0,0,0,0,0,0,NaN,23917.75,23903.75,23913
2025-09-09T22:35:00-04:00,23913.25,23915,23905,23906.75,0,0,0,0,0,0,0,NaN,23915,23905,23906.75
2025-09-09T22:40:00-04:00,23906.75,23910,23905.5,23907,0,0,0,0,0,0,0,NaN,23910,23905.5,23907
2025-09-09T22:45:00-04:00,23906.75,23910.5,23906.25,23909.5,0,0,0,0,0,0,0,NaN,23910.5,23906.25,23909.5
2025-09-09T22:50:00-04:00,23909.25,23912,23907.25,23908.25,0,0,0,0,0,0,0,NaN,23912,23907.25,23908.25
2025-09-09T22:55:00-04:00,23908.75,23913.75,23907.5,23911,0,0,0,0,0,0,0,NaN,23913.75,23907.5,23911
2025-09-09T23:00:00-04:00,23911,23916.75,23910.75,23915,0,0,0,0,0,0,0,NaN,23916.75,23910.75,23915
2025-09-09T23:05:00-04:00,23915,23915.5,23912,23912.75,0,0,0,0,0,0,0,NaN,23915.5,23912,23912.75
2025-09-09T23:10:00-04:00,23913,23915.75,23912.25,23914.75,0,0,0,0,0,0,0,NaN,23915.75,23912.25,23914.75
2025-09-09T23:15:00-04:00,23914.5,23916,23911.5,23912.5,0,0,0,0,0,0,0,NaN,23916,23911.5,23912.5
2025-09-09T23:20:00-04:00,23912.75,23915.5,23912,23914,0,0,0,0,0,0,0,NaN,23915.5,23912,23914
2025-09-09T23:25:00-04:00,23914.5,23914.75,23912.75,23912.75,0,0,0,0,0,0,0,NaN,23914.75,23912.75,23912.75
2025-09-09T23:30:00-04:00,23913.75,23915.75,23913,23913.75,0,0,0,0,0,0,0,NaN,23915.75,23913,23913.75
2025-09-09T23:35:00-04:00,23913.25,23916,23911.75,23915.75,0,0,0,0,0,0,0,NaN,23916,23911.75,23915.75
2025-09-09T23:40:00-04:00,23915.25,23918.75,23914,23914.75,0,0,0,0,0,0,0,NaN,23918.75,23914,23914.75
2025-09-09T23:45:00-04:00,23915,23915.5,23913.25,23914.75,0,0,0,0,0,0,0,NaN,23915.5,23913.25,23914.75
2025-09-09T23:50:00-04:00,23915,23918,23914.25,23917,0,0,0,0,0,0,0,NaN,23918,23914.25,23917
2025-09-09T23:55:00-04:00,23916.5,23918,23912.75,23917.75,0,0,0,0,0,0,0,NaN,23918,23912.75,23917.75
2025-09-10T00:00:00-04:00,23917.75,23920.75,23916.75,23920,0,0,0,1,0,0,0,NaN,23920.75,23916.75,23920
2025-09-10T00:05:00-04:00,23920,23922.75,23918.25,23919,0,0,0,0,0,0,0,NaN,23922.75,23918.25,23919
2025-09-10T00:10:00-04:00,23918.25,23920.25,23917.5,23919,0,0,0,0,0,0,0,NaN,23920.25,23917.5,23919
2025-09-10T00:15:00-04:00,23919.5,23921.25,23919.5,23920.5,0,0,0,0,0,0,0,NaN,23921.25,23919.5,23920.5
2025-09-10T00:20:00-04:00,23920.75,23921.5,23917,23917,0,0,0,0,0,0,0,NaN,23921.5,23917,23917
2025-09-10T00:25:00-04:00,23917.75,23919.25,23917.25,23918.75,0,0,0,0,0,0,0,NaN,23919.25,23917.25,23918.75
2025-09-10T00:30:00-04:00,23918.5,23925,23918.5,23919,0,0,0,0,0,0,0,NaN,23925,23918.5,23919
2025-09-10T00:35:00-04:00,23918.75,23920.75,23917,23920.75,0,0,0,0,0,0,0,NaN,23920.75,23917,23920.75
2025-09-10T00:40:00-04:00,23919.5,23920,23918.25,23919.5,0,0,0,0,0,0,0,NaN,23920,23918.25,23919.5
2025-09-10T00:45:00-04:00,23920.25,23920.25,23917.25,23920.25,0,0,0,0,0,0,0,NaN,23920.25,23917.25,23920.25
2025-09-10T00:50:00-04:00,23920.5,23921.5,23919.25,23920,0,0,0,0,0,0,0,NaN,23921.5,23919.25,23920
2025-09-10T00:55:00-04:00,23920.5,23923.5,23920.25,23922,0,0,0,0,0,0,0,NaN,23923.5,23920.25,23922
2025-09-10T01:00:00-04:00,23922.25,23923,23917.75,23918.25,0,0,0,0,0,0,0,NaN,23923,23917.75,23918.25
2025-09-10T01:05:00-04:00,23918.25,23919.25,23915.25,23916,0,0,0,0,0,0,0,NaN,23919.25,23915.25,23916
2025-09-10T01:10:00-04:00,23915.75,23918.75,23912,23917.75,0,0,0,0,0,0,0,NaN,23918.75,23912,23917.75
2025-09-10T01:15:00-04:00,23918,23918.25,23912.25,23917.25,0,0,0,0,0,0,0,NaN,23918.25,23912.25,23917.25
2025-09-10T01:20:00-04:00,23917,23920.75,23916.5,23919.25,0,0,0,0,0,0,0,NaN,23920.75,23916.5,23919.25
2025-09-10T01:25:00-04:00,23919,23922.25,23918,23920.25,0,0,0,0,0,0,0,NaN,23922.25,23918,23920.25
2025-09-10T01:30:00-04:00,23920.25,23928.75,23913.25,23915.25,0,0,0,0,0,0,0,NaN,23928.75,23913.25,23915.25
2025-09-10T01:35:00-04:00,23915,23918.5,23913,23918.5,0,0,0,0,0,0,0,NaN,23918.5,23913,23918.5
2025-09-10T01:40:00-04:00,23918.25,23919,23913.5,23917,0,0,0,0,0,0,0,NaN,23919,23913.5,23917
2025-09-10T01:45:00-04:00,23916.75,23919.75,23916,23919.25,0,0,0,0,0,0,0,NaN,23919.75,23916,23919.25
2025-09-10T01:50:00-04:00,23919,23920,23914.75,23918.25,0,0,0,0,0,0,0,NaN,23920,23914.75,23918.25
2025-09-10T01:55:00-04:00,23918.75,23921,23915.25,23919,0,0,0,0,0,0,0,NaN,23921,23915.25,23919
2025-09-10T02:00:00-04:00,23919.5,23920.25,23915,23916.75,0,0,0,0,0,0,0,NaN,23920.25,23915,23916.75
2025-09-10T02:05:00-04:00,23917.5,23922.75,23912.5,23920.75,0,0,0,0,0,0,0,NaN,23922.75,23912.5,23920.75
2025-09-10T02:10:00-04:00,23920,23928.5,23915.5,23926.25,0,0,0,0,0,0,0,NaN,23928.5,23915.5,23926.25
2025-09-10T02:15:00-04:00,23926.75,23928.75,23921.5,23928,0,0,0,0,0,0,0,NaN,23928.75,23921.5,23928
2025-09-10T02:20:00-04:00,23928,23936,23928,23934.75,0,0,0,0,0,0,0,NaN,23936,23928,23934.75
2025-09-10T02:25:00-04:00,23934.25,23938.5,23933,23936.5,0,0,0,0,0,0,0,NaN,23938.5,23933,23936.5
2025-09-10T02:30:00-04:00,23936,23941,23936,23937.75,0,0,0,0,0,0,0,NaN,23941,23936,23937.75
2025-09-10T02:35:00-04:00,23938,23944.5,23938,23943.25,0,0,0,0,0,0,0,NaN,23944.5,23938,23943.25
2025-09-10T02:40:00-04:00,23943,23948.75,23940,23946.25,0,0,0,0,0,0,0,NaN,23948.75,23940,23946.25
2025-09-10T02:45:00-04:00,23946,23946,23936.5,23938,0,0,0,0,0,0,0,NaN,23946,23936.5,23938
2025-09-10T02:50:00-04:00,23937.5,23942.75,23930.25,23940.25,0,0,0,0,0,0,0,NaN,23942.75,23930.25,23940.25
2025-09-10T02:55:00-04:00,23940.5,23944.75,23936,23944.25,0,0,0,0,0,0,0,NaN,23944.75,23936,23944.25
2025-09-10T03:00:00-04:00,23943.25,23945.75,23937,23942.25,0,0,0,0,0,0,0,NaN,23945.75,23937,23942.25
2025-09-10T03:05:00-04:00,23942.5,23945.75,23940,23944.75,0,0,0,0,0,0,0,NaN,23945.75,23940,23944.75
2025-09-10T03:10:00-04:00,23945.5,23954,23945.25,23951,0,0,0,0,0,0,0,NaN,23954,23945.25,23951
2025-09-10T03:15:00-04:00,23951.25,23952.25,23941,23942,0,0,0,0,0,0,0,NaN,23952.25,23941,23942
2025-09-10T03:20:00-04:00,23942.25,23947,23941,23946.5,0,0,0,0,0,0,0,NaN,23947,23941,23946.5
2025-09-10T03:25:00-04:00,23946.75,23948.25,23942.75,23943.75,0,0,0,0,0,0,0,NaN,23948.25,23942.75,23943.75
2025-09-10T03:30:00-04:00,23943,23946.75,23938,23939.75,0,0,0,0,0,0,0,NaN,23946.75,23938,23939.75
2025-09-10T03:35:00-04:00,23940,23942.75,23935.75,23938,0,0,0,0,0,0,0,NaN,23942.75,23935.75,23938
2025-09-10T03:40:00-04:00,23938.25,23944.5,23935.25,23938.5,0,0,0,0,0,0,0,NaN,23944.5,23935.25,23938.5
2025-09-10T03:45:00-04:00,23939.25,23946.5,23936.5,23940,0,0,0,0,0,0,0,NaN,23946.5,23936.5,23940
2025-09-10T03:50:00-04:00,23940,23943.25,23935.75,23942,0,0,0,0,0,0,0,NaN,23943.25,23935.75,23942
2025-09-10T03:55:00-04:00,23942.5,23946.5,23937,23938,0,0,0,0,0,0,0,NaN,23946.5,23937,23938
2025-09-10T04:00:00-04:00,23938,23940,23927,23929.25,0,0,0,0,0,0,0,NaN,23940,23927,23929.25
2025-09-10T04:05:00-04:00,23929.5,23929.75,23917.75,23918.75,0,0,0,0,0,0,0,NaN,23929.75,23917.75,23918.75
2025-09-10T04:10:00-04:00,23918.5,23929.5,23918,23928.25,0,0,0,0,0,0,0,NaN,23929.5,23918,23928.25
2025-09-10T04:15:00-04:00,23928.25,23931.75,23921.5,23921.5,0,0,0,0,0,0,0,NaN,23931.75,23921.5,23921.5
2025-09-10T04:20:00-04:00,23921.25,23921.5,23908.5,23917.25,0,0,0,0,0,0,0,NaN,23921.5,23908.5,23917.25
2025-09-10T04:25:00-04:00,23916.75,23920,23910,23910,0,0,0,0,0,0,0,NaN,23920,23910,23910
2025-09-10T04:30:00-04:00,23910.5,23912.25,23893,23895.75,0,0,0,0,0,0,0,NaN,23912.25,23893,23895.75
2025-09-10T04:35:00-04:00,23895,23900.25,23888.5,23898.5,0,0,0,0,0,0,0,NaN,23900.25,23888.5,23898.5
2025-09-10T04:40:00-04:00,23899,23899,23890.75,23891.75,0,0,0,0,0,0,0,NaN,23899,23890.75,23891.75
2025-09-10T04:45:00-04:00,23891.25,23904,23887.25,23902.5,0,0,0,0,0,0,0,NaN,23904,23887.25,23902.5
2025-09-10T04:50:00-04:00,23902.75,23904.75,23891.75,23892,0,0,0,0,0,0,0,NaN,23904.75,23891.75,23892
2025-09-10T04:55:00-04:00,23892.25,23898.75,23892.25,23895.75,0,0,0,0,0,0,0,NaN,23898.75,23892.25,23895.75
2025-09-10T05:00:00-04:00,23896,23900.75,23887.5,23889.5,0,0,0,0,0,0,0,NaN,23900.75,23887.5,23889.5
2025-09-10T05:05:00-04:00,23888.75,23895.75,23887.75,23889.25,0,0,0,0,0,0,0,NaN,23895.75,23887.75,23889.25
2025-09-10T05:10:00-04:00,23889,23895.75,23885.25,23894.25,0,0,0,0,0,0,0,NaN,23895.75,23885.25,23894.25
2025-09-10T05:15:00-04:00,23893.75,23893.75,23883,23884,0,0,0,0,0,0,0,NaN,23893.75,23883,23884
2025-09-10T05:20:00-04:00,23883.25,23889.75,23882.25,23888.25,0,0,0,0,0,0,0,NaN,23889.75,23882.25,23888.25
2025-09-10T05:25:00-04:00,23889,23894.5,23888.25,23888.5,0,0,0,0,0,0,0,NaN,23894.5,23888.25,23888.5
2025-09-10T05:30:00-04:00,23889,23894.25,23885.75,23889.25,0,0,0,0,0,0,0,NaN,23894.25,23885.75,23889.25
2025-09-10T05:35:00-04:00,23889.25,23897,23889.25,23894,0,0,0,0,0,0,0,NaN,23897,23889.25,23894
2025-09-10T05:40:00-04:00,23893.75,23901.75,23891,23901.25,0,0,0,0,0,0,0,NaN,23901.75,23891,23901.25
2025-09-10T05:45:00-04:00,23901.25,23907.5,23900.5,23907.25,0,0,0,0,0,0,0,NaN,23907.5,23900.5,23907.25
2025-09-10T05:50:00-04:00,23907.25,23910.25,23904.25,23907.5,0,0,0,0,0,0,0,NaN,23910.25,23904.25,23907.5
2025-09-10T05:55:00-04:00,23907.5,23909.75,23905.5,23909.25,0,0,0,0,0,0,0,NaN,23909.75,23905.5,23909.25
2025-09-10T06:00:00-04:00,23908,23909,23903.5,23907.5,0,0,0,0,0,0,0,NaN,23909,23903.5,23907.5
2025-09-10T06:05:00-04:00,23907.25,23910.5,23905.5,23910.5,0,0,0,0,0,0,0,NaN,23910.5,23905.5,23910.5
2025-09-10T06:10:00-04:00,23910.5,23915.5,23910,23913.75,0,0,0,0,0,0,0,NaN,23915.5,23910,23913.75
2025-09-10T06:15:00-04:00,23914,23914,23906.75,23912.25,0,0,0,0,0,0,0,NaN,23914,23906.75,23912.25
2025-09-10T06:20:00-04:00,23911.25,23917,23907.5,23916.5,0,0,0,0,0,0,0,NaN,23917,23907.5,23916.5
2025-09-10T06:25:00-04:00,23916.25,23921,23915.75,23919.75,0,0,0,0,0,0,0,NaN,23921,23915.75,23919.75
2025-09-10T06:30:00-04:00,23919,23924.75,23916.75,23918.75,0,0,0,0,0,0,0,NaN,23924.75,23916.75,23918.75
2025-09-10T06:35:00-04:00,23918.5,23926.25,23917.5,23923.5,0,0,0,0,0,0,0,NaN,23926.25,23917.5,23923.5
2025-09-10T06:40:00-04:00,23923.25,23926.75,23919.75,23926,0,0,0,0,0,0,0,NaN,23926.75,23919.75,23926
2025-09-10T06:45:00-04:00,23925.25,23926.25,23920.75,23921.75,0,0,0,0,0,0,0,NaN,23926.25,23920.75,23921.75
2025-09-10T06:50:00-04:00,23922.25,23926.25,23921,23925.25,0,0,0,0,0,0,0,NaN,23926.25,23921,23925.25
2025-09-10T06:55:00-04:00,23925.5,23926.5,23921.75,23924.75,0,0,0,0,0,0,0,NaN,23926.5,23921.75,23924.75
2025-09-10T07:00:00-04:00,23925,23928,23922.5,23926.25,0,0,0,0,0,0,0,NaN,23928,23922.5,23926.25
2025-09-10T07:05:00-04:00,23926.5,23928,23925.25,23927,0,0,0,0,0,0,0,NaN,23928,23925.25,23927
2025-09-10T07:10:00-04:00,23926.75,23929.5,23923.75,23928,0,0,0,0,0,0,0,NaN,23929.5,23923.75,23928
2025-09-10T07:15:00-04:00,23928,23931.25,23922.5,23930,0,0,0,0,0,0,0,NaN,23931.25,23922.5,23930
2025-09-10T07:20:00-04:00,23929.75,23935.5,23925.5,23927,0,0,0,0,0,0,0,NaN,23935.5,23925.5,23927
2025-09-10T07:25:00-04:00,23926.75,23930,23923.25,23927.5,0,0,0,0,0,0,0,NaN,23930,23923.25,23927.5
2025-09-10T07:30:00-04:00,23928.25,23936,23927.75,23935.75,0,0,0,0,0,0,0,NaN,23936,23927.75,23935.75
2025-09-10T07:35:00-04:00,23935.75,23947.75,23935,23945,0,0,0,0,0,0,0,NaN,23947.75,23935,23945
2025-09-10T07:40:00-04:00,23945.25,23955,23944.5,23954.25,0,0,0,0,0,0,0,NaN,23955,23944.5,23954.25
2025-09-10T07:45:00-04:00,23954,23957.5,23951.25,23952.5,0,0,0,0,0,0,0,NaN,23957.5,23951.25,23952.5
2025-09-10T07:50:00-04:00,23952.25,23954.75,23948.5,23950.5,0,0,0,0,0,0,0,NaN,23954.75,23948.5,23950.5
2025-09-10T07:55:00-04:00,23951,23953.75,23947.75,23948.25,0,0,0,0,0,0,0,NaN,23953.75,23947.75,23948.25
2025-09-10T08:00:00-04:00,23948.5,23962.75,23942,23962.5,0,0,0,0,0,0,0,NaN,23962.75,23942,23962.5
2025-09-10T08:05:00-04:00,23962.5,23964.5,23952.5,23958.75,0,0,0,0,0,0,0,NaN,23964.5,23952.5,23958.75
2025-09-10T08:10:00-04:00,23959,23959.5,23947.5,23948.25,0,0,0,0,0,0,0,NaN,23959.5,23947.5,23948.25
2025-09-10T08:15:00-04:00,23948,23950.25,23941.5,23949.5,0,0,0,0,0,0,0,NaN,23950.25,23941.5,23949.5
2025-09-10T08:20:00-04:00,23948.75,23949.5,23938.25,23938.25,0,0,0,0,0,0,0,NaN,23949.5,23938.25,23938.25
2025-09-10T08:25:00-04:00,23938.5,23943.75,23934.25,23939,0,0,0,0,0,0,0,NaN,23943.75,23934.25,23939
2025-09-10T08:30:00-04:00,23938,24044.25,23926.5,24020.5,0,0,0,0,0,0,0,NaN,24044.25,23926.5,24020.5
2025-09-10T08:35:00-04:00,24020.25,24024,23992.25,24002.5,0,0,0,0,0,0,0,NaN,24024,23992.25,24002.5
2025-09-10T08:40:00-04:00,24002.75,24010.75,23996.25,24010.75,0,0,0,0,0,0,0,NaN,24010.75,23996.25,24010.75
2025-09-10T08:45:00-04:00,24010.75,24014.25,23996.5,24002,0,0,0,0,0,0,0,NaN,24014.25,23996.5,24002
2025-09-10T08:50:00-04:00,24001.5,24007,23995.25,23999.25,0,0,0,0,0,0,0,NaN,24007,23995.25,23999.25
2025-09-10T08:55:00-04:00,23999.25,24006.5,23997.5,24004.5,0,0,0,0,0,0,0,NaN,24006.5,23997.5,24004.5
2025-09-10T09:00:00-04:00,24004,24005.75,23977.75,23985,0,0,0,0,0,0,0,NaN,24005.75,23977.75,23985
2025-09-10T09:05:00-04:00,23984.75,23990,23978.5,23988.75,0,0,0,0,0,0,0,NaN,23990,23978.5,23988.75
2025-09-10T09:10:00-04:00,23989.5,24002.25,23986,23998.5,0,0,0,0,0,0,0,NaN,24002.25,23986,23998.5
2025-09-10T09:15:00-04:00,23998.25,24010,23997.75,24007.75,0,0,0,0,0,0,0,NaN,24010,23997.75,24007.75
2025-09-10T09:20:00-04:00,24007.5,24012.5,24004.25,24006,0,0,0,0,0,0,0,NaN,24012.5,24004.25,24006
2025-09-10T09:25:00-04:00,24006.75,24015,23996,23998.5,0,0,0,0,0,0,0,NaN,24015,23996,23998.5
2025-09-10T09:30:00-04:00,23998.75,24000.5,23931.75,23962.75,0,0,0,0,0,0,0,NaN,24000.5,23931.75,23962.75
2025-09-10T09:35:00-04:00,23962.25,23976,23925.25,23940.5,0,0,0,0,0,0,0,NaN,23976,23925.25,23940.5
2025-09-10T09:40:00-04:00,23940.5,23952,23917.75,23931.25,0,0,0,0,0,0,0,NaN,23952,23917.75,23931.25
2025-09-10T09:45:00-04:00,23931,23946.75,23910.25,23944.5,0,0,0,0,0,0,0,NaN,23946.75,23910.25,23944.5
2025-09-10T09:50:00-04:00,23944.5,23953,23900.25,23915.75,0,0,0,0,0,0,0,NaN,23953,23900.25,23915.75
2025-09-10T09:55:00-04:00,23916,23936,23905,23930.25,0,0,0,0,0,0,0,NaN,23936,23905,23930.25
2025-09-10T10:00:00-04:00,23930.75,23970,23924.75,23963,0,0,0,0,0,0,0,NaN,23970,23924.75,23963
2025-09-10T10:05:00-04:00,23963.25,23977,23945,23954.25,0,0,0,0,0,0,0,NaN,23977,23945,23954.25
2025-09-10T10:10:00-04:00,23954,23972,23946.25,23958.5,0,0,0,0,0,0,0,NaN,23972,23946.25,23958.5
2025-09-10T10:15:00-04:00,23958.25,23976.5,23948.75,23969.75,0,0,0,0,0,0,0,NaN,23976.5,23948.75,23969.75
2025-09-10T10:20:00-04:00,23969.75,23984.25,23960.25,23982.25,0,0,0,0,0,0,0,NaN,23984.25,23960.25,23982.25
2025-09-10T10:25:00-04:00,23982,23985.75,23959.75,23964.75,0,0,0,0,0,0,0,NaN,23985.75,23959.75,23964.75
2025-09-10T10:30:00-04:00,23963.75,23981.75,23960.5,23969.25,0,0,0,0,0,0,0,NaN,23981.75,23960.5,23969.25
2025-09-10T10:35:00-04:00,23969.5,23982.5,23957.5,23971.25,0,0,0,0,0,0,0,NaN,23982.5,23957.5,23971.25
2025-09-10T10:40:00-04:00,23970.75,23981.75,23962.75,23977,0,0,0,0,0,0,0,NaN,23981.75,23962.75,23977
2025-09-10T10:45:00-04:00,23976.75,23991,23972,23977.75,0,0,0,0,0,0,0,NaN,23991,23972,23977.75
2025-09-10T10:50:00-04:00,23978,23987.25,23959,23970,0,0,0,0,0,0,0,NaN,23987.25,23959,23970
2025-09-10T10:55:00-04:00,23969.5,23983.5,23958.5,23966.75,0,0,0,0,0,0,0,NaN,23983.5,23958.5,23966.75
2025-09-10T11:00:00-04:00,23966.75,23979,23960,23970.75,0,0,0,0,0,0,0,NaN,23979,23960,23970.75
2025-09-10T11:05:00-04:00,23970.75,23975.75,23959,23967.5,0,0,0,0,0,0,0,NaN,23975.75,23959,23967.5
2025-09-10T11:10:00-04:00,23967.75,23978.25,23966,23969,0,0,0,0,0,0,0,NaN,23978.25,23966,23969
2025-09-10T11:15:00-04:00,23969,23969.5,23936,23938.75,0,0,0,0,0,0,0,NaN,23969.5,23936,23938.75
2025-09-10T11:20:00-04:00,23938.25,23941.5,23926,23935,0,0,0,0,0,0,0,NaN,23941.5,23926,23935
2025-09-10T11:25:00-04:00,23934.75,23949.5,23922.5,23942.25,0,0,0,0,0,0,0,NaN,23949.5,23922.5,23942.25
2025-09-10T11:30:00-04:00,23943.5,23947,23923,23933.5,0,0,0,0,0,0,0,NaN,23947,23923,23933.5
2025-09-10T11:35:00-04:00,23933.25,23952.75,23927.75,23948.25,0,0,0,0,0,0,0,NaN,23952.75,23927.75,23948.25
2025-09-10T11:40:00-04:00,23948.25,23955.75,23944,23955.25,0,0,0,0,0,0,0,NaN,23955.75,23944,23955.25
2025-09-10T11:45:00-04:00,23955,23961.75,23948.25,23960.25,0,0,0,0,0,0,0,NaN,23961.75,23948.25,23960.25
2025-09-10T11:50:00-04:00,23960.25,23969.5,23958,23968,0,0,0,0,0,0,0,NaN,23969.5,23958,23968
2025-09-10T11:55:00-04:00,23967.75,23968.25,23949.5,23949.75,0,0,0,0,0,0,0,NaN,23968.25,23949.5,23949.75
2025-09-10T12:00:00-04:00,23950.25,23950.75,23928.25,23932,0,0,0,0,0,0,0,NaN,23950.75,23928.25,23932
2025-09-10T12:05:00-04:00,23932.25,23938,23923.5,23932,0,0,0,0,0,0,0,NaN,23938,23923.5,23932
2025-09-10T12:10:00-04:00,23932.25,23941.5,23931.25,23932.5,0,0,0,0,0,0,0,NaN,23941.5,23931.25,23932.5
2025-09-10T12:15:00-04:00,23933.25,23941,23919,23919.5,0,0,0,0,0,0,0,NaN,23941,23919,23919.5
2025-09-10T12:20:00-04:00,23919.75,23923,23904.5,23919.75,0,0,0,0,0,0,0,NaN,23923,23904.5,23919.75
2025-09-10T12:25:00-04:00,23920.25,23925.5,23914.75,23917.25,0,0,0,0,0,0,0,NaN,23925.5,23914.75,23917.25
2025-09-10T12:30:00-04:00,23917,23926.75,23917,23924.75,0,0,0,0,0,0,0,NaN,23926.75,23917,23924.75
2025-09-10T12:35:00-04:00,23924.25,23926.5,23912,23913.75,0,0,0,0,0,0,0,NaN,23926.5,23912,23913.75
2025-09-10T12:40:00-04:00,23914.25,23918,23901,23902.25,0,0,0,0,0,0,0,NaN,23918,23901,23902.25
2025-09-10T12:45:00-04:00,23902.75,23910.5,23897.25,23900.75,0,0,0,0,0,0,0,NaN,23910.5,23897.25,23900.75
2025-09-10T12:50:00-04:00,23901,23915,23898.5,23911,0,0,0,0,0,0,0,NaN,23915,23898.5,23911
2025-09-10T12:55:00-04:00,23911.5,23926.5,23911.5,23924.5,0,0,0,0,0,0,0,NaN,23926.5,23911.5,23924.5
2025-09-10T13:00:00-04:00,23924,23940.25,23919.75,23928.75,0,0,0,0,0,0,0,NaN,23940.25,23919.75,23928.75
2025-09-10T13:05:00-04:00,23929,23932.25,23920.75,23931.25,0,0,0,0,0,0,0,NaN,23932.25,23920.75,23931.25
2025-09-10T13:10:00-04:00,23930.75,23932,23923,23924.25,0,0,0,0,0,0,0,NaN,23932,23923,23924.25
2025-09-10T13:15:00-04:00,23925,23926.25,23910.5,23912,0,0,0,0,0,0,0,NaN,23926.25,23910.5,23912
2025-09-10T13:20:00-04:00,23912,23916.75,23889.5,23897.5,0,0,0,0,0,0,0,NaN,23916.75,23889.5,23897.5
2025-09-10T13:25:00-04:00,23897.25,23897.5,23872.5,23884.25,0,0,0,0,0,0,0,NaN,23897.5,23872.5,23884.25
2025-09-10T13:30:00-04:00,23884.5,23898,23877.5,23896.5,0,0,0,0,0,0,0,NaN,23898,23877.5,23896.5
2025-09-10T13:35:00-04:00,23896.25,23906.5,23888,23891,0,0,0,0,0,0,0,NaN,23906.5,23888,23891
2025-09-10T13:40:00-04:00,23890.75,23907.5,23887.5,23899.75,0,0,0,0,0,0,0,NaN,23907.5,23887.5,23899.75
2025-09-10T13:45:00-04:00,23899,23905.5,23893.75,23902.5,0,0,0,0,0,0,0,NaN,23905.5,23893.75,23902.5
2025-09-10T13:50:00-04:00,23903,23909.25,23880.25,23891.5,0,0,0,0,0,0,0,NaN,23909.25,23880.25,23891.5
2025-09-10T13:55:00-04:00,23891.25,23899.25,23881.25,23897.25,0,0,0,0,0,0,0,NaN,23899.25,23881.25,23897.25
2025-09-10T14:00:00-04:00,23897.75,23899.75,23890,23893,0,0,0,0,0,0,0,NaN,23899.75,23890,23893
2025-09-10T14:05:00-04:00,23892.5,23892.5,23881,23882,0,0,0,0,0,0,0,NaN,23892.5,23881,23882
2025-09-10T14:10:00-04:00,23882.25,23890.5,23876,23888.25,0,0,0,0,0,0,0,NaN,23890.5,23876,23888.25
2025-09-10T14:15:00-04:00,23887.75,23888,23857.25,23861,0,0,0,0,0,0,0,NaN,23888,23857.25,23861
2025-09-10T14:20:00-04:00,23861.25,23871.25,23856.75,23862.75,0,0,0,0,0,0,0,NaN,23871.25,23856.75,23862.75
2025-09-10T14:25:00-04:00,23863,23865.25,23845.75,23857.75,0,0,0,0,0,0,0,NaN,23865.25,23845.75,23857.75
2025-09-10T14:30:00-04:00,23857.75,23879,23854.25,23878,0,0,0,0,0,0,0,NaN,23879,23854.25,23878
2025-09-10T14:35:00-04:00,23877.75,23879.5,23858.75,23867,0,0,0,0,0,0,0,NaN,23879.5,23858.75,23867
2025-09-10T14:40:00-04:00,23867.25,23876.75,23860.25,23861.25,0,0,0,0,0,0,0,NaN,23876.75,23860.25,23861.25
2025-09-10T14:45:00-04:00,23861.5,23867.25,23840,23848,0,0,0,0,0,0,0,NaN,23867.25,23840,23848
2025-09-10T14:50:00-04:00,23848,23848.5,23835.75,23844.75,0,0,0,0,0,0,0,NaN,23848.5,23835.75,23844.75
2025-09-10T14:55:00-04:00,23845,23867.25,23844,23862.25,0,0,0,0,0,0,0,NaN,23867.25,23844,23862.25
2025-09-10T15:00:00-04:00,23862.5,23866.5,23838.5,23841.75,0,0,0,0,0,0,0,NaN,23866.5,23838.5,23841.75
2025-09-10T15:05:00-04:00,23841.75,23850.25,23823.75,23829.25,0,0,0,0,0,0,0,NaN,23850.25,23823.75,23829.25
2025-09-10T15:10:00-04:00,23828.25,23834.25,23805,23806.5,0,0,0,0,0,0,0,NaN,23834.25,23805,23806.5
2025-09-10T15:15:00-04:00,23806.75,23823.25,23801.5,23819.25,0,0,0,0,0,0,0,NaN,23823.25,23801.5,23819.25
2025-09-10T15:20:00-04:00,23819.25,23819.25,23785,23805,0,0,0,0,0,0,0,NaN,23819.25,23785,23805
2025-09-10T15:25:00-04:00,23805,23815.5,23801.25,23809.5,0,0,0,0,0,0,0,NaN,23815.5,23801.25,23809.5
2025-09-10T15:30:00-04:00,23810,23840,23809.25,23829.5,0,0,0,0,0,0,0,NaN,23840,23809.25,23829.5
2025-09-10T15:35:00-04:00,23830,23840.25,23812,23814.5,0,0,0,0,0,0,0,NaN,23840.25,23812,23814.5
2025-09-10T15:40:00-04:00,23814.25,23864.5,23808.75,23863,0,0,0,0,0,0,0,NaN,23864.5,23808.75,23863
2025-09-10T15:45:00-04:00,23863,23867.75,23850,23863.75,0,0,0,0,0,0,0,NaN,23867.75,23850,23863.75
2025-09-10T15:50:00-04:00,23863.75,23883.25,23863.25,23869.5,0,0,0,0,0,0,0,NaN,23883.25,23863.25,23869.5
2025-09-10T15:55:00-04:00,23869.25,23893,23868.75,23874.25,0,0,0,0,0,0,0,NaN,23893,23868.75,23874.25
2025-09-10T16:00:00-04:00,23874.5,23885.25,23866.25,23880.5,0,0,0,0,0,0,0,NaN,23885.25,23866.25,23880.5
2025-09-10T16:05:00-04:00,23880.5,23881.5,23873,23878.75,0,0,0,0,0,0,0,NaN,23881.5,23873,23878.75
2025-09-10T16:10:00-04:00,23878.75,23878.75,23870,23871,0,0,0,0,0,0,0,NaN,23878.75,23870,23871
2025-09-10T16:15:00-04:00,23871.25,23875.75,23867.25,23870.25,0,0,0,0,0,0,0,NaN,23875.75,23867.25,23870.25
2025-09-10T16:20:00-04:00,23869.75,23870.5,23865.25,23869.25,0,0,0,0,0,0,0,NaN,23870.5,23865.25,23869.25
2025-09-10T16:25:00-04:00,23869.25,23875.5,23868.75,23874.5,0,0,0,0,0,0,0,NaN,23875.5,23868.75,23874.5
2025-09-10T16:30:00-04:00,23874,23874.5,23869.25,23871.25,0,0,0,0,0,0,0,NaN,23874.5,23869.25,23871.25
2025-09-10T16:35:00-04:00,23870.75,23874,23869.5,23871,0,0,0,0,0,0,0,NaN,23874,23869.5,23871
2025-09-10T16:40:00-04:00,23870.75,23871.25,23867,23867.5,0,0,0,0,0,0,0,NaN,23871.25,23867,23867.5
2025-09-10T16:45:00-04:00,23867.5,23867.75,23857.25,23857.75,0,0,0,0,0,0,0,NaN,23867.75,23857.25,23857.75
2025-09-10T16:50:00-04:00,23857.75,23863.25,23857.5,23859.75,0,0,0,0,0,0,0,NaN,23863.25,23857.5,23859.75
2025-09-10T16:55:00-04:00,23859.25,23863,23858,23858,0,0,0,0,0,0,0,NaN,23863,23858,23858
2025-09-10T18:00:00-04:00,23853.75,23879.5,23852.75,23874.5,0,0,0,0,0,0,0,NaN,23879.5,23852.75,23874.5
2025-09-10T18:05:00-04:00,23874.5,23878.75,23870.25,23872,0,0,0,0,0,0,0,NaN,23878.75,23870.25,23872
2025-09-10T18:10:00-04:00,23871.75,23879.75,23869.25,23871.25,0,0,0,0,0,0,0,NaN,23879.75,23869.25,23871.25
2025-09-10T18:15:00-04:00,23870.75,23874,23867.25,23873.75,0,0,0,0,0,0,0,NaN,23874,23867.25,23873.75
2025-09-10T18:20:00-04:00,23874,23879.5,23869.75,23872,0,0,0,0,0,0,0,NaN,23879.5,23869.75,23872
2025-09-10T18:25:00-04:00,23871,23876.25,23869.75,23874.25,0,0,0,0,0,0,0,NaN,23876.25,23869.75,23874.25
2025-09-10T18:30:00-04:00,23874.5,23878.75,23874.5,23877.5,0,0,0,0,0,0,0,NaN,23878.75,23874.5,23877.5
2025-09-10T18:35:00-04:00,23877,23880,23876.75,23878.75,0,0,0,0,0,0,0,NaN,23880,23876.75,23878.75
2025-09-10T18:40:00-04:00,23879,23886.75,23879,23886.75,0,0,0,0,0,0,0,NaN,23886.75,23879,23886.75
2025-09-10T18:45:00-04:00,23886.5,23898.75,23885.75,23898.75,0,0,0,0,0,0,0,NaN,23898.75,23885.75,23898.75
2025-09-10T18:50:00-04:00,23898.5,23899.5,23890,23891.75,0,0,0,0,0,0,0,NaN,23899.5,23890,23891.75
2025-09-10T18:55:00-04:00,23892.75,23908.75,23892.75,23897,0,0,0,0,0,0,0,NaN,23908.75,23892.75,23897
2025-09-10T19:00:00-04:00,23897,23899,23892.5,23897,0,0,0,0,0,0,0,NaN,23899,23892.5,23897
2025-09-10T19:05:00-04:00,23897.5,23909.75,23897.5,23908,0,0,0,0,0,0,0,NaN,23909.75,23897.5,23908
2025-09-10T19:10:00-04:00,23908.25,23909.75,23900.25,23902.5,0,0,0,0,0,0,0,NaN,23909.75,23900.25,23902.5
2025-09-10T19:15:00-04:00,23902.75,23915,23900.75,23905,0,0,0,0,0,0,0,NaN,23915,23900.75,23905
2025-09-10T19:20:00-04:00,23906.25,23908.5,23903.75,23904.5,0,0,0,0,0,0,0,NaN,23908.5,23903.75,23904.5
2025-09-10T19:25:00-04:00,23904.5,23906,23899.75,23900.75,0,0,0,0,0,0,0,NaN,23906,23899.75,23900.75
2025-09-10T19:30:00-04:00,23901.25,23903.75,23898.25,23901,0,0,0,0,0,0,0,NaN,23903.75,23898.25,23901
2025-09-10T19:35:00-04:00,23900.75,23903.5,23900.25,23900.25,0,0,0,0,0,0,0,NaN,23903.5,23900.25,23900.25
2025-09-10T19:40:00-04:00,23901.5,23901.5,23893.5,23898.25,0,0,0,0,0,0,0,NaN,23901.5,23893.5,23898.25
2025-09-10T19:45:00-04:00,23898.75,23899.75,23894.25,23896.75,0,0,0,0,0,0,0,NaN,23899.75,23894.25,23896.75
2025-09-10T19:50:00-04:00,23896.5,23898.5,23892.5,23896.5,0,0,0,0,0,0,0,NaN,23898.5,23892.5,23896.5
2025-09-10T19:55:00-04:00,23896.25,23901,23895,23901,0,0,0,0,0,0,0,NaN,23901,23895,23901
2025-09-10T20:00:00-04:00,23900.25,23905.5,23893,23895.25,0,0,0,0,0,0,0,NaN,23905.5,23893,23895.25
2025-09-10T20:05:00-04:00,23895.5,23897,23887.25,23887.25,0,0,0,0,0,0,0,NaN,23897,23887.25,23887.25
2025-09-10T20:10:00-04:00,23888,23891,23882.5,23883.75,0,0,0,0,0,0,0,NaN,23891,23882.5,23883.75
2025-09-10T20:15:00-04:00,23883.75,23883.75,23871.5,23877.25,0,0,0,0,0,0,0,NaN,23883.75,23871.5,23877.25
2025-09-10T20:20:00-04:00,23877.25,23889,23876.5,23885,0,0,0,0,0,0,0,NaN,23889,23876.5,23885
2025-09-10T20:25:00-04:00,23885,23892.25,23884.25,23885,0,0,0,0,0,0,0,NaN,23892.25,23884.25,23885
2025-09-10T20:30:00-04:00,23885,23897.75,23881.5,23894,0,0,0,0,0,0,0,NaN,23897.75,23881.5,23894
2025-09-10T20:35:00-04:00,23892.75,23900,23891,23899.5,0,0,0,0,0,0,0,NaN,23900,23891,23899.5
2025-09-10T20:40:00-04:00,23899.5,23901.75,23895.5,23901.25,0,0,0,0,0,0,0,NaN,23901.75,23895.5,23901.25
2025-09-10T20:45:00-04:00,23900.75,23908.25,23899.5,23908.25,0,0,0,0,0,0,0,NaN,23908.25,23899.5,23908.25
2025-09-10T20:50:00-04:00,23908.5,23912.25,23900,23902.5,0,0,0,0,0,0,0,NaN,23912.25,23900,23902.5
2025-09-10T20:55:00-04:00,23902.5,23907.5,23901,23904.5,0,0,0,0,0,0,0,NaN,23907.5,23901,23904.5
2025-09-10T21:00:00-04:00,23904.25,23908.25,23899,23906.25,0,0,0,0,0,0,0,NaN,23908.25,23899,23906.25
2025-09-10T21:05:00-04:00,23906,23909.5,23905,23909.5,0,0,0,0,0,0,0,NaN,23909.5,23905,23909.5
2025-09-10T21:10:00-04:00,23909.5,23911.5,23905.5,23906.75,0,0,0,0,0,0,0,NaN,23911.5,23905.5,23906.75
2025-09-10T21:15:00-04:00,23906.25,23909,23904.5,23907,0,0,0,0,0,0,0,NaN,23909,23904.5,23907
2025-09-10T21:20:00-04:00,23906.25,23910,23902.5,23904.5,0,0,0,0,0,0,0,NaN,23910,23902.5,23904.5
2025-09-10T21:25:00-04:00,23904.5,23912.25,23903.75,23911.5,0,0,0,0,0,0,0,NaN,23912.25,23903.75,23911.5
2025-09-10T21:30:00-04:00,23910.75,23915.5,23909.25,23913.75,0,0,0,0,0,0,0,NaN,23915.5,23909.25,23913.75
2025-09-10T21:35:00-04:00,23913.5,23916.75,23906.5,23907.25,0,0,0,0,0,0,0,NaN,23916.75,23906.5,23907.25
2025-09-10T21:40:00-04:00,23908.5,23914.5,23908.5,23912.75,0,0,0,0,0,0,0,NaN,23914.5,23908.5,23912.75
2025-09-10T21:45:00-04:00,23911.25,23911.25,23904.25,23905.25,0,0,0,0,0,0,0,NaN,23911.25,23904.25,23905.25
2025-09-10T21:50:00-04:00,23905,23910,23902.75,23908.75,0,0,0,0,0,0,0,NaN,23910,23902.75,23908.75
2025-09-10T21:55:00-04:00,23909.5,23910.25,23904.75,23907.5,0,0,0,0,0,0,0,NaN,23910.25,23904.75,23907.5
2025-09-10T22:00:00-04:00,23907,23909.25,23902.5,23902.5,0,0,0,0,0,0,0,NaN,23909.25,23902.5,23902.5
2025-09-10T22:05:00-04:00,23902.5,23904.5,23899.75,23902,0,0,0,0,0,0,0,NaN,23904.5,23899.75,23902
2025-09-10T22:10:00-04:00,23903.5,23907,23902,23904.75,0,0,0,0,0,0,0,NaN,23907,23902,23904.75
2025-09-10T22:15:00-04:00,23905.25,23905.5,23900.5,23902.25,0,0,0,0,0,0,0,NaN,23905.5,23900.5,23902.25
2025-09-10T22:20:00-04:00,23904.5,23907.25,23903,23904.25,0,0,0,0,0,0,0,NaN,23907.25,23903,23904.25
2025-09-10T22:25:00-04:00,23905.75,23911.75,23905.75,23910,0,0,0,0,0,0,0,NaN,23911.75,23905.75,23910
2025-09-10T22:30:00-04:00,23910.25,23916.25,23909.75,23915.25,0,0,0,0,0,0,0,NaN,23916.25,23909.75,23915.25
2025-09-10T22:35:00-04:00,23915.5,23915.5,23907,23910.75,0,0,0,0,0,0,0,NaN,23915.5,23907,23910.75
2025-09-10T22:40:00-04:00,23912,23912.75,23906,23907.5,0,0,0,0,0,0,0,NaN,23912.75,23906,23907.5
2025-09-10T22:45:00-04:00,23907.25,23908.5,23901,23904.25,0,0,0,0,0,0,0,NaN,23908.5,23901,23904.25
2025-09-10T22:50:00-04:00,23904.25,23905,23901,23903.75,0,0,0,0,0,0,0,NaN,23905,23901,23903.75
2025-09-10T22:55:00-04:00,23903.5,23909.75,23903.5,23908,0,0,0,0,0,0,0,NaN,23909.75,23903.5,23908
2025-09-10T23:00:00-04:00,23907.5,23911.25,23905,23909,0,0,0,0,0,0,0,NaN,23911.25,23905,23909
2025-09-10T23:05:00-04:00,23909,23910.5,23905.75,23908.75,0,0,0,0,0,0,0,NaN,23910.5,23905.75,23908.75
2025-09-10T23:10:00-04:00,23909,23909.5,23906.25,23908.5,0,0,0,0,0,0,0,NaN,23909.5,23906.25,23908.5
2025-09-10T23:15:00-04:00,23909.25,23912,23908.5,23910.5,0,0,0,0,0,0,0,NaN,23912,23908.5,23910.5
2025-09-10T23:20:00-04:00,23910.5,23912,23910,23912,0,0,0,0,0,0,0,NaN,23912,23910,23912
2025-09-10T23:25:00-04:00,23911.5,23915,23910,23914,0,0,0,0,0,0,0,NaN,23915,23910,23914
2025-09-10T23:30:00-04:00,23913.75,23914.25,23908.75,23910.25,0,0,0,0,0,0,0,NaN,23914.25,23908.75,23910.25
2025-09-10T23:35:00-04:00,23910.75,23916.5,23910.75,23914.5,0,0,0,0,0,0,0,NaN,23916.5,23910.75,23914.5
2025-09-10T23:40:00-04:00,23915,23916.75,23913.5,23915,0,0,0,0,0,0,0,NaN,23916.75,23913.5,23915
2025-09-10T23:45:00-04:00,23914.5,23918,23911,23916.25,0,0,0,0,0,0,0,NaN,23918,23911,23916.25
2025-09-10T23:50:00-04:00,23915.75,23919,23915.75,23917.5,0,0,0,0,0,0,0,NaN,23919,23915.75,23917.5
2025-09-10T23:55:00-04:00,23917.5,23917.75,23911,23913.5,0,0,0,0,0,0,0,NaN,23917.75,23911,23913.5
2025-09-11T00:00:00-04:00,23913,23915.5,23909.5,23912.5,0,0,0,0,1,0,0,NaN,23915.5,23909.5,23912.5
2025-09-11T00:05:00-04:00,23912.5,23915,23910.25,23913,0,0,0,0,0,0,0,NaN,23915,23910.25,23913
2025-09-11T00:10:00-04:00,23912.75,23913.25,23907.5,23908.25,0,0,0,0,0,0,0,NaN,23913.25,23907.5,23908.25
2025-09-11T00:15:00-04:00,23908.25,23908.5,23897,23899.25,0,0,0,0,0,0,0,NaN,23908.5,23897,23899.25
2025-09-11T00:20:00-04:00,23898.75,23900.25,23885.25,23888.5,0,0,0,0,0,0,0,NaN,23900.25,23885.25,23888.5
2025-09-11T00:25:00-04:00,23887.25,23891.25,23881.5,23887.75,0,0,0,0,0,0,0,NaN,23891.25,23881.5,23887.75
2025-09-11T00:30:00-04:00,23888.25,23889,23881.5,23883.25,0,0,0,0,0,0,0,NaN,23889,23881.5,23883.25
2025-09-11T00:35:00-04:00,23882.5,23886.5,23880.5,23884,0,0,0,0,0,0,0,NaN,23886.5,23880.5,23884
2025-09-11T00:40:00-04:00,23884.25,23884.75,23880,23882.75,0,0,0,0,0,0,0,NaN,23884.75,23880,23882.75
2025-09-11T00:45:00-04:00,23882,23884.25,23879.5,23880.75,0,0,0,0,0,0,0,NaN,23884.25,23879.5,23880.75
2025-09-11T00:50:00-04:00,23880.75,23885.25,23877.5,23880.25,0,0,0,0,0,0,0,NaN,23885.25,23877.5,23880.25
2025-09-11T00:55:00-04:00,23880.75,23882.75,23878.75,23879.5,0,0,0,0,0,0,0,NaN,23882.75,23878.75,23879.5
2025-09-11T01:00:00-04:00,23880,23885.25,23877.25,23878.5,0,0,0,0,0,0,0,NaN,23885.25,23877.25,23878.5
2025-09-11T01:05:00-04:00,23878.5,23887.25,23878.25,23884.75,0,0,0,0,0,0,0,NaN,23887.25,23878.25,23884.75
2025-09-11T01:10:00-04:00,23883.5,23883.75,23872.5,23873,0,0,0,0,0,0,0,NaN,23883.75,23872.5,23873
2025-09-11T01:15:00-04:00,23874.25,23884.25,23871,23882,0,0,0,0,0,0,0,NaN,23884.25,23871,23882
2025-09-11T01:20:00-04:00,23882.25,23888.75,23877.25,23888.25,0,0,0,0,0,0,0,NaN,23888.75,23877.25,23888.25
2025-09-11T01:25:00-04:00,23887.5,23893.75,23887.25,23889.25,0,0,0,0,0,0,0,NaN,23893.75,23887.25,23889.25
2025-09-11T01:30:00-04:00,23889.25,23892,23884.5,23892,0,0,0,0,0,0,0,NaN,23892,23884.5,23892
2025-09-11T01:35:00-04:00,23892.25,23895,23886.25,23893.25,0,0,0,0,0,0,0,NaN,23895,23886.25,23893.25
2025-09-11T01:40:00-04:00,23893.25,23896.25,23892.25,23894.5,0,0,0,0,0,0,0,NaN,23896.25,23892.25,23894.5
2025-09-11T01:45:00-04:00,23894,23894.25,23887.75,23891,0,0,0,0,0,0,0,NaN,23894.25,23887.75,23891
2025-09-11T01:50:00-04:00,23890.75,23892.5,23884,23888,0,0,0,0,0,0,0,NaN,23892.5,23884,23888
2025-09-11T01:55:00-04:00,23887.5,23887.5,23881.25,23885.75,0,0,0,0,0,0,0,NaN,23887.5,23881.25,23885.75
2025-09-11T02:00:00-04:00,23885,23887,23878.5,23884.75,0,0,0,0,0,0,0,NaN,23887,23878.5,23884.75
2025-09-11T02:05:00-04:00,23884,23893.25,23884,23891.75,0,0,0,0,0,0,0,NaN,23893.25,23884,23891.75
2025-09-11T02:10:00-04:00,23891.75,23895.75,23889.25,23894.75,0,0,0,0,0,0,0,NaN,23895.75,23889.25,23894.75
2025-09-11T02:15:00-04:00,23894.25,23899,23891.5,23895,0,0,0,0,0,0,0,NaN,23899,23891.5,23895
2025-09-11T02:20:00-04:00,23895.75,23903,23894,23902,0,0,0,0,0,0,0,NaN,23903,23894,23902
2025-09-11T02:25:00-04:00,23901.75,23907.5,23901.75,23905.25,0,0,0,0,0,0,0,NaN,23907.5,23901.75,23905.25
2025-09-11T02:30:00-04:00,23905.25,23922,23904.25,23912.25,0,0,0,0,0,0,0,NaN,23922,23904.25,23912.25
2025-09-11T02:35:00-04:00,23912,23923,23911.75,23918,0,0,0,0,0,0,0,NaN,23923,23911.75,23918
2025-09-11T02:40:00-04:00,23918.25,23920,23913,23915.25,0,0,0,0,0,0,0,NaN,23920,23913,23915.25
2025-09-11T02:45:00-04:00,23914,23919.5,23914,23915.5,0,0,0,0,0,0,0,NaN,23919.5,23914,23915.5
2025-09-11T02:50:00-04:00,23916.25,23918,23914,23915.5,0,0,0,0,0,0,0,NaN,23918,23914,23915.5
2025-09-11T02:55:00-04:00,23915,23919.25,23910.75,23918.25,0,0,0,0,0,0,0,NaN,23919.25,23910.75,23918.25
2025-09-11T03:00:00-04:00,23918.25,23921.5,23910,23912.5,0,0,0,0,0,0,0,NaN,23921.5,23910,23912.5
2025-09-11T03:05:00-04:00,23912.25,23919.75,23906.5,23908.25,0,0,0,0,0,0,0,NaN,23919.75,23906.5,23908.25
2025-09-11T03:10:00-04:00,23908.25,23917.25,23907.25,23917.25,0,0,0,0,0,0,0,NaN,23917.25,23907.25,23917.25
2025-09-11T03:15:00-04:00,23916.25,23920,23909,23913.75,0,0,0,0,0,0,0,NaN,23920,23909,23913.75
2025-09-11T03:20:00-04:00,23913.5,23923.75,23911.75,23922.75,0,0,0,0,0,0,0,NaN,23923.75,23911.75,23922.75
2025-09-11T03:25:00-04:00,23923,23923,23911,23911.5,0,0,0,0,0,0,0,NaN,23923,23911,23911.5
2025-09-11T03:30:00-04:00,23911.25,23916.5,23908.75,23914.5,0,0,0,0,0,0,0,NaN,23916.5,23908.75,23914.5
2025-09-11T03:35:00-04:00,23914.25,23924.25,23914,23923.25,0,0,0,0,0,0,0,NaN,23924.25,23914,23923.25
2025-09-11T03:40:00-04:00,23923.5,23929.5,23920.75,23921.5,0,0,0,0,0,0,0,NaN,23929.5,23920.75,23921.5
2025-09-11T03:45:00-04:00,23921.25,23929.75,23918.5,23929.75,0,0,0,0,0,0,0,NaN,23929.75,23918.5,23929.75
2025-09-11T03:50:00-04:00,23929.25,23933.5,23927.75,23933,0,0,0,0,0,0,0,NaN,23933.5,23927.75,23933
2025-09-11T03:55:00-04:00,23933.25,23935.75,23928.75,23931.5,0,0,0,0,0,0,0,NaN,23935.75,23928.75,23931.5
2025-09-11T04:00:00-04:00,23931.25,23938.25,23927,23933.75,0,0,0,0,0,0,0,NaN,23938.25,23927,23933.75
2025-09-11T04:05:00-04:00,23933.75,23935,23929,23931.75,0,0,0,0,0,0,0,NaN,23935,23929,23931.75
2025-09-11T04:10:00-04:00,23931.25,23939.75,23931,23939,0,0,0,0,0,0,0,NaN,23939.75,23931,23939
2025-09-11T04:15:00-04:00,23938.75,23942.25,23931.25,23932.5,0,0,0,0,0,0,0,NaN,23942.25,23931.25,23932.5
2025-09-11T04:20:00-04:00,23932,23937.75,23927.75,23929.25,0,0,0,0,0,0,0,NaN,23937.75,23927.75,23929.25
2025-09-11T04:25:00-04:00,23930,23930.75,23922.75,23925.5,0,0,0,0,0,0,0,NaN,23930.75,23922.75,23925.5
2025-09-11T04:30:00-04:00,23925.25,23929,23920.5,23922.25,0,0,0,0,0,0,0,NaN,23929,23920.5,23922.25
2025-09-11T04:35:00-04:00,23922.5,23923.5,23917.25,23921,0,0,0,0,0,0,0,NaN,23923.5,23917.25,23921
2025-09-11T04:40:00-04:00,23921,23925.75,23917.5,23924.75,0,0,0,0,0,0,0,NaN,23925.75,23917.5,23924.75
2025-09-11T04:45:00-04:00,23925,23927,23922.5,23923.25,0,0,0,0,0,0,0,NaN,23927,23922.5,23923.25
2025-09-11T04:50:00-04:00,23923,23925,23920.5,23924,0,0,0,0,0,0,0,NaN,23925,23920.5,23924
2025-09-11T04:55:00-04:00,23924.75,23925,23921.25,23922,0,0,0,0,0,0,0,NaN,23925,23921.25,23922
2025-09-11T05:00:00-04:00,23923,23927.25,23922.5,23923.5,0,0,0,0,0,0,0,NaN,23927.25,23922.5,23923.5
2025-09-11T05:05:00-04:00,23924,23927.5,23921.75,23925.75,0,0,0,0,0,0,0,NaN,23927.5,23921.75,23925.75
2025-09-11T05:10:00-04:00,23925.75,23928.5,23920.25,23925.75,0,0,0,0,0,0,0,NaN,23928.5,23920.25,23925.75
2025-09-11T05:15:00-04:00,23925.5,23929.75,23925,23928.5,0,0,0,0,0,0,0,NaN,23929.75,23925,23928.5
2025-09-11T05:20:00-04:00,23928.75,23929.75,23923.5,23926.75,0,0,0,0,0,0,0,NaN,23929.75,23923.5,23926.75
2025-09-11T05:25:00-04:00,23926.5,23927,23922.75,23925.5,0,0,0,0,0,0,0,NaN,23927,23922.75,23925.5
2025-09-11T05:30:00-04:00,23924.75,23925.5,23922,23922,0,0,0,0,0,0,0,NaN,23925.5,23922,23922
2025-09-11T05:35:00-04:00,23922,23923.25,23914,23917,0,0,0,0,0,0,0,NaN,23923.25,23914,23917
2025-09-11T05:40:00-04:00,23917.25,23918.75,23913,23914.25,0,0,0,0,0,0,0,NaN,23918.75,23913,23914.25
2025-09-11T05:45:00-04:00,23914.25,23915.25,23908,23913.25,0,0,0,0,0,0,0,NaN,23915.25,23908,23913.25
2025-09-11T05:50:00-04:00,23912.25,23920.25,23911.75,23918.75,0,0,0,0,0,0,0,NaN,23920.25,23911.75,23918.75
2025-09-11T05:55:00-04:00,23919.25,23921.75,23918,23920,0,0,0,0,0,0,0,NaN,23921.75,23918,23920
2025-09-11T06:00:00-04:00,23920,23927.75,23918.25,23926.75,0,0,0,0,0,0,0,NaN,23927.75,23918.25,23926.75
2025-09-11T06:05:00-04:00,23927.5,23933,23924.25,23931.25,0,0,0,0,0,0,0,NaN,23933,23924.25,23931.25
2025-09-11T06:10:00-04:00,23931.5,23935.5,23930,23935,0,0,0,0,0,0,0,NaN,23935.5,23930,23935
2025-09-11T06:15:00-04:00,23934.75,23939,23931.5,23934.75,0,0,0,0,0,0,0,NaN,23939,23931.5,23934.75
2025-09-11T06:20:00-04:00,23935.5,23938.75,23934.5,23936,0,0,0,0,0,0,0,NaN,23938.75,23934.5,23936
2025-09-11T06:25:00-04:00,23935.25,23938.25,23933.5,23938.25,0,0,0,0,0,0,0,NaN,23938.25,23933.5,23938.25
2025-09-11T06:30:00-04:00,23937.5,23941.75,23936.5,23938.25,0,0,0,0,0,0,0,NaN,23941.75,23936.5,23938.25
2025-09-11T06:35:00-04:00,23938.25,23941.75,23935.5,23941.75,0,0,0,0,0,0,0,NaN,23941.75,23935.5,23941.75
2025-09-11T06:40:00-04:00,23941.75,23947,23938,23941.25,0,0,0,0,0,0,0,NaN,23947,23938,23941.25
2025-09-11T06:45:00-04:00,23941.75,23945,23938.75,23944.25,0,0,0,0,0,0,0,NaN,23945,23938.75,23944.25
2025-09-11T06:50:00-04:00,23944,23948.5,23942.75,23947.5,0,0,0,0,0,0,0,NaN,23948.5,23942.75,23947.5
2025-09-11T06:55:00-04:00,23948.25,23950,23945.25,23946,0,0,0,0,0,0,0,NaN,23950,23945.25,23946
2025-09-11T07:00:00-04:00,23946.75,23950,23944,23947.25,0,0,0,0,0,0,0,NaN,23950,23944,23947.25
2025-09-11T07:05:00-04:00,23947.75,23948.25,23944,23946,0,0,0,0,0,0,0,NaN,23948.25,23944,23946
2025-09-11T07:10:00-04:00,23945.75,23945.75,23943,23944.25,0,0,0,0,0,0,0,NaN,23945.75,23943,23944.25
2025-09-11T07:15:00-04:00,23944,23946,23939.5,23942.25,0,0,0,0,0,0,0,NaN,23946,23939.5,23942.25
2025-09-11T07:20:00-04:00,23942.25,23945.25,23940,23940.5,0,0,0,0,0,0,0,NaN,23945.25,23940,23940.5
2025-09-11T07:25:00-04:00,23941,23945,23939,23943.5,0,0,0,0,0,0,0,NaN,23945,23939,23943.5
2025-09-11T07:30:00-04:00,23943,23944.75,23940,23944.75,0,0,0,0,0,0,0,NaN,23944.75,23940,23944.75
2025-09-11T07:35:00-04:00,23944.75,23950.25,23941.5,23946.5,0,0,0,0,0,0,0,NaN,23950.25,23941.5,23946.5
2025-09-11T07:40:00-04:00,23946.5,23952.75,23946,23949.25,0,0,0,0,0,0,0,NaN,23952.75,23946,23949.25
2025-09-11T07:45:00-04:00,23948.75,23956,23947,23954,0,0,0,0,0,0,0,NaN,23956,23947,23954
2025-09-11T07:50:00-04:00,23953.5,23955.25,23943.75,23947.5,0,0,0,0,0,0,0,NaN,23955.25,23943.75,23947.5
2025-09-11T07:55:00-04:00,23947.25,23950.25,23946,23946.25,0,0,0,0,0,0,0,NaN,23950.25,23946,23946.25
2025-09-11T08:00:00-04:00,23946,23952,23943.25,23946.75,0,0,0,0,0,0,0,NaN,23952,23943.25,23946.75
2025-09-11T08:05:00-04:00,23947,23951.25,23942.75,23944.25,0,0,0,0,0,0,0,NaN,23951.25,23942.75,23944.25
2025-09-11T08:10:00-04:00,23945,23947.25,23939,23944.75,0,0,0,0,0,0,0,NaN,23947.25,23939,23944.75
2025-09-11T08:15:00-04:00,23945.5,23950.5,23939.75,23942.75,0,0,0,0,0,0,0,NaN,23950.5,23939.75,23942.75
2025-09-11T08:20:00-04:00,23943.5,23956.75,23940,23943,0,0,0,0,0,0,0,NaN,23956.75,23940,23943
2025-09-11T08:25:00-04:00,23943,23953.75,23930,23948,0,0,0,0,0,0,0,NaN,23953.75,23930,23948
2025-09-11T08:30:00-04:00,23951,23976,23838,23882.5,0,0,0,0,0,0,0,NaN,23976,23838,23882.5
2025-09-11T08:35:00-04:00,23882.5,23914.25,23881.25,23898.25,0,0,0,0,0,0,0,NaN,23914.25,23881.25,23898.25
2025-09-11T08:40:00-04:00,23898.5,23925,23897.5,23924.5,0,0,0,0,0,0,0,NaN,23925,23897.5,23924.5
2025-09-11T08:45:00-04:00,23924.5,23948,23915,23932.5,0,0,0,0,0,0,0,NaN,23948,23915,23932.5
2025-09-11T08:50:00-04:00,23932,23961.75,23928.5,23949.5,0,0,0,0,0,0,0,NaN,23961.75,23928.5,23949.5
2025-09-11T08:55:00-04:00,23949.25,23961.5,23939.75,23959.75,0,0,0,0,0,0,0,NaN,23961.5,23939.75,23959.75
2025-09-11T09:00:00-04:00,23959.25,23964.5,23952,23954,0,0,0,0,0,0,0,NaN,23964.5,23952,23954
2025-09-11T09:05:00-04:00,23952.75,23955,23941.25,23950.5,0,0,0,0,0,0,0,NaN,23955,23941.25,23950.5
2025-09-11T09:10:00-04:00,23950.75,23954.5,23940.25,23949.25,0,0,0,0,0,0,0,NaN,23954.5,23940.25,23949.25
2025-09-11T09:15:00-04:00,23949.25,23953.5,23939.75,23950.5,0,0,0,0,0,0,0,NaN,23953.5,23939.75,23950.5
2025-09-11T09:20:00-04:00,23951.75,23961,23950.5,23952.75,0,0,0,0,0,0,0,NaN,23961,23950.5,23952.75
2025-09-11T09:25:00-04:00,23953,23978,23952.5,23976.75,0,0,0,0,0,0,0,NaN,23978,23952.5,23976.75
2025-09-11T09:30:00-04:00,23977.25,23997.5,23967.75,23985,0,0,0,0,0,0,0,NaN,23997.5,23967.75,23985
2025-09-11T09:35:00-04:00,23984.75,23987.25,23926.75,23935,0,0,0,0,0,0,0,NaN,23987.25,23926.75,23935
2025-09-11T09:40:00-04:00,23935,23946,23911,23924.75,0,0,0,0,0,0,0,NaN,23946,23911,23924.75
2025-09-11T09:45:00-04:00,23924.25,23965.5,23909.75,23950.25,0,0,0,0,0,0,0,NaN,23965.5,23909.75,23950.25
2025-09-11T09:50:00-04:00,23950,23978.75,23940,23971.25,0,0,0,0,0,0,0,NaN,23978.75,23940,23971.25
2025-09-11T09:55:00-04:00,23971.25,23987.75,23960.75,23979.75,0,0,0,0,0,0,0,NaN,23987.75,23960.75,23979.75
2025-09-11T10:00:00-04:00,23978.75,23983.25,23962,23980.5,0,0,0,0,0,0,0,NaN,23983.25,23962,23980.5
2025-09-11T10:05:00-04:00,23980,24004,23977.5,23986.5,0,0,0,0,0,0,0,NaN,24004,23977.5,23986.5
2025-09-11T10:10:00-04:00,23986.5,23991.75,23955,23959.25,0,0,0,0,0,0,0,NaN,23991.75,23955,23959.25
2025-09-11T10:15:00-04:00,23959.5,23977.75,23947.5,23952.5,0,0,0,0,0,0,0,NaN,23977.75,23947.5,23952.5
2025-09-11T10:20:00-04:00,23951.75,23969,23947,23968.75,0,0,0,0,0,0,0,NaN,23969,23947,23968.75
2025-09-11T10:25:00-04:00,23968.5,23971.75,23951,23965.5,0,0,0,0,0,0,0,NaN,23971.75,23951,23965.5
2025-09-11T10:30:00-04:00,23965,23999.5,23961.25,23998.25,0,0,0,0,0,0,0,NaN,23999.5,23961.25,23998.25
2025-09-11T10:35:00-04:00,23997.75,24013,23996.25,24012,0,0,0,0,0,0,0,NaN,24013,23996.25,24012
2025-09-11T10:40:00-04:00,24012.25,24017.5,24006.25,24014.25,0,0,0,0,0,0,0,NaN,24017.5,24006.25,24014.25
2025-09-11T10:45:00-04:00,24014,24020,23993.75,24006,0,0,0,0,0,0,0,NaN,24020,23993.75,24006
2025-09-11T10:50:00-04:00,24006.5,24009.75,23975.75,23991.5,0,0,0,0,0,0,0,NaN,24009.75,23975.75,23991.5
2025-09-11T10:55:00-04:00,23991.25,24004,23975,24003.5,0,0,0,0,0,0,0,NaN,24004,23975,24003.5
2025-09-11T11:00:00-04:00,24003.5,24012,24001.25,24006.5,0,0,0,0,0,0,0,NaN,24012,24001.25,24006.5
2025-09-11T11:05:00-04:00,24006.75,24017.25,24000.5,24006.75,0,0,0,0,0,0,0,NaN,24017.25,24000.5,24006.75
2025-09-11T11:10:00-04:00,24007,24018.75,24005.75,24016.75,0,0,0,0,0,0,0,NaN,24018.75,24005.75,24016.75
2025-09-11T11:15:00-04:00,24016.5,24046,24014,24039.75,0,0,0,0,0,0,0,NaN,24046,24014,24039.75
2025-09-11T11:20:00-04:00,24040,24044,24025.5,24029,0,0,0,0,0,0,0,NaN,24044,24025.5,24029
2025-09-11T11:25:00-04:00,24028.75,24039.5,24025.25,24037.75,0,0,0,0,0,0,0,NaN,24039.5,24025.25,24037.75
2025-09-11T11:30:00-04:00,24037.75,24045.5,24036.25,24037,0,0,0,0,0,0,0,NaN,24045.5,24036.25,24037
2025-09-11T11:35:00-04:00,24037.5,24039.25,24023.25,24025,0,0,0,0,0,0,0,NaN,24039.25,24023.25,24025
2025-09-11T11:40:00-04:00,24024.25,24028.25,24018.75,24018.75,0,0,0,0,0,0,0,NaN,24028.25,24018.75,24018.75
2025-09-11T11:45:00-04:00,24019.25,24022.75,24003,24011.25,0,0,0,0,0,0,0,NaN,24022.75,24003,24011.25
2025-09-11T11:50:00-04:00,24011.25,24029.25,24010.5,24026.75,0,0,0,0,0,0,0,NaN,24029.25,24010.5,24026.75
2025-09-11T11:55:00-04:00,24026,24030,24021.75,24024.75,0,0,0,0,0,0,0,NaN,24030,24021.75,24024.75
2025-09-11T12:00:00-04:00,24024.5,24043.5,24021.5,24041.5,0,0,0,0,0,0,0,NaN,24043.5,24021.5,24041.5
2025-09-11T12:05:00-04:00,24041.75,24042.5,24033.5,24037,0,0,0,0,0,0,0,NaN,24042.5,24033.5,24037
2025-09-11T12:10:00-04:00,24037,24040.5,24032.5,24033.5,0,0,0,0,0,0,0,NaN,24040.5,24032.5,24033.5
2025-09-11T12:15:00-04:00,24033.75,24039,24025,24037.5,0,0,0,0,0,0,0,NaN,24039,24025,24037.5
2025-09-11T12:20:00-04:00,24037.25,24041.75,24029.75,24032.25,0,0,0,0,0,0,0,NaN,24041.75,24029.75,24032.25
2025-09-11T12:25:00-04:00,24032.5,24037.5,24023,24024.5,0,0,0,0,0,0,0,NaN,24037.5,24023,24024.5
2025-09-11T12:30:00-04:00,24024.5,24033.5,24022.5,24025.5,0,0,0,0,0,0,0,NaN,24033.5,24022.5,24025.5
2025-09-11T12:35:00-04:00,24025,24026.5,24016.75,24016.75,0,0,0,0,0,0,0,NaN,24026.5,24016.75,24016.75
2025-09-11T12:40:00-04:00,24017,24019,24006,24014.75,0,0,0,0,0,0,0,NaN,24019,24006,24014.75
2025-09-11T12:45:00-04:00,24014.5,24017.75,24007.25,24016.75,0,0,0,0,0,0,0,NaN,24017.75,24007.25,24016.75
2025-09-11T12:50:00-04:00,24016.25,24016.25,23994,24008.5,0,0,0,0,0,0,0,NaN,24016.25,23994,24008.5
2025-09-11T12:55:00-04:00,24008,24017,24001.75,24008.5,0,0,0,0,0,0,0,NaN,24017,24001.75,24008.5
2025-09-11T13:00:00-04:00,24009,24010.75,23998,24002.25,0,0,0,0,0,0,0,NaN,24010.75,23998,24002.25
2025-09-11T13:05:00-04:00,24001.25,24013.5,23997.25,24012.25,0,0,0,0,0,0,0,NaN,24013.5,23997.25,24012.25
2025-09-11T13:10:00-04:00,24012.25,24026.5,24012,24024.25,0,0,0,0,0,0,0,NaN,24026.5,24012,24024.25
2025-09-11T13:15:00-04:00,24024.5,24027.25,24011.75,24016.25,0,0,0,0,0,0,0,NaN,24027.25,24011.75,24016.25
2025-09-11T13:20:00-04:00,24016,24027,24014,24024.75,0,0,0,0,0,0,0,NaN,24027,24014,24024.75
2025-09-11T13:25:00-04:00,24024.75,24030,24012.75,24014,0,0,0,0,0,0,0,NaN,24030,24012.75,24014
2025-09-11T13:30:00-04:00,24014,24029.75,24013.5,24026.5,0,0,0,0,0,0,0,NaN,24029.75,24013.5,24026.5
2025-09-11T13:35:00-04:00,24026.25,24030.5,24020.25,24023.5,0,0,0,0,0,0,0,NaN,24030.5,24020.25,24023.5
2025-09-11T13:40:00-04:00,24024,24033.75,24021.75,24029.5,0,0,0,0,0,0,0,NaN,24033.75,24021.75,24029.5
2025-09-11T13:45:00-04:00,24029.75,24031.75,24008,24009.5,0,0,0,0,0,0,0,NaN,24031.75,24008,24009.5
2025-09-11T13:50:00-04:00,24009.75,24024.5,24004,24024.25,0,0,0,0,0,0,0,NaN,24024.5,24004,24024.25
2025-09-11T13:55:00-04:00,24023.75,24033,24017.75,24032.25,0,0,0,0,0,0,0,NaN,24033,24017.75,24032.25
2025-09-11T14:00:00-04:00,24032.75,24035.75,24023.25,24026.25,0,0,0,0,0,0,0,NaN,24035.75,24023.25,24026.25
2025-09-11T14:05:00-04:00,24026.5,24032.75,24024.5,24029.25,0,0,0,0,0,0,0,NaN,24032.75,24024.5,24029.25
2025-09-11T14:10:00-04:00,24029,24035,24022,24026.75,0,0,0,0,0,0,0,NaN,24035,24022,24026.75
2025-09-11T14:15:00-04:00,24026.75,24029.75,24021,24022.5,0,0,0,0,0,0,0,NaN,24029.75,24021,24022.5
2025-09-11T14:20:00-04:00,24022.75,24026.25,24015.75,24021.25,0,0,0,0,0,0,0,NaN,24026.25,24015.75,24021.25
2025-09-11T14:25:00-04:00,24020.75,24028.75,24014.25,24021.5,0,0,0,0,0,0,0,NaN,24028.75,24014.25,24021.5
2025-09-11T14:30:00-04:00,24021.25,24025.5,24017.25,24019.5,0,0,0,0,0,0,0,NaN,24025.5,24017.25,24019.5
2025-09-11T14:35:00-04:00,24019.75,24029.5,24017,24029,0,0,0,0,0,0,0,NaN,24029.5,24017,24029
2025-09-11T14:40:00-04:00,24028.75,24034.5,24025.75,24032.5,0,0,0,0,0,0,0,NaN,24034.5,24025.75,24032.5
2025-09-11T14:45:00-04:00,24032.75,24038,24030,24035.75,0,0,0,0,0,0,0,NaN,24038,24030,24035.75
2025-09-11T14:50:00-04:00,24036,24044.5,24032.75,24035,0,0,0,0,0,0,0,NaN,24044.5,24032.75,24035
2025-09-11T14:55:00-04:00,24034.75,24042,24031.75,24033.75,0,0,0,0,0,0,0,NaN,24042,24031.75,24033.75
2025-09-11T15:00:00-04:00,24033.75,24035,24028,24031,0,0,0,0,0,0,0,NaN,24035,24028,24031
2025-09-11T15:05:00-04:00,24030.5,24037.5,24024.25,24025,0,0,0,0,0,0,0,NaN,24037.5,24024.25,24025
2025-09-11T15:10:00-04:00,24025.25,24031.25,24022,24023.75,0,0,0,0,0,0,0,NaN,24031.25,24022,24023.75
2025-09-11T15:15:00-04:00,24023.25,24033.75,24021.25,24031,0,0,0,0,0,0,0,NaN,24033.75,24021.25,24031
2025-09-11T15:20:00-04:00,24030.75,24036.5,24027.5,24033.25,0,0,0,0,0,0,0,NaN,24036.5,24027.5,24033.25
2025-09-11T15:25:00-04:00,24033.5,24038.5,24029.75,24033,0,0,0,0,0,0,0,NaN,24038.5,24029.75,24033
2025-09-11T15:30:00-04:00,24033,24041.25,24028.5,24036,0,0,0,0,0,0,0,NaN,24041.25,24028.5,24036
2025-09-11T15:35:00-04:00,24036,24039,24030,24035.75,0,0,0,0,0,0,0,NaN,24039,24030,24035.75
2025-09-11T15:40:00-04:00,24036,24037.5,24024.5,24026,0,0,0,0,0,0,0,NaN,24037.5,24024.5,24026
2025-09-11T15:45:00-04:00,24026.25,24037.5,24024,24036,0,0,0,0,0,0,0,NaN,24037.5,24024,24036
2025-09-11T15:50:00-04:00,24036.25,24044,24027.25,24035.75,0,0,0,0,0,0,0,NaN,24044,24027.25,24035.75
2025-09-11T15:55:00-04:00,24035.75,24040.75,24007.5,24011.5,0,0,0,0,0,0,0,NaN,24040.75,24007.5,24011.5
2025-09-11T16:00:00-04:00,24012,24015.5,24003.75,24010,0,0,0,0,0,0,0,NaN,24015.5,24003.75,24010
2025-09-11T16:05:00-04:00,24010.25,24023.75,24009.25,24020.5,0,0,0,0,0,0,0,NaN,24023.75,24009.25,24020.5
2025-09-11T16:10:00-04:00,24020,24021.75,24004.75,24007.25,0,0,0,0,0,0,0,NaN,24021.75,24004.75,24007.25
2025-09-11T16:15:00-04:00,24007.5,24016,24006,24011,0,0,0,0,0,0,0,NaN,24016,24006,24011
2025-09-11T16:20:00-04:00,24011.25,24013.25,24009.75,24011.25,0,0,0,0,0,0,0,NaN,24013.25,24009.75,24011.25
2025-09-11T16:25:00-04:00,24010.75,24013.75,24009.5,24012.25,0,0,0,0,0,0,0,NaN,24013.75,24009.5,24012.25
2025-09-11T16:30:00-04:00,24011.75,24014.75,24010.75,24012.75,0,0,0,0,0,0,0,NaN,24014.75,24010.75,24012.75
2025-09-11T16:35:00-04:00,24012.25,24013.25,24008,24008.25,0,0,0,0,0,0,0,NaN,24013.25,24008,24008.25
2025-09-11T16:40:00-04:00,24008,24008.75,24005,24006.75,0,0,0,0,0,0,0,NaN,24008.75,24005,24006.75
2025-09-11T16:45:00-04:00,24006.5,24012,24004.25,24011.25,0,0,0,0,0,0,0,NaN,24012,24004.25,24011.25
2025-09-11T16:50:00-04:00,24011,24011.75,24007.25,24010.25,0,0,0,0,0,0,0,NaN,24011.75,24007.25,24010.25
2025-09-11T16:55:00-04:00,24009.75,24010.75,24005.75,24006.75,0,0,0,0,0,0,0,NaN,24010.75,24005.75,24006.75
2025-09-11T18:00:00-04:00,24028.25,24029.25,24012,24019.25,0,0,0,0,0,0,0,NaN,24029.25,24012,24019.25
2025-09-11T18:05:00-04:00,24017.5,24025,24014.25,24022.75,0,0,0,0,0,0,0,NaN,24025,24014.25,24022.75
2025-09-11T18:10:00-04:00,24024,24024.5,24014.25,24015,0,0,0,0,0,0,0,NaN,24024.5,24014.25,24015
2025-09-11T18:15:00-04:00,24014.5,24016.75,24009.75,24010.25,0,0,0,0,0,0,0,NaN,24016.75,24009.75,24010.25
2025-09-11T18:20:00-04:00,24010.5,24017.25,24006.5,24014,0,0,0,0,0,0,0,NaN,24017.25,24006.5,24014
2025-09-11T18:25:00-04:00,24014.25,24016.5,24011,24014,0,0,0,0,0,0,0,NaN,24016.5,24011,24014
2025-09-11T18:30:00-04:00,24014.5,24016.5,24007,24007.75,0,0,0,0,0,0,0,NaN,24016.5,24007,24007.75
2025-09-11T18:35:00-04:00,24008.25,24010.75,24005,24007,0,0,0,0,0,0,0,NaN,24010.75,24005,24007
2025-09-11T18:40:00-04:00,24006.5,24007.25,24001,24005,0,0,0,0,0,0,0,NaN,24007.25,24001,24005
2025-09-11T18:45:00-04:00,24004.75,24010.25,24003,24008.25,0,0,0,0,0,0,0,NaN,24010.25,24003,24008.25
2025-09-11T18:50:00-04:00,24007.75,24014.75,24007.25,24012.75,0,0,0,0,0,0,0,NaN,24014.75,24007.25,24012.75
2025-09-11T18:55:00-04:00,24013,24014,24011.5,24013.75,0,0,0,0,0,0,0,NaN,24014,24011.5,24013.75
2025-09-11T19:00:00-04:00,24013.5,24013.75,24009.75,24011.5,0,0,0,0,0,0,0,NaN,24013.75,24009.75,24011.5
2025-09-11T19:05:00-04:00,24011.25,24011.25,24005,24006.5,0,0,0,0,0,0,0,NaN,24011.25,24005,24006.5
2025-09-11T19:10:00-04:00,24007.25,24018,24006.25,24016.25,0,0,0,0,0,0,0,NaN,24018,24006.25,24016.25
2025-09-11T19:15:00-04:00,24015.75,24018.75,24014.25,24017.75,0,0,0,0,0,0,0,NaN,24018.75,24014.25,24017.75
2025-09-11T19:20:00-04:00,24017.5,24023.75,24017,24022,0,0,0,0,0,0,0,NaN,24023.75,24017,24022
2025-09-11T19:25:00-04:00,24022,24022.25,24016.25,24018.5,0,0,0,0,0,0,0,NaN,24022.25,24016.25,24018.5
2025-09-11T19:30:00-04:00,24018.25,24023.25,24018,24021.5,0,0,0,0,0,0,0,NaN,24023.25,24018,24021.5
2025-09-11T19:35:00-04:00,24022,24025,24017.5,24018.75,0,0,0,0,0,0,0,NaN,24025,24017.5,24018.75
2025-09-11T19:40:00-04:00,24018.5,24021.5,24018,24020.25,0,0,0,0,0,0,0,NaN,24021.5,24018,24020.25
2025-09-11T19:45:00-04:00,24020.25,24020.25,24017.75,24018,0,0,0,0,0,0,0,NaN,24020.25,24017.75,24018
2025-09-11T19:50:00-04:00,24017.25,24022.75,24016.5,24020.75,0,0,0,0,0,0,0,NaN,24022.75,24016.5,24020.75
2025-09-11T19:55:00-04:00,24020.5,24025.75,24018.75,24020.25,0,0,0,0,0,0,0,NaN,24025.75,24018.75,24020.25
2025-09-11T20:00:00-04:00,24019.75,24020.5,24008.25,24010.5,0,0,0,0,0,0,0,NaN,24020.5,24008.25,24010.5
2025-09-11T20:05:00-04:00,24010.25,24011.75,24006.25,24009.75,0,0,0,0,0,0,0,NaN,24011.75,24006.25,24009.75
2025-09-11T20:10:00-04:00,24009.25,24016.75,24008.5,24013,0,0,0,0,0,0,0,NaN,24016.75,24008.5,24013
2025-09-11T20:15:00-04:00,24013.25,24016.25,24011.25,24012.75,0,0,0,0,0,0,0,NaN,24016.25,24011.25,24012.75
2025-09-11T20:20:00-04:00,24012.25,24021.5,24012,24017.5,0,0,0,0,0,0,0,NaN,24021.5,24012,24017.5
2025-09-11T20:25:00-04:00,24018,24023,24016.25,24018,0,0,0,0,0,0,0,NaN,24023,24016.25,24018
2025-09-11T20:30:00-04:00,24017.75,24019.25,24008.25,24010.25,0,0,0,0,0,0,0,NaN,24019.25,24008.25,24010.25
2025-09-11T20:35:00-04:00,24010.25,24015,24009.75,24013.75,0,0,0,0,0,0,0,NaN,24015,24009.75,24013.75
2025-09-11T20:40:00-04:00,24013.5,24013.5,24009.75,24012.75,0,0,0,0,0,0,0,NaN,24013.5,24009.75,24012.75
2025-09-11T20:45:00-04:00,24012.5,24015,24010.75,24015,0,0,0,0,0,0,0,NaN,24015,24010.75,24015
2025-09-11T20:50:00-04:00,24014.75,24016,24007.5,24009.5,0,0,0,0,0,0,0,NaN,24016,24007.5,24009.5
2025-09-11T20:55:00-04:00,24009.75,24010.75,24008,24009.5,0,0,0,0,0,0,0,NaN,24010.75,24008,24009.5
2025-09-11T21:00:00-04:00,24010.5,24011.25,24005.5,24011,0,0,0,0,0,0,0,NaN,24011.25,24005.5,24011
2025-09-11T21:05:00-04:00,24010.75,24011.75,24008,24011,0,0,0,0,0,0,0,NaN,24011.75,24008,24011
2025-09-11T21:10:00-04:00,24010.5,24015.5,24010.25,24014.5,0,0,0,0,0,0,0,NaN,24015.5,24010.25,24014.5
2025-09-11T21:15:00-04:00,24015,24017.75,24011.25,24014.75,0,0,0,0,0,0,0,NaN,24017.75,24011.25,24014.75
2025-09-11T21:20:00-04:00,24015.5,24015.75,24008.75,24009,0,0,0,0,0,0,0,NaN,24015.75,24008.75,24009
2025-09-11T21:25:00-04:00,24008.75,24009,24003.75,24008,0,0,0,0,0,0,0,NaN,24009,24003.75,24008
2025-09-11T21:30:00-04:00,24008.5,24009.75,24002.5,24006.75,0,0,0,0,0,0,0,NaN,24009.75,24002.5,24006.75
2025-09-11T21:35:00-04:00,24006.25,24007.75,24002.75,24006,0,0,0,0,0,0,0,NaN,24007.75,24002.75,24006
2025-09-11T21:40:00-04:00,24005.5,24006.25,24003,24006,0,0,0,0,0,0,0,NaN,24006.25,24003,24006
2025-09-11T21:45:00-04:00,24006,24006,24001.25,24003,0,0,0,0,0,0,0,NaN,24006,24001.25,24003
2025-09-11T21:50:00-04:00,24002.75,24006,24001.25,24004.5,0,0,0,0,0,0,0,NaN,24006,24001.25,24004.5
2025-09-11T21:55:00-04:00,24004.75,24008,24002,24004.5,0,0,0,0,0,0,0,NaN,24008,24002,24004.5
2025-09-11T22:00:00-04:00,24005,24006.25,24002.75,24005.75,0,0,0,0,0,0,0,NaN,24006.25,24002.75,24005.75
2025-09-11T22:05:00-04:00,24005.25,24005.5,23999.75,24003,0,0,0,0,0,0,0,NaN,24005.5,23999.75,24003
2025-09-11T22:10:00-04:00,24003.5,24004.25,23996.5,23998,0,0,0,0,0,0,0,NaN,24004.25,23996.5,23998
2025-09-11T22:15:00-04:00,23997.5,23998.75,23992.5,23994,0,0,0,0,0,0,0,NaN,23998.75,23992.5,23994
2025-09-11T22:20:00-04:00,23994.25,23995.75,23992.5,23993,0,0,0,0,0,0,0,NaN,23995.75,23992.5,23993
2025-09-11T22:25:00-04:00,23993,23996.5,23992.25,23994.75,0,0,0,0,0,0,0,NaN,23996.5,23992.25,23994.75
2025-09-11T22:30:00-04:00,23995.25,23996.25,23992,23995.5,0,0,0,0,0,0,0,NaN,23996.25,23992,23995.5
2025-09-11T22:35:00-04:00,23995.75,24001,23995.25,24000,0,0,0,0,0,0,0,NaN,24001,23995.25,24000
2025-09-11T22:40:00-04:00,24000.25,24004.5,23999.5,24003.75,0,0,0,0,0,0,0,NaN,24004.5,23999.5,24003.75
2025-09-11T22:45:00-04:00,24003.25,24004.75,24001,24003.75,0,0,0,0,0,0,0,NaN,24004.75,24001,24003.75
2025-09-11T22:50:00-04:00,24003,24007.25,24003,24006.25,0,0,0,0,0,0,0,NaN,24007.25,24003,24006.25
2025-09-11T22:55:00-04:00,24006,24006.5,24002.75,24003,0,0,0,0,0,0,0,NaN,24006.5,24002.75,24003
2025-09-11T23:00:00-04:00,24004,24005.5,24002.5,24004,0,0,0,0,0,0,0,NaN,24005.5,24002.5,24004
2025-09-11T23:05:00-04:00,24003.75,24004.25,24001.25,24002.75,0,0,0,0,0,0,0,NaN,24004.25,24001.25,24002.75
2025-09-11T23:10:00-04:00,24003,24005.25,24002.75,24003.25,0,0,0,0,0,0,0,NaN,24005.25,24002.75,24003.25
2025-09-11T23:15:00-04:00,24003.25,24004.5,24002.5,24004.5,0,0,0,0,0,0,0,NaN,24004.5,24002.5,24004.5
2025-09-11T23:20:00-04:00,24004.25,24006.75,24003.25,24005.75,0,0,0,0,0,0,0,NaN,24006.75,24003.25,24005.75
2025-09-11T23:25:00-04:00,24005.5,24005.5,24000,24001.5,0,0,0,0,0,0,0,NaN,24005.5,24000,24001.5
2025-09-11T23:30:00-04:00,24002.25,24003.25,24000.5,24003,0,0,0,0,0,0,0,NaN,24003.25,24000.5,24003
2025-09-11T23:35:00-04:00,24002.5,24003.75,24000.5,24002.75,0,0,0,0,0,0,0,NaN,24003.75,24000.5,24002.75
2025-09-11T23:40:00-04:00,24002.75,24004,24000.75,24003.75,0,0,0,0,0,0,0,NaN,24004,24000.75,24003.75
2025-09-11T23:45:00-04:00,24002.5,24002.5,24000.5,24001.75,0,0,0,0,0,0,0,NaN,24002.5,24000.5,24001.75
2025-09-11T23:50:00-04:00,24002,24003.75,24001.5,24003.5,0,0,0,0,0,0,0,NaN,24003.75,24001.5,24003.5
2025-09-11T23:55:00-04:00,24003.5,24009.75,24003,24008.75,0,0,0,0,0,0,0,NaN,24009.75,24003,24008.75
2025-09-12T00:00:00-04:00,24008.5,24011.25,24007.5,24010.5,0,0,0,0,0,1,0,NaN,24011.25,24007.5,24010.5
2025-09-12T00:05:00-04:00,24010,24014.75,24010,24014,0,0,0,0,0,0,0,NaN,24014.75,24010,24014
2025-09-12T00:10:00-04:00,24013.5,24018.5,24013.5,24016,0,0,0,0,0,0,0,NaN,24018.5,24013.5,24016
2025-09-12T00:15:00-04:00,24015.5,24016.5,24012.25,24013.5,0,0,0,0,0,0,0,NaN,24016.5,24012.25,24013.5
2025-09-12T00:20:00-04:00,24013.25,24023,24013,24017.75,0,0,0,0,0,0,0,NaN,24023,24013,24017.75
2025-09-12T00:25:00-04:00,24017.5,24018.25,24015.75,24018,0,0,0,0,0,0,0,NaN,24018.25,24015.75,24018
2025-09-12T00:30:00-04:00,24018.25,24021.75,24017.25,24020.5,0,0,0,0,0,0,0,NaN,24021.75,24017.25,24020.5
2025-09-12T00:35:00-04:00,24020.5,24023.5,24018.75,24023,0,0,0,0,0,0,0,NaN,24023.5,24018.75,24023
2025-09-12T00:40:00-04:00,24022.5,24024.25,24021.5,24023.75,0,0,0,0,0,0,0,NaN,24024.25,24021.5,24023.75
2025-09-12T00:45:00-04:00,24023.75,24024,24020.75,24022.75,0,0,0,0,0,0,0,NaN,24024,24020.75,24022.75
2025-09-12T00:50:00-04:00,24022.5,24025.25,24022.25,24023.5,0,0,0,0,0,0,0,NaN,24025.25,24022.25,24023.5
2025-09-12T00:55:00-04:00,24023.25,24023.25,24018.5,24019.5,0,0,0,0,0,0,0,NaN,24023.25,24018.5,24019.5
2025-09-12T01:00:00-04:00,24020.25,24025.75,24018.25,24023.5,0,0,0,0,0,0,0,NaN,24025.75,24018.25,24023.5
2025-09-12T01:05:00-04:00,24024.5,24027,24022,24022.75,0,0,0,0,0,0,0,NaN,24027,24022,24022.75
2025-09-12T01:10:00-04:00,24023.25,24027.5,24020.5,24024.75,0,0,0,0,0,0,0,NaN,24027.5,24020.5,24024.75
2025-09-12T01:15:00-04:00,24024.5,24027.75,24023.25,24026.75,0,0,0,0,0,0,0,NaN,24027.75,24023.25,24026.75
2025-09-12T01:20:00-04:00,24028,24028.25,24022.75,24024.75,0,0,0,0,0,0,0,NaN,24028.25,24022.75,24024.75
2025-09-12T01:25:00-04:00,24024.75,24028.25,24023,24028.25,0,0,0,0,0,0,0,NaN,24028.25,24023,24028.25
2025-09-12T01:30:00-04:00,24027.5,24034,24027,24028.5,0,0,0,0,0,0,0,NaN,24034,24027,24028.5
2025-09-12T01:35:00-04:00,24028.5,24033.5,24024.5,24033.5,0,0,0,0,0,0,0,NaN,24033.5,24024.5,24033.5
2025-09-12T01:40:00-04:00,24032.75,24035.25,24032,24034,0,0,0,0,0,0,0,NaN,24035.25,24032,24034
2025-09-12T01:45:00-04:00,24033,24039.75,24032.25,24036.5,0,0,0,0,0,0,0,NaN,24039.75,24032.25,24036.5
2025-09-12T01:50:00-04:00,24036.75,24037.25,24033.75,24034.5,0,0,0,0,0,0,0,NaN,24037.25,24033.75,24034.5
2025-09-12T01:55:00-04:00,24034,24036.25,24032.75,24034.25,0,0,0,0,0,0,0,NaN,24036.25,24032.75,24034.25
2025-09-12T02:00:00-04:00,24035,24035.75,24025.5,24028,0,0,0,0,0,0,0,NaN,24035.75,24025.5,24028
2025-09-12T02:05:00-04:00,24027.75,24031.5,24024.75,24029.25,0,0,0,0,0,0,0,NaN,24031.5,24024.75,24029.25
2025-09-12T02:10:00-04:00,24028.75,24029.25,24025.75,24029.25,0,0,0,0,0,0,0,NaN,24029.25,24025.75,24029.25
2025-09-12T02:15:00-04:00,24028.75,24030.5,24028,24028.75,0,0,0,0,0,0,0,NaN,24030.5,24028,24028.75
2025-09-12T02:20:00-04:00,24028,24032,24025,24025.5,0,0,0,0,0,0,0,NaN,24032,24025,24025.5
2025-09-12T02:25:00-04:00,24025.25,24025.25,24013.25,24018.25,0,0,0,0,0,0,0,NaN,24025.25,24013.25,24018.25
2025-09-12T02:30:00-04:00,24019.25,24024.5,24014.5,24015.25,0,0,0,0,0,0,0,NaN,24024.5,24014.5,24015.25
2025-09-12T02:35:00-04:00,24014.75,24015.25,24008.25,24009,0,0,0,0,0,0,0,NaN,24015.25,24008.25,24009
2025-09-12T02:40:00-04:00,24008.5,24013.75,24008,24009,0,0,0,0,0,0,0,NaN,24013.75,24008,24009
2025-09-12T02:45:00-04:00,24008,24013.25,24006.25,24011,0,0,0,0,0,0,0,NaN,24013.25,24006.25,24011
2025-09-12T02:50:00-04:00,24011,24018.75,24011,24018,0,0,0,0,0,0,0,NaN,24018.75,24011,24018
2025-09-12T02:55:00-04:00,24017.75,24024.25,24015,24023.5,0,0,0,0,0,0,0,NaN,24024.25,24015,24023.5
2025-09-12T03:00:00-04:00,24023,24027.75,24018,24027,0,0,0,0,0,0,0,NaN,24027.75,24018,24027
2025-09-12T03:05:00-04:00,24027.75,24031.5,24019.5,24024,0,0,0,0,0,0,0,NaN,24031.5,24019.5,24024
2025-09-12T03:10:00-04:00,24023.25,24026.5,24020.25,24021.75,0,0,0,0,0,0,0,NaN,24026.5,24020.25,24021.75
2025-09-12T03:15:00-04:00,24022,24024.5,24016,24023,0,0,0,0,0,0,0,NaN,24024.5,24016,24023
2025-09-12T03:20:00-04:00,24022.5,24027.5,24020,24023,0,0,0,0,0,0,0,NaN,24027.5,24020,24023
2025-09-12T03:25:00-04:00,24023.25,24024.5,24017.5,24022.75,0,0,0,0,0,0,0,NaN,24024.5,24017.5,24022.75
2025-09-12T03:30:00-04:00,24022,24022.75,24015,24016.75,0,0,0,0,0,0,0,NaN,24022.75,24015,24016.75
2025-09-12T03:35:00-04:00,24018,24022,24016,24017.75,0,0,0,0,0,0,0,NaN,24022,24016,24017.75
2025-09-12T03:40:00-04:00,24018,24018.5,24006.75,24008.5,0,0,0,0,0,0,0,NaN,24018.5,24006.75,24008.5
2025-09-12T03:45:00-04:00,24008.75,24017,24007.75,24016,0,0,0,0,0,0,0,NaN,24017,24007.75,24016
2025-09-12T03:50:00-04:00,24016,24019.5,24015.25,24017.25,0,0,0,0,0,0,0,NaN,24019.5,24015.25,24017.25
2025-09-12T03:55:00-04:00,24017.25,24019,24008.5,24011,0,0,0,0,0,0,0,NaN,24019,24008.5,24011
2025-09-12T04:00:00-04:00,24010.25,24018.5,24002,24003.75,0,0,0,0,0,0,0,NaN,24018.5,24002,24003.75
2025-09-12T04:05:00-04:00,24003.75,24013,24002.25,24004.5,0,0,0,0,0,0,0,NaN,24013,24002.25,24004.5
2025-09-12T04:10:00-04:00,24003.25,24004.75,23984,23984.5,0,0,0,0,0,0,0,NaN,24004.75,23984,23984.5
2025-09-12T04:15:00-04:00,23985,23985.25,23969,23977.75,0,0,0,0,0,0,0,NaN,23985.25,23969,23977.75
2025-09-12T04:20:00-04:00,23978.75,23986.75,23973,23986.25,0,0,0,0,0,0,0,NaN,23986.75,23973,23986.25
2025-09-12T04:25:00-04:00,23986.5,23993,23985.75,23991,0,0,0,0,0,0,0,NaN,23993,23985.75,23991
2025-09-12T04:30:00-04:00,23990.5,23993.5,23989.5,23991.25,0,0,0,0,0,0,0,NaN,23993.5,23989.5,23991.25
2025-09-12T04:35:00-04:00,23991,24000.5,23987.25,23995.5,0,0,0,0,0,0,0,NaN,24000.5,23987.25,23995.5
2025-09-12T04:40:00-04:00,23995.25,23998.75,23992.75,23998.5,0,0,0,0,0,0,0,NaN,23998.75,23992.75,23998.5
2025-09-12T04:45:00-04:00,23998.75,24000.75,23996.5,23998.5,0,0,0,0,0,0,0,NaN,24000.75,23996.5,23998.5
2025-09-12T04:50:00-04:00,23998.25,24000,23994,23997,0,0,0,0,0,0,0,NaN,24000,23994,23997
2025-09-12T04:55:00-04:00,23997.75,24003,23996.25,24002.75,0,0,0,0,0,0,0,NaN,24003,23996.25,24002.75
2025-09-12T05:00:00-04:00,24002.25,24005.25,23998.75,24002.5,0,0,0,0,0,0,0,NaN,24005.25,23998.75,24002.5
2025-09-12T05:05:00-04:00,24002.75,24005.5,24000.25,24003,0,0,0,0,0,0,0,NaN,24005.5,24000.25,24003
2025-09-12T05:10:00-04:00,24002.75,24004.5,24001.25,24004,0,0,0,0,0,0,0,NaN,24004.5,24001.25,24004
2025-09-12T05:15:00-04:00,24004,24005.25,24000,24002.5,0,0,0,0,0,0,0,NaN,24005.25,24000,24002.5
2025-09-12T05:20:00-04:00,24002.25,24002.25,23996.75,24000.75,0,0,0,0,0,0,0,NaN,24002.25,23996.75,24000.75
2025-09-12T05:25:00-04:00,24001.5,24003.75,24000.5,24002,0,0,0,0,0,0,0,NaN,24003.75,24000.5,24002
2025-09-12T05:30:00-04:00,24002.25,24007,24001.25,24002,0,0,0,0,0,0,0,NaN,24007,24001.25,24002
2025-09-12T05:35:00-04:00,24001,24003.75,23996.25,24003,0,0,0,0,0,0,0,NaN,24003.75,23996.25,24003
2025-09-12T05:40:00-04:00,24002,24009.5,24001,24007.5,0,0,0,0,0,0,0,NaN,24009.5,24001,24007.5
2025-09-12T05:45:00-04:00,24008.25,24015.5,24006.75,24014.75,0,0,0,0,0,0,0,NaN,24015.5,24006.75,24014.75
2025-09-12T05:50:00-04:00,24014.75,24018.75,24012.75,24015.5,0,0,0,0,0,0,0,NaN,24018.75,24012.75,24015.5
2025-09-12T05:55:00-04:00,24016,24016.75,24008.5,24010.5,0,0,0,0,0,0,0,NaN,24016.75,24008.5,24010.5
2025-09-12T06:00:00-04:00,24010.75,24011.75,24005.5,24007.25,0,0,0,0,0,0,0,NaN,24011.75,24005.5,24007.25
2025-09-12T06:05:00-04:00,24007,24013.75,24006.25,24011.5,0,0,0,0,0,0,0,NaN,24013.75,24006.25,24011.5
2025-09-12T06:10:00-04:00,24011.25,24014,24009,24012.25,0,0,0,0,0,0,0,NaN,24014,24009,24012.25
2025-09-12T06:15:00-04:00,24012.25,24014,24010,24011.5,0,0,0,0,0,0,0,NaN,24014,24010,24011.5
2025-09-12T06:20:00-04:00,24012.25,24015.25,24010.25,24010.75,0,0,0,0,0,0,0,NaN,24015.25,24010.25,24010.75
2025-09-12T06:25:00-04:00,24010.75,24016.75,24010.5,24015.25,0,0,0,0,0,0,0,NaN,24016.75,24010.5,24015.25
2025-09-12T06:30:00-04:00,24015.25,24022,24012,24018.75,0,0,0,0,0,0,0,NaN,24022,24012,24018.75
2025-09-12T06:35:00-04:00,24018.5,24020.25,24016.75,24017,0,0,0,0,0,0,0,NaN,24020.25,24016.75,24017
2025-09-12T06:40:00-04:00,24016.75,24021,24016.5,24019.25,0,0,0,0,0,0,0,NaN,24021,24016.5,24019.25
2025-09-12T06:45:00-04:00,24019.5,24022.5,24017,24021.5,0,0,0,0,0,0,0,NaN,24022.5,24017,24021.5
2025-09-12T06:50:00-04:00,24022,24023.25,24017.25,24017.75,0,0,0,0,0,0,0,NaN,24023.25,24017.25,24017.75
2025-09-12T06:55:00-04:00,24017.75,24023.75,24017.75,24023.25,0,0,0,0,0,0,0,NaN,24023.75,24017.75,24023.25
2025-09-12T07:00:00-04:00,24023,24023.5,24016.25,24019.5,0,0,0,0,0,0,0,NaN,24023.5,24016.25,24019.5
2025-09-12T07:05:00-04:00,24019.25,24022.25,24009.5,24014,0,0,0,0,0,0,0,NaN,24022.25,24009.5,24014
2025-09-12T07:10:00-04:00,24013.75,24017.5,24013,24014.25,0,0,0,0,0,0,0,NaN,24017.5,24013,24014.25
2025-09-12T07:15:00-04:00,24013.5,24015.25,24011.25,24011.75,0,0,0,0,0,0,0,NaN,24015.25,24011.25,24011.75
2025-09-12T07:20:00-04:00,24012.25,24021.5,24010,24020.5,0,0,0,0,0,0,0,NaN,24021.5,24010,24020.5
2025-09-12T07:25:00-04:00,24020.5,24026,24020,24025.5,0,0,0,0,0,0,0,NaN,24026,24020,24025.5
2025-09-12T07:30:00-04:00,24025,24027,24022.5,24023.25,0,0,0,0,0,0,0,NaN,24027,24022.5,24023.25
2025-09-12T07:35:00-04:00,24023,24029,24021,24027.75,0,0,0,0,0,0,0,NaN,24029,24021,24027.75
2025-09-12T07:40:00-04:00,24028,24028.75,24024.5,24028.25,0,0,0,0,0,0,0,NaN,24028.75,24024.5,24028.25
2025-09-12T07:45:00-04:00,24028.25,24035.5,24027.25,24032,0,0,0,0,0,0,0,NaN,24035.5,24027.25,24032
2025-09-12T07:50:00-04:00,24031.75,24035.5,24029.5,24034.75,0,0,0,0,0,0,0,NaN,24035.5,24029.5,24034.75
2025-09-12T07:55:00-04:00,24035.25,24048.75,24035,24044.5,0,0,0,0,0,0,0,NaN,24048.75,24035,24044.5
2025-09-12T08:00:00-04:00,24044.5,24047,24029,24029.75,0,0,0,0,0,0,0,NaN,24047,24029,24029.75
2025-09-12T08:05:00-04:00,24030,24037.5,24024.75,24031.25,0,0,0,0,0,0,0,NaN,24037.5,24024.75,24031.25
2025-09-12T08:10:00-04:00,24031.5,24034.5,24029.25,24031.75,0,0,0,0,0,0,0,NaN,24034.5,24029.25,24031.75
2025-09-12T08:15:00-04:00,24033,24044,24033,24043,0,0,0,0,0,0,0,NaN,24044,24033,24043
2025-09-12T08:20:00-04:00,24043.75,24044.25,24036,24038.75,0,0,0,0,0,0,0,NaN,24044.25,24036,24038.75
2025-09-12T08:25:00-04:00,24038.75,24042,24027,24037.5,0,0,0,0,0,0,0,NaN,24042,24027,24037.5
2025-09-12T08:30:00-04:00,24036.5,24038.75,24015,24027,0,0,0,0,0,0,0,NaN,24038.75,24015,24027
2025-09-12T08:35:00-04:00,24027.25,24032.5,24020.25,24029,0,0,0,0,0,0,0,NaN,24032.5,24020.25,24029
2025-09-12T08:40:00-04:00,24028.75,24037,24024.75,24031.75,0,0,0,0,0,0,0,NaN,24037,24024.75,24031.75
2025-09-12T08:45:00-04:00,24032.25,24040,24031.75,24038.75,0,0,0,0,0,0,0,NaN,24040,24031.75,24038.75
2025-09-12T08:50:00-04:00,24038.75,24043.25,24036.5,24042.5,0,0,0,0,0,0,0,NaN,24043.25,24036.5,24042.5
2025-09-12T08:55:00-04:00,24042.25,24044.75,24040.5,24042,0,0,0,0,0,0,0,NaN,24044.75,24040.5,24042
2025-09-12T09:00:00-04:00,24041.75,24049,24039,24043.25,0,0,0,0,0,0,0,NaN,24049,24039,24043.25
2025-09-12T09:05:00-04:00,24043.75,24051.5,24043,24051,0,0,0,0,0,0,0,NaN,24051.5,24043,24051
2025-09-12T09:10:00-04:00,24050.75,24051.5,24046.25,24048.25,0,0,0,0,0,0,0,NaN,24051.5,24046.25,24048.25
2025-09-12T09:15:00-04:00,24048,24050,24045.5,24048,0,0,0,0,0,0,0,NaN,24050,24045.5,24048
2025-09-12T09:20:00-04:00,24048,24049,24044.5,24046.25,0,0,0,0,0,0,0,NaN,24049,24044.5,24046.25
2025-09-12T09:25:00-04:00,24046.25,24049,24037.5,24040.25,0,0,0,0,0,0,0,NaN,24049,24037.5,24040.25
2025-09-12T09:30:00-04:00,24040.75,24064.5,24026.25,24034.5,0,0,0,0,0,0,0,NaN,24064.5,24026.25,24034.5
2025-09-12T09:35:00-04:00,24034.25,24035,24001.5,24012.75,0,0,0,0,0,0,0,NaN,24035,24001.5,24012.75
2025-09-12T09:40:00-04:00,24013,24033.75,24007.25,24029.75,0,0,0,0,0,0,0,NaN,24033.75,24007.25,24029.75
2025-09-12T09:45:00-04:00,24029.75,24039.25,24020.5,24026.75,0,0,0,0,0,0,0,NaN,24039.25,24020.5,24026.75
2025-09-12T09:50:00-04:00,24026.5,24034.25,24016.5,24025.75,0,0,0,0,0,0,0,NaN,24034.25,24016.5,24025.75
2025-09-12T09:55:00-04:00,24025.75,24049.75,24025.25,24042.5,0,0,0,0,0,0,0,NaN,24049.75,24025.25,24042.5
2025-09-12T10:00:00-04:00,24049,24055,24023.25,24049.5,0,0,0,0,0,0,0,NaN,24055,24023.25,24049.5
2025-09-12T10:05:00-04:00,24049.75,24058.75,24046.5,24057.5,0,0,0,0,0,0,0,NaN,24058.75,24046.5,24057.5
2025-09-12T10:10:00-04:00,24057.25,24060.75,24028.5,24031.25,0,0,0,0,0,0,0,NaN,24060.75,24028.5,24031.25
2025-09-12T10:15:00-04:00,24031.75,24056.25,24026.5,24053.75,0,0,0,0,0,0,0,NaN,24056.25,24026.5,24053.75
2025-09-12T10:20:00-04:00,24053.75,24073.5,24050.5,24071.5,0,0,0,0,0,0,0,NaN,24073.5,24050.5,24071.5
2025-09-12T10:25:00-04:00,24071,24076.25,24066,24071.25,0,0,0,0,0,0,0,NaN,24076.25,24066,24071.25
2025-09-12T10:30:00-04:00,24071.25,24084.5,24064.5,24080,0,0,0,0,0,0,0,NaN,24084.5,24064.5,24080
2025-09-12T10:35:00-04:00,24079.75,24088.25,24077,24081.75,0,0,0,0,0,0,0,NaN,24088.25,24077,24081.75
2025-09-12T10:40:00-04:00,24082,24087.25,24075.25,24081.75,0,0,0,0,0,0,0,NaN,24087.25,24075.25,24081.75
2025-09-12T10:45:00-04:00,24082,24096.5,24079.5,24094.75,0,0,0,0,0,0,0,NaN,24096.5,24079.5,24094.75
2025-09-12T10:50:00-04:00,24095.25,24107,24091.25,24106.75,0,0,0,0,0,0,0,NaN,24107,24091.25,24106.75
2025-09-12T10:55:00-04:00,24107,24115.5,24100.25,24106,0,0,0,0,0,0,0,NaN,24115.5,24100.25,24106
2025-09-12T11:00:00-04:00,24106.25,24111.5,24085.25,24086.5,0,0,0,0,0,0,0,NaN,24111.5,24085.25,24086.5
2025-09-12T11:05:00-04:00,24086.75,24095.75,24082.75,24092.75,0,0,0,0,0,0,0,NaN,24095.75,24082.75,24092.75
2025-09-12T11:10:00-04:00,24092.5,24099,24084,24095,0,0,0,0,0,0,0,NaN,24099,24084,24095
2025-09-12T11:15:00-04:00,24095.5,24105.25,24087.25,24088.75,0,0,0,0,0,0,0,NaN,24105.25,24087.25,24088.75
2025-09-12T11:20:00-04:00,24088.75,24093,24079.25,24092,0,0,0,0,0,0,0,NaN,24093,24079.25,24092
2025-09-12T11:25:00-04:00,24092.5,24099,24086.25,24087.5,0,0,0,0,0,0,0,NaN,24099,24086.25,24087.5
2025-09-12T11:30:00-04:00,24086.75,24097,24077.5,24093,0,0,0,0,0,0,0,NaN,24097,24077.5,24093
2025-09-12T11:35:00-04:00,24092.75,24096.25,24082,24085.5,0,0,0,0,0,0,0,NaN,24096.25,24082,24085.5
2025-09-12T11:40:00-04:00,24085.5,24091.25,24076.25,24080,0,0,0,0,0,0,0,NaN,24091.25,24076.25,24080
2025-09-12T11:45:00-04:00,24080,24083.5,24072.25,24080.5,0,0,0,0,0,0,0,NaN,24083.5,24072.25,24080.5
2025-09-12T11:50:00-04:00,24080.25,24090.25,24079.25,24088.5,0,0,0,0,0,0,0,NaN,24090.25,24079.25,24088.5
2025-09-12T11:55:00-04:00,24088.75,24099.5,24088,24090.75,0,0,0,0,0,0,0,NaN,24099.5,24088,24090.75
2025-09-12T12:00:00-04:00,24090.75,24092.25,24074.5,24080.25,0,0,0,0,0,0,0,NaN,24092.25,24074.5,24080.25
2025-09-12T12:05:00-04:00,24080.25,24091.5,24071.75,24091.25,0,0,0,0,0,0,0,NaN,24091.5,24071.75,24091.25
2025-09-12T12:10:00-04:00,24091.25,24100.75,24090,24097.5,0,0,0,0,0,0,0,NaN,24100.75,24090,24097.5
2025-09-12T12:15:00-04:00,24098,24106.75,24098,24101,0,0,0,0,0,0,0,NaN,24106.75,24098,24101
2025-09-12T12:20:00-04:00,24101,24106.5,24091.75,24104.5,0,0,0,0,0,0,0,NaN,24106.5,24091.75,24104.5
2025-09-12T12:25:00-04:00,24104.5,24106.5,24100.5,24105,0,0,0,0,0,0,0,NaN,24106.5,24100.5,24105
2025-09-12T12:30:00-04:00,24105.25,24114,24102,24110.25,0,0,0,0,0,0,0,NaN,24114,24102,24110.25
2025-09-12T12:35:00-04:00,24110.5,24111,24097.75,24098.75,0,0,0,0,0,0,0,NaN,24111,24097.75,24098.75
2025-09-12T12:40:00-04:00,24098.5,24101.75,24096,24101.25,0,0,0,0,0,0,0,NaN,24101.75,24096,24101.25
2025-09-12T12:45:00-04:00,24101,24110,24096.75,24104.75,0,0,0,0,0,0,0,NaN,24110,24096.75,24104.75
2025-09-12T12:50:00-04:00,24105.25,24114,24102,24111.5,0,0,0,0,0,0,0,NaN,24114,24102,24111.5
2025-09-12T12:55:00-04:00,24111.75,24122,24107.75,24110.75,0,0,0,0,0,0,0,NaN,24122,24107.75,24110.75
2025-09-12T13:00:00-04:00,24111,24112,24101.5,24101.75,0,0,0,0,0,0,0,NaN,24112,24101.5,24101.75
2025-09-12T13:05:00-04:00,24102.25,24104.25,24098,24098.75,0,0,0,0,0,0,0,NaN,24104.25,24098,24098.75
2025-09-12T13:10:00-04:00,24098.75,24105.75,24097.5,24104.75,0,0,0,0,0,0,0,NaN,24105.75,24097.5,24104.75
2025-09-12T13:15:00-04:00,24105,24111.25,24098.75,24101,0,0,0,0,0,0,0,NaN,24111.25,24098.75,24101
2025-09-12T13:20:00-04:00,24101.25,24106.75,24099,24105.5,0,0,0,0,0,0,0,NaN,24106.75,24099,24105.5
2025-09-12T13:25:00-04:00,24105.5,24106,24099.75,24101,0,0,0,0,0,0,0,NaN,24106,24099.75,24101
2025-09-12T13:30:00-04:00,24101,24106.75,24098.5,24100,0,0,0,0,0,0,0,NaN,24106.75,24098.5,24100
2025-09-12T13:35:00-04:00,24100,24103.25,24091.5,24098,0,0,0,0,0,0,0,NaN,24103.25,24091.5,24098
2025-09-12T13:40:00-04:00,24098,24105,24097.75,24103,0,0,0,0,0,0,0,NaN,24105,24097.75,24103
2025-09-12T13:45:00-04:00,24103,24114.75,24102.75,24113.5,0,0,0,0,0,0,0,NaN,24114.75,24102.75,24113.5
2025-09-12T13:50:00-04:00,24113.5,24120.75,24111,24118,0,0,0,0,0,0,0,NaN,24120.75,24111,24118
2025-09-12T13:55:00-04:00,24118,24128.25,24116.75,24123.75,0,0,0,0,0,0,0,NaN,24128.25,24116.75,24123.75
2025-09-12T14:00:00-04:00,24123.75,24124.5,24113.25,24113.75,0,0,0,0,0,0,0,NaN,24124.5,24113.25,24113.75
2025-09-12T14:05:00-04:00,24113.25,24121,24113,24120.75,0,0,0,0,0,0,0,NaN,24121,24113,24120.75
2025-09-12T14:10:00-04:00,24120.5,24124.75,24116,24124,0,0,0,0,0,0,0,NaN,24124.75,24116,24124
2025-09-12T14:15:00-04:00,24124,24124,24116.75,24120.75,0,0,0,0,0,0,0,NaN,24124,24116.75,24120.75
2025-09-12T14:20:00-04:00,24120.5,24123.5,24118.75,24121.75,0,0,0,0,0,0,0,NaN,24123.5,24118.75,24121.75
2025-09-12T14:25:00-04:00,24122.25,24126.25,24120.5,24122,0,0,0,0,0,0,0,NaN,24126.25,24120.5,24122
2025-09-12T14:30:00-04:00,24122,24137.5,24119.5,24131.75,0,0,0,0,0,0,0,NaN,24137.5,24119.5,24131.75
2025-09-12T14:35:00-04:00,24132,24141,24128.75,24139.25,0,0,0,0,0,0,0,NaN,24141,24128.75,24139.25
2025-09-12T14:40:00-04:00,24138.5,24142.75,24135.5,24139.5,0,0,0,0,0,0,0,NaN,24142.75,24135.5,24139.5
2025-09-12T14:45:00-04:00,24139.5,24141.25,24118,24129.5,0,0,0,0,0,0,0,NaN,24141.25,24118,24129.5
2025-09-12T14:50:00-04:00,24129.5,24157.5,24129.5,24154,0,0,0,0,0,0,0,NaN,24157.5,24129.5,24154
2025-09-12T14:55:00-04:00,24153.5,24159,24150.5,24154,0,0,0,0,0,0,0,NaN,24159,24150.5,24154
2025-09-12T15:00:00-04:00,24154,24157.75,24151,24153.5,0,0,0,0,0,0,0,NaN,24157.75,24151,24153.5
2025-09-12T15:05:00-04:00,24153.5,24156.75,24147,24150.25,0,0,0,0,0,0,0,NaN,24156.75,24147,24150.25
2025-09-12T15:10:00-04:00,24150.5,24150.5,24135.25,24139,0,0,0,0,0,0,0,NaN,24150.5,24135.25,24139
2025-09-12T15:15:00-04:00,24139.5,24141.25,24133.5,24137.25,0,0,0,0,0,0,0,NaN,24141.25,24133.5,24137.25
2025-09-12T15:20:00-04:00,24137.5,24139.25,24127.75,24128,0,0,0,0,0,0,0,NaN,24139.25,24127.75,24128
2025-09-12T15:25:00-04:00,24128,24133.5,24119,24124.5,0,0,0,0,0,0,0,NaN,24133.5,24119,24124.5
2025-09-12T15:30:00-04:00,24124.25,24126,24104.25,24111.25,0,0,0,0,0,0,0,NaN,24126,24104.25,24111.25
2025-09-12T15:35:00-04:00,24110.75,24115.5,24097.5,24100.25,0,0,0,0,0,0,0,NaN,24115.5,24097.5,24100.25
2025-09-12T15:40:00-04:00,24100.25,24114.5,24087.5,24113.25,0,0,0,0,0,0,0,NaN,24114.5,24087.5,24113.25
2025-09-12T15:45:00-04:00,24113.25,24123.5,24107.75,24119.25,0,0,0,0,0,0,0,NaN,24123.5,24107.75,24119.25
2025-09-12T15:50:00-04:00,24119.25,24134,24118,24132.75,0,0,0,0,0,0,0,NaN,24134,24118,24132.75
2025-09-12T15:55:00-04:00,24133,24133,24108.5,24110.25,0,0,0,0,0,0,0,NaN,24133,24108.5,24110.25
2025-09-12T16:00:00-04:00,24110.25,24111.75,24097,24105.75,0,0,0,0,0,0,0,NaN,24111.75,24097,24105.75
2025-09-12T16:05:00-04:00,24105.5,24112.75,24104.75,24108.75,0,0,0,0,0,0,0,NaN,24112.75,24104.75,24108.75
2025-09-12T16:10:00-04:00,24108.5,24112.5,24108,24111.5,0,0,0,0,0,0,0,NaN,24112.5,24108,24111.5
2025-09-12T16:15:00-04:00,24111.75,24119.25,24111.25,24114.25,0,0,0,0,0,0,0,NaN,24119.25,24111.25,24114.25
2025-09-12T16:20:00-04:00,24114.75,24116.75,24111.75,24112.5,0,0,0,0,0,0,0,NaN,24116.75,24111.75,24112.5
2025-09-12T16:25:00-04:00,24112.75,24114.75,24112,24113.25,0,0,0,0,0,0,0,NaN,24114.75,24112,24113.25
2025-09-12T16:30:00-04:00,24113.25,24115,24110.75,24113.75,0,0,0,0,0,0,0,NaN,24115,24110.75,24113.75
2025-09-12T16:35:00-04:00,24113.5,24114.5,24110,24111.25,0,0,0,0,0,0,0,NaN,24114.5,24110,24111.25
2025-09-12T16:40:00-04:00,24111.5,24114.75,24110.75,24113.5,0,0,0,0,0,0,0,NaN,24114.75,24110.75,24113.5
2025-09-12T16:45:00-04:00,24113.75,24117,24113,24113,0,0,0,0,0,0,0,NaN,24117,24113,24113
2025-09-12T16:50:00-04:00,24113,24114.75,24112,24113.25,0,0,0,0,0,0,0,NaN,24114.75,24112,24113.25
2025-09-12T16:55:00-04:00,24113,24116.75,24110,24115.25,0,0,0,0,0,0,0,NaN,24116.75,24110,24115.25
2025-09-14T18:00:00-04:00,24115.25,24122.5,24099.75,24105.25,0,0,0,0,0,0,0,NaN,24122.5,24099.75,24105.25
2025-09-14T18:05:00-04:00,24105,24121.5,24101.75,24118.5,0,0,0,0,0,0,0,NaN,24121.5,24101.75,24118.5
2025-09-14T18:10:00-04:00,24118,24121.75,24113.75,24121.25,0,0,0,0,0,0,0,NaN,24121.75,24113.75,24121.25
2025-09-14T18:15:00-04:00,24120.5,24129.5,24120,24123.5,0,0,0,0,0,0,0,NaN,24129.5,24120,24123.5
2025-09-14T18:20:00-04:00,24123.25,24123.75,24116.5,24119.75,0,0,0,0,0,0,0,NaN,24123.75,24116.5,24119.75
2025-09-14T18:25:00-04:00,24118,24124.5,24117.75,24122,0,0,0,0,0,0,0,NaN,24124.5,24117.75,24122
2025-09-14T18:30:00-04:00,24123.5,24124,24119,24120.75,0,0,0,0,0,0,0,NaN,24124,24119,24120.75
2025-09-14T18:35:00-04:00,24120.5,24124,24118.75,24122.75,0,0,0,0,0,0,0,NaN,24124,24118.75,24122.75
2025-09-14T18:40:00-04:00,24123,24126.25,24121.75,24124,0,0,0,0,0,0,0,NaN,24126.25,24121.75,24124
2025-09-14T18:45:00-04:00,24124.75,24128.25,24124.5,24125.5,0,0,0,0,0,0,0,NaN,24128.25,24124.5,24125.5
2025-09-14T18:50:00-04:00,24125.25,24126.75,24120.75,24124,0,0,0,0,0,0,0,NaN,24126.75,24120.75,24124
2025-09-14T18:55:00-04:00,24124.5,24125.5,24122.5,24124.5,0,0,0,0,0,0,0,NaN,24125.5,24122.5,24124.5
2025-09-14T19:00:00-04:00,24124.5,24128.5,24123.25,24125.5,0,0,0,0,0,0,0,NaN,24128.5,24123.25,24125.5
2025-09-14T19:05:00-04:00,24125.25,24126,24119,24119,0,0,0,0,0,0,0,NaN,24126,24119,24119
2025-09-14T19:10:00-04:00,24119.5,24122.25,24117.5,24120.5,0,0,0,0,0,0,0,NaN,24122.25,24117.5,24120.5
2025-09-14T19:15:00-04:00,24120.25,24123,24119,24119.75,0,0,0,0,0,0,0,NaN,24123,24119,24119.75
2025-09-14T19:20:00-04:00,24119.5,24121,24116.75,24118.5,0,0,0,0,0,0,0,NaN,24121,24116.75,24118.5
2025-09-14T19:25:00-04:00,24118,24118,24111,24111.5,0,0,0,0,0,0,0,NaN,24118,24111,24111.5
2025-09-14T19:30:00-04:00,24111,24114.5,24102,24102.75,0,0,0,0,0,0,0,NaN,24114.5,24102,24102.75
2025-09-14T19:35:00-04:00,24103,24109,24100,24108.5,0,0,0,0,0,0,0,NaN,24109,24100,24108.5
2025-09-14T19:40:00-04:00,24108.25,24109.25,24100.5,24108.75,0,0,0,0,0,0,0,NaN,24109.25,24100.5,24108.75
2025-09-14T19:45:00-04:00,24109,24110,24101.5,24109.5,0,0,0,0,0,0,0,NaN,24110,24101.5,24109.5
2025-09-14T19:50:00-04:00,24108.25,24111.25,24106,24106,0,0,0,0,0,0,0,NaN,24111.25,24106,24106
2025-09-14T19:55:00-04:00,24106,24112.25,24102.75,24110.75,0,0,0,0,0,0,0,NaN,24112.25,24102.75,24110.75
2025-09-14T20:00:00-04:00,24111,24113.25,24104.75,24106.5,0,0,0,0,0,0,0,NaN,24113.25,24104.75,24106.5
2025-09-14T20:05:00-04:00,24105.5,24110,24100.25,24110,0,0,0,0,0,0,0,NaN,24110,24100.25,24110
2025-09-14T20:10:00-04:00,24110.25,24115,24107.5,24113.75,0,0,0,0,0,0,0,NaN,24115,24107.5,24113.75
2025-09-14T20:15:00-04:00,24112.75,24113.25,24095,24107.75,0,0,0,0,0,0,0,NaN,24113.25,24095,24107.75
2025-09-14T20:20:00-04:00,24108.5,24109,24101.5,24101.5,0,0,0,0,0,0,0,NaN,24109,24101.5,24101.5
2025-09-14T20:25:00-04:00,24101,24103.75,24092,24095.5,0,0,0,0,0,0,0,NaN,24103.75,24092,24095.5
2025-09-14T20:30:00-04:00,24096,24103.5,24095.25,24102.5,0,0,0,0,0,0,0,NaN,24103.5,24095.25,24102.5
2025-09-14T20:35:00-04:00,24101,24101.75,24095.25,24099.75,0,0,0,0,0,0,0,NaN,24101.75,24095.25,24099.75
2025-09-14T20:40:00-04:00,24098.75,24099.25,24095,24098.5,0,0,0,0,0,0,0,NaN,24099.25,24095,24098.5
2025-09-14T20:45:00-04:00,24099,24106,24097.75,24104.5,0,0,0,0,0,0,0,NaN,24106,24097.75,24104.5
2025-09-14T20:50:00-04:00,24104.5,24109.25,24100.75,24108,0,0,0,0,0,0,0,NaN,24109.25,24100.75,24108
2025-09-14T20:55:00-04:00,24108.25,24114.5,24106.75,24109,0,0,0,0,0,0,0,NaN,24114.5,24106.75,24109
2025-09-14T21:00:00-04:00,24109.5,24113.25,24106,24107.25,0,0,0,0,0,0,0,NaN,24113.25,24106,24107.25
2025-09-14T21:05:00-04:00,24107,24113,24107,24111,0,0,0,0,0,0,0,NaN,24113,24107,24111
2025-09-14T21:10:00-04:00,24110.5,24111.5,24105.75,24107.25,0,0,0,0,0,0,0,NaN,24111.5,24105.75,24107.25
2025-09-14T21:15:00-04:00,24107,24109.25,24106.25,24108,0,0,0,0,0,0,0,NaN,24109.25,24106.25,24108
2025-09-14T21:20:00-04:00,24108.25,24111.25,24105.25,24109.75,0,0,0,0,0,0,0,NaN,24111.25,24105.25,24109.75
2025-09-14T21:25:00-04:00,24110.25,24113,24108.25,24113,0,0,0,0,0,0,0,NaN,24113,24108.25,24113
2025-09-14T21:30:00-04:00,24113.5,24114.5,24108.5,24110.5,0,0,0,0,0,0,0,NaN,24114.5,24108.5,24110.5
2025-09-14T21:35:00-04:00,24111,24117.5,24111,24114.5,0,0,0,0,0,0,0,NaN,24117.5,24111,24114.5
2025-09-14T21:40:00-04:00,24114.25,24114.75,24109,24111.5,0,0,0,0,0,0,0,NaN,24114.75,24109,24111.5
2025-09-14T21:45:00-04:00,24111.5,24118.5,24111.5,24114.75,0,0,0,0,0,0,0,NaN,24118.5,24111.5,24114.75
2025-09-14T21:50:00-04:00,24115,24117.75,24114.5,24116,0,0,0,0,0,0,0,NaN,24117.75,24114.5,24116
2025-09-14T21:55:00-04:00,24116.5,24117.25,24114,24114,0,0,0,0,0,0,0,NaN,24117.25,24114,24114
2025-09-14T22:00:00-04:00,24114,24116.25,24108.25,24115.5,0,0,0,0,0,0,0,NaN,24116.25,24108.25,24115.5
2025-09-14T22:05:00-04:00,24115.25,24122,24114.75,24119.75,0,0,0,0,0,0,0,NaN,24122,24114.75,24119.75
2025-09-14T22:10:00-04:00,24119.75,24122.75,24119.5,24120,0,0,0,0,0,0,0,NaN,24122.75,24119.5,24120
2025-09-14T22:15:00-04:00,24119.25,24123.25,24117,24122.25,0,0,0,0,0,0,0,NaN,24123.25,24117,24122.25
2025-09-14T22:20:00-04:00,24121.5,24121.5,24114.5,24119.5,0,0,0,0,0,0,0,NaN,24121.5,24114.5,24119.5
2025-09-14T22:25:00-04:00,24119.75,24120.25,24116.25,24119.25,0,0,0,0,0,0,0,NaN,24120.25,24116.25,24119.25
2025-09-14T22:30:00-04:00,24118.75,24118.75,24115.5,24116,0,0,0,0,0,0,0,NaN,24118.75,24115.5,24116
2025-09-14T22:35:00-04:00,24116,24116.25,24112.25,24112.25,0,0,0,0,0,0,0,NaN,24116.25,24112.25,24112.25
2025-09-14T22:40:00-04:00,24112.25,24118,24112.25,24118,0,0,0,0,0,0,0,NaN,24118,24112.25,24118
2025-09-14T22:45:00-04:00,24118,24120,24116.25,24116.75,0,0,0,0,0,0,0,NaN,24120,24116.25,24116.75
2025-09-14T22:50:00-04:00,24116.75,24118.75,24116,24117.75,0,0,0,0,0,0,0,NaN,24118.75,24116,24117.75
2025-09-14T22:55:00-04:00,24118,24119,24114.75,24118.25,0,0,0,0,0,0,0,NaN,24119,24114.75,24118.25
2025-09-14T23:00:00-04:00,24117.75,24121,24116.5,24120.75,0,0,0,0,0,0,0,NaN,24121,24116.5,24120.75
2025-09-14T23:05:00-04:00,24120.75,24124,24120.25,24122.75,0,0,0,0,0,0,0,NaN,24124,24120.25,24122.75
2025-09-14T23:10:00-04:00,24122.75,24123.5,24120.25,24123,0,0,0,0,0,0,0,NaN,24123.5,24120.25,24123
2025-09-14T23:15:00-04:00,24123,24130.75,24121,24125.75,0,0,0,0,0,0,0,NaN,24130.75,24121,24125.75
2025-09-14T23:20:00-04:00,24126,24131,24125.25,24129,0,0,0,0,0,0,0,NaN,24131,24125.25,24129
2025-09-14T23:25:00-04:00,24128.75,24128.75,24120.5,24121.25,0,0,0,0,0,0,0,NaN,24128.75,24120.5,24121.25
2025-09-14T23:30:00-04:00,24121.25,24122.5,24118.5,24120.25,0,0,0,0,0,0,0,NaN,24122.5,24118.5,24120.25
2025-09-14T23:35:00-04:00,24119.5,24123.25,24119,24122,0,0,0,0,0,0,0,NaN,24123.25,24119,24122
2025-09-14T23:40:00-04:00,24122.25,24127.75,24122.25,24126.25,0,0,0,0,0,0,0,NaN,24127.75,24122.25,24126.25
2025-09-14T23:45:00-04:00,24126.25,24128.5,24124.5,24125.25,0,0,0,0,0,0,0,NaN,24128.5,24124.5,24125.25
2025-09-14T23:50:00-04:00,24125.5,24127.5,24125.25,24126.75,0,0,0,0,0,0,0,NaN,24127.5,24125.25,24126.75
2025-09-14T23:55:00-04:00,24126.75,24126.75,24121.5,24121.75,0,0,0,0,0,0,0,NaN,24126.75,24121.5,24121.75
2025-09-15T00:00:00-04:00,24121.25,24124,24120.75,24123.5,0,1,0,0,0,0,0,NaN,24124,24120.75,24123.5
2025-09-15T00:05:00-04:00,24123.5,24128.25,24122,24125.75,0,0,0,0,0,0,0,NaN,24128.25,24122,24125.75
2025-09-15T00:10:00-04:00,24124.75,24124.75,24120.25,24122.25,0,0,0,0,0,0,0,NaN,24124.75,24120.25,24122.25
2025-09-15T00:15:00-04:00,24122.5,24125,24120.75,24125,0,0,0,0,0,0,0,NaN,24125,24120.75,24125
2025-09-15T00:20:00-04:00,24125.75,24129.25,24125.5,24128,0,0,0,0,0,0,0,NaN,24129.25,24125.5,24128
2025-09-15T00:25:00-04:00,24127.25,24130,24125.5,24128.75,0,0,0,0,0,0,0,NaN,24130,24125.5,24128.75
2025-09-15T00:30:00-04:00,24128.75,24132.25,24128,24130,0,0,0,0,0,0,0,NaN,24132.25,24128,24130
2025-09-15T00:35:00-04:00,24129.25,24133,24129,24130.5,0,0,0,0,0,0,0,NaN,24133,24129,24130.5
2025-09-15T00:40:00-04:00,24130.5,24131.75,24128.25,24131.75,0,0,0,0,0,0,0,NaN,24131.75,24128.25,24131.75
2025-09-15T00:45:00-04:00,24131,24132,24129.75,24130.5,0,0,0,0,0,0,0,NaN,24132,24129.75,24130.5
2025-09-15T00:50:00-04:00,24130,24131.5,24127.5,24130.25,0,0,0,0,0,0,0,NaN,24131.5,24127.5,24130.25
2025-09-15T00:55:00-04:00,24129.25,24131,24129,24130.75,0,0,0,0,0,0,0,NaN,24131,24129,24130.75
2025-09-15T01:00:00-04:00,24131.5,24132.25,24128,24129,0,0,0,0,0,0,0,NaN,24132.25,24128,24129
2025-09-15T01:05:00-04:00,24129.5,24130.75,24129.25,24129.75,0,0,0,0,0,0,0,NaN,24130.75,24129.25,24129.75
2025-09-15T01:10:00-04:00,24130,24132,24128.25,24130,0,0,0,0,0,0,0,NaN,24132,24128.25,24130
2025-09-15T01:15:00-04:00,24130.25,24130.25,24123,24124.25,0,0,0,0,0,0,0,NaN,24130.25,24123,24124.25
2025-09-15T01:20:00-04:00,24124.75,24127,24123.75,24126.25,0,0,0,0,0,0,0,NaN,24127,24123.75,24126.25
2025-09-15T01:25:00-04:00,24126.75,24130.75,24126.75,24129.25,0,0,0,0,0,0,0,NaN,24130.75,24126.75,24129.25
2025-09-15T01:30:00-04:00,24128,24131,24126.5,24131,0,0,0,0,0,0,0,NaN,24131,24126.5,24131
2025-09-15T01:35:00-04:00,24131.25,24136.5,24130.5,24135.25,0,0,0,0,0,0,0,NaN,24136.5,24130.5,24135.25
2025-09-15T01:40:00-04:00,24135.5,24144,24134.5,24138.75,0,0,0,0,0,0,0,NaN,24144,24134.5,24138.75
2025-09-15T01:45:00-04:00,24139.25,24139.75,24135.75,24136.5,0,0,0,0,0,0,0,NaN,24139.75,24135.75,24136.5
2025-09-15T01:50:00-04:00,24135.75,24139.75,24134.75,24138.75,0,0,0,0,0,0,0,NaN,24139.75,24134.75,24138.75
2025-09-15T01:55:00-04:00,24139.25,24140.5,24137.75,24139.5,0,0,0,0,0,0,0,NaN,24140.5,24137.75,24139.5
2025-09-15T02:00:00-04:00,24140.25,24144.25,24137.25,24140.25,0,0,0,0,0,0,0,NaN,24144.25,24137.25,24140.25
2025-09-15T02:05:00-04:00,24141.5,24144.75,24136,24143.5,0,0,0,0,0,0,0,NaN,24144.75,24136,24143.5
2025-09-15T02:10:00-04:00,24143.25,24145.5,24138.75,24140.5,0,0,0,0,0,0,0,NaN,24145.5,24138.75,24140.5
2025-09-15T02:15:00-04:00,24141,24143,24139,24142.75,0,0,0,0,0,0,0,NaN,24143,24139,24142.75
2025-09-15T02:20:00-04:00,24141.75,24141.75,24135,24135.75,0,0,0,0,0,0,0,NaN,24141.75,24135,24135.75
2025-09-15T02:25:00-04:00,24135,24136.5,24132.25,24134.5,0,0,0,0,0,0,0,NaN,24136.5,24132.25,24134.5
2025-09-15T02:30:00-04:00,24134,24144.5,24132.25,24140.25,0,0,0,0,0,0,0,NaN,24144.5,24132.25,24140.25
2025-09-15T02:35:00-04:00,24139.25,24144,24138.25,24143.5,0,0,0,0,0,0,0,NaN,24144,24138.25,24143.5
2025-09-15T02:40:00-04:00,24143.5,24147.5,24143.25,24146.25,0,0,0,0,0,0,0,NaN,24147.5,24143.25,24146.25
2025-09-15T02:45:00-04:00,24146.25,24147,24142.25,24146,0,0,0,0,0,0,0,NaN,24147,24142.25,24146
2025-09-15T02:50:00-04:00,24145.25,24147.25,24142.75,24144,0,0,0,0,0,0,0,NaN,24147.25,24142.75,24144
2025-09-15T02:55:00-04:00,24143.5,24150,24143.5,24147,0,0,0,0,0,0,0,NaN,24150,24143.5,24147
2025-09-15T03:00:00-04:00,24146.25,24152.75,24143.75,24147,0,0,0,0,0,0,0,NaN,24152.75,24143.75,24147
2025-09-15T03:05:00-04:00,24146.75,24147.25,24143.75,24146.25,0,0,0,0,0,0,0,NaN,24147.25,24143.75,24146.25
2025-09-15T03:10:00-04:00,24146.75,24148.75,24144,24145.5,0,0,0,0,0,0,0,NaN,24148.75,24144,24145.5
2025-09-15T03:15:00-04:00,24145,24147.75,24138.75,24146.5,0,0,0,0,0,0,0,NaN,24147.75,24138.75,24146.5
2025-09-15T03:20:00-04:00,24146.75,24152.75,24146,24149.5,0,0,0,0,0,0,0,NaN,24152.75,24146,24149.5
2025-09-15T03:25:00-04:00,24150,24150.5,24143.5,24144,0,0,0,0,0,0,0,NaN,24150.5,24143.5,24144
2025-09-15T03:30:00-04:00,24143.75,24152.5,24140.5,24152.25,0,0,0,0,0,0,0,NaN,24152.5,24140.5,24152.25
2025-09-15T03:35:00-04:00,24153,24159.5,24148,24150.5,0,0,0,0,0,0,0,NaN,24159.5,24148,24150.5
2025-09-15T03:40:00-04:00,24151.25,24155,24143.75,24143.75,0,0,0,0,0,0,0,NaN,24155,24143.75,24143.75
2025-09-15T03:45:00-04:00,24145.25,24148.5,24144.25,24146.75,0,0,0,0,0,0,0,NaN,24148.5,24144.25,24146.75
2025-09-15T03:50:00-04:00,24145.5,24146.75,24139.75,24144.25,0,0,0,0,0,0,0,NaN,24146.75,24139.75,24144.25
2025-09-15T03:55:00-04:00,24145,24145.5,24138,24138.75,0,0,0,0,0,0,0,NaN,24145.5,24138,24138.75
2025-09-15T04:00:00-04:00,24140,24141.75,24076,24084,0,0,0,0,0,0,0,NaN,24141.75,24076,24084
2025-09-15T04:05:00-04:00,24084.25,24123.25,24082.25,24120.5,0,0,0,0,0,0,0,NaN,24123.25,24082.25,24120.5
2025-09-15T04:10:00-04:00,24120.25,24121.25,24104.5,24112.5,0,0,0,0,0,0,0,NaN,24121.25,24104.5,24112.5
2025-09-15T04:15:00-04:00,24112.25,24122.5,24097.25,24120,0,0,0,0,0,0,0,NaN,24122.5,24097.25,24120
2025-09-15T04:20:00-04:00,24118.75,24118.75,24101,24113.25,0,0,0,0,0,0,0,NaN,24118.75,24101,24113.25
2025-09-15T04:25:00-04:00,24112.5,24113.5,24095.25,24098.5,0,0,0,0,0,0,0,NaN,24113.5,24095.25,24098.5
2025-09-15T04:30:00-04:00,24098.5,24104.25,24080,24080.5,0,0,0,0,0,0,0,NaN,24104.25,24080,24080.5
2025-09-15T04:35:00-04:00,24080.75,24096,24080,24095.25,0,0,0,0,0,0,0,NaN,24096,24080,24095.25
2025-09-15T04:40:00-04:00,24095.25,24101,24090,24101,0,0,0,0,0,0,0,NaN,24101,24090,24101
2025-09-15T04:45:00-04:00,24100.25,24119.5,24100.25,24116,0,0,0,0,0,0,0,NaN,24119.5,24100.25,24116
2025-09-15T04:50:00-04:00,24116,24116.75,24100.5,24102.25,0,0,0,0,0,0,0,NaN,24116.75,24100.5,24102.25
2025-09-15T04:55:00-04:00,24101.25,24101.5,24091,24095.75,0,0,0,0,0,0,0,NaN,24101.5,24091,24095.75
2025-09-15T05:00:00-04:00,24095,24096.75,24086.5,24089.75,0,0,0,0,0,0,0,NaN,24096.75,24086.5,24089.75
2025-09-15T05:05:00-04:00,24089.75,24095.5,24087,24092.25,0,0,0,0,0,0,0,NaN,24095.5,24087,24092.25
2025-09-15T05:10:00-04:00,24091,24094.25,24088,24090.75,0,0,0,0,0,0,0,NaN,24094.25,24088,24090.75
2025-09-15T05:15:00-04:00,24090.5,24093,24083.75,24087,0,0,0,0,0,0,0,NaN,24093,24083.75,24087
2025-09-15T05:20:00-04:00,24086.75,24091,24080.25,24090.5,0,0,0,0,0,0,0,NaN,24091,24080.25,24090.5
2025-09-15T05:25:00-04:00,24090.5,24094.25,24088,24093,0,0,0,0,0,0,0,NaN,24094.25,24088,24093
2025-09-15T05:30:00-04:00,24093,24100,24091,24093.25,0,0,0,0,0,0,0,NaN,24100,24091,24093.25
2025-09-15T05:35:00-04:00,24093.75,24100,24089.75,24098.5,0,0,0,0,0,0,0,NaN,24100,24089.75,24098.5
2025-09-15T05:40:00-04:00,24098.75,24098.75,24089.75,24093.75,0,0,0,0,0,0,0,NaN,24098.75,24089.75,24093.75
2025-09-15T05:45:00-04:00,24095.5,24099,24093,24096.25,0,0,0,0,0,0,0,NaN,24099,24093,24096.25
2025-09-15T05:50:00-04:00,24094.25,24098.5,24094,24097.5,0,0,0,0,0,0,0,NaN,24098.5,24094,24097.5
2025-09-15T05:55:00-04:00,24097.5,24099.75,24095,24097,0,0,0,0,0,0,0,NaN,24099.75,24095,24097
2025-09-15T06:00:00-04:00,24095.5,24097.75,24092.25,24095.5,0,0,0,0,0,0,0,NaN,24097.75,24092.25,24095.5
2025-09-15T06:05:00-04:00,24096.25,24103,24095.75,24102,0,0,0,0,0,0,0,NaN,24103,24095.75,24102
2025-09-15T06:10:00-04:00,24101.5,24102.5,24096.25,24102.5,0,0,0,0,0,0,0,NaN,24102.5,24096.25,24102.5
2025-09-15T06:15:00-04:00,24101.5,24109,24101.25,24108.5,0,0,0,0,0,0,0,NaN,24109,24101.25,24108.5
2025-09-15T06:20:00-04:00,24107.25,24114.5,24106.5,24109,0,0,0,0,0,0,0,NaN,24114.5,24106.5,24109
2025-09-15T06:25:00-04:00,24110.5,24122.75,24109.25,24122.75,0,0,0,0,0,0,0,NaN,24122.75,24109.25,24122.75
2025-09-15T06:30:00-04:00,24123,24133.25,24122.25,24123.5,0,0,0,0,0,0,0,NaN,24133.25,24122.25,24123.5
2025-09-15T06:35:00-04:00,24125.25,24130.75,24118.5,24120,0,0,0,0,0,0,0,NaN,24130.75,24118.5,24120
2025-09-15T06:40:00-04:00,24120,24121.5,24115.5,24118.75,0,0,0,0,0,0,0,NaN,24121.5,24115.5,24118.75
2025-09-15T06:45:00-04:00,24117.75,24124.75,24116.75,24122.75,0,0,0,0,0,0,0,NaN,24124.75,24116.75,24122.75
2025-09-15T06:50:00-04:00,24123.25,24129.25,24120,24127.25,0,0,0,0,0,0,0,NaN,24129.25,24120,24127.25
2025-09-15T06:55:00-04:00,24126.5,24128.25,24124,24127,0,0,0,0,0,0,0,NaN,24128.25,24124,24127
2025-09-15T07:00:00-04:00,24128.5,24135.75,24125.75,24134.5,0,0,0,0,0,0,0,NaN,24135.75,24125.75,24134.5
2025-09-15T07:05:00-04:00,24135,24145,24130.25,24142.25,0,0,0,0,0,0,0,NaN,24145,24130.25,24142.25
2025-09-15T07:10:00-04:00,24143,24144.5,24137.75,24137.75,0,0,0,0,0,0,0,NaN,24144.5,24137.75,24137.75
2025-09-15T07:15:00-04:00,24139.75,24140.75,24133,24134.75,0,0,0,0,0,0,0,NaN,24140.75,24133,24134.75
2025-09-15T07:20:00-04:00,24136.75,24140.75,24136.5,24136.75,0,0,0,0,0,0,0,NaN,24140.75,24136.5,24136.75
2025-09-15T07:25:00-04:00,24136,24139,24131.75,24134.5,0,0,0,0,0,0,0,NaN,24139,24131.75,24134.5
2025-09-15T07:30:00-04:00,24134.75,24138,24129.75,24135.75,0,0,0,0,0,0,0,NaN,24138,24129.75,24135.75
2025-09-15T07:35:00-04:00,24134.75,24147.75,24134.5,24143,0,0,0,0,0,0,0,NaN,24147.75,24134.5,24143
2025-09-15T07:40:00-04:00,24143,24146.25,24136.25,24141.5,0,0,0,0,0,0,0,NaN,24146.25,24136.25,24141.5
2025-09-15T07:45:00-04:00,24141.75,24146.75,24141.5,24143.5,0,0,0,0,0,0,0,NaN,24146.75,24141.5,24143.5
2025-09-15T07:50:00-04:00,24142.5,24144.75,24139.25,24140.5,0,0,0,0,0,0,0,NaN,24144.75,24139.25,24140.5
2025-09-15T07:55:00-04:00,24139.25,24145.5,24135.25,24144.5,0,0,0,0,0,0,0,NaN,24145.5,24135.25,24144.5
2025-09-15T08:00:00-04:00,24143.25,24152.75,24142.25,24151,0,0,0,0,0,0,0,NaN,24152.75,24142.25,24151
2025-09-15T08:05:00-04:00,24152.25,24153,24143.75,24149,0,0,0,0,0,0,0,NaN,24153,24143.75,24149
2025-09-15T08:10:00-04:00,24149.25,24151,24145.75,24148,0,0,0,0,0,0,0,NaN,24151,24145.75,24148
2025-09-15T08:15:00-04:00,24148.75,24162.5,24143.5,24152,0,0,0,0,0,0,0,NaN,24162.5,24143.5,24152
2025-09-15T08:20:00-04:00,24152,24173.75,24148,24170.25,0,0,0,0,0,0,0,NaN,24173.75,24148,24170.25
2025-09-15T08:25:00-04:00,24170.75,24174.25,24155.5,24157.25,0,0,0,0,0,0,0,NaN,24174.25,24155.5,24157.25
2025-09-15T08:30:00-04:00,24157.75,24157.75,24145.5,24152.5,0,0,0,0,0,0,0,NaN,24157.75,24145.5,24152.5
2025-09-15T08:35:00-04:00,24152.5,24152.5,24141.5,24144.25,0,0,0,0,0,0,0,NaN,24152.5,24141.5,24144.25
2025-09-15T08:40:00-04:00,24144.5,24156,24139.5,24155.25,0,0,0,0,0,0,0,NaN,24156,24139.5,24155.25
2025-09-15T08:45:00-04:00,24154.75,24156.25,24148.25,24155.75,0,0,0,0,0,0,0,NaN,24156.25,24148.25,24155.75
2025-09-15T08:50:00-04:00,24155.5,24168.25,24154,24168,0,0,0,0,0,0,0,NaN,24168.25,24154,24168
2025-09-15T08:55:00-04:00,24167.5,24173,24160.5,24173,0,0,0,0,0,0,0,NaN,24173,24160.5,24173
2025-09-15T09:00:00-04:00,24172.75,24179.75,24169.25,24171,0,0,0,0,0,0,0,NaN,24179.75,24169.25,24171
2025-09-15T09:05:00-04:00,24171.25,24177.5,24170,24171.75,0,0,0,0,0,0,0,NaN,24177.5,24170,24171.75
2025-09-15T09:10:00-04:00,24172,24176.25,24170,24172,0,0,0,0,0,0,0,NaN,24176.25,24170,24172
2025-09-15T09:15:00-04:00,24172.75,24173.5,24162.25,24169.5,0,0,0,0,0,0,0,NaN,24173.5,24162.25,24169.5
2025-09-15T09:20:00-04:00,24169.75,24177.5,24169,24172.75,0,0,0,0,0,0,0,NaN,24177.5,24169,24172.75
2025-09-15T09:25:00-04:00,24173.5,24183,24167.25,24178,0,0,0,0,0,0,0,NaN,24183,24167.25,24178
2025-09-15T09:30:00-04:00,24177.75,24212,24172.75,24201.5,0,0,0,0,0,0,0,NaN,24212,24172.75,24201.5
2025-09-15T09:35:00-04:00,24201.5,24224.75,24196,24213.5,0,0,0,0,0,0,0,NaN,24224.75,24196,24213.5
2025-09-15T09:40:00-04:00,24213.5,24226.5,24197.25,24203.5,0,0,0,0,0,0,0,NaN,24226.5,24197.25,24203.5
2025-09-15T09:45:00-04:00,24203.5,24231.5,24203.5,24228.5,0,0,0,0,0,0,0,NaN,24231.5,24203.5,24228.5
2025-09-15T09:50:00-04:00,24228.75,24251,24226,24246.5,0,0,0,0,0,0,0,NaN,24251,24226,24246.5
2025-09-15T09:55:00-04:00,24246.5,24262.25,24239,24260.5,0,0,0,0,0,0,0,NaN,24262.25,24239,24260.5
2025-09-15T10:00:00-04:00,24260.5,24265.25,24248.75,24253.5,0,0,0,0,0,0,0,NaN,24265.25,24248.75,24253.5
2025-09-15T10:05:00-04:00,24253.25,24262,24245.75,24249.75,0,0,0,0,0,0,0,NaN,24262,24245.75,24249.75
2025-09-15T10:10:00-04:00,24249.75,24254.5,24238,24247.5,0,0,0,0,0,0,0,NaN,24254.5,24238,24247.5
2025-09-15T10:15:00-04:00,24247.75,24249.75,24238.75,24241.25,0,0,0,0,0,0,0,NaN,24249.75,24238.75,24241.25
2025-09-15T10:20:00-04:00,24242,24242.75,24227.75,24235,0,0,0,0,0,0,0,NaN,24242.75,24227.75,24235
2025-09-15T10:25:00-04:00,24234.25,24257.5,24230.5,24254.75,0,0,0,0,0,0,0,NaN,24257.5,24230.5,24254.75
2025-09-15T10:30:00-04:00,24254.25,24259.5,24236.75,24241.25,0,0,0,0,0,0,0,NaN,24259.5,24236.75,24241.25
2025-09-15T10:35:00-04:00,24241.5,24253.25,24237.5,24248.25,0,0,0,0,0,0,0,NaN,24253.25,24237.5,24248.25
2025-09-15T10:40:00-04:00,24248,24258.5,24245.75,24255,0,0,0,0,0,0,0,NaN,24258.5,24245.75,24255
2025-09-15T10:45:00-04:00,24255.25,24262.25,24240,24244.25,0,0,0,0,0,0,0,NaN,24262.25,24240,24244.25
2025-09-15T10:50:00-04:00,24244,24256.25,24240.5,24251.5,0,0,0,0,0,0,0,NaN,24256.25,24240.5,24251.5
2025-09-15T10:55:00-04:00,24251.5,24262,24250.75,24262,0,0,0,0,0,0,0,NaN,24262,24250.75,24262
2025-09-15T11:00:00-04:00,24262,24270,24257.25,24265.5,0,0,0,0,0,0,0,NaN,24270,24257.25,24265.5
2025-09-15T11:05:00-04:00,24266.25,24267.5,24249.5,24249.5,0,0,0,0,0,0,0,NaN,24267.5,24249.5,24249.5
2025-09-15T11:10:00-04:00,24250,24265,24246.25,24256,0,0,0,0,0,0,0,NaN,24265,24246.25,24256
2025-09-15T11:15:00-04:00,24255.75,24262,24248,24249.75,0,0,0,0,0,0,0,NaN,24262,24248,24249.75
2025-09-15T11:20:00-04:00,24250,24251,24240.25,24247.25,0,0,0,0,0,0,0,NaN,24251,24240.25,24247.25
2025-09-15T11:25:00-04:00,24247.25,24264,24247.25,24254,0,0,0,0,0,0,0,NaN,24264,24247.25,24254
2025-09-15T11:30:00-04:00,24253.25,24257.25,24250,24250.75,0,0,0,0,0,0,0,NaN,24257.25,24250,24250.75
2025-09-15T11:35:00-04:00,24251,24267,24250.5,24265,0,0,0,0,0,0,0,NaN,24267,24250.5,24265
2025-09-15T11:40:00-04:00,24265.25,24278.25,24260.25,24260.75,0,0,0,0,0,0,0,NaN,24278.25,24260.25,24260.75
2025-09-15T11:45:00-04:00,24261,24279,24259.5,24277.75,0,0,0,0,0,0,0,NaN,24279,24259.5,24277.75
2025-09-15T11:50:00-04:00,24277.25,24282.75,24273.25,24281.25,0,0,0,0,0,0,0,NaN,24282.75,24273.25,24281.25
2025-09-15T11:55:00-04:00,24281,24289.75,24275,24279.75,0,0,0,0,0,0,0,NaN,24289.75,24275,24279.75
2025-09-15T12:00:00-04:00,24280,24281.25,24265.75,24270,0,0,0,0,0,0,0,NaN,24281.25,24265.75,24270
2025-09-15T12:05:00-04:00,24270,24283.5,24269,24283.25,0,0,0,0,0,0,0,NaN,24283.5,24269,24283.25
2025-09-15T12:10:00-04:00,24283,24295,24276.5,24286,0,0,0,0,0,0,0,NaN,24295,24276.5,24286
2025-09-15T12:15:00-04:00,24286.25,24291.25,24280.75,24281.75,0,0,0,0,0,0,0,NaN,24291.25,24280.75,24281.75
2025-09-15T12:20:00-04:00,24282.25,24288.25,24276.75,24279.25,0,0,0,0,0,0,0,NaN,24288.25,24276.75,24279.25
2025-09-15T12:25:00-04:00,24279.5,24280.25,24267.5,24269.75,0,0,0,0,0,0,0,NaN,24280.25,24267.5,24269.75
2025-09-15T12:30:00-04:00,24269.75,24287.25,24268.75,24284.75,0,0,0,0,0,0,0,NaN,24287.25,24268.75,24284.75
2025-09-15T12:35:00-04:00,24285,24286.5,24277.25,24284.75,0,0,0,0,0,0,0,NaN,24286.5,24277.25,24284.75
2025-09-15T12:40:00-04:00,24284.5,24286.75,24275.75,24284,0,0,0,0,0,0,0,NaN,24286.75,24275.75,24284
2025-09-15T12:45:00-04:00,24283.75,24283.75,24272,24276.25,0,0,0,0,0,0,0,NaN,24283.75,24272,24276.25
2025-09-15T12:50:00-04:00,24276.25,24281,24268,24273.75,0,0,0,0,0,0,0,NaN,24281,24268,24273.75
2025-09-15T12:55:00-04:00,24273.5,24276,24261,24266,0,0,0,0,0,0,0,NaN,24276,24261,24266
2025-09-15T13:00:00-04:00,24266,24270.75,24263,24264.75,0,0,0,0,0,0,0,NaN,24270.75,24263,24264.75
2025-09-15T13:05:00-04:00,24265,24280.25,24264.5,24273,0,0,0,0,0,0,0,NaN,24280.25,24264.5,24273
2025-09-15T13:10:00-04:00,24273,24274.5,24262.75,24266,0,0,0,0,0,0,0,NaN,24274.5,24262.75,24266
2025-09-15T13:15:00-04:00,24265.25,24268,24256.5,24260,0,0,0,0,0,0,0,NaN,24268,24256.5,24260
2025-09-15T13:20:00-04:00,24259.75,24265.5,24253,24261,0,0,0,0,0,0,0,NaN,24265.5,24253,24261
2025-09-15T13:25:00-04:00,24261.25,24262,24253.5,24254.25,0,0,0,0,0,0,0,NaN,24262,24253.5,24254.25
2025-09-15T13:30:00-04:00,24253.75,24261.25,24248.75,24258.75,0,0,0,0,0,0,0,NaN,24261.25,24248.75,24258.75
2025-09-15T13:35:00-04:00,24258,24265.75,24251.75,24263.25,0,0,0,0,0,0,0,NaN,24265.75,24251.75,24263.25
2025-09-15T13:40:00-04:00,24263.25,24273,24263.25,24268.25,0,0,0,0,0,0,0,NaN,24273,24263.25,24268.25
2025-09-15T13:45:00-04:00,24268.25,24277.75,24263,24275.5,0,0,0,0,0,0,0,NaN,24277.75,24263,24275.5
2025-09-15T13:50:00-04:00,24275.75,24279.25,24274,24276.25,0,0,0,0,0,0,0,NaN,24279.25,24274,24276.25
2025-09-15T13:55:00-04:00,24276.75,24288.5,24275.25,24286.75,0,0,0,0,0,0,0,NaN,24288.5,24275.25,24286.75
2025-09-15T14:00:00-04:00,24286.5,24287.75,24277.5,24287.5,0,0,0,0,0,0,0,NaN,24287.75,24277.5,24287.5
2025-09-15T14:05:00-04:00,24287,24290.5,24280.25,24282.25,0,0,0,0,0,0,0,NaN,24290.5,24280.25,24282.25
2025-09-15T14:10:00-04:00,24282.5,24286,24273.25,24281.75,0,0,0,0,0,0,0,NaN,24286,24273.25,24281.75
2025-09-15T14:15:00-04:00,24281.75,24284.75,24270.75,24275.25,0,0,0,0,0,0,0,NaN,24284.75,24270.75,24275.25
2025-09-15T14:20:00-04:00,24275,24276.75,24270.25,24272.25,0,0,0,0,0,0,0,NaN,24276.75,24270.25,24272.25
2025-09-15T14:25:00-04:00,24272,24276,24264,24264.25,0,0,0,0,0,0,0,NaN,24276,24264,24264.25
2025-09-15T14:30:00-04:00,24264.5,24280,24263.5,24276.25,0,0,0,0,0,0,0,NaN,24280,24263.5,24276.25
2025-09-15T14:35:00-04:00,24276,24278.75,24265.25,24267.25,0,0,0,0,0,0,0,NaN,24278.75,24265.25,24267.25
2025-09-15T14:40:00-04:00,24266.75,24266.75,24245,24251.75,0,0,0,0,0,0,0,NaN,24266.75,24245,24251.75
2025-09-15T14:45:00-04:00,24251.5,24262.25,24251.5,24261.75,0,0,0,0,0,0,0,NaN,24262.25,24251.5,24261.75
2025-09-15T14:50:00-04:00,24261.25,24273.25,24258.5,24272,0,0,0,0,0,0,0,NaN,24273.25,24258.5,24272
2025-09-15T14:55:00-04:00,24272.25,24273.5,24266,24270.75,0,0,0,0,0,0,0,NaN,24273.5,24266,24270.75
2025-09-15T15:00:00-04:00,24271.25,24281,24266.5,24267,0,0,0,0,0,0,0,NaN,24281,24266.5,24267
2025-09-15T15:05:00-04:00,24267.5,24275.75,24262.5,24274,0,0,0,0,0,0,0,NaN,24275.75,24262.5,24274
2025-09-15T15:10:00-04:00,24273.25,24278,24269.75,24270.75,0,0,0,0,0,0,0,NaN,24278,24269.75,24270.75
2025-09-15T15:15:00-04:00,24270.75,24274,24261.75,24273.5,0,0,0,0,0,0,0,NaN,24274,24261.75,24273.5
2025-09-15T15:20:00-04:00,24273.75,24277.5,24268.25,24273.25,0,0,0,0,0,0,0,NaN,24277.5,24268.25,24273.25
2025-09-15T15:25:00-04:00,24273,24277.25,24269.5,24274.25,0,0,0,0,0,0,0,NaN,24277.25,24269.5,24274.25
2025-09-15T15:30:00-04:00,24273.25,24277.75,24268.75,24277.25,0,0,0,0,0,0,0,NaN,24277.75,24268.75,24277.25
2025-09-15T15:35:00-04:00,24277.75,24282.75,24274,24279.5,0,0,0,0,0,0,0,NaN,24282.75,24274,24279.5
2025-09-15T15:40:00-04:00,24279.5,24287,24275.25,24277.75,0,0,0,0,0,0,0,NaN,24287,24275.25,24277.75
2025-09-15T15:45:00-04:00,24277.5,24292.75,24276,24290.75,0,0,0,0,0,0,0,NaN,24292.75,24276,24290.75
2025-09-15T15:50:00-04:00,24290,24294,24265.5,24287.75,0,0,0,0,0,0,0,NaN,24294,24265.5,24287.75
2025-09-15T15:55:00-04:00,24287,24315.5,24276.5,24311.75,0,0,0,0,0,0,0,NaN,24315.5,24276.5,24311.75
2025-09-15T16:00:00-04:00,24311.75,24314.5,24292.25,24293.75,0,0,0,0,0,0,0,NaN,24314.5,24292.25,24293.75
2025-09-15T16:05:00-04:00,24294.25,24298.75,24290.25,24296.25,0,0,0,0,0,0,0,NaN,24298.75,24290.25,24296.25
2025-09-15T16:10:00-04:00,24296.5,24296.5,24286,24288,0,0,0,0,0,0,0,NaN,24296.5,24286,24288
2025-09-15T16:15:00-04:00,24287.5,24297,24286.5,24295,0,0,0,0,0,0,0,NaN,24297,24286.5,24295
2025-09-15T16:20:00-04:00,24295,24297.25,24294.5,24295.5,0,0,0,0,0,0,0,NaN,24297.25,24294.5,24295.5
2025-09-15T16:25:00-04:00,24295.75,24296,24289.75,24290,0,0,0,0,0,0,0,NaN,24296,24289.75,24290
2025-09-15T16:30:00-04:00,24290.25,24293.75,24289,24292.75,0,0,0,0,0,0,0,NaN,24293.75,24289,24292.75
2025-09-15T16:35:00-04:00,24292.5,24298.5,24292,24298.5,0,0,0,0,0,0,0,NaN,24298.5,24292,24298.5
2025-09-15T16:40:00-04:00,24297.75,24302.25,24296.75,24301.75,0,0,0,0,0,0,0,NaN,24302.25,24296.75,24301.75
2025-09-15T16:45:00-04:00,24301.25,24304.5,24298.25,24298.75,0,0,0,0,0,0,0,NaN,24304.5,24298.25,24298.75
2025-09-15T16:50:00-04:00,24298.5,24302.75,24298,24298.5,0,0,0,0,0,0,0,NaN,24302.75,24298,24298.5
2025-09-15T16:55:00-04:00,24298.75,24301.5,24296,24296.5,0,0,0,0,0,0,0,NaN,24301.5,24296,24296.5
2025-09-15T18:00:00-04:00,24533.75,24537,24526.25,24531,0,0,0,0,0,0,0,NaN,24537,24526.25,24531
2025-09-15T18:05:00-04:00,24531.5,24536.25,24528.75,24532.25,0,0,0,0,0,0,0,NaN,24536.25,24528.75,24532.25
2025-09-15T18:10:00-04:00,24533,24535,24529.5,24531.75,0,0,0,0,0,0,0,NaN,24535,24529.5,24531.75
2025-09-15T18:15:00-04:00,24532.5,24532.75,24529.75,24530.25,0,0,0,0,0,0,0,NaN,24532.75,24529.75,24530.25
2025-09-15T18:20:00-04:00,24530.75,24537.5,24528,24532.75,0,0,0,0,0,0,0,NaN,24537.5,24528,24532.75
2025-09-15T18:25:00-04:00,24532,24532.5,24527.25,24529.75,0,0,0,0,0,0,0,NaN,24532.5,24527.25,24529.75
2025-09-15T18:30:00-04:00,24530.25,24530.5,24524,24527.25,0,0,0,0,0,0,0,NaN,24530.5,24524,24527.25
2025-09-15T18:35:00-04:00,24527.25,24531,24526.5,24529.75,0,0,0,0,0,0,0,NaN,24531,24526.5,24529.75
2025-09-15T18:40:00-04:00,24530,24533.5,24529.5,24532.75,0,0,0,0,0,0,0,NaN,24533.5,24529.5,24532.75
2025-09-15T18:45:00-04:00,24532,24533.5,24530.5,24532,0,0,0,0,0,0,0,NaN,24533.5,24530.5,24532
2025-09-15T18:50:00-04:00,24532,24533.75,24530,24530.5,0,0,0,0,0,0,0,NaN,24533.75,24530,24530.5
2025-09-15T18:55:00-04:00,24530,24532.25,24525.75,24530.25,0,0,0,0,0,0,0,NaN,24532.25,24525.75,24530.25
2025-09-15T19:00:00-04:00,24531.5,24533.5,24528,24531,0,0,0,0,0,0,0,NaN,24533.5,24528,24531
2025-09-15T19:05:00-04:00,24531.75,24534,24529.5,24529.5,0,0,0,0,0,0,0,NaN,24534,24529.5,24529.5
2025-09-15T19:10:00-04:00,24529.5,24533.5,24529.5,24531.25,0,0,0,0,0,0,0,NaN,24533.5,24529.5,24531.25
2025-09-15T19:15:00-04:00,24532,24540.75,24531.25,24540,0,0,0,0,0,0,0,NaN,24540.75,24531.25,24540
2025-09-15T19:20:00-04:00,24540,24546.5,24538.5,24546,0,0,0,0,0,0,0,NaN,24546.5,24538.5,24546
2025-09-15T19:25:00-04:00,24546,24549.25,24544.5,24547,0,0,0,0,0,0,0,NaN,24549.25,24544.5,24547
2025-09-15T19:30:00-04:00,24545.25,24546,24540.5,24543.75,0,0,0,0,0,0,0,NaN,24546,24540.5,24543.75
2025-09-15T19:35:00-04:00,24544,24544,24540.75,24543,0,0,0,0,0,0,0,NaN,24544,24540.75,24543
2025-09-15T19:40:00-04:00,24542.5,24546.5,24540,24542.25,0,0,0,0,0,0,0,NaN,24546.5,24540,24542.25
2025-09-15T19:45:00-04:00,24541.75,24543.5,24537,24541.75,0,0,0,0,0,0,0,NaN,24543.5,24537,24541.75
2025-09-15T19:50:00-04:00,24541.5,24545.5,24541,24544.75,0,0,0,0,0,0,0,NaN,24545.5,24541,24544.75
2025-09-15T19:55:00-04:00,24545,24547.25,24544.25,24546.25,0,0,0,0,0,0,0,NaN,24547.25,24544.25,24546.25
2025-09-15T20:00:00-04:00,24546.75,24547.25,24538.25,24544.5,0,0,0,0,0,0,0,NaN,24547.25,24538.25,24544.5
2025-09-15T20:05:00-04:00,24544,24544.5,24540.5,24542.75,0,0,0,0,0,0,0,NaN,24544.5,24540.5,24542.75
2025-09-15T20:10:00-04:00,24542.5,24543.5,24538.75,24540,0,0,0,0,0,0,0,NaN,24543.5,24538.75,24540
2025-09-15T20:15:00-04:00,24538.75,24542.25,24536,24541.25,0,0,0,0,0,0,0,NaN,24542.25,24536,24541.25
2025-09-15T20:20:00-04:00,24541.25,24542.5,24538.75,24539.25,0,0,0,0,0,0,0,NaN,24542.5,24538.75,24539.25
2025-09-15T20:25:00-04:00,24538.75,24539,24534,24536,0,0,0,0,0,0,0,NaN,24539,24534,24536
2025-09-15T20:30:00-04:00,24536.25,24536.75,24526.75,24534.75,0,0,0,0,0,0,0,NaN,24536.75,24526.75,24534.75
2025-09-15T20:35:00-04:00,24534.5,24537,24532.25,24537,0,0,0,0,0,0,0,NaN,24537,24532.25,24537
2025-09-15T20:40:00-04:00,24537.25,24541.75,24535.25,24540.75,0,0,0,0,0,0,0,NaN,24541.75,24535.25,24540.75
2025-09-15T20:45:00-04:00,24541.25,24546,24537.5,24544.5,0,0,0,0,0,0,0,NaN,24546,24537.5,24544.5
2025-09-15T20:50:00-04:00,24544,24546.25,24542,24544,0,0,0,0,0,0,0,NaN,24546.25,24542,24544
2025-09-15T20:55:00-04:00,24544.75,24545,24542,24544.5,0,0,0,0,0,0,0,NaN,24545,24542,24544.5
2025-09-15T21:00:00-04:00,24545.25,24546,24541.5,24544.5,0,0,0,0,0,0,0,NaN,24546,24541.5,24544.5
2025-09-15T21:05:00-04:00,24545.5,24551.5,24545.5,24550,0,0,0,0,0,0,0,NaN,24551.5,24545.5,24550
2025-09-15T21:10:00-04:00,24550,24556.25,24550,24551.5,0,0,0,0,0,0,0,NaN,24556.25,24550,24551.5
2025-09-15T21:15:00-04:00,24552,24553.75,24549.75,24551,0,0,0,0,0,0,0,NaN,24553.75,24549.75,24551
2025-09-15T21:20:00-04:00,24550.25,24551.5,24548.75,24550.5,0,0,0,0,0,0,0,NaN,24551.5,24548.75,24550.5
2025-09-15T21:25:00-04:00,24551,24553,24548.5,24548.5,0,0,0,0,0,0,0,NaN,24553,24548.5,24548.5
2025-09-15T21:30:00-04:00,24549.25,24553.25,24548.75,24552.25,0,0,0,0,0,0,0,NaN,24553.25,24548.75,24552.25
2025-09-15T21:35:00-04:00,24552.75,24556.25,24552,24555,0,0,0,0,0,0,0,NaN,24556.25,24552,24555
2025-09-15T21:40:00-04:00,24555.5,24561.25,24551.5,24560.5,0,0,0,0,0,0,0,NaN,24561.25,24551.5,24560.5
2025-09-15T21:45:00-04:00,24560.75,24562.5,24558,24559,0,0,0,0,0,0,0,NaN,24562.5,24558,24559
2025-09-15T21:50:00-04:00,24559.25,24560,24553.25,24555.5,0,0,0,0,0,0,0,NaN,24560,24553.25,24555.5
2025-09-15T21:55:00-04:00,24555.25,24558.25,24554.25,24555.75,0,0,0,0,0,0,0,NaN,24558.25,24554.25,24555.75
2025-09-15T22:00:00-04:00,24556.5,24558,24554,24557,0,0,0,0,0,0,0,NaN,24558,24554,24557
2025-09-15T22:05:00-04:00,24557.5,24559.75,24556,24558.25,0,0,0,0,0,0,0,NaN,24559.75,24556,24558.25
2025-09-15T22:10:00-04:00,24558,24561.5,24558,24560.25,0,0,0,0,0,0,0,NaN,24561.5,24558,24560.25
2025-09-15T22:15:00-04:00,24560.25,24564.75,24560,24563,0,0,0,0,0,0,0,NaN,24564.75,24560,24563
2025-09-15T22:20:00-04:00,24562.5,24564,24561.25,24562.75,0,0,0,0,0,0,0,NaN,24564,24561.25,24562.75
2025-09-15T22:25:00-04:00,24563,24568,24561.5,24565.75,0,0,0,0,0,0,0,NaN,24568,24561.5,24565.75
2025-09-15T22:30:00-04:00,24565.5,24585.75,24565.25,24579.75,0,0,0,0,0,0,0,NaN,24585.75,24565.25,24579.75
2025-09-15T22:35:00-04:00,24579,24579.5,24573,24574.75,0,0,0,0,0,0,0,NaN,24579.5,24573,24574.75
2025-09-15T22:40:00-04:00,24574.75,24574.75,24569.25,24573,0,0,0,0,0,0,0,NaN,24574.75,24569.25,24573
2025-09-15T22:45:00-04:00,24572.75,24573,24569,24571.25,0,0,0,0,0,0,0,NaN,24573,24569,24571.25
2025-09-15T22:50:00-04:00,24572,24574.25,24571.5,24571.75,0,0,0,0,0,0,0,NaN,24574.25,24571.5,24571.75
2025-09-15T22:55:00-04:00,24572,24572,24568,24571,0,0,0,0,0,0,0,NaN,24572,24568,24571
2025-09-15T23:00:00-04:00,24571.5,24573.75,24569.75,24573.75,0,0,0,0,0,0,0,NaN,24573.75,24569.75,24573.75
2025-09-15T23:05:00-04:00,24573.75,24578,24573.25,24576.75,0,0,0,0,0,0,0,NaN,24578,24573.25,24576.75
2025-09-15T23:10:00-04:00,24577.25,24579.25,24575.5,24577.25,0,0,0,0,0,0,0,NaN,24579.25,24575.5,24577.25
2025-09-15T23:15:00-04:00,24577,24578.25,24574.5,24576,0,0,0,0,0,0,0,NaN,24578.25,24574.5,24576
2025-09-15T23:20:00-04:00,24575.5,24577.25,24573.75,24576.25,0,0,0,0,0,0,0,NaN,24577.25,24573.75,24576.25
2025-09-15T23:25:00-04:00,24575.75,24582,24575.75,24579.25,0,0,0,0,0,0,0,NaN,24582,24575.75,24579.25
2025-09-15T23:30:00-04:00,24579.75,24589.5,24578,24584.25,0,0,0,0,0,0,0,NaN,24589.5,24578,24584.25
2025-09-15T23:35:00-04:00,24583.75,24584,24579,24581.75,0,0,0,0,0,0,0,NaN,24584,24579,24581.75
2025-09-15T23:40:00-04:00,24582.5,24584.75,24581.5,24582.25,0,0,0,0,0,0,0,NaN,24584.75,24581.5,24582.25
2025-09-15T23:45:00-04:00,24582,24586,24579.25,24585.25,0,0,0,0,0,0,0,NaN,24586,24579.25,24585.25
2025-09-15T23:50:00-04:00,24585.5,24585.5,24578.5,24581.5,0,0,0,0,0,0,0,NaN,24585.5,24578.5,24581.5
2025-09-15T23:55:00-04:00,24583,24586.75,24583,24585.25,0,0,0,0,0,0,0,NaN,24586.75,24583,24585.25
2025-09-16T00:00:00-04:00,24584.75,24585.75,24581.5,24583.25,0,0,1,0,0,0,0,NaN,24585.75,24581.5,24583.25
2025-09-16T00:05:00-04:00,24583.25,24583.75,24581,24582,0,0,0,0,0,0,0,NaN,24583.75,24581,24582
2025-09-16T00:10:00-04:00,24581.75,24582.25,24576.75,24578.5,0,0,0,0,0,0,0,NaN,24582.25,24576.75,24578.5
2025-09-16T00:15:00-04:00,24577.5,24580.75,24577.5,24579,0,0,0,0,0,0,0,NaN,24580.75,24577.5,24579
2025-09-16T00:20:00-04:00,24579.75,24585,24579.5,24583.75,0,0,0,0,0,0,0,NaN,24585,24579.5,24583.75
2025-09-16T00:25:00-04:00,24583,24583,24580.5,24580.5,0,0,0,0,0,0,0,NaN,24583,24580.5,24580.5
2025-09-16T00:30:00-04:00,24580,24580.75,24577.5,24580.5,0,0,0,0,0,0,0,NaN,24580.75,24577.5,24580.5
2025-09-16T00:35:00-04:00,24581,24583,24579.25,24581,0,0,0,0,0,0,0,NaN,24583,24579.25,24581
2025-09-16T00:40:00-04:00,24581.25,24584.75,24580.5,24582,0,0,0,0,0,0,0,NaN,24584.75,24580.5,24582
2025-09-16T00:45:00-04:00,24582,24582.5,24579,24579.75,0,0,0,0,0,0,0,NaN,24582.5,24579,24579.75
2025-09-16T00:50:00-04:00,24578.75,24581,24577,24578,0,0,0,0,0,0,0,NaN,24581,24577,24578
2025-09-16T00:55:00-04:00,24579.5,24581.25,24578.5,24580,0,0,0,0,0,0,0,NaN,24581.25,24578.5,24580
2025-09-16T01:00:00-04:00,24580.75,24584,24577.5,24580.5,0,0,0,0,0,0,0,NaN,24584,24577.5,24580.5
2025-09-16T01:05:00-04:00,24580.25,24586.75,24579.25,24584.75,0,0,0,0,0,0,0,NaN,24586.75,24579.25,24584.75
2025-09-16T01:10:00-04:00,24584.5,24594.25,24584.25,24590.25,0,0,0,0,0,0,0,NaN,24594.25,24584.25,24590.25
2025-09-16T01:15:00-04:00,24590,24591.5,24583,24585.25,0,0,0,0,0,0,0,NaN,24591.5,24583,24585.25
2025-09-16T01:20:00-04:00,24584.5,24588,24582.25,24587.75,0,0,0,0,0,0,0,NaN,24588,24582.25,24587.75
2025-09-16T01:25:00-04:00,24587.25,24591,24585.75,24589.5,0,0,0,0,0,0,0,NaN,24591,24585.75,24589.5
2025-09-16T01:30:00-04:00,24588.75,24589.75,24583.5,24584.25,0,0,0,0,0,0,0,NaN,24589.75,24583.5,24584.25
2025-09-16T01:35:00-04:00,24585,24589,24584.75,24588.75,0,0,0,0,0,0,0,NaN,24589,24584.75,24588.75
2025-09-16T01:40:00-04:00,24588.75,24592,24586,24591,0,0,0,0,0,0,0,NaN,24592,24586,24591
2025-09-16T01:45:00-04:00,24589.5,24593.5,24586,24592.75,0,0,0,0,0,0,0,NaN,24593.5,24586,24592.75
2025-09-16T01:50:00-04:00,24593.5,24602,24593.5,24598.5,0,0,0,0,0,0,0,NaN,24602,24593.5,24598.5
2025-09-16T01:55:00-04:00,24598.5,24599,24593.25,24595,0,0,0,0,0,0,0,NaN,24599,24593.25,24595
2025-09-16T02:00:00-04:00,24595,24602.75,24594,24600.75,0,0,0,0,0,0,0,NaN,24602.75,24594,24600.75
2025-09-16T02:05:00-04:00,24600.75,24600.75,24595.75,24599,0,0,0,0,0,0,0,NaN,24600.75,24595.75,24599
2025-09-16T02:10:00-04:00,24599.5,24603.5,24597,24602,0,0,0,0,0,0,0,NaN,24603.5,24597,24602
2025-09-16T02:15:00-04:00,24601.5,24602.25,24598.25,24601,0,0,0,0,0,0,0,NaN,24602.25,24598.25,24601
2025-09-16T02:20:00-04:00,24600.5,24603.25,24596.25,24597,0,0,0,0,0,0,0,NaN,24603.25,24596.25,24597
2025-09-16T02:25:00-04:00,24597.25,24597.25,24591.5,24593.75,0,0,0,0,0,0,0,NaN,24597.25,24591.5,24593.75
2025-09-16T02:30:00-04:00,24594.25,24594.25,24584.75,24587.75,0,0,0,0,0,0,0,NaN,24594.25,24584.75,24587.75
2025-09-16T02:35:00-04:00,24587.5,24590,24585.25,24588.25,0,0,0,0,0,0,0,NaN,24590,24585.25,24588.25
2025-09-16T02:40:00-04:00,24588,24596,24586.5,24593.25,0,0,0,0,0,0,0,NaN,24596,24586.5,24593.25
2025-09-16T02:45:00-04:00,24593,24593,24588.75,24590,0,0,0,0,0,0,0,NaN,24593,24588.75,24590
2025-09-16T02:50:00-04:00,24589.25,24591,24588,24589,0,0,0,0,0,0,0,NaN,24591,24588,24589
2025-09-16T02:55:00-04:00,24588.75,24589.25,24585.25,24588.25,0,0,0,0,0,0,0,NaN,24589.25,24585.25,24588.25
2025-09-16T03:00:00-04:00,24588,24595.5,24585.25,24595,0,0,0,0,0,0,0,NaN,24595.5,24585.25,24595
2025-09-16T03:05:00-04:00,24595,24595.5,24581.5,24590.75,0,0,0,0,0,0,0,NaN,24595.5,24581.5,24590.75
2025-09-16T03:10:00-04:00,24590.5,24604.25,24589.75,24599.5,0,0,0,0,0,0,0,NaN,24604.25,24589.75,24599.5
2025-09-16T03:15:00-04:00,24599.5,24606.75,24594.25,24604.5,0,0,0,0,0,0,0,NaN,24606.75,24594.25,24604.5
2025-09-16T03:20:00-04:00,24605.25,24614.25,24596,24607.5,0,0,0,0,0,0,0,NaN,24614.25,24596,24607.5
2025-09-16T03:25:00-04:00,24607.75,24612,24605,24610,0,0,0,0,0,0,0,NaN,24612,24605,24610
2025-09-16T03:30:00-04:00,24610.25,24615,24606.5,24615,0,0,0,0,0,0,0,NaN,24615,24606.5,24615
2025-09-16T03:35:00-04:00,24615,24618,24609,24613.75,0,0,0,0,0,0,0,NaN,24618,24609,24613.75
2025-09-16T03:40:00-04:00,24613.75,24614.25,24604.25,24609.5,0,0,0,0,0,0,0,NaN,24614.25,24604.25,24609.5
2025-09-16T03:45:00-04:00,24609.75,24609.75,24604,24606.25,0,0,0,0,0,0,0,NaN,24609.75,24604,24606.25
2025-09-16T03:50:00-04:00,24605.75,24606.5,24595.75,24601.5,0,0,0,0,0,0,0,NaN,24606.5,24595.75,24601.5
2025-09-16T03:55:00-04:00,24601,24604.25,24598.75,24602,0,0,0,0,0,0,0,NaN,24604.25,24598.75,24602
2025-09-16T04:00:00-04:00,24602.25,24626.75,24601,24622.5,0,0,0,0,0,0,0,NaN,24626.75,24601,24622.5
2025-09-16T04:05:00-04:00,24622,24634.5,24620.25,24632.75,0,0,0,0,0,0,0,NaN,24634.5,24620.25,24632.75
2025-09-16T04:10:00-04:00,24633,24635.5,24628,24634,0,0,0,0,0,0,0,NaN,24635.5,24628,24634
2025-09-16T04:15:00-04:00,24633.75,24638,24629,24630,0,0,0,0,0,0,0,NaN,24638,24629,24630
2025-09-16T04:20:00-04:00,24629.5,24634,24625,24634,0,0,0,0,0,0,0,NaN,24634,24625,24634
2025-09-16T04:25:00-04:00,24634.5,24636.5,24628.75,24636.5,0,0,0,0,0,0,0,NaN,24636.5,24628.75,24636.5
2025-09-16T04:30:00-04:00,24636.25,24636.25,24628.5,24628.5,0,0,0,0,0,0,0,NaN,24636.25,24628.5,24628.5
2025-09-16T04:35:00-04:00,24628.25,24632,24626.5,24631.75,0,0,0,0,0,0,0,NaN,24632,24626.5,24631.75
2025-09-16T04:40:00-04:00,24632.5,24638.25,24632,24636,0,0,0,0,0,0,0,NaN,24638.25,24632,24636
2025-09-16T04:45:00-04:00,24636.75,24646.5,24635,24646.5,0,0,0,0,0,0,0,NaN,24646.5,24635,24646.5
2025-09-16T04:50:00-04:00,24645.25,24647.25,24640.5,24644,0,0,0,0,0,0,0,NaN,24647.25,24640.5,24644
2025-09-16T04:55:00-04:00,24643.25,24643.75,24633.75,24639.5,0,0,0,0,0,0,0,NaN,24643.75,24633.75,24639.5
2025-09-16T05:00:00-04:00,24640.25,24645.5,24638.25,24643.25,0,0,0,0,0,0,0,NaN,24645.5,24638.25,24643.25
2025-09-16T05:05:00-04:00,24644.5,24645.25,24640.5,24642.5,0,0,0,0,0,0,0,NaN,24645.25,24640.5,24642.5
2025-09-16T05:10:00-04:00,24642.25,24642.25,24637.25,24637.75,0,0,0,0,0,0,0,NaN,24642.25,24637.25,24637.75
2025-09-16T05:15:00-04:00,24637.25,24638.75,24628.5,24631,0,0,0,0,0,0,0,NaN,24638.75,24628.5,24631
2025-09-16T05:20:00-04:00,24630.75,24635,24628.75,24631.5,0,0,0,0,0,0,0,NaN,24635,24628.75,24631.5
2025-09-16T05:25:00-04:00,24631.5,24635,24628,24632.75,0,0,0,0,0,0,0,NaN,24635,24628,24632.75
2025-09-16T05:30:00-04:00,24632.75,24632.75,24621.75,24624.5,0,0,0,0,0,0,0,NaN,24632.75,24621.75,24624.5
2025-09-16T05:35:00-04:00,24624.25,24627.75,24616.75,24617.5,0,0,0,0,0,0,0,NaN,24627.75,24616.75,24617.5
2025-09-16T05:40:00-04:00,24617.25,24623.25,24617.25,24621.75,0,0,0,0,0,0,0,NaN,24623.25,24617.25,24621.75
2025-09-16T05:45:00-04:00,24621.5,24625.25,24620.75,24621.5,0,0,0,0,0,0,0,NaN,24625.25,24620.75,24621.5
2025-09-16T05:50:00-04:00,24621.25,24625.25,24619.5,24624.5,0,0,0,0,0,0,0,NaN,24625.25,24619.5,24624.5
2025-09-16T05:55:00-04:00,24625.25,24627.5,24620,24625.75,0,0,0,0,0,0,0,NaN,24627.5,24620,24625.75
2025-09-16T06:00:00-04:00,24625.75,24626.75,24620.5,24620.75,0,0,0,0,0,0,0,NaN,24626.75,24620.5,24620.75
2025-09-16T06:05:00-04:00,24620.5,24624.25,24619,24622,0,0,0,0,0,0,0,NaN,24624.25,24619,24622
2025-09-16T06:10:00-04:00,24622,24624.75,24617.75,24622.5,0,0,0,0,0,0,0,NaN,24624.75,24617.75,24622.5
2025-09-16T06:15:00-04:00,24622.5,24625.5,24620.25,24625,0,0,0,0,0,0,0,NaN,24625.5,24620.25,24625
2025-09-16T06:20:00-04:00,24624.75,24631,24624,24629.75,0,0,0,0,0,0,0,NaN,24631,24624,24629.75
2025-09-16T06:25:00-04:00,24630,24630.75,24625.25,24629,0,0,0,0,0,0,0,NaN,24630.75,24625.25,24629
2025-09-16T06:30:00-04:00,24629.5,24630,24622.75,24624.5,0,0,0,0,0,0,0,NaN,24630,24622.75,24624.5
2025-09-16T06:35:00-04:00,24623.75,24625,24620.75,24623.5,0,0,0,0,0,0,0,NaN,24625,24620.75,24623.5
2025-09-16T06:40:00-04:00,24623.5,24625.5,24620.75,24622.25,0,0,0,0,0,0,0,NaN,24625.5,24620.75,24622.25
2025-09-16T06:45:00-04:00,24621.75,24628,24621.5,24625.75,0,0,0,0,0,0,0,NaN,24628,24621.5,24625.75
2025-09-16T06:50:00-04:00,24626.5,24632.75,24625,24631.25,0,0,0,0,0,0,0,NaN,24632.75,24625,24631.25
2025-09-16T06:55:00-04:00,24631.25,24631.25,24623.75,24627,0,0,0,0,0,0,0,NaN,24631.25,24623.75,24627
2025-09-16T07:00:00-04:00,24627,24627.25,24620,24623.25,0,0,0,0,0,0,0,NaN,24627.25,24620,24623.25
2025-09-16T07:05:00-04:00,24623,24625.75,24617.25,24623.75,0,0,0,0,0,0,0,NaN,24625.75,24617.25,24623.75
2025-09-16T07:10:00-04:00,24624.25,24626.75,24618.5,24621.75,0,0,0,0,0,0,0,NaN,24626.75,24618.5,24621.75
2025-09-16T07:15:00-04:00,24621.5,24621.5,24600,24608,0,0,0,0,0,0,0,NaN,24621.5,24600,24608
2025-09-16T07:20:00-04:00,24608,24614.5,24606,24611.75,0,0,0,0,0,0,0,NaN,24614.5,24606,24611.75
2025-09-16T07:25:00-04:00,24610.25,24614.75,24609.25,24610,0,0,0,0,0,0,0,NaN,24614.75,24609.25,24610
2025-09-16T07:30:00-04:00,24610,24613.75,24607,24607,0,0,0,0,0,0,0,NaN,24613.75,24607,24607
2025-09-16T07:35:00-04:00,24607,24608.25,24601.25,24602.75,0,0,0,0,0,0,0,NaN,24608.25,24601.25,24602.75
2025-09-16T07:40:00-04:00,24603.25,24605.25,24597,24600.5,0,0,0,0,0,0,0,NaN,24605.25,24597,24600.5
2025-09-16T07:45:00-04:00,24601.25,24605.75,24600.5,24601,0,0,0,0,0,0,0,NaN,24605.75,24600.5,24601
2025-09-16T07:50:00-04:00,24601,24605.25,24599,24605.25,0,0,0,0,0,0,0,NaN,24605.25,24599,24605.25
2025-09-16T07:55:00-04:00,24605,24609.75,24605,24605,0,0,0,0,0,0,0,NaN,24609.75,24605,24605
2025-09-16T08:00:00-04:00,24605.25,24607,24591.75,24593.25,0,0,0,0,0,0,0,NaN,24607,24591.75,24593.25
2025-09-16T08:05:00-04:00,24593,24596,24591,24595.5,0,0,0,0,0,0,0,NaN,24596,24591,24595.5
2025-09-16T08:10:00-04:00,24595.75,24600.75,24589,24597.75,0,0,0,0,0,0,0,NaN,24600.75,24589,24597.75
2025-09-16T08:15:00-04:00,24598,24600.5,24594.75,24598.75,0,0,0,0,0,0,0,NaN,24600.5,24594.75,24598.75
2025-09-16T08:20:00-04:00,24598.5,24602,24593.75,24594.75,0,0,0,0,0,0,0,NaN,24602,24593.75,24594.75
2025-09-16T08:25:00-04:00,24594.5,24596.25,24586.5,24591.5,0,0,0,0,0,0,0,NaN,24596.25,24586.5,24591.5
2025-09-16T08:30:00-04:00,24590,24601,24584.5,24597.75,0,0,0,0,0,0,0,NaN,24601,24584.5,24597.75
2025-09-16T08:35:00-04:00,24597.75,24608.5,24595,24600.75,0,0,0,0,0,0,0,NaN,24608.5,24595,24600.75
2025-09-16T08:40:00-04:00,24600.25,24600.75,24590.25,24600,0,0,0,0,0,0,0,NaN,24600.75,24590.25,24600
2025-09-16T08:45:00-04:00,24600,24605.75,24598,24604,0,0,0,0,0,0,0,NaN,24605.75,24598,24604
2025-09-16T08:50:00-04:00,24604,24604,24595,24596.25,0,0,0,0,0,0,0,NaN,24604,24595,24596.25
2025-09-16T08:55:00-04:00,24596.25,24604.5,24588.25,24597,0,0,0,0,0,0,0,NaN,24604.5,24588.25,24597
2025-09-16T09:00:00-04:00,24597.25,24607.75,24593.25,24606.5,0,0,0,0,0,0,0,NaN,24607.75,24593.25,24606.5
2025-09-16T09:05:00-04:00,24605.75,24609.75,24596.75,24598,0,0,0,0,0,0,0,NaN,24609.75,24596.75,24598
2025-09-16T09:10:00-04:00,24597.5,24601.25,24595.75,24598,0,0,0,0,0,0,0,NaN,24601.25,24595.75,24598
2025-09-16T09:15:00-04:00,24596.75,24601,24595,24598.5,0,0,0,0,0,0,0,NaN,24601,24595,24598.5
2025-09-16T09:20:00-04:00,24599,24609.5,24597,24607.25,0,0,0,0,0,0,0,NaN,24609.5,24597,24607.25
2025-09-16T09:25:00-04:00,24608,24608,24586,24588.75,0,0,0,0,0,0,0,NaN,24608,24586,24588.75
2025-09-16T09:30:00-04:00,24588.25,24600.5,24559,24570.25,0,0,0,0,0,0,0,NaN,24600.5,24559,24570.25
2025-09-16T09:35:00-04:00,24570.5,24578.75,24555,24558,0,0,0,0,0,0,0,NaN,24578.75,24555,24558
2025-09-16T09:40:00-04:00,24557.5,24573,24551.75,24567.75,0,0,0,0,0,0,0,NaN,24573,24551.75,24567.75
2025-09-16T09:45:00-04:00,24567.75,24570.25,24545,24562,0,0,0,0,0,0,0,NaN,24570.25,24545,24562
2025-09-16T09:50:00-04:00,24562.25,24564.75,24527,24538,0,0,0,0,0,0,0,NaN,24564.75,24527,24538
2025-09-16T09:55:00-04:00,24537.75,24547,24523.75,24538.25,0,0,0,0,0,0,0,NaN,24547,24523.75,24538.25
2025-09-16T10:00:00-04:00,24538,24547.75,24527.75,24537,0,0,0,0,0,0,0,NaN,24547.75,24527.75,24537
2025-09-16T10:05:00-04:00,24536.75,24555.25,24536,24544.75,0,0,0,0,0,0,0,NaN,24555.25,24536,24544.75
2025-09-16T10:10:00-04:00,24544.75,24550.75,24520.75,24538.25,0,0,0,0,0,0,0,NaN,24550.75,24520.75,24538.25
2025-09-16T10:15:00-04:00,24538.5,24559.75,24536.5,24546.25,0,0,0,0,0,0,0,NaN,24559.75,24536.5,24546.25
2025-09-16T10:20:00-04:00,24547,24561.25,24534.5,24556.75,0,0,0,0,0,0,0,NaN,24561.25,24534.5,24556.75
2025-09-16T10:25:00-04:00,24556.75,24557.5,24535,24538.75,0,0,0,0,0,0,0,NaN,24557.5,24535,24538.75
2025-09-16T10:30:00-04:00,24539,24548.75,24534,24545.25,0,0,0,0,0,0,0,NaN,24548.75,24534,24545.25
2025-09-16T10:35:00-04:00,24545,24556.75,24527.25,24533,0,0,0,0,0,0,0,NaN,24556.75,24527.25,24533
2025-09-16T10:40:00-04:00,24534.5,24538.75,24530.5,24531.75,0,0,0,0,0,0,0,NaN,24538.75,24530.5,24531.75
2025-09-16T10:45:00-04:00,24532,24544.25,24527,24538,0,0,0,0,0,0,0,NaN,24544.25,24527,24538
2025-09-16T10:50:00-04:00,24538,24550.75,24536.5,24547,0,0,0,0,0,0,0,NaN,24550.75,24536.5,24547
2025-09-16T10:55:00-04:00,24547,24547,24535,24537.75,0,0,0,0,0,0,0,NaN,24547,24535,24537.75
2025-09-16T11:00:00-04:00,24538,24539.5,24511,24516.5,0,0,0,0,0,0,0,NaN,24539.5,24511,24516.5
2025-09-16T11:05:00-04:00,24516.25,24530,24515.5,24527.75,0,0,0,0,0,0,0,NaN,24530,24515.5,24527.75
2025-09-16T11:10:00-04:00,24528,24536,24519.5,24529.75,0,0,0,0,0,0,0,NaN,24536,24519.5,24529.75
2025-09-16T11:15:00-04:00,24529.5,24531.75,24518.25,24530.75,0,0,0,0,0,0,0,NaN,24531.75,24518.25,24530.75
2025-09-16T11:20:00-04:00,24531.25,24542.5,24524.75,24526,0,0,0,0,0,0,0,NaN,24542.5,24524.75,24526
2025-09-16T11:25:00-04:00,24525.25,24532,24515.75,24517,0,0,0,0,0,0,0,NaN,24532,24515.75,24517
2025-09-16T11:30:00-04:00,24517.25,24524,24513,24514.25,0,0,0,0,0,0,0,NaN,24524,24513,24514.25
2025-09-16T11:35:00-04:00,24514.75,24520.75,24509.5,24519.75,0,0,0,0,0,0,0,NaN,24520.75,24509.5,24519.75
2025-09-16T11:40:00-04:00,24519,24523.5,24502.5,24511.5,0,0,0,0,0,0,0,NaN,24523.5,24502.5,24511.5
2025-09-16T11:45:00-04:00,24511.5,24523.5,24510.25,24511.75,0,0,0,0,0,0,0,NaN,24523.5,24510.25,24511.75
2025-09-16T11:50:00-04:00,24512,24525.25,24507.25,24522.25,0,0,0,0,0,0,0,NaN,24525.25,24507.25,24522.25
2025-09-16T11:55:00-04:00,24522.5,24525,24502.25,24509.25,0,0,0,0,0,0,0,NaN,24525,24502.25,24509.25
2025-09-16T12:00:00-04:00,24508.75,24516,24499.25,24500.25,0,0,0,0,0,0,0,NaN,24516,24499.25,24500.25
2025-09-16T12:05:00-04:00,24500.25,24516,24499.75,24514.5,0,0,0,0,0,0,0,NaN,24516,24499.75,24514.5
2025-09-16T12:10:00-04:00,24514.5,24520,24508.75,24518,0,0,0,0,0,0,0,NaN,24520,24508.75,24518
2025-09-16T12:15:00-04:00,24518,24520.25,24514.25,24516.25,0,0,0,0,0,0,0,NaN,24520.25,24514.25,24516.25
2025-09-16T12:20:00-04:00,24516.25,24519,24510.25,24516.5,0,0,0,0,0,0,0,NaN,24519,24510.25,24516.5
2025-09-16T12:25:00-04:00,24516.5,24528,24514.5,24526,0,0,0,0,0,0,0,NaN,24528,24514.5,24526
2025-09-16T12:30:00-04:00,24526.5,24526.75,24517.25,24521.25,0,0,0,0,0,0,0,NaN,24526.75,24517.25,24521.25
2025-09-16T12:35:00-04:00,24521,24527.25,24507.5,24524.5,0,0,0,0,0,0,0,NaN,24527.25,24507.5,24524.5
2025-09-16T12:40:00-04:00,24524.25,24527.25,24512.75,24520.25,0,0,0,0,0,0,0,NaN,24527.25,24512.75,24520.25
2025-09-16T12:45:00-04:00,24520,24524.75,24514.75,24517.5,0,0,0,0,0,0,0,NaN,24524.75,24514.75,24517.5
2025-09-16T12:50:00-04:00,24517.5,24523.75,24515.25,24522.75,0,0,0,0,0,0,0,NaN,24523.75,24515.25,24522.75
2025-09-16T12:55:00-04:00,24522.75,24532.75,24522,24523.75,0,0,0,0,0,0,0,NaN,24532.75,24522,24523.75
2025-09-16T13:00:00-04:00,24523.75,24533.75,24523.25,24531,0,0,0,0,0,0,0,NaN,24533.75,24523.25,24531
2025-09-16T13:05:00-04:00,24531,24537.75,24528,24535.5,0,0,0,0,0,0,0,NaN,24537.75,24528,24535.5
2025-09-16T13:10:00-04:00,24535.75,24539.5,24531.25,24537.5,0,0,0,0,0,0,0,NaN,24539.5,24531.25,24537.5
2025-09-16T13:15:00-04:00,24537.75,24541.5,24533.75,24536.5,0,0,0,0,0,0,0,NaN,24541.5,24533.75,24536.5
2025-09-16T13:20:00-04:00,24536.75,24545.75,24535.5,24541.75,0,0,0,0,0,0,0,NaN,24545.75,24535.5,24541.75
2025-09-16T13:25:00-04:00,24541.75,24542,24531,24533,0,0,0,0,0,0,0,NaN,24542,24531,24533
2025-09-16T13:30:00-04:00,24533,24537,24528.25,24533.75,0,0,0,0,0,0,0,NaN,24537,24528.25,24533.75
2025-09-16T13:35:00-04:00,24533.75,24535.25,24525,24532.75,0,0,0,0,0,0,0,NaN,24535.25,24525,24532.75
2025-09-16T13:40:00-04:00,24532.5,24532.75,24527.25,24529.25,0,0,0,0,0,0,0,NaN,24532.75,24527.25,24529.25
2025-09-16T13:45:00-04:00,24528.5,24535.5,24527.25,24533.75,0,0,0,0,0,0,0,NaN,24535.5,24527.25,24533.75
2025-09-16T13:50:00-04:00,24533.5,24534.75,24522,24533.5,0,0,0,0,0,0,0,NaN,24534.75,24522,24533.5
2025-09-16T13:55:00-04:00,24533,24538.5,24532,24534.25,0,0,0,0,0,0,0,NaN,24538.5,24532,24534.25
2025-09-16T14:00:00-04:00,24534.25,24534.25,24522.25,24527.75,0,0,0,0,0,0,0,NaN,24534.25,24522.25,24527.75
2025-09-16T14:05:00-04:00,24527.5,24537.75,24524,24530.75,0,0,0,0,0,0,0,NaN,24537.75,24524,24530.75
2025-09-16T14:10:00-04:00,24530.5,24534.5,24523.5,24526,0,0,0,0,0,0,0,NaN,24534.5,24523.5,24526
2025-09-16T14:15:00-04:00,24525.25,24531.25,24524,24529.25,0,0,0,0,0,0,0,NaN,24531.25,24524,24529.25
2025-09-16T14:20:00-04:00,24528.75,24533.75,24525.25,24531.5,0,0,0,0,0,0,0,NaN,24533.75,24525.25,24531.5
2025-09-16T14:25:00-04:00,24531.25,24535.5,24528.75,24530.25,0,0,0,0,0,0,0,NaN,24535.5,24528.75,24530.25
2025-09-16T14:30:00-04:00,24530,24536.5,24526.75,24531,0,0,0,0,0,0,0,NaN,24536.5,24526.75,24531
2025-09-16T14:35:00-04:00,24531.25,24541.25,24528.5,24532.25,0,0,0,0,0,0,0,NaN,24541.25,24528.5,24532.25
2025-09-16T14:40:00-04:00,24532.25,24538.5,24532,24535.5,0,0,0,0,0,0,0,NaN,24538.5,24532,24535.5
2025-09-16T14:45:00-04:00,24536,24544.75,24535.75,24540.75,0,0,0,0,0,0,0,NaN,24544.75,24535.75,24540.75
2025-09-16T14:50:00-04:00,24540.75,24547.5,24540.5,24543.75,0,0,0,0,0,0,0,NaN,24547.5,24540.5,24543.75
2025-09-16T14:55:00-04:00,24543.75,24549,24541,24546.75,0,0,0,0,0,0,0,NaN,24549,24541,24546.75
2025-09-16T15:00:00-04:00,24546.75,24554.5,24545.5,24550,0,0,0,0,0,0,0,NaN,24554.5,24545.5,24550
2025-09-16T15:05:00-04:00,24550.5,24558.25,24549.5,24551.25,0,0,0,0,0,0,0,NaN,24558.25,24549.5,24551.25
2025-09-16T15:10:00-04:00,24551,24553.25,24545.5,24550.5,0,0,0,0,0,0,0,NaN,24553.25,24545.5,24550.5
2025-09-16T15:15:00-04:00,24550.25,24552.25,24547.25,24549.5,0,0,0,0,0,0,0,NaN,24552.25,24547.25,24549.5
2025-09-16T15:20:00-04:00,24549.5,24553.5,24543.25,24546.25,0,0,0,0,0,0,0,NaN,24553.5,24543.25,24546.25
2025-09-16T15:25:00-04:00,24546.25,24547,24533.75,24537,0,0,0,0,0,0,0,NaN,24547,24533.75,24537
2025-09-16T15:30:00-04:00,24536.75,24539,24531.75,24536,0,0,0,0,0,0,0,NaN,24539,24531.75,24536
2025-09-16T15:35:00-04:00,24535.75,24540.5,24529.25,24535,0,0,0,0,0,0,0,NaN,24540.5,24529.25,24535
2025-09-16T15:40:00-04:00,24534.5,24543.5,24532.75,24536.25,0,0,0,0,0,0,0,NaN,24543.5,24532.75,24536.25
2025-09-16T15:45:00-04:00,24536.25,24547.25,24536,24544.25,0,0,0,0,0,0,0,NaN,24547.25,24536,24544.25
2025-09-16T15:50:00-04:00,24544.75,24563,24536.5,24541.25,0,0,0,0,0,0,0,NaN,24563,24536.5,24541.25
2025-09-16T15:55:00-04:00,24540.5,24548,24517,24524.25,0,0,0,0,0,0,0,NaN,24548,24517,24524.25
2025-09-16T16:00:00-04:00,24524.25,24539,24521.25,24535.75,0,0,0,0,0,0,0,NaN,24539,24521.25,24535.75
2025-09-16T16:05:00-04:00,24536.25,24537.5,24527.75,24533.5,0,0,0,0,0,0,0,NaN,24537.5,24527.75,24533.5
2025-09-16T16:10:00-04:00,24533.5,24535.25,24531.75,24535,0,0,0,0,0,0,0,NaN,24535.25,24531.75,24535
2025-09-16T16:15:00-04:00,24535,24541.25,24534.25,24539.25,0,0,0,0,0,0,0,NaN,24541.25,24534.25,24539.25
2025-09-16T16:20:00-04:00,24539,24539.25,24534.75,24537.75,0,0,0,0,0,0,0,NaN,24539.25,24534.75,24537.75
2025-09-16T16:25:00-04:00,24537.75,24539.5,24536.5,24538.5,0,0,0,0,0,0,0,NaN,24539.5,24536.5,24538.5
2025-09-16T16:30:00-04:00,24538.75,24542,24538.25,24539.5,0,0,0,0,0,0,0,NaN,24542,24538.25,24539.5
2025-09-16T16:35:00-04:00,24539.5,24542.25,24538.75,24542.25,0,0,0,0,0,0,0,NaN,24542.25,24538.75,24542.25
2025-09-16T16:40:00-04:00,24542,24542.75,24540.25,24542.25,0,0,0,0,0,0,0,NaN,24542.75,24540.25,24542.25
2025-09-16T16:45:00-04:00,24542,24543.25,24538.5,24539.75,0,0,0,0,0,0,0,NaN,24543.25,24538.5,24539.75
2025-09-16T16:50:00-04:00,24539.25,24542.25,24538.25,24539.5,0,0,0,0,0,0,0,NaN,24542.25,24538.25,24539.5
2025-09-16T16:55:00-04:00,24539,24541,24530.25,24530.25,0,0,0,0,0,0,0,NaN,24541,24530.25,24530.25
2025-09-16T18:00:00-04:00,24526.75,24535,24525,24530.75,0,0,0,0,0,0,0,NaN,24535,24525,24530.75
2025-09-16T18:05:00-04:00,24531.25,24536.75,24531.25,24534.75,0,0,0,0,0,0,0,NaN,24536.75,24531.25,24534.75
2025-09-16T18:10:00-04:00,24535,24540.25,24534.5,24539.5,0,0,0,0,0,0,0,NaN,24540.25,24534.5,24539.5
2025-09-16T18:15:00-04:00,24539.25,24540.25,24535,24536.75,0,0,0,0,0,0,0,NaN,24540.25,24535,24536.75
2025-09-16T18:20:00-04:00,24537.25,24545.75,24537,24544.25,0,0,0,0,0,0,0,NaN,24545.75,24537,24544.25
2025-09-16T18:25:00-04:00,24545,24546.25,24541.25,24545.75,0,0,0,0,0,0,0,NaN,24546.25,24541.25,24545.75
2025-09-16T18:30:00-04:00,24546,24550,24545.5,24547.75,0,0,0,0,0,0,0,NaN,24550,24545.5,24547.75
2025-09-16T18:35:00-04:00,24547.5,24551.75,24547,24549.5,0,0,0,0,0,0,0,NaN,24551.75,24547,24549.5
2025-09-16T18:40:00-04:00,24549.5,24549.5,24545,24547.25,0,0,0,0,0,0,0,NaN,24549.5,24545,24547.25
2025-09-16T18:45:00-04:00,24547.25,24549.25,24545.25,24548.5,0,0,0,0,0,0,0,NaN,24549.25,24545.25,24548.5
2025-09-16T18:50:00-04:00,24548,24549.5,24546.75,24549.25,0,0,0,0,0,0,0,NaN,24549.5,24546.75,24549.25
2025-09-16T18:55:00-04:00,24548.75,24550,24545.25,24546,0,0,0,0,0,0,0,NaN,24550,24545.25,24546
2025-09-16T19:00:00-04:00,24546,24550.25,24545.5,24547.75,0,0,0,0,0,0,0,NaN,24550.25,24545.5,24547.75
2025-09-16T19:05:00-04:00,24547.75,24548.25,24545.75,24547,0,0,0,0,0,0,0,NaN,24548.25,24545.75,24547
2025-09-16T19:10:00-04:00,24548,24548,24544.75,24545.5,0,0,0,0,0,0,0,NaN,24548,24544.75,24545.5
2025-09-16T19:15:00-04:00,24545,24547.25,24542,24545.75,0,0,0,0,0,0,0,NaN,24547.25,24542,24545.75
2025-09-16T19:20:00-04:00,24546.25,24546.25,24541.5,24542,0,0,0,0,0,0,0,NaN,24546.25,24541.5,24542
2025-09-16T19:25:00-04:00,24541.75,24541.75,24536.75,24538.5,0,0,0,0,0,0,0,NaN,24541.75,24536.75,24538.5
2025-09-16T19:30:00-04:00,24538,24542.75,24537.25,24539.25,0,0,0,0,0,0,0,NaN,24542.75,24537.25,24539.25
2025-09-16T19:35:00-04:00,24539.5,24543.5,24539,24542.75,0,0,0,0,0,0,0,NaN,24543.5,24539,24542.75
2025-09-16T19:40:00-04:00,24542.5,24544.25,24539.75,24539.75,0,0,0,0,0,0,0,NaN,24544.25,24539.75,24539.75
2025-09-16T19:45:00-04:00,24540.5,24542.75,24539,24540,0,0,0,0,0,0,0,NaN,24542.75,24539,24540
2025-09-16T19:50:00-04:00,24541.25,24543,24540,24543,0,0,0,0,0,0,0,NaN,24543,24540,24543
2025-09-16T19:55:00-04:00,24543.25,24546.25,24542.75,24543.5,0,0,0,0,0,0,0,NaN,24546.25,24542.75,24543.5
2025-09-16T20:00:00-04:00,24543,24549.5,24540.75,24547.25,0,0,0,0,0,0,0,NaN,24549.5,24540.75,24547.25
2025-09-16T20:05:00-04:00,24547.75,24549.75,24546.25,24547.75,0,0,0,0,0,0,0,NaN,24549.75,24546.25,24547.75
2025-09-16T20:10:00-04:00,24547.75,24549.25,24531,24534,0,0,0,0,0,0,0,NaN,24549.25,24531,24534
2025-09-16T20:15:00-04:00,24533.5,24539,24532.5,24537,0,0,0,0,0,0,0,NaN,24539,24532.5,24537
2025-09-16T20:20:00-04:00,24537.5,24539.5,24532.75,24533.75,0,0,0,0,0,0,0,NaN,24539.5,24532.75,24533.75
2025-09-16T20:25:00-04:00,24534.75,24540.75,24534,24540.25,0,0,0,0,0,0,0,NaN,24540.75,24534,24540.25
2025-09-16T20:30:00-04:00,24539.5,24543.5,24538,24539,0,0,0,0,0,0,0,NaN,24543.5,24538,24539
2025-09-16T20:35:00-04:00,24537.25,24538.5,24532,24533,0,0,0,0,0,0,0,NaN,24538.5,24532,24533
2025-09-16T20:40:00-04:00,24533.75,24539.5,24533.25,24534,0,0,0,0,0,0,0,NaN,24539.5,24533.25,24534
2025-09-16T20:45:00-04:00,24534,24541,24533,24541,0,0,0,0,0,0,0,NaN,24541,24533,24541
2025-09-16T20:50:00-04:00,24540.25,24541,24537,24539.75,0,0,0,0,0,0,0,NaN,24541,24537,24539.75
2025-09-16T20:55:00-04:00,24540.75,24542.75,24538.5,24540.25,0,0,0,0,0,0,0,NaN,24542.75,24538.5,24540.25
2025-09-16T21:00:00-04:00,24540.5,24546,24540.5,24544.25,0,0,0,0,0,0,0,NaN,24546,24540.5,24544.25
2025-09-16T21:05:00-04:00,24544.5,24545.25,24541,24544.5,0,0,0,0,0,0,0,NaN,24545.25,24541,24544.5
2025-09-16T21:10:00-04:00,24544.25,24547.25,24542.75,24544.75,0,0,0,0,0,0,0,NaN,24547.25,24542.75,24544.75
2025-09-16T21:15:00-04:00,24544,24544.25,24538.5,24539.75,0,0,0,0,0,0,0,NaN,24544.25,24538.5,24539.75
2025-09-16T21:20:00-04:00,24540.5,24541.25,24535.5,24540.25,0,0,0,0,0,0,0,NaN,24541.25,24535.5,24540.25
2025-09-16T21:25:00-04:00,24540,24542.75,24537.25,24540.75,0,0,0,0,0,0,0,NaN,24542.75,24537.25,24540.75
2025-09-16T21:30:00-04:00,24539.75,24540.25,24530,24531,0,0,0,0,0,0,0,NaN,24540.25,24530,24531
2025-09-16T21:35:00-04:00,24530.75,24535,24528.75,24529.5,0,0,0,0,0,0,0,NaN,24535,24528.75,24529.5
2025-09-16T21:40:00-04:00,24529.75,24534.75,24529.25,24533.5,0,0,0,0,0,0,0,NaN,24534.75,24529.25,24533.5
2025-09-16T21:45:00-04:00,24533,24536,24532.25,24534.25,0,0,0,0,0,0,0,NaN,24536,24532.25,24534.25
2025-09-16T21:50:00-04:00,24534.75,24536,24531.5,24534.75,0,0,0,0,0,0,0,NaN,24536,24531.5,24534.75
2025-09-16T21:55:00-04:00,24533.75,24535.25,24530.25,24531,0,0,0,0,0,0,0,NaN,24535.25,24530.25,24531
2025-09-16T22:00:00-04:00,24530.5,24533,24527.75,24529.25,0,0,0,0,0,0,0,NaN,24533,24527.75,24529.25
2025-09-16T22:05:00-04:00,24529,24531.25,24526.5,24528.75,0,0,0,0,0,0,0,NaN,24531.25,24526.5,24528.75
2025-09-16T22:10:00-04:00,24529.25,24529.5,24522.5,24525.75,0,0,0,0,0,0,0,NaN,24529.5,24522.5,24525.75
2025-09-16T22:15:00-04:00,24526.25,24527.25,24521,24522.5,0,0,0,0,0,0,0,NaN,24527.25,24521,24522.5
2025-09-16T22:20:00-04:00,24521.5,24522,24513,24513.25,0,0,0,0,0,0,0,NaN,24522,24513,24513.25
2025-09-16T22:25:00-04:00,24513.5,24519.5,24513.25,24518.25,0,0,0,0,0,0,0,NaN,24519.5,24513.25,24518.25
2025-09-16T22:30:00-04:00,24517.25,24524.75,24516.5,24521.25,0,0,0,0,0,0,0,NaN,24524.75,24516.5,24521.25
2025-09-16T22:35:00-04:00,24521.25,24521.5,24518,24520.25,0,0,0,0,0,0,0,NaN,24521.5,24518,24520.25
2025-09-16T22:40:00-04:00,24520.5,24523.75,24520.25,24521.75,0,0,0,0,0,0,0,NaN,24523.75,24520.25,24521.75
2025-09-16T22:45:00-04:00,24522.25,24525,24517.75,24519.75,0,0,0,0,0,0,0,NaN,24525,24517.75,24519.75
2025-09-16T22:50:00-04:00,24518,24522.25,24518,24520.75,0,0,0,0,0,0,0,NaN,24522.25,24518,24520.75
2025-09-16T22:55:00-04:00,24521,24525.5,24520.25,24523.75,0,0,0,0,0,0,0,NaN,24525.5,24520.25,24523.75
2025-09-16T23:00:00-04:00,24523.75,24523.75,24519.5,24523,0,0,0,0,0,0,0,NaN,24523.75,24519.5,24523
2025-09-16T23:05:00-04:00,24522.75,24524.5,24520.75,24521.25,0,0,0,0,0,0,0,NaN,24524.5,24520.75,24521.25
2025-09-16T23:10:00-04:00,24521.75,24524.75,24520.5,24524,0,0,0,0,0,0,0,NaN,24524.75,24520.5,24524
2025-09-16T23:15:00-04:00,24524,24524.25,24521.25,24523,0,0,0,0,0,0,0,NaN,24524.25,24521.25,24523
2025-09-16T23:20:00-04:00,24523.5,24526,24521.75,24522,0,0,0,0,0,0,0,NaN,24526,24521.75,24522
2025-09-16T23:25:00-04:00,24522.25,24522.75,24521.5,24522.5,0,0,0,0,0,0,0,NaN,24522.75,24521.5,24522.5
2025-09-16T23:30:00-04:00,24522.75,24523,24518.75,24520.75,0,0,0,0,0,0,0,NaN,24523,24518.75,24520.75
2025-09-16T23:35:00-04:00,24520,24520.5,24518,24519,0,0,0,0,0,0,0,NaN,24520.5,24518,24519
2025-09-16T23:40:00-04:00,24518.25,24522.5,24518.25,24521,0,0,0,0,0,0,0,NaN,24522.5,24518.25,24521
2025-09-16T23:45:00-04:00,24521.25,24523,24519,24519,0,0,0,0,0,0,0,NaN,24523,24519,24519
2025-09-16T23:50:00-04:00,24519.5,24521,24517.25,24517.5,0,0,0,0,0,0,0,NaN,24521,24517.25,24517.5
2025-09-16T23:55:00-04:00,24517.5,24520,24517,24518,0,0,0,0,0,0,0,NaN,24520,24517,24518
2025-09-17T00:00:00-04:00,24519,24522.25,24517.25,24517.5,0,0,0,1,0,0,0,NaN,24522.25,24517.25,24517.5
2025-09-17T00:05:00-04:00,24517.25,24519.5,24515.25,24518.5,0,0,0,0,0,0,0,NaN,24519.5,24515.25,24518.5
2025-09-17T00:10:00-04:00,24519.25,24521,24513.5,24513.5,0,0,0,0,0,0,0,NaN,24521,24513.5,24513.5
2025-09-17T00:15:00-04:00,24513.25,24514,24507.75,24513.25,0,0,0,0,0,0,0,NaN,24514,24507.75,24513.25
2025-09-17T00:20:00-04:00,24514,24517.25,24511.25,24511.75,0,0,0,0,0,0,0,NaN,24517.25,24511.25,24511.75
2025-09-17T00:25:00-04:00,24511.25,24514,24511,24512.25,0,0,0,0,0,0,0,NaN,24514,24511,24512.25
2025-09-17T00:30:00-04:00,24511.5,24516,24511.5,24512.5,0,0,0,0,0,0,0,NaN,24516,24511.5,24512.5
2025-09-17T00:35:00-04:00,24511.75,24520.5,24511.25,24519.25,0,0,0,0,0,0,0,NaN,24520.5,24511.25,24519.25
2025-09-17T00:40:00-04:00,24519,24521.75,24518.25,24518.5,0,0,0,0,0,0,0,NaN,24521.75,24518.25,24518.5
2025-09-17T00:45:00-04:00,24519.25,24520.5,24516,24516,0,0,0,0,0,0,0,NaN,24520.5,24516,24516
2025-09-17T00:50:00-04:00,24516.75,24518.75,24516.5,24516.75,0,0,0,0,0,0,0,NaN,24518.75,24516.5,24516.75
2025-09-17T00:55:00-04:00,24517,24519.25,24516.25,24518.75,0,0,0,0,0,0,0,NaN,24519.25,24516.25,24518.75
2025-09-17T01:00:00-04:00,24519.25,24521.5,24517,24519.75,0,0,0,0,0,0,0,NaN,24521.5,24517,24519.75
2025-09-17T01:05:00-04:00,24519.5,24527,24509.5,24525.25,0,0,0,0,0,0,0,NaN,24527,24509.5,24525.25
2025-09-17T01:10:00-04:00,24525,24527,24517.75,24519.25,0,0,0,0,0,0,0,NaN,24527,24517.75,24519.25
2025-09-17T01:15:00-04:00,24518.75,24520.5,24497.5,24507.5,0,0,0,0,0,0,0,NaN,24520.5,24497.5,24507.5
2025-09-17T01:20:00-04:00,24507.25,24516,24507.25,24510.5,0,0,0,0,0,0,0,NaN,24516,24507.25,24510.5
2025-09-17T01:25:00-04:00,24511.75,24512.25,24508.5,24510,0,0,0,0,0,0,0,NaN,24512.25,24508.5,24510
2025-09-17T01:30:00-04:00,24511,24511,24508.25,24511,0,0,0,0,0,0,0,NaN,24511,24508.25,24511
2025-09-17T01:35:00-04:00,24511.25,24513,24507.25,24511.75,0,0,0,0,0,0,0,NaN,24513,24507.25,24511.75
2025-09-17T01:40:00-04:00,24512,24516.25,24508.5,24514.75,0,0,0,0,0,0,0,NaN,24516.25,24508.5,24514.75
2025-09-17T01:45:00-04:00,24515.25,24520,24514,24516.25,0,0,0,0,0,0,0,NaN,24520,24514,24516.25
2025-09-17T01:50:00-04:00,24516,24517.75,24513.25,24516.5,0,0,0,0,0,0,0,NaN,24517.75,24513.25,24516.5
2025-09-17T01:55:00-04:00,24516.25,24519.75,24516,24518,0,0,0,0,0,0,0,NaN,24519.75,24516,24518
2025-09-17T02:00:00-04:00,24518.5,24524.5,24516.5,24517.25,0,0,0,0,0,0,0,NaN,24524.5,24516.5,24517.25
2025-09-17T02:05:00-04:00,24516.75,24520.75,24515.5,24517,0,0,0,0,0,0,0,NaN,24520.75,24515.5,24517
2025-09-17T02:10:00-04:00,24515.5,24522,24509.5,24521.75,0,0,0,0,0,0,0,NaN,24522,24509.5,24521.75
2025-09-17T02:15:00-04:00,24521,24522,24517,24517,0,0,0,0,0,0,0,NaN,24522,24517,24517
2025-09-17T02:20:00-04:00,24517,24526.75,24517,24526.25,0,0,0,0,0,0,0,NaN,24526.75,24517,24526.25
2025-09-17T02:25:00-04:00,24526,24529.5,24524.5,24526.25,0,0,0,0,0,0,0,NaN,24529.5,24524.5,24526.25
2025-09-17T02:30:00-04:00,24525.5,24526,24516.75,24523.25,0,0,0,0,0,0,0,NaN,24526,24516.75,24523.25
2025-09-17T02:35:00-04:00,24524.25,24529.25,24523.75,24528.25,0,0,0,0,0,0,0,NaN,24529.25,24523.75,24528.25
2025-09-17T02:40:00-04:00,24528.5,24530.75,24524.75,24528.25,0,0,0,0,0,0,0,NaN,24530.75,24524.75,24528.25
2025-09-17T02:45:00-04:00,24528.75,24530.5,24527,24529.25,0,0,0,0,0,0,0,NaN,24530.5,24527,24529.25
2025-09-17T02:50:00-04:00,24528.25,24534.25,24528.25,24530.75,0,0,0,0,0,0,0,NaN,24534.25,24528.25,24530.75
2025-09-17T02:55:00-04:00,24530.25,24534.75,24528.5,24532.25,0,0,0,0,0,0,0,NaN,24534.75,24528.5,24532.25
2025-09-17T03:00:00-04:00,24532.5,24535,24524.5,24534.5,0,0,0,0,0,0,0,NaN,24535,24524.5,24534.5
2025-09-17T03:05:00-04:00,24534.75,24538.75,24530,24536,0,0,0,0,0,0,0,NaN,24538.75,24530,24536
2025-09-17T03:10:00-04:00,24536.75,24539.25,24532,24532.5,0,0,0,0,0,0,0,NaN,24539.25,24532,24532.5
2025-09-17T03:15:00-04:00,24532.25,24536.5,24530.5,24536.25,0,0,0,0,0,0,0,NaN,24536.5,24530.5,24536.25
2025-09-17T03:20:00-04:00,24536,24544,24535.5,24542.25,0,0,0,0,0,0,0,NaN,24544,24535.5,24542.25
2025-09-17T03:25:00-04:00,24542.25,24549,24542,24548.25,0,0,0,0,0,0,0,NaN,24549,24542,24548.25
2025-09-17T03:30:00-04:00,24547.5,24553,24546,24552.5,0,0,0,0,0,0,0,NaN,24553,24546,24552.5
2025-09-17T03:35:00-04:00,24552.25,24552.25,24542.5,24545.25,0,0,0,0,0,0,0,NaN,24552.25,24542.5,24545.25
2025-09-17T03:40:00-04:00,24545.25,24547.5,24542,24545.75,0,0,0,0,0,0,0,NaN,24547.5,24542,24545.75
2025-09-17T03:45:00-04:00,24546,24549.75,24543.5,24546,0,0,0,0,0,0,0,NaN,24549.75,24543.5,24546
2025-09-17T03:50:00-04:00,24546,24553,24546,24548.5,0,0,0,0,0,0,0,NaN,24553,24546,24548.5
2025-09-17T03:55:00-04:00,24548.25,24551,24547.25,24550,0,0,0,0,0,0,0,NaN,24551,24547.25,24550
2025-09-17T04:00:00-04:00,24550,24550.5,24538.5,24539.5,0,0,0,0,0,0,0,NaN,24550.5,24538.5,24539.5
2025-09-17T04:05:00-04:00,24539.25,24541.5,24532,24541.25,0,0,0,0,0,0,0,NaN,24541.5,24532,24541.25
2025-09-17T04:10:00-04:00,24540.75,24541.25,24527.25,24529,0,0,0,0,0,0,0,NaN,24541.25,24527.25,24529
2025-09-17T04:15:00-04:00,24527.5,24531,24521.5,24526,0,0,0,0,0,0,0,NaN,24531,24521.5,24526
2025-09-17T04:20:00-04:00,24526.75,24529.5,24524.5,24526.25,0,0,0,0,0,0,0,NaN,24529.5,24524.5,24526.25
2025-09-17T04:25:00-04:00,24525.5,24530.25,24524,24526.75,0,0,0,0,0,0,0,NaN,24530.25,24524,24526.75
2025-09-17T04:30:00-04:00,24527.75,24528.75,24501,24501,0,0,0,0,0,0,0,NaN,24528.75,24501,24501
2025-09-17T04:35:00-04:00,24501,24504,24470.25,24487,0,0,0,0,0,0,0,NaN,24504,24470.25,24487
2025-09-17T04:40:00-04:00,24488,24489.75,24456.25,24485.75,0,0,0,0,0,0,0,NaN,24489.75,24456.25,24485.75
2025-09-17T04:45:00-04:00,24485.75,24508.5,24479.75,24499.5,0,0,0,0,0,0,0,NaN,24508.5,24479.75,24499.5
2025-09-17T04:50:00-04:00,24500,24519.75,24500,24510,0,0,0,0,0,0,0,NaN,24519.75,24500,24510
2025-09-17T04:55:00-04:00,24509,24514.75,24506,24513,0,0,0,0,0,0,0,NaN,24514.75,24506,24513
2025-09-17T05:00:00-04:00,24513.75,24519.25,24509.75,24517.75,0,0,0,0,0,0,0,NaN,24519.25,24509.75,24517.75
2025-09-17T05:05:00-04:00,24518.5,24526.5,24517.5,24522.5,0,0,0,0,0,0,0,NaN,24526.5,24517.5,24522.5
2025-09-17T05:10:00-04:00,24522.5,24524.25,24515.75,24517.25,0,0,0,0,0,0,0,NaN,24524.25,24515.75,24517.25
2025-09-17T05:15:00-04:00,24517.75,24521,24510.5,24515.75,0,0,0,0,0,0,0,NaN,24521,24510.5,24515.75
2025-09-17T05:20:00-04:00,24516.25,24522,24516,24519,0,0,0,0,0,0,0,NaN,24522,24516,24519
2025-09-17T05:25:00-04:00,24519.5,24525.75,24519.5,24522.75,0,0,0,0,0,0,0,NaN,24525.75,24519.5,24522.75
2025-09-17T05:30:00-04:00,24523.5,24528.25,24521.5,24525.75,0,0,0,0,0,0,0,NaN,24528.25,24521.5,24525.75
2025-09-17T05:35:00-04:00,24525.25,24528.25,24524,24526.5,0,0,0,0,0,0,0,NaN,24528.25,24524,24526.5
2025-09-17T05:40:00-04:00,24526.25,24528.5,24517,24517,0,0,0,0,0,0,0,NaN,24528.5,24517,24517
2025-09-17T05:45:00-04:00,24516.5,24524.25,24515.25,24516.5,0,0,0,0,0,0,0,NaN,24524.25,24515.25,24516.5
2025-09-17T05:50:00-04:00,24516.25,24518,24506.5,24514.25,0,0,0,0,0,0,0,NaN,24518,24506.5,24514.25
2025-09-17T05:55:00-04:00,24515,24518.25,24508.5,24511.5,0,0,0,0,0,0,0,NaN,24518.25,24508.5,24511.5
2025-09-17T06:00:00-04:00,24511.75,24520.5,24507.75,24514.75,0,0,0,0,0,0,0,NaN,24520.5,24507.75,24514.75
2025-09-17T06:05:00-04:00,24515,24516,24510.75,24515.75,0,0,0,0,0,0,0,NaN,24516,24510.75,24515.75
2025-09-17T06:10:00-04:00,24515.5,24516.25,24503.5,24504,0,0,0,0,0,0,0,NaN,24516.25,24503.5,24504
2025-09-17T06:15:00-04:00,24504.25,24511.75,24503.5,24507.25,0,0,0,0,0,0,0,NaN,24511.75,24503.5,24507.25
2025-09-17T06:20:00-04:00,24506.5,24511,24502.5,24502.5,0,0,0,0,0,0,0,NaN,24511,24502.5,24502.5
2025-09-17T06:25:00-04:00,24502.75,24504.25,24498.75,24501.25,0,0,0,0,0,0,0,NaN,24504.25,24498.75,24501.25
2025-09-17T06:30:00-04:00,24502,24505.25,24495.75,24501,0,0,0,0,0,0,0,NaN,24505.25,24495.75,24501
2025-09-17T06:35:00-04:00,24500.5,24504.75,24490,24503.75,0,0,0,0,0,0,0,NaN,24504.75,24490,24503.75
2025-09-17T06:40:00-04:00,24503.5,24508.25,24499,24499,0,0,0,0,0,0,0,NaN,24508.25,24499,24499
2025-09-17T06:45:00-04:00,24499.25,24506.75,24498.5,24500,0,0,0,0,0,0,0,NaN,24506.75,24498.5,24500
2025-09-17T06:50:00-04:00,24500,24502.5,24494.25,24501.75,0,0,0,0,0,0,0,NaN,24502.5,24494.25,24501.75
2025-09-17T06:55:00-04:00,24502,24502,24492,24500,0,0,0,0,0,0,0,NaN,24502,24492,24500
2025-09-17T07:00:00-04:00,24500.5,24504.5,24492,24494,0,0,0,0,0,0,0,NaN,24504.5,24492,24494
2025-09-17T07:05:00-04:00,24492.75,24504.5,24486.5,24503,0,0,0,0,0,0,0,NaN,24504.5,24486.5,24503
2025-09-17T07:10:00-04:00,24503,24516.25,24502.5,24514.25,0,0,0,0,0,0,0,NaN,24516.25,24502.5,24514.25
2025-09-17T07:15:00-04:00,24514,24516,24506,24506.75,0,0,0,0,0,0,0,NaN,24516,24506,24506.75
2025-09-17T07:20:00-04:00,24506.75,24515.75,24506.75,24512.75,0,0,0,0,0,0,0,NaN,24515.75,24506.75,24512.75
2025-09-17T07:25:00-04:00,24512.75,24513,24504.5,24507.25,0,0,0,0,0,0,0,NaN,24513,24504.5,24507.25
2025-09-17T07:30:00-04:00,24506.75,24508,24498,24498.75,0,0,0,0,0,0,0,NaN,24508,24498,24498.75
2025-09-17T07:35:00-04:00,24498,24498,24487.5,24491.75,0,0,0,0,0,0,0,NaN,24498,24487.5,24491.75
2025-09-17T07:40:00-04:00,24492.25,24496.25,24489.75,24489.75,0,0,0,0,0,0,0,NaN,24496.25,24489.75,24489.75
2025-09-17T07:45:00-04:00,24490.25,24503,24490.25,24502,0,0,0,0,0,0,0,NaN,24503,24490.25,24502
2025-09-17T07:50:00-04:00,24502.25,24508,24501.25,24505.75,0,0,0,0,0,0,0,NaN,24508,24501.25,24505.75
2025-09-17T07:55:00-04:00,24505.5,24506.25,24499,24502.5,0,0,0,0,0,0,0,NaN,24506.25,24499,24502.5
2025-09-17T08:00:00-04:00,24502.5,24509.5,24499.25,24503.75,0,0,0,0,0,0,0,NaN,24509.5,24499.25,24503.75
2025-09-17T08:05:00-04:00,24503.5,24505.75,24500.75,24502.25,0,0,0,0,0,0,0,NaN,24505.75,24500.75,24502.25
2025-09-17T08:10:00-04:00,24502.25,24509.75,24498.5,24508.75,0,0,0,0,0,0,0,NaN,24509.75,24498.5,24508.75
2025-09-17T08:15:00-04:00,24508.25,24512.25,24503.75,24511.5,0,0,0,0,0,0,0,NaN,24512.25,24503.75,24511.5
2025-09-17T08:20:00-04:00,24512.25,24514.75,24508.5,24513.75,0,0,0,0,0,0,0,NaN,24514.75,24508.5,24513.75
2025-09-17T08:25:00-04:00,24513.5,24519,24512.5,24516.5,0,0,0,0,0,0,0,NaN,24519,24512.5,24516.5
2025-09-17T08:30:00-04:00,24516.5,24525,24516,24517,0,0,0,0,0,0,0,NaN,24525,24516,24517
2025-09-17T08:35:00-04:00,24516.75,24522.5,24516,24518.5,0,0,0,0,0,0,0,NaN,24522.5,24516,24518.5
2025-09-17T08:40:00-04:00,24518.25,24521.5,24511.5,24513,0,0,0,0,0,0,0,NaN,24521.5,24511.5,24513
2025-09-17T08:45:00-04:00,24513,24517.5,24508,24514.5,0,0,0,0,0,0,0,NaN,24517.5,24508,24514.5
2025-09-17T08:50:00-04:00,24514.25,24520.75,24511.25,24520.75,0,0,0,0,0,0,0,NaN,24520.75,24511.25,24520.75
2025-09-17T08:55:00-04:00,24520.75,24526,24519.25,24524.75,0,0,0,0,0,0,0,NaN,24526,24519.25,24524.75
2025-09-17T09:00:00-04:00,24524.5,24528,24521.25,24524.25,0,0,0,0,0,0,0,NaN,24528,24521.25,24524.25
2025-09-17T09:05:00-04:00,24524.5,24528.25,24519.25,24521,0,0,0,0,0,0,0,NaN,24528.25,24519.25,24521
2025-09-17T09:10:00-04:00,24520.5,24524,24519.75,24521.25,0,0,0,0,0,0,0,NaN,24524,24519.75,24521.25
2025-09-17T09:15:00-04:00,24521,24523.5,24516.25,24520.25,0,0,0,0,0,0,0,NaN,24523.5,24516.25,24520.25
2025-09-17T09:20:00-04:00,24520.25,24521.25,24512.5,24518.25,0,0,0,0,0,0,0,NaN,24521.25,24512.5,24518.25
2025-09-17T09:25:00-04:00,24518.5,24531.75,24516.75,24521.5,0,0,0,0,0,0,0,NaN,24531.75,24516.75,24521.5
2025-09-17T09:30:00-04:00,24521,24540.75,24496,24501.25,0,0,0,0,0,0,0,NaN,24540.75,24496,24501.25
2025-09-17T09:35:00-04:00,24501.5,24510.75,24478.5,24481.75,0,0,0,0,0,0,0,NaN,24510.75,24478.5,24481.75
2025-09-17T09:40:00-04:00,24481.5,24487.75,24466,24475.75,0,0,0,0,0,0,0,NaN,24487.75,24466,24475.75
2025-09-17T09:45:00-04:00,24475.75,24501,24460.25,24497.25,0,0,0,0,0,0,0,NaN,24501,24460.25,24497.25
2025-09-17T09:50:00-04:00,24496.5,24520.5,24494,24499.5,0,0,0,0,0,0,0,NaN,24520.5,24494,24499.5
2025-09-17T09:55:00-04:00,24499.5,24506.75,24473,24477,0,0,0,0,0,0,0,NaN,24506.75,24473,24477
2025-09-17T10:00:00-04:00,24477.5,24480.5,24446.75,24472.25,0,0,0,0,0,0,0,NaN,24480.5,24446.75,24472.25
2025-09-17T10:05:00-04:00,24472,24478.5,24462.5,24466,0,0,0,0,0,0,0,NaN,24478.5,24462.5,24466
2025-09-17T10:10:00-04:00,24465,24475.5,24460,24474.25,0,0,0,0,0,0,0,NaN,24475.5,24460,24474.25
2025-09-17T10:15:00-04:00,24474,24481,24454.75,24463.25,0,0,0,0,0,0,0,NaN,24481,24454.75,24463.25
2025-09-17T10:20:00-04:00,24463.5,24473.5,24452,24454,0,0,0,0,0,0,0,NaN,24473.5,24452,24454
2025-09-17T10:25:00-04:00,24453.5,24458.25,24436,24440.25,0,0,0,0,0,0,0,NaN,24458.25,24436,24440.25
2025-09-17T10:30:00-04:00,24440,24459.75,24434.5,24447.75,0,0,0,0,0,0,0,NaN,24459.75,24434.5,24447.75
2025-09-17T10:35:00-04:00,24448.5,24450.25,24429.75,24443.25,0,0,0,0,0,0,0,NaN,24450.25,24429.75,24443.25
2025-09-17T10:40:00-04:00,24442.5,24449,24423.5,24425,0,0,0,0,0,0,0,NaN,24449,24423.5,24425
2025-09-17T10:45:00-04:00,24425.25,24435,24415.75,24429,0,0,0,0,0,0,0,NaN,24435,24415.75,24429
2025-09-17T10:50:00-04:00,24429.25,24432,24410,24430,0,0,0,0,0,0,0,NaN,24432,24410,24430
2025-09-17T10:55:00-04:00,24430.25,24436.5,24417.25,24420.25,0,0,0,0,0,0,0,NaN,24436.5,24417.25,24420.25
2025-09-17T11:00:00-04:00,24420.25,24425.75,24408.75,24411.75,0,0,0,0,0,0,0,NaN,24425.75,24408.75,24411.75
2025-09-17T11:05:00-04:00,24411.5,24417.75,24404,24416.75,0,0,0,0,0,0,0,NaN,24417.75,24404,24416.75
2025-09-17T11:10:00-04:00,24417,24433,24407.25,24432,0,0,0,0,0,0,0,NaN,24433,24407.25,24432
2025-09-17T11:15:00-04:00,24431.5,24445,24425,24437.25,0,0,0,0,0,0,0,NaN,24445,24425,24437.25
2025-09-17T11:20:00-04:00,24437,24439,24422,24423.25,0,0,0,0,0,0,0,NaN,24439,24422,24423.25
2025-09-17T11:25:00-04:00,24423.5,24425.75,24405.75,24412.75,0,0,0,0,0,0,0,NaN,24425.75,24405.75,24412.75
2025-09-17T11:30:00-04:00,24412.5,24420.75,24408,24415.25,0,0,0,0,0,0,0,NaN,24420.75,24408,24415.25
2025-09-17T11:35:00-04:00,24415.5,24423.5,24406.75,24408.25,0,0,0,0,0,0,0,NaN,24423.5,24406.75,24408.25
2025-09-17T11:40:00-04:00,24408.75,24418.25,24398,24416.75,0,0,0,0,0,0,0,NaN,24418.25,24398,24416.75
2025-09-17T11:45:00-04:00,24417,24423.5,24408.25,24415.75,0,0,0,0,0,0,0,NaN,24423.5,24408.25,24415.75
2025-09-17T11:50:00-04:00,24415.75,24418.25,24401.25,24403.75,0,0,0,0,0,0,0,NaN,24418.25,24401.25,24403.75
2025-09-17T11:55:00-04:00,24403.25,24414.75,24402.25,24411.25,0,0,0,0,0,0,0,NaN,24414.75,24402.25,24411.25
2025-09-17T12:00:00-04:00,24410.75,24414.25,24401.5,24401.5,0,0,0,0,0,0,0,NaN,24414.25,24401.5,24401.5
2025-09-17T12:05:00-04:00,24401.75,24411.25,24398.75,24403.25,0,0,0,0,0,0,0,NaN,24411.25,24398.75,24403.25
2025-09-17T12:10:00-04:00,24403,24405,24389.25,24400.5,0,0,0,0,0,0,0,NaN,24405,24389.25,24400.5
2025-09-17T12:15:00-04:00,24400.5,24407,24398.5,24404.5,0,0,0,0,0,0,0,NaN,24407,24398.5,24404.5
2025-09-17T12:20:00-04:00,24404.75,24416,24402.75,24413.25,0,0,0,0,0,0,0,NaN,24416,24402.75,24413.25
2025-09-17T12:25:00-04:00,24413,24422,24409.5,24420.5,0,0,0,0,0,0,0,NaN,24422,24409.5,24420.5
2025-09-17T12:30:00-04:00,24420.25,24421,24397.75,24398.5,0,0,0,0,0,0,0,NaN,24421,24397.75,24398.5
2025-09-17T12:35:00-04:00,24399,24403,24381.75,24382,0,0,0,0,0,0,0,NaN,24403,24381.75,24382
2025-09-17T12:40:00-04:00,24382.25,24397,24374.75,24394.75,0,0,0,0,0,0,0,NaN,24397,24374.75,24394.75
2025-09-17T12:45:00-04:00,24394.75,24395,24376,24384.75,0,0,0,0,0,0,0,NaN,24395,24376,24384.75
2025-09-17T12:50:00-04:00,24385,24399.25,24384.75,24394.25,0,0,0,0,0,0,0,NaN,24399.25,24384.75,24394.25
2025-09-17T12:55:00-04:00,24394.25,24398,24383.5,24389.75,0,0,0,0,0,0,0,NaN,24398,24383.5,24389.75
2025-09-17T13:00:00-04:00,24389.75,24402.75,24388.5,24400,0,0,0,0,0,0,0,NaN,24402.75,24388.5,24400
2025-09-17T13:05:00-04:00,24400,24402.75,24395.25,24397.25,0,0,0,0,0,0,0,NaN,24402.75,24395.25,24397.25
2025-09-17T13:10:00-04:00,24397.75,24402.75,24388,24402.5,0,0,0,0,0,0,0,NaN,24402.75,24388,24402.5
2025-09-17T13:15:00-04:00,24402.5,24404.5,24395.75,24404,0,0,0,0,0,0,0,NaN,24404.5,24395.75,24404
2025-09-17T13:20:00-04:00,24404,24408,24393.25,24406,0,0,0,0,0,0,0,NaN,24408,24393.25,24406
2025-09-17T13:25:00-04:00,24406.5,24410.5,24401.5,24409.75,0,0,0,0,0,0,0,NaN,24410.5,24401.5,24409.75
2025-09-17T13:30:00-04:00,24410,24424.25,24410,24421.25,0,0,0,0,0,0,0,NaN,24424.25,24410,24421.25
2025-09-17T13:35:00-04:00,24420.75,24446,24419.5,24442,0,0,0,0,0,0,0,NaN,24446,24419.5,24442
2025-09-17T13:40:00-04:00,24441.25,24449,24433,24435.75,0,0,0,0,0,0,0,NaN,24449,24433,24435.75
2025-09-17T13:45:00-04:00,24436,24441.75,24426.5,24429.25,0,0,0,0,0,0,0,NaN,24441.75,24426.5,24429.25
2025-09-17T13:50:00-04:00,24429,24434.5,24423.5,24434,0,0,0,0,0,0,0,NaN,24434.5,24423.5,24434
2025-09-17T13:55:00-04:00,24434.25,24461.25,24426.5,24455.5,0,0,0,0,0,0,0,NaN,24461.25,24426.5,24455.5
2025-09-17T14:00:00-04:00,24455.75,24524,24439.5,24512.25,0,0,0,0,0,0,0,NaN,24524,24439.5,24512.25
2025-09-17T14:05:00-04:00,24511.75,24515,24436.25,24441,0,0,0,0,0,0,0,NaN,24515,24436.25,24441
2025-09-17T14:10:00-04:00,24441,24452.25,24323.25,24324,0,0,0,0,0,0,0,NaN,24452.25,24323.25,24324
2025-09-17T14:15:00-04:00,24324,24388.75,24291.75,24374.75,0,0,0,0,0,0,0,NaN,24388.75,24291.75,24374.75
2025-09-17T14:20:00-04:00,24374,24424.75,24333.25,24413,0,0,0,0,0,0,0,NaN,24424.75,24333.25,24413
2025-09-17T14:25:00-04:00,24413.75,24444.25,24387.5,24441.25,0,0,0,0,0,0,0,NaN,24444.25,24387.5,24441.25
2025-09-17T14:30:00-04:00,24442.25,24453.5,24347.25,24366.75,0,0,0,0,0,0,0,NaN,24453.5,24347.25,24366.75
2025-09-17T14:35:00-04:00,24365.75,24414.25,24323.25,24324.75,0,0,0,0,0,0,0,NaN,24414.25,24323.25,24324.75
2025-09-17T14:40:00-04:00,24325,24374,24288.5,24318,0,0,0,0,0,0,0,NaN,24374,24288.5,24318
2025-09-17T14:45:00-04:00,24319.25,24361.5,24264.75,24341.75,0,0,0,0,0,0,0,NaN,24361.5,24264.75,24341.75
2025-09-17T14:50:00-04:00,24341.5,24354,24242,24268.5,0,0,0,0,0,0,0,NaN,24354,24242,24268.5
2025-09-17T14:55:00-04:00,24268,24396.75,24266.5,24393,0,0,0,0,0,0,0,NaN,24396.75,24266.5,24393
2025-09-17T15:00:00-04:00,24392.25,24455.25,24382.75,24450.25,0,0,0,0,0,0,0,NaN,24455.25,24382.75,24450.25
2025-09-17T15:05:00-04:00,24451,24516.5,24436,24490.25,0,0,0,0,0,0,0,NaN,24516.5,24436,24490.25
2025-09-17T15:10:00-04:00,24491.75,24520,24412.75,24431.25,0,0,0,0,0,0,0,NaN,24520,24412.75,24431.25
2025-09-17T15:15:00-04:00,24430.75,24502.25,24428.75,24471.75,0,0,0,0,0,0,0,NaN,24502.25,24428.75,24471.75
2025-09-17T15:20:00-04:00,24472,24530,24453,24520.25,0,0,0,0,0,0,0,NaN,24530,24453,24520.25
2025-09-17T15:25:00-04:00,24521,24550.75,24510.75,24530.5,0,0,0,0,0,0,0,NaN,24550.75,24510.75,24530.5
2025-09-17T15:30:00-04:00,24530.75,24547.25,24472,24493.5,0,0,0,0,0,0,0,NaN,24547.25,24472,24493.5
2025-09-17T15:35:00-04:00,24494.5,24530.5,24490,24491.75,0,0,0,0,0,0,0,NaN,24530.5,24490,24491.75
2025-09-17T15:40:00-04:00,24491.75,24515.5,24476.5,24498,0,0,0,0,0,0,0,NaN,24515.5,24476.5,24498
2025-09-17T15:45:00-04:00,24498.75,24504.25,24474.75,24489,0,0,0,0,0,0,0,NaN,24504.25,24474.75,24489
2025-09-17T15:50:00-04:00,24490.25,24511.75,24456.25,24482.25,0,0,0,0,0,0,0,NaN,24511.75,24456.25,24482.25
2025-09-17T15:55:00-04:00,24483.25,24505,24447.75,24475.25,0,0,0,0,0,0,0,NaN,24505,24447.75,24475.25
2025-09-17T16:00:00-04:00,24475,24512.75,24472.25,24503.5,0,0,0,0,0,0,0,NaN,24512.75,24472.25,24503.5
2025-09-17T16:05:00-04:00,24503.75,24523.75,24499.25,24512.75,0,0,0,0,0,0,0,NaN,24523.75,24499.25,24512.75
2025-09-17T16:10:00-04:00,24512.25,24518.75,24503.5,24507.5,0,0,0,0,0,0,0,NaN,24518.75,24503.5,24507.5
2025-09-17T16:15:00-04:00,24507,24508.75,24487.75,24498,0,0,0,0,0,0,0,NaN,24508.75,24487.75,24498
2025-09-17T16:20:00-04:00,24498.5,24501,24487.25,24492.5,0,0,0,0,0,0,0,NaN,24501,24487.25,24492.5
2025-09-17T16:25:00-04:00,24493.75,24509.25,24492,24508.5,0,0,0,0,0,0,0,NaN,24509.25,24492,24508.5
2025-09-17T16:30:00-04:00,24507.75,24517.25,24505.5,24516,0,0,0,0,0,0,0,NaN,24517.25,24505.5,24516
2025-09-17T16:35:00-04:00,24516.75,24517.25,24500.5,24502.25,0,0,0,0,0,0,0,NaN,24517.25,24500.5,24502.25
2025-09-17T16:40:00-04:00,24502.25,24504,24497.5,24501.5,0,0,0,0,0,0,0,NaN,24504,24497.5,24501.5
2025-09-17T16:45:00-04:00,24501.25,24502.5,24491.25,24491.25,0,0,0,0,0,0,0,NaN,24502.5,24491.25,24491.25
2025-09-17T16:50:00-04:00,24491,24492.75,24487,24487.25,0,0,0,0,0,0,0,NaN,24492.75,24487,24487.25
2025-09-17T16:55:00-04:00,24487,24504,24486.5,24502,0,0,0,0,0,0,0,NaN,24504,24486.5,24502
2025-09-17T18:00:00-04:00,24498.5,24509,24495.25,24507.25,0,0,0,0,0,0,0,NaN,24509,24495.25,24507.25
2025-09-17T18:05:00-04:00,24507,24519.5,24506.25,24515.25,0,0,0,0,0,0,0,NaN,24519.5,24506.25,24515.25
2025-09-17T18:10:00-04:00,24516,24518,24509.75,24517,0,0,0,0,0,0,0,NaN,24518,24509.75,24517
2025-09-17T18:15:00-04:00,24516.25,24518,24515,24517,0,0,0,0,0,0,0,NaN,24518,24515,24517
2025-09-17T18:20:00-04:00,24517,24524,24514,24522.5,0,0,0,0,0,0,0,NaN,24524,24514,24522.5
2025-09-17T18:25:00-04:00,24522.25,24532,24522.25,24529.75,0,0,0,0,0,0,0,NaN,24532,24522.25,24529.75
2025-09-17T18:30:00-04:00,24529.5,24534.25,24527,24534.25,0,0,0,0,0,0,0,NaN,24534.25,24527,24534.25
2025-09-17T18:35:00-04:00,24534.25,24541.75,24532.25,24541.75,0,0,0,0,0,0,0,NaN,24541.75,24532.25,24541.75
2025-09-17T18:40:00-04:00,24540.5,24549,24538.75,24545,0,0,0,0,0,0,0,NaN,24549,24538.75,24545
2025-09-17T18:45:00-04:00,24545,24563,24542,24562,0,0,0,0,0,0,0,NaN,24563,24542,24562
2025-09-17T18:50:00-04:00,24562.5,24574.25,24560.25,24570.75,0,0,0,0,0,0,0,NaN,24574.25,24560.25,24570.75
2025-09-17T18:55:00-04:00,24570.75,24572.25,24566.25,24567.5,0,0,0,0,0,0,0,NaN,24572.25,24566.25,24567.5
2025-09-17T19:00:00-04:00,24567.5,24575.5,24567.5,24573.5,0,0,0,0,0,0,0,NaN,24575.5,24567.5,24573.5
2025-09-17T19:05:00-04:00,24574,24576.5,24569.25,24574,0,0,0,0,0,0,0,NaN,24576.5,24569.25,24574
2025-09-17T19:10:00-04:00,24573.5,24577.25,24567.75,24568.75,0,0,0,0,0,0,0,NaN,24577.25,24567.75,24568.75
2025-09-17T19:15:00-04:00,24568.5,24579,24568.5,24574.5,0,0,0,0,0,0,0,NaN,24579,24568.5,24574.5
2025-09-17T19:20:00-04:00,24573.75,24577.5,24572.5,24574,0,0,0,0,0,0,0,NaN,24577.5,24572.5,24574
2025-09-17T19:25:00-04:00,24574,24577,24573.25,24575.25,0,0,0,0,0,0,0,NaN,24577,24573.25,24575.25
2025-09-17T19:30:00-04:00,24574.75,24585.75,24574.25,24578,0,0,0,0,0,0,0,NaN,24585.75,24574.25,24578
2025-09-17T19:35:00-04:00,24578.5,24579.75,24571,24572.5,0,0,0,0,0,0,0,NaN,24579.75,24571,24572.5
2025-09-17T19:40:00-04:00,24572.75,24574.75,24569,24572.25,0,0,0,0,0,0,0,NaN,24574.75,24569,24572.25
2025-09-17T19:45:00-04:00,24572.75,24586,24572.5,24586,0,0,0,0,0,0,0,NaN,24586,24572.5,24586
2025-09-17T19:50:00-04:00,24583.75,24584.25,24578,24584.25,0,0,0,0,0,0,0,NaN,24584.25,24578,24584.25
2025-09-17T19:55:00-04:00,24584.5,24589,24580.75,24583.5,0,0,0,0,0,0,0,NaN,24589,24580.75,24583.5
2025-09-17T20:00:00-04:00,24584.25,24584.25,24568.25,24568.25,0,0,0,0,0,0,0,NaN,24584.25,24568.25,24568.25
2025-09-17T20:05:00-04:00,24568.25,24578.25,24568,24575.5,0,0,0,0,0,0,0,NaN,24578.25,24568,24575.5
2025-09-17T20:10:00-04:00,24575.75,24579.75,24570.25,24573.75,0,0,0,0,0,0,0,NaN,24579.75,24570.25,24573.75
2025-09-17T20:15:00-04:00,24573.75,24576.25,24571.75,24571.75,0,0,0,0,0,0,0,NaN,24576.25,24571.75,24571.75
2025-09-17T20:20:00-04:00,24571.75,24573.5,24560.75,24564.25,0,0,0,0,0,0,0,NaN,24573.5,24560.75,24564.25
2025-09-17T20:25:00-04:00,24565,24566.5,24560,24563,0,0,0,0,0,0,0,NaN,24566.5,24560,24563
2025-09-17T20:30:00-04:00,24563,24568.5,24561.75,24565.75,0,0,0,0,0,0,0,NaN,24568.5,24561.75,24565.75
2025-09-17T20:35:00-04:00,24566.5,24568.5,24563,24563.5,0,0,0,0,0,0,0,NaN,24568.5,24563,24563.5
2025-09-17T20:40:00-04:00,24563.5,24570,24563,24567,0,0,0,0,0,0,0,NaN,24570,24563,24567
2025-09-17T20:45:00-04:00,24566.75,24570,24564.25,24564.25,0,0,0,0,0,0,0,NaN,24570,24564.25,24564.25
2025-09-17T20:50:00-04:00,24564,24568.25,24560.75,24567.5,0,0,0,0,0,0,0,NaN,24568.25,24560.75,24567.5
2025-09-17T20:55:00-04:00,24566.75,24570.5,24563.5,24564.5,0,0,0,0,0,0,0,NaN,24570.5,24563.5,24564.5
2025-09-17T21:00:00-04:00,24564.25,24569.5,24560.5,24567.75,0,0,0,0,0,0,0,NaN,24569.5,24560.5,24567.75
2025-09-17T21:05:00-04:00,24568.25,24593.5,24566.5,24586.25,0,0,0,0,0,0,0,NaN,24593.5,24566.5,24586.25
2025-09-17T21:10:00-04:00,24585.5,24594.5,24585.25,24587.75,0,0,0,0,0,0,0,NaN,24594.5,24585.25,24587.75
2025-09-17T21:15:00-04:00,24587.75,24588.5,24577.25,24577.25,0,0,0,0,0,0,0,NaN,24588.5,24577.25,24577.25
2025-09-17T21:20:00-04:00,24578.25,24578.25,24567.5,24577,0,0,0,0,0,0,0,NaN,24578.25,24567.5,24577
2025-09-17T21:25:00-04:00,24577.25,24580.5,24574.75,24577,0,0,0,0,0,0,0,NaN,24580.5,24574.75,24577
2025-09-17T21:30:00-04:00,24577,24585.5,24576,24582,0,0,0,0,0,0,0,NaN,24585.5,24576,24582
2025-09-17T21:35:00-04:00,24582.5,24588.25,24582.5,24588.25,0,0,0,0,0,0,0,NaN,24588.25,24582.5,24588.25
2025-09-17T21:40:00-04:00,24588.25,24589.5,24584,24588,0,0,0,0,0,0,0,NaN,24589.5,24584,24588
2025-09-17T21:45:00-04:00,24588,24594,24586.75,24591.25,0,0,0,0,0,0,0,NaN,24594,24586.75,24591.25
2025-09-17T21:50:00-04:00,24591.25,24593.25,24587.5,24593.25,0,0,0,0,0,0,0,NaN,24593.25,24587.5,24593.25
2025-09-17T21:55:00-04:00,24593.75,24598,24592,24592.75,0,0,0,0,0,0,0,NaN,24598,24592,24592.75
2025-09-17T22:00:00-04:00,24592,24593.25,24590,24593,0,0,0,0,0,0,0,NaN,24593.25,24590,24593
2025-09-17T22:05:00-04:00,24592.5,24593,24587.5,24588,0,0,0,0,0,0,0,NaN,24593,24587.5,24588
2025-09-17T22:10:00-04:00,24587.75,24598,24586.75,24596.75,0,0,0,0,0,0,0,NaN,24598,24586.75,24596.75
2025-09-17T22:15:00-04:00,24597,24605.5,24596.5,24604.25,0,0,0,0,0,0,0,NaN,24605.5,24596.5,24604.25
2025-09-17T22:20:00-04:00,24604,24606.25,24598.5,24603.25,0,0,0,0,0,0,0,NaN,24606.25,24598.5,24603.25
2025-09-17T22:25:00-04:00,24603.75,24605.5,24601.5,24604.5,0,0,0,0,0,0,0,NaN,24605.5,24601.5,24604.5
2025-09-17T22:30:00-04:00,24603.75,24607.25,24602.25,24603.25,0,0,0,0,0,0,0,NaN,24607.25,24602.25,24603.25
2025-09-17T22:35:00-04:00,24603,24612,24603,24610,0,0,0,0,0,0,0,NaN,24612,24603,24610
2025-09-17T22:40:00-04:00,24609,24613.25,24608,24611.25,0,0,0,0,0,0,0,NaN,24613.25,24608,24611.25
2025-09-17T22:45:00-04:00,24611.25,24617.5,24611.25,24616,0,0,0,0,0,0,0,NaN,24617.5,24611.25,24616
2025-09-17T22:50:00-04:00,24616.75,24619.75,24612.75,24615.5,0,0,0,0,0,0,0,NaN,24619.75,24612.75,24615.5
2025-09-17T22:55:00-04:00,24616,24623.5,24613.5,24620.75,0,0,0,0,0,0,0,NaN,24623.5,24613.5,24620.75
2025-09-17T23:00:00-04:00,24620.75,24645,24620,24639.25,0,0,0,0,0,0,0,NaN,24645,24620,24639.25
2025-09-17T23:05:00-04:00,24639,24643,24634.75,24636.5,0,0,0,0,0,0,0,NaN,24643,24634.75,24636.5
2025-09-17T23:10:00-04:00,24636,24636.75,24629.25,24630.75,0,0,0,0,0,0,0,NaN,24636.75,24629.25,24630.75
2025-09-17T23:15:00-04:00,24632,24637,24629,24637,0,0,0,0,0,0,0,NaN,24637,24629,24637
2025-09-17T23:20:00-04:00,24636.5,24642.25,24635.75,24639.5,0,0,0,0,0,0,0,NaN,24642.25,24635.75,24639.5
2025-09-17T23:25:00-04:00,24638,24643.25,24637,24638,0,0,0,0,0,0,0,NaN,24643.25,24637,24638
2025-09-17T23:30:00-04:00,24638.5,24642.5,24635,24638.75,0,0,0,0,0,0,0,NaN,24642.5,24635,24638.75
2025-09-17T23:35:00-04:00,24638.25,24638.5,24633.75,24637.75,0,0,0,0,0,0,0,NaN,24638.5,24633.75,24637.75
2025-09-17T23:40:00-04:00,24638,24638.5,24633.75,24634.5,0,0,0,0,0,0,0,NaN,24638.5,24633.75,24634.5
2025-09-17T23:45:00-04:00,24634,24634.25,24628,24630.25,0,0,0,0,0,0,0,NaN,24634.25,24628,24630.25
2025-09-17T23:50:00-04:00,24630.5,24634.25,24626.25,24633.25,0,0,0,0,0,0,0,NaN,24634.25,24626.25,24633.25
2025-09-17T23:55:00-04:00,24633,24639.75,24632.5,24635.75,0,0,0,0,0,0,0,NaN,24639.75,24632.5,24635.75
2025-09-18T00:00:00-04:00,24635.75,24640,24632.75,24638,0,0,0,0,1,0,0,NaN,24640,24632.75,24638
2025-09-18T00:05:00-04:00,24637.5,24637.75,24630,24632.5,0,0,0,0,0,0,0,NaN,24637.75,24630,24632.5
2025-09-18T00:10:00-04:00,24632,24640.75,24631,24639.75,0,0,0,0,0,0,0,NaN,24640.75,24631,24639.75
2025-09-18T00:15:00-04:00,24639.5,24641.25,24635.25,24640.25,0,0,0,0,0,0,0,NaN,24641.25,24635.25,24640.25
2025-09-18T00:20:00-04:00,24640,24646,24637,24639.75,0,0,0,0,0,0,0,NaN,24646,24637,24639.75
2025-09-18T00:25:00-04:00,24639.5,24644,24638.5,24644,0,0,0,0,0,0,0,NaN,24644,24638.5,24644
2025-09-18T00:30:00-04:00,24644.5,24653.5,24641,24642.25,0,0,0,0,0,0,0,NaN,24653.5,24641,24642.25
2025-09-18T00:35:00-04:00,24641.75,24644,24635.75,24640.75,0,0,0,0,0,0,0,NaN,24644,24635.75,24640.75
2025-09-18T00:40:00-04:00,24640.25,24645.5,24637.5,24644.75,0,0,0,0,0,0,0,NaN,24645.5,24637.5,24644.75
2025-09-18T00:45:00-04:00,24645,24645.25,24640.75,24644.5,0,0,0,0,0,0,0,NaN,24645.25,24640.75,24644.5
2025-09-18T00:50:00-04:00,24644.5,24647,24643.75,24644.5,0,0,0,0,0,0,0,NaN,24647,24643.75,24644.5
2025-09-18T00:55:00-04:00,24645,24648,24641.75,24646,0,0,0,0,0,0,0,NaN,24648,24641.75,24646
2025-09-18T01:00:00-04:00,24645.5,24650.75,24643.5,24648,0,0,0,0,0,0,0,NaN,24650.75,24643.5,24648
2025-09-18T01:05:00-04:00,24647.5,24650,24642.5,24647.75,0,0,0,0,0,0,0,NaN,24650,24642.5,24647.75
2025-09-18T01:10:00-04:00,24647,24647.75,24643.75,24645,0,0,0,0,0,0,0,NaN,24647.75,24643.75,24645
2025-09-18T01:15:00-04:00,24645,24646.25,24634.75,24637,0,0,0,0,0,0,0,NaN,24646.25,24634.75,24637
2025-09-18T01:20:00-04:00,24636.5,24636.75,24630.5,24634.75,0,0,0,0,0,0,0,NaN,24636.75,24630.5,24634.75
2025-09-18T01:25:00-04:00,24633.5,24633.5,24615,24617.25,0,0,0,0,0,0,0,NaN,24633.5,24615,24617.25
2025-09-18T01:30:00-04:00,24617,24623,24611,24616,0,0,0,0,0,0,0,NaN,24623,24611,24616
2025-09-18T01:35:00-04:00,24616,24618.5,24613.75,24615,0,0,0,0,0,0,0,NaN,24618.5,24613.75,24615
2025-09-18T01:40:00-04:00,24615.25,24622.5,24614.25,24615.25,0,0,0,0,0,0,0,NaN,24622.5,24614.25,24615.25
2025-09-18T01:45:00-04:00,24615.75,24616.75,24611.25,24615,0,0,0,0,0,0,0,NaN,24616.75,24611.25,24615
2025-09-18T01:50:00-04:00,24615,24621.25,24614.5,24615.5,0,0,0,0,0,0,0,NaN,24621.25,24614.5,24615.5
2025-09-18T01:55:00-04:00,24615,24618.25,24612,24615,0,0,0,0,0,0,0,NaN,24618.25,24612,24615
2025-09-18T02:00:00-04:00,24614.5,24617.5,24606.5,24608.5,0,0,0,0,0,0,0,NaN,24617.5,24606.5,24608.5
2025-09-18T02:05:00-04:00,24608.75,24609.75,24595.5,24601.25,0,0,0,0,0,0,0,NaN,24609.75,24595.5,24601.25
2025-09-18T02:10:00-04:00,24602.25,24602.75,24589.5,24594,0,0,0,0,0,0,0,NaN,24602.75,24589.5,24594
2025-09-18T02:15:00-04:00,24593.5,24602.25,24587.5,24600,0,0,0,0,0,0,0,NaN,24602.25,24587.5,24600
2025-09-18T02:20:00-04:00,24599.5,24600.25,24590,24592.5,0,0,0,0,0,0,0,NaN,24600.25,24590,24592.5
2025-09-18T02:25:00-04:00,24593.25,24597.5,24591,24594.25,0,0,0,0,0,0,0,NaN,24597.5,24591,24594.25
2025-09-18T02:30:00-04:00,24594.25,24605.75,24586.5,24605.75,0,0,0,0,0,0,0,NaN,24605.75,24586.5,24605.75
2025-09-18T02:35:00-04:00,24605.25,24612,24602.25,24610,0,0,0,0,0,0,0,NaN,24612,24602.25,24610
2025-09-18T02:40:00-04:00,24609.25,24616.25,24607,24614.75,0,0,0,0,0,0,0,NaN,24616.25,24607,24614.75
2025-09-18T02:45:00-04:00,24614.75,24622.5,24612.25,24614.5,0,0,0,0,0,0,0,NaN,24622.5,24612.25,24614.5
2025-09-18T02:50:00-04:00,24614,24618.25,24610.25,24618.25,0,0,0,0,0,0,0,NaN,24618.25,24610.25,24618.25
2025-09-18T02:55:00-04:00,24618,24625.75,24618,24624.5,0,0,0,0,0,0,0,NaN,24625.75,24618,24624.5
2025-09-18T03:00:00-04:00,24624.75,24630,24620.25,24629.25,0,0,0,0,0,0,0,NaN,24630,24620.25,24629.25
2025-09-18T03:05:00-04:00,24629.75,24635.25,24623.75,24625.75,0,0,0,0,0,0,0,NaN,24635.25,24623.75,24625.75
2025-09-18T03:10:00-04:00,24625,24633.25,24622.75,24632.25,0,0,0,0,0,0,0,NaN,24633.25,24622.75,24632.25
2025-09-18T03:15:00-04:00,24632.25,24653.25,24628.75,24651.75,0,0,0,0,0,0,0,NaN,24653.25,24628.75,24651.75
2025-09-18T03:20:00-04:00,24651.75,24651.75,24625.25,24627,0,0,0,0,0,0,0,NaN,24651.75,24625.25,24627
2025-09-18T03:25:00-04:00,24625.25,24631.25,24619.5,24626,0,0,0,0,0,0,0,NaN,24631.25,24619.5,24626
2025-09-18T03:30:00-04:00,24625.5,24632.75,24623.5,24628,0,0,0,0,0,0,0,NaN,24632.75,24623.5,24628
2025-09-18T03:35:00-04:00,24628.25,24632,24625,24629.25,0,0,0,0,0,0,0,NaN,24632,24625,24629.25
2025-09-18T03:40:00-04:00,24630,24642.5,24628.75,24638.75,0,0,0,0,0,0,0,NaN,24642.5,24628.75,24638.75
2025-09-18T03:45:00-04:00,24637.75,24654.5,24637.75,24652.5,0,0,0,0,0,0,0,NaN,24654.5,24637.75,24652.5
2025-09-18T03:50:00-04:00,24652.5,24667.75,24652.5,24666.5,0,0,0,0,0,0,0,NaN,24667.75,24652.5,24666.5
2025-09-18T03:55:00-04:00,24665.75,24670.75,24661.5,24663.25,0,0,0,0,0,0,0,NaN,24670.75,24661.5,24663.25
2025-09-18T04:00:00-04:00,24663.5,24678.75,24656.25,24678.5,0,0,0,0,0,0,0,NaN,24678.75,24656.25,24678.5
2025-09-18T04:05:00-04:00,24678.25,24683.75,24669.5,24676,0,0,0,0,0,0,0,NaN,24683.75,24669.5,24676
2025-09-18T04:10:00-04:00,24676.75,24695.25,24674.75,24686.75,0,0,0,0,0,0,0,NaN,24695.25,24674.75,24686.75
2025-09-18T04:15:00-04:00,24687,24693,24681.5,24684.75,0,0,0,0,0,0,0,NaN,24693,24681.5,24684.75
2025-09-18T04:20:00-04:00,24685,24692.25,24679.75,24691.5,0,0,0,0,0,0,0,NaN,24692.25,24679.75,24691.5
2025-09-18T04:25:00-04:00,24691.25,24696,24684.25,24692.75,0,0,0,0,0,0,0,NaN,24696,24684.25,24692.75
2025-09-18T04:30:00-04:00,24692.75,24699,24688.5,24696.25,0,0,0,0,0,0,0,NaN,24699,24688.5,24696.25
2025-09-18T04:35:00-04:00,24697,24706.75,24695.5,24703.75,0,0,0,0,0,0,0,NaN,24706.75,24695.5,24703.75
2025-09-18T04:40:00-04:00,24704,24708,24700.5,24703.25,0,0,0,0,0,0,0,NaN,24708,24700.5,24703.25
2025-09-18T04:45:00-04:00,24703.75,24719,24699.5,24718.75,0,0,0,0,0,0,0,NaN,24719,24699.5,24718.75
2025-09-18T04:50:00-04:00,24719,24725.75,24717.5,24723.5,0,0,0,0,0,0,0,NaN,24725.75,24717.5,24723.5
2025-09-18T04:55:00-04:00,24723.75,24732.75,24720.5,24727.5,0,0,0,0,0,0,0,NaN,24732.75,24720.5,24727.5
2025-09-18T05:00:00-04:00,24728.75,24731,24720.25,24723,0,0,0,0,0,0,0,NaN,24731,24720.25,24723
2025-09-18T05:05:00-04:00,24722.75,24729.75,24718.25,24728.25,0,0,0,0,0,0,0,NaN,24729.75,24718.25,24728.25
2025-09-18T05:10:00-04:00,24728,24732.25,24708.25,24711.25,0,0,0,0,0,0,0,NaN,24732.25,24708.25,24711.25
2025-09-18T05:15:00-04:00,24711.25,24724,24711.25,24717.5,0,0,0,0,0,0,0,NaN,24724,24711.25,24717.5
2025-09-18T05:20:00-04:00,24718,24720.25,24711.75,24712.25,0,0,0,0,0,0,0,NaN,24720.25,24711.75,24712.25
2025-09-18T05:25:00-04:00,24712.5,24722.25,24709.75,24718.5,0,0,0,0,0,0,0,NaN,24722.25,24709.75,24718.5
2025-09-18T05:30:00-04:00,24718.5,24728.5,24717.5,24728.25,0,0,0,0,0,0,0,NaN,24728.5,24717.5,24728.25
2025-09-18T05:35:00-04:00,24728.25,24731.75,24721.5,24726.75,0,0,0,0,0,0,0,NaN,24731.75,24721.5,24726.75
2025-09-18T05:40:00-04:00,24727,24729,24718.75,24719.75,0,0,0,0,0,0,0,NaN,24729,24718.75,24719.75
2025-09-18T05:45:00-04:00,24719.5,24724.25,24713.25,24720,0,0,0,0,0,0,0,NaN,24724.25,24713.25,24720
2025-09-18T05:50:00-04:00,24720.75,24730.5,24718,24718,0,0,0,0,0,0,0,NaN,24730.5,24718,24718
2025-09-18T05:55:00-04:00,24719,24721.5,24715.25,24718,0,0,0,0,0,0,0,NaN,24721.5,24715.25,24718
2025-09-18T06:00:00-04:00,24717.75,24721.5,24713.5,24721,0,0,0,0,0,0,0,NaN,24721.5,24713.5,24721
2025-09-18T06:05:00-04:00,24721.25,24729.25,24720.5,24729.25,0,0,0,0,0,0,0,NaN,24729.25,24720.5,24729.25
2025-09-18T06:10:00-04:00,24729.5,24729.5,24724.5,24727.5,0,0,0,0,0,0,0,NaN,24729.5,24724.5,24727.5
2025-09-18T06:15:00-04:00,24727,24728.25,24721.5,24722.75,0,0,0,0,0,0,0,NaN,24728.25,24721.5,24722.75
2025-09-18T06:20:00-04:00,24723.25,24724.5,24714.25,24717.25,0,0,0,0,0,0,0,NaN,24724.5,24714.25,24717.25
2025-09-18T06:25:00-04:00,24717.5,24717.75,24706,24710,0,0,0,0,0,0,0,NaN,24717.75,24706,24710
2025-09-18T06:30:00-04:00,24709.75,24709.75,24700.75,24701,0,0,0,0,0,0,0,NaN,24709.75,24700.75,24701
2025-09-18T06:35:00-04:00,24701.25,24706.25,24700.25,24704,0,0,0,0,0,0,0,NaN,24706.25,24700.25,24704
2025-09-18T06:40:00-04:00,24704.5,24706.75,24701,24703,0,0,0,0,0,0,0,NaN,24706.75,24701,24703
2025-09-18T06:45:00-04:00,24702,24708.25,24697.25,24698.75,0,0,0,0,0,0,0,NaN,24708.25,24697.25,24698.75
2025-09-18T06:50:00-04:00,24698.75,24701.25,24693,24696.75,0,0,0,0,0,0,0,NaN,24701.25,24693,24696.75
2025-09-18T06:55:00-04:00,24696.75,24708,24695,24706.5,0,0,0,0,0,0,0,NaN,24708,24695,24706.5
2025-09-18T07:00:00-04:00,24706.75,24738,24700.5,24725.25,0,0,0,0,0,0,0,NaN,24738,24700.5,24725.25
2025-09-18T07:05:00-04:00,24725.75,24734.25,24716.25,24733,0,0,0,0,0,0,0,NaN,24734.25,24716.25,24733
2025-09-18T07:10:00-04:00,24733.25,24751,24732,24746.75,0,0,0,0,0,0,0,NaN,24751,24732,24746.75
2025-09-18T07:15:00-04:00,24746.5,24752.5,24739,24744.5,0,0,0,0,0,0,0,NaN,24752.5,24739,24744.5
2025-09-18T07:20:00-04:00,24745,24755.75,24743,24744.5,0,0,0,0,0,0,0,NaN,24755.75,24743,24744.5
2025-09-18T07:25:00-04:00,24745.5,24746.25,24734,24742,0,0,0,0,0,0,0,NaN,24746.25,24734,24742
2025-09-18T07:30:00-04:00,24741.5,24744.5,24736.5,24739,0,0,0,0,0,0,0,NaN,24744.5,24736.5,24739
2025-09-18T07:35:00-04:00,24739.5,24742.25,24736,24739.5,0,0,0,0,0,0,0,NaN,24742.25,24736,24739.5
2025-09-18T07:40:00-04:00,24739.25,24739.75,24715.5,24722.75,0,0,0,0,0,0,0,NaN,24739.75,24715.5,24722.75
2025-09-18T07:45:00-04:00,24722.25,24732.5,24719.25,24728.25,0,0,0,0,0,0,0,NaN,24732.5,24719.25,24728.25
2025-09-18T07:50:00-04:00,24727.75,24737,24725.75,24733.25,0,0,0,0,0,0,0,NaN,24737,24725.75,24733.25
2025-09-18T07:55:00-04:00,24733.25,24743.75,24730.25,24742.25,0,0,0,0,0,0,0,NaN,24743.75,24730.25,24742.25
2025-09-18T08:00:00-04:00,24742.5,24743.5,24737.25,24743.25,0,0,0,0,0,0,0,NaN,24743.5,24737.25,24743.25
2025-09-18T08:05:00-04:00,24743.25,24747,24731.5,24731.5,0,0,0,0,0,0,0,NaN,24747,24731.5,24731.5
2025-09-18T08:10:00-04:00,24732,24736.5,24723,24733.5,0,0,0,0,0,0,0,NaN,24736.5,24723,24733.5
2025-09-18T08:15:00-04:00,24734.75,24740.5,24728.75,24739.25,0,0,0,0,0,0,0,NaN,24740.5,24728.75,24739.25
2025-09-18T08:20:00-04:00,24739.5,24753,24736.75,24749.25,0,0,0,0,0,0,0,NaN,24753,24736.75,24749.25