time,open,high,low,close,Chars,Chars,Chars,Chars,Chars,Chars,Chars,PlotCandle (Open),PlotCandle (High,PlotCandle (Low),PlotCandle (Close)
2025-08-04T02:00:00-04:00,22983.25,22993.25,22981,22992.75,0,0,0,0,0,0,0,NaN,22993.25,22981,22992.75
2025-08-04T02:05:00-04:00,22993.25,22998,22985.75,22990.25,0,0,0,0,0,0,0,NaN,22998,22985.75,22990.25
2025-08-04T02:10:00-04:00,22990.25,23000.5,22983,22996.75,0,0,0,0,0,0,0,NaN,23000.5,22983,22996.75
2025-08-04T02:15:00-04:00,22997.25,22998.5,22990,22994,0,0,0,0,0,0,0,NaN,22998.5,22990,22994
2025-08-04T02:20:00-04:00,22995,22995.75,22972.5,22973,0,0,0,0,0,0,0,NaN,22995.75,22972.5,22973
2025-08-04T02:25:00-04:00,22973.5,22985,22965,22984.5,0,0,0,0,0,0,0,NaN,22985,22965,22984.5
2025-08-04T02:30:00-04:00,22984,22984,22961.25,22964,0,0,0,0,0,0,0,NaN,22984,22961.25,22964
2025-08-04T02:35:00-04:00,22963.5,22970.5,22947.5,22956,0,0,0,0,0,0,0,NaN,22970.5,22947.5,22956
2025-08-04T02:40:00-04:00,22955.75,22976.5,22950.75,22975.25,0,0,0,0,0,0,0,NaN,22976.5,22950.75,22975.25
2025-08-04T02:45:00-04:00,22976,22984.5,22967,22982.25,0,0,0,0,0,0,0,NaN,22984.5,22967,22982.25
2025-08-04T02:50:00-04:00,22981.5,22993.5,22977.75,22988.5,0,0,0,0,0,0,0,NaN,22993.5,22977.75,22988.5
2025-08-04T02:55:00-04:00,22988.25,22996.25,22981.75,22990.75,0,0,0,0,0,0,0,NaN,22996.25,22981.75,22990.75
2025-08-04T03:00:00-04:00,22991.25,22996.25,22978.25,22995.25,0,0,0,0,0,0,0,NaN,22996.25,22978.25,22995.25
2025-08-04T03:05:00-04:00,22995.25,23009.75,22989,23007.5,0,0,0,0,0,0,0,NaN,23009.75,22989,23007.5
2025-08-04T03:10:00-04:00,23007.5,23018,23000.5,23007.5,0,0,0,0,0,0,0,NaN,23018,23000.5,23007.5
2025-08-04T03:15:00-04:00,23007.5,23008.25,23000,23006.75,0,0,0,0,0,0,0,NaN,23008.25,23000,23006.75
2025-08-04T03:20:00-04:00,23006,23017,22997,23006.25,0,0,0,0,0,0,0,NaN,23017,22997,23006.25
2025-08-04T03:25:00-04:00,23006.5,23018.5,23005.75,23015.75,0,0,0,0,0,0,0,NaN,23018.5,23005.75,23015.75
2025-08-04T03:30:00-04:00,23015.25,23038,23014,23036.75,0,0,0,0,0,0,0,NaN,23038,23014,23036.75
2025-08-04T03:35:00-04:00,23036.75,23044.75,23032.5,23034.25,0,0,0,0,0,0,0,NaN,23044.75,23032.5,23034.25
2025-08-04T03:40:00-04:00,23033.75,23042.75,23030.5,23032,0,0,0,0,0,0,0,NaN,23042.75,23030.5,23032
2025-08-04T03:45:00-04:00,23032,23040.75,23024,23027.25,0,0,0,0,0,0,0,NaN,23040.75,23024,23027.25
2025-08-04T03:50:00-04:00,23027.5,23029.25,23011.25,23021,0,0,0,0,0,0,0,NaN,23029.25,23011.25,23021
2025-08-04T03:55:00-04:00,23021.5,23025,23005.75,23011.25,0,0,0,0,0,0,0,NaN,23025,23005.75,23011.25
2025-08-04T04:00:00-04:00,23011.25,23028.5,23006,23024.75,0,0,0,0,0,0,0,NaN,23028.5,23006,23024.75
2025-08-04T04:05:00-04:00,23025,23037.75,23018,23037.5,0,0,0,0,0,0,0,NaN,23037.75,23018,23037.5
2025-08-04T04:10:00-04:00,23037.5,23043.5,23024,23042.5,0,0,0,0,0,0,0,NaN,23043.5,23024,23042.5
2025-08-04T04:15:00-04:00,23042.25,23052.25,23042.25,23045.75,0,0,0,0,0,0,0,NaN,23052.25,23042.25,23045.75
2025-08-04T04:20:00-04:00,23046,23046.75,23034.25,23046.25,0,0,0,0,0,0,0,NaN,23046.75,23034.25,23046.25
2025-08-04T04:25:00-04:00,23046,23046.25,23033.5,23035.5,0,0,0,0,0,0,0,NaN,23046.25,23033.5,23035.5
2025-08-04T04:30:00-04:00,23036,23041.5,23031.25,23038.75,0,0,0,0,0,0,0,NaN,23041.5,23031.25,23038.75
2025-08-04T04:35:00-04:00,23038.75,23046.5,23034.75,23045.75,0,0,0,0,0,0,0,NaN,23046.5,23034.75,23045.75
2025-08-04T04:40:00-04:00,23046,23048.75,23041,23048.25,0,0,0,0,0,0,0,NaN,23048.75,23041,23048.25
2025-08-04T04:45:00-04:00,23048,23051.25,23043,23050,0,0,0,0,0,0,0,NaN,23051.25,23043,23050
2025-08-04T04:50:00-04:00,23050.5,23060.5,23047.75,23058.25,0,0,0,0,0,0,0,NaN,23060.5,23047.75,23058.25
2025-08-04T04:55:00-04:00,23057.5,23063.25,23053.75,23060.75,0,0,0,0,0,0,0,NaN,23063.25,23053.75,23060.75
2025-08-04T05:00:00-04:00,23060.25,23067.5,23058.5,23066.75,0,0,0,0,0,0,0,NaN,23067.5,23058.5,23066.75
2025-08-04T05:05:00-04:00,23067.25,23068.5,23056.75,23057.75,0,0,0,0,0,0,0,NaN,23068.5,23056.75,23057.75
2025-08-04T05:10:00-04:00,23058,23073,23057.75,23070.75,0,0,0,0,0,0,0,NaN,23073,23057.75,23070.75
2025-08-04T05:15:00-04:00,23071,23072.25,23063,23071.5,0,0,0,0,0,0,0,NaN,23072.25,23063,23071.5
2025-08-04T05:20:00-04:00,23070.75,23072.5,23065.5,23066.75,0,0,0,0,0,0,0,NaN,23072.5,23065.5,23066.75
2025-08-04T05:25:00-04:00,23068,23069.5,23054,23057.25,0,0,0,0,0,0,0,NaN,23069.5,23054,23057.25
2025-08-04T05:30:00-04:00,23057.5,23066.5,23057.25,23065.5,0,0,0,0,0,0,0,NaN,23066.5,23057.25,23065.5
2025-08-04T05:35:00-04:00,23066.25,23074.25,23064.25,23074,0,0,0,0,0,0,0,NaN,23074.25,23064.25,23074
2025-08-04T05:40:00-04:00,23074,23077.5,23068.5,23069,0,0,0,0,0,0,0,NaN,23077.5,23068.5,23069
2025-08-04T05:45:00-04:00,23068.25,23070.25,23056,23062,0,0,0,0,0,0,0,NaN,23070.25,23056,23062
2025-08-04T05:50:00-04:00,23061.75,23064.5,23055.75,23060.75,0,0,0,0,0,0,0,NaN,23064.5,23055.75,23060.75
2025-08-04T05:55:00-04:00,23061.25,23063.5,23054,23055.25,0,0,0,0,0,0,0,NaN,23063.5,23054,23055.25
2025-08-04T06:00:00-04:00,23055,23061.75,23052.25,23058.5,0,0,0,0,0,0,0,NaN,23061.75,23052.25,23058.5
2025-08-04T06:05:00-04:00,23058.5,23065.75,23057.5,23060.25,0,0,0,0,0,0,0,NaN,23065.75,23057.5,23060.25
2025-08-04T06:10:00-04:00,23060.25,23069,23060,23063.5,0,0,0,0,0,0,0,NaN,23069,23060,23063.5
2025-08-04T06:15:00-04:00,23063,23068.75,23058.5,23059.25,0,0,0,0,0,0,0,NaN,23068.75,23058.5,23059.25
2025-08-04T06:20:00-04:00,23059,23068.25,23058.5,23066.5,0,0,0,0,0,0,0,NaN,23068.25,23058.5,23066.5
2025-08-04T06:25:00-04:00,23066.75,23070.25,23065.25,23068.75,0,0,0,0,0,0,0,NaN,23070.25,23065.25,23068.75
2025-08-04T06:30:00-04:00,23068.75,23073.25,23064.5,23071.75,0,0,0,0,0,0,0,NaN,23073.25,23064.5,23071.75
2025-08-04T06:35:00-04:00,23071.25,23073.5,23059.5,23062.25,0,0,0,0,0,0,0,NaN,23073.5,23059.5,23062.25
2025-08-04T06:40:00-04:00,23063.25,23078,23062,23070,0,0,0,0,0,0,0,NaN,23078,23062,23070
2025-08-04T06:45:00-04:00,23069.5,23070,23062.25,23064.5,0,0,0,0,0,0,0,NaN,23070,23062.25,23064.5
2025-08-04T06:50:00-04:00,23065.25,23072.25,23058.75,23061,0,0,0,0,0,0,0,NaN,23072.25,23058.75,23061
2025-08-04T06:55:00-04:00,23061,23064,23056.25,23061.75,0,0,0,0,0,0,0,NaN,23064,23056.25,23061.75
2025-08-04T07:00:00-04:00,23062.25,23062.25,23038.75,23043,0,0,0,0,0,0,0,NaN,23062.25,23038.75,23043
2025-08-04T07:05:00-04:00,23043,23049,23032.5,23047.25,0,0,0,0,0,0,0,NaN,23049,23032.5,23047.25
2025-08-04T07:10:00-04:00,23047,23051.25,23035.75,23043,0,0,0,0,0,0,0,NaN,23051.25,23035.75,23043
2025-08-04T07:15:00-04:00,23043.5,23049.5,23038.5,23041.75,0,0,0,0,0,0,0,NaN,23049.5,23038.5,23041.75
2025-08-04T07:20:00-04:00,23041.75,23049.5,23031.5,23039.75,0,0,0,0,0,0,0,NaN,23049.5,23031.5,23039.75
2025-08-04T07:25:00-04:00,23039.75,23060.5,23039.75,23058,0,0,0,0,0,0,0,NaN,23060.5,23039.75,23058
2025-08-04T07:30:00-04:00,23058.25,23076,23057.75,23064.25,0,0,0,0,0,0,0,NaN,23076,23057.75,23064.25
2025-08-04T07:35:00-04:00,23065,23070.25,23058.75,23062,0,0,0,0,0,0,0,NaN,23070.25,23058.75,23062
2025-08-04T07:40:00-04:00,23062,23065.75,23060.75,23061.5,0,0,0,0,0,0,0,NaN,23065.75,23060.75,23061.5
2025-08-04T07:45:00-04:00,23061.25,23066.25,23054.75,23055,0,0,0,0,0,0,0,NaN,23066.25,23054.75,23055
2025-08-04T07:50:00-04:00,23055,23064.75,23053,23054,0,0,0,0,0,0,0,NaN,23064.75,23053,23054
2025-08-04T07:55:00-04:00,23053.25,23055.25,23039.5,23044.75,0,0,0,0,0,0,0,NaN,23055.25,23039.5,23044.75
2025-08-04T08:00:00-04:00,23045.5,23054.5,23045.5,23049.75,0,0,0,0,0,0,0,NaN,23054.5,23045.5,23049.75
2025-08-04T08:05:00-04:00,23049.25,23050.25,23036.75,23043.5,0,0,0,0,0,0,0,NaN,23050.25,23036.75,23043.5
2025-08-04T08:10:00-04:00,23043.75,23051.5,23042,23049,0,0,0,0,0,0,0,NaN,23051.5,23042,23049
2025-08-04T08:15:00-04:00,23048,23060.25,23044,23056,0,0,0,0,0,0,0,NaN,23060.25,23044,23056
2025-08-04T08:20:00-04:00,23056.25,23067.75,23055.25,23066.25,0,0,0,0,0,0,0,NaN,23067.75,23055.25,23066.25
2025-08-04T08:25:00-04:00,23066,23074.25,23065,23072,0,0,0,0,0,0,0,NaN,23074.25,23065,23072
2025-08-04T08:30:00-04:00,23072.5,23081.75,23071,23074.75,0,0,0,0,0,0,0,NaN,23081.75,23071,23074.75
2025-08-04T08:35:00-04:00,23074.5,23080.25,23068.75,23075.25,0,0,0,0,0,0,0,NaN,23080.25,23068.75,23075.25
2025-08-04T08:40:00-04:00,23075,23078,23064.5,23068.5,0,0,0,0,0,0,0,NaN,23078,23064.5,23068.5
2025-08-04T08:45:00-04:00,23068.75,23072,23060.5,23065.75,0,0,0,0,0,0,0,NaN,23072,23060.5,23065.75
2025-08-04T08:50:00-04:00,23066.5,23070.5,23064,23068.25,0,0,0,0,0,0,0,NaN,23070.5,23064,23068.25
2025-08-04T08:55:00-04:00,23067.75,23077.75,23067.75,23076,0,0,0,0,0,0,0,NaN,23077.75,23067.75,23076
2025-08-04T09:00:00-04:00,23075.5,23082.75,23070.5,23081.25,0,0,0,0,0,0,0,NaN,23082.75,23070.5,23081.25
2025-08-04T09:05:00-04:00,23081.5,23083,23075.5,23079.5,0,0,0,0,0,0,0,NaN,23083,23075.5,23079.5
2025-08-04T09:10:00-04:00,23079.25,23085.75,23070.5,23076.25,0,0,0,0,0,0,0,NaN,23085.75,23070.5,23076.25
2025-08-04T09:15:00-04:00,23076,23086.25,23074.75,23085.25,0,0,0,0,0,0,0,NaN,23086.25,23074.75,23085.25
2025-08-04T09:20:00-04:00,23084.75,23086.25,23079,23083.75,0,0,0,0,0,0,0,NaN,23086.25,23079,23083.75
2025-08-04T09:25:00-04:00,23084.25,23098.25,23077.25,23094.5,0,0,0,0,0,0,0,NaN,23098.25,23077.25,23094.5
2025-08-04T09:30:00-04:00,23094,23130.75,23088.75,23129.5,0,0,0,0,0,0,0,NaN,23130.75,23088.75,23129.5
2025-08-04T09:35:00-04:00,23129.5,23173.25,23127,23159.25,0,0,0,0,0,0,0,NaN,23173.25,23127,23159.25
2025-08-04T09:40:00-04:00,23159,23197,23150,23189.25,0,0,0,0,0,0,0,NaN,23197,23150,23189.25
2025-08-04T09:45:00-04:00,23189.5,23227,23189.5,23216.75,0,0,0,0,0,0,0,NaN,23227,23189.5,23216.75
2025-08-04T09:50:00-04:00,23217,23227,23198.25,23225.75,0,0,0,0,0,0,0,NaN,23227,23198.25,23225.75
2025-08-04T09:55:00-04:00,23226.5,23257.75,23211,23246,0,0,0,0,0,0,0,NaN,23257.75,23211,23246
2025-08-04T10:00:00-04:00,23246.75,23264.25,23239.5,23248.5,0,0,0,0,0,0,0,NaN,23264.25,23239.5,23248.5
2025-08-04T10:05:00-04:00,23248.5,23255.75,23228.75,23230,0,0,0,0,0,0,0,NaN,23255.75,23228.75,23230
2025-08-04T10:10:00-04:00,23229.5,23253.75,23214,23252.75,0,0,0,0,0,0,0,NaN,23253.75,23214,23252.75
2025-08-04T10:15:00-04:00,23252.75,23261.75,23244.75,23247.75,0,0,0,0,0,0,0,NaN,23261.75,23244.75,23247.75
2025-08-04T10:20:00-04:00,23247.25,23258.25,23235,23239.75,0,0,0,0,0,0,0,NaN,23258.25,23235,23239.75
2025-08-04T10:25:00-04:00,23239.5,23255.25,23230,23249.5,0,0,0,0,0,0,0,NaN,23255.25,23230,23249.5
2025-08-04T10:30:00-04:00,23250,23251.75,23223,23247.25,0,0,0,0,0,0,0,NaN,23251.75,23223,23247.25
2025-08-04T10:35:00-04:00,23248,23254.75,23238.25,23244.75,0,0,0,0,0,0,0,NaN,23254.75,23238.25,23244.75
2025-08-04T10:40:00-04:00,23244.5,23245.75,23214.5,23221,0,0,0,0,0,0,0,NaN,23245.75,23214.5,23221
2025-08-04T10:45:00-04:00,23220.25,23254.5,23206.5,23248.25,0,0,0,0,0,0,0,NaN,23254.5,23206.5,23248.25
2025-08-04T10:50:00-04:00,23248.5,23249.75,23199.5,23202.75,0,0,0,0,0,0,0,NaN,23249.75,23199.5,23202.75
2025-08-04T10:55:00-04:00,23202.75,23215.75,23194,23215,0,0,0,0,0,0,0,NaN,23215.75,23194,23215
2025-08-04T11:00:00-04:00,23215,23223.5,23187.75,23216.5,0,0,0,0,0,0,0,NaN,23223.5,23187.75,23216.5
2025-08-04T11:05:00-04:00,23216,23217.75,23194,23212.25,0,0,0,0,0,0,0,NaN,23217.75,23194,23212.25
2025-08-04T11:10:00-04:00,23212.5,23219,23200,23213,0,0,0,0,0,0,0,NaN,23219,23200,23213
2025-08-04T11:15:00-04:00,23213,23217,23190.5,23197.75,0,0,0,0,0,0,0,NaN,23217,23190.5,23197.75
2025-08-04T11:20:00-04:00,23198,23211.25,23192,23209.75,0,0,0,0,0,0,0,NaN,23211.25,23192,23209.75
2025-08-04T11:25:00-04:00,23209.75,23223.25,23209.5,23211,0,0,0,0,0,0,0,NaN,23223.25,23209.5,23211
2025-08-04T11:30:00-04:00,23211,23224,23202.25,23218,0,0,0,0,0,0,0,NaN,23224,23202.25,23218
2025-08-04T11:35:00-04:00,23218.25,23228.5,23211.5,23221,0,0,0,0,0,0,0,NaN,23228.5,23211.5,23221
2025-08-04T11:40:00-04:00,23221.75,23225,23198,23210.25,0,0,0,0,0,0,0,NaN,23225,23198,23210.25
2025-08-04T11:45:00-04:00,23209.5,23221.75,23203.25,23220,0,0,0,0,0,0,0,NaN,23221.75,23203.25,23220
2025-08-04T11:50:00-04:00,23219.75,23241.25,23214.75,23240.75,0,0,0,0,0,0,0,NaN,23241.25,23214.75,23240.75
2025-08-04T11:55:00-04:00,23241,23263.5,23238.75,23254,0,0,0,0,0,0,0,NaN,23263.5,23238.75,23254
2025-08-04T12:00:00-04:00,23254.25,23270.5,23248,23255.75,0,0,0,0,0,0,0,NaN,23270.5,23248,23255.75
2025-08-04T12:05:00-04:00,23255.75,23263.75,23252.25,23260.25,0,0,0,0,0,0,0,NaN,23263.75,23252.25,23260.25
2025-08-04T12:10:00-04:00,23260.5,23267.25,23253.75,23258.5,0,0,0,0,0,0,0,NaN,23267.25,23253.75,23258.5
2025-08-04T12:15:00-04:00,23258.5,23270,23256.75,23267.75,0,0,0,0,0,0,0,NaN,23270,23256.75,23267.75
2025-08-04T12:20:00-04:00,23268,23274.25,23261.25,23267.5,0,0,0,0,0,0,0,NaN,23274.25,23261.25,23267.5
2025-08-04T12:25:00-04:00,23267.75,23276.5,23263.5,23263.75,0,0,0,0,0,0,0,NaN,23276.5,23263.5,23263.75
2025-08-04T12:30:00-04:00,23264,23271.5,23261,23269.25,0,0,0,0,0,0,0,NaN,23271.5,23261,23269.25
2025-08-04T12:35:00-04:00,23269.75,23274.75,23261.75,23262.25,0,0,0,0,0,0,0,NaN,23274.75,23261.75,23262.25
2025-08-04T12:40:00-04:00,23262.25,23263.75,23253.25,23259.75,0,0,0,0,0,0,0,NaN,23263.75,23253.25,23259.75
2025-08-04T12:45:00-04:00,23260,23272,23259.25,23266,0,0,0,0,0,0,0,NaN,23272,23259.25,23266
2025-08-04T12:50:00-04:00,23266.5,23279.5,23263.75,23276.25,0,0,0,0,0,0,0,NaN,23279.5,23263.75,23276.25
2025-08-04T12:55:00-04:00,23276.5,23276.75,23264.5,23270.5,0,0,0,0,0,0,0,NaN,23276.75,23264.5,23270.5
2025-08-04T13:00:00-04:00,23270,23276.25,23265.75,23272,0,0,0,0,0,0,0,NaN,23276.25,23265.75,23272
2025-08-04T13:05:00-04:00,23272,23276.75,23266.75,23276,0,0,0,0,0,0,0,NaN,23276.75,23266.75,23276
2025-08-04T13:10:00-04:00,23275.75,23283.5,23273.25,23283,0,0,0,0,0,0,0,NaN,23283.5,23273.25,23283
2025-08-04T13:15:00-04:00,23282.75,23284.5,23275.75,23283.75,0,0,0,0,0,0,0,NaN,23284.5,23275.75,23283.75
2025-08-04T13:20:00-04:00,23283.5,23284.5,23273.25,23284,0,0,0,0,0,0,0,NaN,23284.5,23273.25,23284
2025-08-04T13:25:00-04:00,23284,23284.25,23275.5,23280.25,0,0,0,0,0,0,0,NaN,23284.25,23275.5,23280.25
2025-08-04T13:30:00-04:00,23280.5,23285.25,23276,23279,0,0,0,0,0,0,0,NaN,23285.25,23276,23279
2025-08-04T13:35:00-04:00,23278.75,23279.75,23271,23275.5,0,0,0,0,0,0,0,NaN,23279.75,23271,23275.5
2025-08-04T13:40:00-04:00,23275.25,23276,23259.5,23262,0,0,0,0,0,0,0,NaN,23276,23259.5,23262
2025-08-04T13:45:00-04:00,23262.5,23268.25,23241.25,23264,0,0,0,0,0,0,0,NaN,23268.25,23241.25,23264
2025-08-04T13:50:00-04:00,23264.25,23273,23257,23265.25,0,0,0,0,0,0,0,NaN,23273,23257,23265.25
2025-08-04T13:55:00-04:00,23265.25,23270.25,23261,23268,0,0,0,0,0,0,0,NaN,23270.25,23261,23268
2025-08-04T14:00:00-04:00,23268.25,23278.25,23265,23276.75,0,0,0,0,0,0,0,NaN,23278.25,23265,23276.75
2025-08-04T14:05:00-04:00,23276.5,23283.75,23269.75,23269.75,0,0,0,0,0,0,0,NaN,23283.75,23269.75,23269.75
2025-08-04T14:10:00-04:00,23269.5,23279,23258.75,23263.75,0,0,0,0,0,0,0,NaN,23279,23258.75,23263.75
2025-08-04T14:15:00-04:00,23263,23268.5,23259.25,23263.25,0,0,0,0,0,0,0,NaN,23268.5,23259.25,23263.25
2025-08-04T14:20:00-04:00,23262.75,23272.75,23262.75,23268.25,0,0,0,0,0,0,0,NaN,23272.75,23262.75,23268.25
2025-08-04T14:25:00-04:00,23268.5,23272.25,23262,23265.75,0,0,0,0,0,0,0,NaN,23272.25,23262,23265.75
2025-08-04T14:30:00-04:00,23265.25,23273.75,23261.25,23270.25,0,0,0,0,0,0,0,NaN,23273.75,23261.25,23270.25
2025-08-04T14:35:00-04:00,23270.25,23277,23265,23269.25,0,0,0,0,0,0,0,NaN,23277,23265,23269.25
2025-08-04T14:40:00-04:00,23269.25,23271,23255.75,23260.5,0,0,0,0,0,0,0,NaN,23271,23255.75,23260.5
2025-08-04T14:45:00-04:00,23260.5,23265.5,23257.5,23264.25,0,0,0,0,0,0,0,NaN,23265.5,23257.5,23264.25
2025-08-04T14:50:00-04:00,23264,23265.5,23256.5,23258.5,0,0,0,0,0,0,0,NaN,23265.5,23256.5,23258.5
2025-08-04T14:55:00-04:00,23258.5,23263.5,23256,23261.5,0,0,0,0,0,0,0,NaN,23263.5,23256,23261.5
2025-08-04T15:00:00-04:00,23261,23268.75,23256.75,23258,0,0,0,0,0,0,0,NaN,23268.75,23256.75,23258
2025-08-04T15:05:00-04:00,23258.5,23268.75,23254.25,23265,0,0,0,0,0,0,0,NaN,23268.75,23254.25,23265
2025-08-04T15:10:00-04:00,23264.5,23276.75,23261,23272.75,0,0,0,0,0,0,0,NaN,23276.75,23261,23272.75
2025-08-04T15:15:00-04:00,23272.5,23303,23271.5,23283,0,0,0,0,0,0,0,NaN,23303,23271.5,23283
2025-08-04T15:20:00-04:00,23283.5,23288.25,23279.75,23284.75,0,0,0,0,0,0,0,NaN,23288.25,23279.75,23284.75
2025-08-04T15:25:00-04:00,23284.75,23284.75,23265.25,23266.5,0,0,0,0,0,0,0,NaN,23284.75,23265.25,23266.5
2025-08-04T15:30:00-04:00,23266.5,23268.75,23254.25,23260,0,0,0,0,0,0,0,NaN,23268.75,23254.25,23260
2025-08-04T15:35:00-04:00,23260,23265.25,23253.25,23265,0,0,0,0,0,0,0,NaN,23265.25,23253.25,23265
2025-08-04T15:40:00-04:00,23265,23278.25,23264.5,23268.5,0,0,0,0,0,0,0,NaN,23278.25,23264.5,23268.5
2025-08-04T15:45:00-04:00,23268.25,23276,23266,23272.25,0,0,0,0,0,0,0,NaN,23276,23266,23272.25
2025-08-04T15:50:00-04:00,23272,23299.5,23265,23290.25,0,0,0,0,0,0,0,NaN,23299.5,23265,23290.25
2025-08-04T15:55:00-04:00,23290,23307.25,23286.25,23296.75,0,0,0,0,0,0,0,NaN,23307.25,23286.25,23296.75
2025-08-04T16:00:00-04:00,23297.25,23308.75,23285,23292.75,0,0,0,0,0,0,0,NaN,23308.75,23285,23292.75
2025-08-04T16:05:00-04:00,23292.5,23338.5,23292.25,23336.25,0,0,0,0,0,0,0,NaN,23338.5,23292.25,23336.25
2025-08-04T16:10:00-04:00,23336.5,23336.5,23327,23334,0,0,0,0,0,0,0,NaN,23336.5,23327,23334
2025-08-04T16:15:00-04:00,23334.75,23339.75,23329.25,23329.5,0,0,0,0,0,0,0,NaN,23339.75,23329.25,23329.5
2025-08-04T16:20:00-04:00,23329.5,23335.5,23326,23335,0,0,0,0,0,0,0,NaN,23335.5,23326,23335
2025-08-04T16:25:00-04:00,23335,23338,23331.5,23336.25,0,0,0,0,0,0,0,NaN,23338,23331.5,23336.25
2025-08-04T16:30:00-04:00,23335.75,23345.75,23332.5,23342,0,0,0,0,0,0,0,NaN,23345.75,23332.5,23342
2025-08-04T16:35:00-04:00,23342.5,23352.5,23341,23351.25,0,0,0,0,0,0,0,NaN,23352.5,23341,23351.25
2025-08-04T16:40:00-04:00,23351.5,23351.5,23345.25,23347.5,0,0,0,0,0,0,0,NaN,23351.5,23345.25,23347.5
2025-08-04T16:45:00-04:00,23346.75,23349.25,23344,23346.5,0,0,0,0,0,0,0,NaN,23349.25,23344,23346.5
2025-08-04T16:50:00-04:00,23347,23349.5,23339,23345.75,0,0,0,0,0,0,0,NaN,23349.5,23339,23345.75
2025-08-04T16:55:00-04:00,23345.75,23352.5,23344.75,23350.75,0,0,0,0,0,0,0,NaN,23352.5,23344.75,23350.75
2025-08-04T18:00:00-04:00,23354,23360,23334.75,23339.5,0,0,0,0,0,0,0,NaN,23360,23334.75,23339.5
2025-08-04T18:05:00-04:00,23338,23342.75,23334.25,23336.25,0,0,0,0,0,0,0,NaN,23342.75,23334.25,23336.25
2025-08-04T18:10:00-04:00,23337.25,23342.75,23334.25,23337,0,0,0,0,0,0,0,NaN,23342.75,23334.25,23337
2025-08-04T18:15:00-04:00,23336,23340.75,23332.75,23339.75,0,0,0,0,0,0,0,NaN,23340.75,23332.75,23339.75
2025-08-04T18:20:00-04:00,23338.5,23340.5,23331,23334.25,0,0,0,0,0,0,0,NaN,23340.5,23331,23334.25
2025-08-04T18:25:00-04:00,23334.75,23335.25,23324.5,23326.5,0,0,0,0,0,0,0,NaN,23335.25,23324.5,23326.5
2025-08-04T18:30:00-04:00,23326.75,23328.75,23316.5,23320.25,0,0,0,0,0,0,0,NaN,23328.75,23316.5,23320.25
2025-08-04T18:35:00-04:00,23321,23327.5,23319.5,23322.25,0,0,0,0,0,0,0,NaN,23327.5,23319.5,23322.25
2025-08-04T18:40:00-04:00,23321.25,23326.25,23316.25,23323.5,0,0,0,0,0,0,0,NaN,23326.25,23316.25,23323.5
2025-08-04T18:45:00-04:00,23324.25,23327.5,23321,23325.75,0,0,0,0,0,0,0,NaN,23327.5,23321,23325.75
2025-08-04T18:50:00-04:00,23324.75,23329.5,23320.5,23328.5,0,0,0,0,0,0,0,NaN,23329.5,23320.5,23328.5
2025-08-04T18:55:00-04:00,23328.5,23330.25,23325.5,23326.75,0,0,0,0,0,0,0,NaN,23330.25,23325.5,23326.75
2025-08-04T19:00:00-04:00,23327.25,23330.25,23327,23327,0,0,0,0,0,0,0,NaN,23330.25,23327,23327
2025-08-04T19:05:00-04:00,23327.75,23336,23325,23334,0,0,0,0,0,0,0,NaN,23336,23325,23334
2025-08-04T19:10:00-04:00,23334.25,23340,23331.75,23339.75,0,0,0,0,0,0,0,NaN,23340,23331.75,23339.75
2025-08-04T19:15:00-04:00,23338.75,23349.5,23336.75,23338.75,0,0,0,0,0,0,0,NaN,23349.5,23336.75,23338.75
2025-08-04T19:20:00-04:00,23338,23338.75,23324.5,23327.25,0,0,0,0,0,0,0,NaN,23338.75,23324.5,23327.25
2025-08-04T19:25:00-04:00,23327.25,23329,23323.75,23326.75,0,0,0,0,0,0,0,NaN,23329,23323.75,23326.75
2025-08-04T19:30:00-04:00,23326,23326,23314.75,23323.25,0,0,0,0,0,0,0,NaN,23326,23314.75,23323.25
2025-08-04T19:35:00-04:00,23323.25,23324.25,23316,23318.75,0,0,0,0,0,0,0,NaN,23324.25,23316,23318.75
2025-08-04T19:40:00-04:00,23318.75,23331.5,23318.25,23330.5,0,0,0,0,0,0,0,NaN,23331.5,23318.25,23330.5
2025-08-04T19:45:00-04:00,23330.5,23334.25,23322,23328,0,0,0,0,0,0,0,NaN,23334.25,23322,23328
2025-08-04T19:50:00-04:00,23328.25,23333,23324.5,23326.25,0,0,0,0,0,0,0,NaN,23333,23324.5,23326.25
2025-08-04T19:55:00-04:00,23325.5,23335.25,23324.25,23334.75,0,0,0,0,0,0,0,NaN,23335.25,23324.25,23334.75
2025-08-04T20:00:00-04:00,23334,23334,23323.5,23329.5,0,0,0,0,0,0,0,NaN,23334,23323.5,23329.5
2025-08-04T20:05:00-04:00,23329.75,23334.5,23328.25,23329.75,0,0,0,0,0,0,0,NaN,23334.5,23328.25,23329.75
2025-08-04T20:10:00-04:00,23329.75,23331.75,23323.5,23325.75,0,0,0,0,0,0,0,NaN,23331.75,23323.5,23325.75
2025-08-04T20:15:00-04:00,23324.5,23324.5,23317,23320.5,0,0,0,0,0,0,0,NaN,23324.5,23317,23320.5
2025-08-04T20:20:00-04:00,23319.75,23324.75,23313.75,23322.75,0,0,0,0,0,0,0,NaN,23324.75,23313.75,23322.75
2025-08-04T20:25:00-04:00,23323,23326.25,23320.5,23322.25,0,0,0,0,0,0,0,NaN,23326.25,23320.5,23322.25
2025-08-04T20:30:00-04:00,23322.75,23329,23321.5,23329,0,0,0,0,0,0,0,NaN,23329,23321.5,23329
2025-08-04T20:35:00-04:00,23329.25,23336.75,23328.25,23334.75,0,0,0,0,0,0,0,NaN,23336.75,23328.25,23334.75
2025-08-04T20:40:00-04:00,23335.25,23346.25,23332.5,23342,0,0,0,0,0,0,0,NaN,23346.25,23332.5,23342
2025-08-04T20:45:00-04:00,23343.5,23374.5,23342,23363.5,0,0,0,0,0,0,0,NaN,23374.5,23342,23363.5
2025-08-04T20:50:00-04:00,23364.5,23365,23332.25,23343.75,0,0,0,0,0,0,0,NaN,23365,23332.25,23343.75
2025-08-04T20:55:00-04:00,23342.75,23350.5,23337.75,23347.25,0,0,0,0,0,0,0,NaN,23350.5,23337.75,23347.25
2025-08-04T21:00:00-04:00,23346.5,23356,23344.75,23353.5,0,0,0,0,0,0,0,NaN,23356,23344.75,23353.5
2025-08-04T21:05:00-04:00,23352.5,23372.5,23350.25,23368,0,0,0,0,0,0,0,NaN,23372.5,23350.25,23368
2025-08-04T21:10:00-04:00,23367.25,23369.25,23349.5,23357.25,0,0,0,0,0,0,0,NaN,23369.25,23349.5,23357.25
2025-08-04T21:15:00-04:00,23357.5,23357.5,23338.5,23351,0,0,0,0,0,0,0,NaN,23357.5,23338.5,23351
2025-08-04T21:20:00-04:00,23351,23351,23342.5,23343.25,0,0,0,0,0,0,0,NaN,23351,23342.5,23343.25
2025-08-04T21:25:00-04:00,23344,23348.25,23337,23346.75,0,0,0,0,0,0,0,NaN,23348.25,23337,23346.75
2025-08-04T21:30:00-04:00,23347.25,23348.75,23339.75,23345,0,0,0,0,0,0,0,NaN,23348.75,23339.75,23345
2025-08-04T21:35:00-04:00,23344,23346.25,23336,23343.25,0,0,0,0,0,0,0,NaN,23346.25,23336,23343.25
2025-08-04T21:40:00-04:00,23344.5,23354.5,23344,23353,0,0,0,0,0,0,0,NaN,23354.5,23344,23353
2025-08-04T21:45:00-04:00,23353.75,23353.75,23344.75,23351,0,0,0,0,0,0,0,NaN,23353.75,23344.75,23351
2025-08-04T21:50:00-04:00,23350,23354.75,23343,23343.5,0,0,0,0,0,0,0,NaN,23354.75,23343,23343.5
2025-08-04T21:55:00-04:00,23343.5,23343.75,23335,23340.75,0,0,0,0,0,0,0,NaN,23343.75,23335,23340.75
2025-08-04T22:00:00-04:00,23340.25,23343.5,23336,23342,0,0,0,0,0,0,0,NaN,23343.5,23336,23342
2025-08-04T22:05:00-04:00,23342,23344.75,23340.75,23342.5,0,0,0,0,0,0,0,NaN,23344.75,23340.75,23342.5
2025-08-04T22:10:00-04:00,23343.25,23345,23336.75,23337,0,0,0,0,0,0,0,NaN,23345,23336.75,23337
2025-08-04T22:15:00-04:00,23337.25,23338.75,23333,23333.75,0,0,0,0,0,0,0,NaN,23338.75,23333,23333.75
2025-08-04T22:20:00-04:00,23333.75,23340.25,23332.25,23337.5,0,0,0,0,0,0,0,NaN,23340.25,23332.25,23337.5
2025-08-04T22:25:00-04:00,23337.5,23338.5,23335.25,23336.5,0,0,0,0,0,0,0,NaN,23338.5,23335.25,23336.5
2025-08-04T22:30:00-04:00,23336.75,23345,23336,23345,0,0,0,0,0,0,0,NaN,23345,23336,23345
2025-08-04T22:35:00-04:00,23344.5,23348,23342.5,23342.5,0,0,0,0,0,0,0,NaN,23348,23342.5,23342.5
2025-08-04T22:40:00-04:00,23342.25,23343.25,23336,23339,0,0,0,0,0,0,0,NaN,23343.25,23336,23339
2025-08-04T22:45:00-04:00,23338.75,23344.5,23337.75,23342,0,0,0,0,0,0,0,NaN,23344.5,23337.75,23342
2025-08-04T22:50:00-04:00,23342,23342.75,23337.5,23337.75,0,0,0,0,0,0,0,NaN,23342.75,23337.5,23337.75
2025-08-04T22:55:00-04:00,23337.75,23340.25,23332.75,23340.25,0,0,0,0,0,0,0,NaN,23340.25,23332.75,23340.25
2025-08-04T23:00:00-04:00,23341,23343,23336.25,23337,0,0,0,0,0,0,0,NaN,23343,23336.25,23337
2025-08-04T23:05:00-04:00,23336.75,23339.75,23332,23339,0,0,0,0,0,0,0,NaN,23339.75,23332,23339
2025-08-04T23:10:00-04:00,23337.75,23340,23334.75,23336.75,0,0,0,0,0,0,0,NaN,23340,23334.75,23336.75
2025-08-04T23:15:00-04:00,23336,23341,23335.75,23339,0,0,0,0,0,0,0,NaN,23341,23335.75,23339
2025-08-04T23:20:00-04:00,23338.5,23339.75,23329,23330.5,0,0,0,0,0,0,0,NaN,23339.75,23329,23330.5
2025-08-04T23:25:00-04:00,23330.75,23337.5,23325,23335.25,0,0,0,0,0,0,0,NaN,23337.5,23325,23335.25
2025-08-04T23:30:00-04:00,23335.5,23347.75,23335.5,23347.5,0,0,0,0,0,0,0,NaN,23347.75,23335.5,23347.5
2025-08-04T23:35:00-04:00,23346.75,23356.75,23346.5,23349.75,0,0,0,0,0,0,0,NaN,23356.75,23346.5,23349.75
2025-08-04T23:40:00-04:00,23350.75,23354,23349,23351.75,0,0,0,0,0,0,0,NaN,23354,23349,23351.75
2025-08-04T23:45:00-04:00,23352.25,23357.25,23349.5,23349.5,0,0,0,0,0,0,0,NaN,23357.25,23349.5,23349.5
2025-08-04T23:50:00-04:00,23349,23352,23347.5,23349,0,0,0,0,0,0,0,NaN,23352,23347.5,23349
2025-08-04T23:55:00-04:00,23349.25,23351,23342.25,23342.5,0,0,0,0,0,0,0,NaN,23351,23342.25,23342.5
2025-08-05T00:00:00-04:00,23342,23345.25,23341,23344,0,0,1,0,0,0,0,NaN,23345.25,23341,23344
2025-08-05T00:05:00-04:00,23343.25,23345.5,23338.75,23340.5,0,0,0,0,0,0,0,NaN,23345.5,23338.75,23340.5
2025-08-05T00:10:00-04:00,23339.75,23342,23337.5,23340.5,0,0,0,0,0,0,0,NaN,23342,23337.5,23340.5
2025-08-05T00:15:00-04:00,23340.25,23341,23338.25,23338.75,0,0,0,0,0,0,0,NaN,23341,23338.25,23338.75
2025-08-05T00:20:00-04:00,23338.5,23342.75,23337,23341,0,0,0,0,0,0,0,NaN,23342.75,23337,23341
2025-08-05T00:25:00-04:00,23342,23345.5,23339.75,23343.75,0,0,0,0,0,0,0,NaN,23345.5,23339.75,23343.75
2025-08-05T00:30:00-04:00,23344,23349,23343.5,23347.75,0,0,0,0,0,0,0,NaN,23349,23343.5,23347.75
2025-08-05T00:35:00-04:00,23347.25,23349.5,23345.75,23346.75,0,0,0,0,0,0,0,NaN,23349.5,23345.75,23346.75
2025-08-05T00:40:00-04:00,23346.5,23348.5,23346.25,23348.25,0,0,0,0,0,0,0,NaN,23348.5,23346.25,23348.25
2025-08-05T00:45:00-04:00,23348,23352.75,23347,23351,0,0,0,0,0,0,0,NaN,23352.75,23347,23351
2025-08-05T00:50:00-04:00,23351,23354,23350,23353.5,0,0,0,0,0,0,0,NaN,23354,23350,23353.5
2025-08-05T00:55:00-04:00,23353.5,23359.75,23353.5,23359,0,0,0,0,0,0,0,NaN,23359.75,23353.5,23359
2025-08-05T01:00:00-04:00,23359.5,23363.5,23358.5,23360.75,0,0,0,0,0,0,0,NaN,23363.5,23358.5,23360.75
2025-08-05T01:05:00-04:00,23360,23363,23358.25,23358.75,0,0,0,0,0,0,0,NaN,23363,23358.25,23358.75
2025-08-05T01:10:00-04:00,23359,23360.75,23357.25,23359.25,0,0,0,0,0,0,0,NaN,23360.75,23357.25,23359.25
2025-08-05T01:15:00-04:00,23359.25,23359.25,23351.25,23353,0,0,0,0,0,0,0,NaN,23359.25,23351.25,23353
2025-08-05T01:20:00-04:00,23352.5,23361.5,23351.25,23360,0,0,0,0,0,0,0,NaN,23361.5,23351.25,23360
2025-08-05T01:25:00-04:00,23360,23366,23358,23364.75,0,0,0,0,0,0,0,NaN,23366,23358,23364.75
2025-08-05T01:30:00-04:00,23365.25,23367,23361.75,23364,0,0,0,0,0,0,0,NaN,23367,23361.75,23364
2025-08-05T01:35:00-04:00,23363.25,23365.5,23362.5,23363,0,0,0,0,0,0,0,NaN,23365.5,23362.5,23363
2025-08-05T01:40:00-04:00,23362.75,23366.25,23362,23364,0,0,0,0,0,0,0,NaN,23366.25,23362,23364
2025-08-05T01:45:00-04:00,23364.25,23366.75,23362.75,23363.75,0,0,0,0,0,0,0,NaN,23366.75,23362.75,23363.75
2025-08-05T01:50:00-04:00,23363.75,23367.5,23362.5,23365.75,0,0,0,0,0,0,0,NaN,23367.5,23362.5,23365.75
2025-08-05T01:55:00-04:00,23365.25,23366,23361,23362.75,0,0,0,0,0,0,0,NaN,23366,23361,23362.75
2025-08-05T02:00:00-04:00,23363.5,23365.75,23356,23365.75,0,0,0,0,0,0,0,NaN,23365.75,23356,23365.75
2025-08-05T02:05:00-04:00,23365,23368,23361,23365.75,0,0,0,0,0,0,0,NaN,23368,23361,23365.75
2025-08-05T02:10:00-04:00,23366.75,23370,23366,23369.75,0,0,0,0,0,0,0,NaN,23370,23366,23369.75
2025-08-05T02:15:00-04:00,23370,23376.75,23369.25,23373,0,0,0,0,0,0,0,NaN,23376.75,23369.25,23373
2025-08-05T02:20:00-04:00,23373,23376.25,23367.25,23368.25,0,0,0,0,0,0,0,NaN,23376.25,23367.25,23368.25
2025-08-05T02:25:00-04:00,23368.25,23372.25,23363.25,23368.25,0,0,0,0,0,0,0,NaN,23372.25,23363.25,23368.25
2025-08-05T02:30:00-04:00,23368,23376.25,23365.75,23374.25,0,0,0,0,0,0,0,NaN,23376.25,23365.75,23374.25
2025-08-05T02:35:00-04:00,23374.25,23383.5,23372.5,23380.25,0,0,0,0,0,0,0,NaN,23383.5,23372.5,23380.25
2025-08-05T02:40:00-04:00,23380.25,23394.5,23379.25,23385.75,0,0,0,0,0,0,0,NaN,23394.5,23379.25,23385.75
2025-08-05T02:45:00-04:00,23386,23393.25,23384,23391,0,0,0,0,0,0,0,NaN,23393.25,23384,23391
2025-08-05T02:50:00-04:00,23390.75,23391.5,23385.25,23385.5,0,0,0,0,0,0,0,NaN,23391.5,23385.25,23385.5
2025-08-05T02:55:00-04:00,23386.75,23388.5,23383.25,23385.5,0,0,0,0,0,0,0,NaN,23388.5,23383.25,23385.5
2025-08-05T03:00:00-04:00,23386,23386,23375.5,23384.75,0,0,0,0,0,0,0,NaN,23386,23375.5,23384.75
2025-08-05T03:05:00-04:00,23384.75,23397.25,23384.25,23389.25,0,0,0,0,0,0,0,NaN,23397.25,23384.25,23389.25
2025-08-05T03:10:00-04:00,23388.25,23389,23372.75,23376.5,0,0,0,0,0,0,0,NaN,23389,23372.75,23376.5
2025-08-05T03:15:00-04:00,23376.75,23380.5,23370.75,23372.75,0,0,0,0,0,0,0,NaN,23380.5,23370.75,23372.75
2025-08-05T03:20:00-04:00,23372.5,23372.5,23360.75,23361,0,0,0,0,0,0,0,NaN,23372.5,23360.75,23361
2025-08-05T03:25:00-04:00,23361.25,23363,23354.75,23356.25,0,0,0,0,0,0,0,NaN,23363,23354.75,23356.25
2025-08-05T03:30:00-04:00,23357,23362.25,23348.5,23349,0,0,0,0,0,0,0,NaN,23362.25,23348.5,23349
2025-08-05T03:35:00-04:00,23348.25,23350.25,23332.75,23339.5,0,0,0,0,0,0,0,NaN,23350.25,23332.75,23339.5
2025-08-05T03:40:00-04:00,23339,23351.75,23338.75,23349.25,0,0,0,0,0,0,0,NaN,23351.75,23338.75,23349.25
2025-08-05T03:45:00-04:00,23349.75,23355.75,23331,23336,0,0,0,0,0,0,0,NaN,23355.75,23331,23336
2025-08-05T03:50:00-04:00,23335.75,23341.5,23326,23331.25,0,0,0,0,0,0,0,NaN,23341.5,23326,23331.25
2025-08-05T03:55:00-04:00,23331.5,23336.5,23323.5,23329.75,0,0,0,0,0,0,0,NaN,23336.5,23323.5,23329.75
2025-08-05T04:00:00-04:00,23330.5,23339.5,23323.75,23326,0,0,0,0,0,0,0,NaN,23339.5,23323.75,23326
2025-08-05T04:05:00-04:00,23326.25,23336.75,23315,23320.5,0,0,0,0,0,0,0,NaN,23336.75,23315,23320.5
2025-08-05T04:10:00-04:00,23320.75,23327,23312.5,23315.5,0,0,0,0,0,0,0,NaN,23327,23312.5,23315.5
2025-08-05T04:15:00-04:00,23315.75,23327.25,23313,23319.75,0,0,0,0,0,0,0,NaN,23327.25,23313,23319.75
2025-08-05T04:20:00-04:00,23319.5,23333.5,23318.75,23332,0,0,0,0,0,0,0,NaN,23333.5,23318.75,23332
2025-08-05T04:25:00-04:00,23333,23343,23333,23337.5,0,0,0,0,0,0,0,NaN,23343,23333,23337.5
2025-08-05T04:30:00-04:00,23337,23338.25,23329,23331.5,0,0,0,0,0,0,0,NaN,23338.25,23329,23331.5
2025-08-05T04:35:00-04:00,23331.25,23332.25,23324.75,23328.25,0,0,0,0,0,0,0,NaN,23332.25,23324.75,23328.25
2025-08-05T04:40:00-04:00,23328.75,23333.75,23326.25,23327.5,0,0,0,0,0,0,0,NaN,23333.75,23326.25,23327.5
2025-08-05T04:45:00-04:00,23327.75,23333.25,23327.75,23331,0,0,0,0,0,0,0,NaN,23333.25,23327.75,23331
2025-08-05T04:50:00-04:00,23332,23333.5,23327.75,23331.5,0,0,0,0,0,0,0,NaN,23333.5,23327.75,23331.5
2025-08-05T04:55:00-04:00,23331,23334.25,23329.5,23331.25,0,0,0,0,0,0,0,NaN,23334.25,23329.5,23331.25
2025-08-05T05:00:00-04:00,23332,23333.75,23326,23330.25,0,0,0,0,0,0,0,NaN,23333.75,23326,23330.25
2025-08-05T05:05:00-04:00,23330.75,23340.75,23328.75,23333.5,0,0,0,0,0,0,0,NaN,23340.75,23328.75,23333.5
2025-08-05T05:10:00-04:00,23333.25,23335,23329,23333,0,0,0,0,0,0,0,NaN,23335,23329,23333
2025-08-05T05:15:00-04:00,23332.5,23335.5,23331,23335.25,0,0,0,0,0,0,0,NaN,23335.5,23331,23335.25
2025-08-05T05:20:00-04:00,23335,23337.75,23328,23332.25,0,0,0,0,0,0,0,NaN,23337.75,23328,23332.25
2025-08-05T05:25:00-04:00,23333.25,23337,23332.5,23333.5,0,0,0,0,0,0,0,NaN,23337,23332.5,23333.5
2025-08-05T05:30:00-04:00,23333.25,23343.25,23330.75,23341.5,0,0,0,0,0,0,0,NaN,23343.25,23330.75,23341.5
2025-08-05T05:35:00-04:00,23342,23350.25,23342,23346.75,0,0,0,0,0,0,0,NaN,23350.25,23342,23346.75
2025-08-05T05:40:00-04:00,23346.25,23346.75,23339.75,23341,0,0,0,0,0,0,0,NaN,23346.75,23339.75,23341
2025-08-05T05:45:00-04:00,23341,23341.75,23336.75,23340.75,0,0,0,0,0,0,0,NaN,23341.75,23336.75,23340.75
2025-08-05T05:50:00-04:00,23340,23343,23338.5,23338.5,0,0,0,0,0,0,0,NaN,23343,23338.5,23338.5
2025-08-05T05:55:00-04:00,23339.5,23349.25,23339,23348.5,0,0,0,0,0,0,0,NaN,23349.25,23339,23348.5
2025-08-05T06:00:00-04:00,23348.5,23352,23344.75,23351.5,0,0,0,0,0,0,0,NaN,23352,23344.75,23351.5
2025-08-05T06:05:00-04:00,23351.25,23371,23350.75,23363.75,0,0,0,0,0,0,0,NaN,23371,23350.75,23363.75
2025-08-05T06:10:00-04:00,23363.25,23366.5,23361.5,23363.75,0,0,0,0,0,0,0,NaN,23366.5,23361.5,23363.75
2025-08-05T06:15:00-04:00,23363.75,23369.75,23361,23364.75,0,0,0,0,0,0,0,NaN,23369.75,23361,23364.75
2025-08-05T06:20:00-04:00,23365.75,23369,23362.25,23365.75,0,0,0,0,0,0,0,NaN,23369,23362.25,23365.75
2025-08-05T06:25:00-04:00,23366,23382.25,23366,23375.25,0,0,0,0,0,0,0,NaN,23382.25,23366,23375.25
2025-08-05T06:30:00-04:00,23375.5,23379.75,23365.75,23373,0,0,0,0,0,0,0,NaN,23379.75,23365.75,23373
2025-08-05T06:35:00-04:00,23372.5,23373.5,23365.5,23369.75,0,0,0,0,0,0,0,NaN,23373.5,23365.5,23369.75
2025-08-05T06:40:00-04:00,23370,23381.25,23368,23380.25,0,0,0,0,0,0,0,NaN,23381.25,23368,23380.25
2025-08-05T06:45:00-04:00,23380,23383,23376.5,23381,0,0,0,0,0,0,0,NaN,23383,23376.5,23381
2025-08-05T06:50:00-04:00,23380.5,23391.75,23380,23391.25,0,0,0,0,0,0,0,NaN,23391.75,23380,23391.25
2025-08-05T06:55:00-04:00,23391.75,23392.75,23383.25,23385.75,0,0,0,0,0,0,0,NaN,23392.75,23383.25,23385.75
2025-08-05T07:00:00-04:00,23384.75,23387.5,23377.5,23385.75,0,0,0,0,0,0,0,NaN,23387.5,23377.5,23385.75
2025-08-05T07:05:00-04:00,23384.75,23393.5,23378.25,23390.75,0,0,0,0,0,0,0,NaN,23393.5,23378.25,23390.75
2025-08-05T07:10:00-04:00,23391.25,23394,23386,23387.75,0,0,0,0,0,0,0,NaN,23394,23386,23387.75
2025-08-05T07:15:00-04:00,23388,23389.5,23385,23388,0,0,0,0,0,0,0,NaN,23389.5,23385,23388
2025-08-05T07:20:00-04:00,23387.25,23389.25,23382.5,23386.5,0,0,0,0,0,0,0,NaN,23389.25,23382.5,23386.5
2025-08-05T07:25:00-04:00,23387,23387,23373.25,23373.5,0,0,0,0,0,0,0,NaN,23387,23373.25,23373.5
2025-08-05T07:30:00-04:00,23373.5,23378,23362,23378,0,0,0,0,0,0,0,NaN,23378,23362,23378
2025-08-05T07:35:00-04:00,23378.5,23383.5,23370.5,23373.25,0,0,0,0,0,0,0,NaN,23383.5,23370.5,23373.25
2025-08-05T07:40:00-04:00,23373,23385,23372,23383.5,0,0,0,0,0,0,0,NaN,23385,23372,23383.5
2025-08-05T07:45:00-04:00,23383.75,23396.25,23380.5,23386,0,0,0,0,0,0,0,NaN,23396.25,23380.5,23386
2025-08-05T07:50:00-04:00,23385.25,23387.75,23379.5,23386.75,0,0,0,0,0,0,0,NaN,23387.75,23379.5,23386.75
2025-08-05T07:55:00-04:00,23387,23389.25,23380.5,23384,0,0,0,0,0,0,0,NaN,23389.25,23380.5,23384
2025-08-05T08:00:00-04:00,23383.75,23387,23377.75,23385.75,0,0,0,0,0,0,0,NaN,23387,23377.75,23385.75
2025-08-05T08:05:00-04:00,23385.25,23386.25,23376,23382.75,0,0,0,0,0,0,0,NaN,23386.25,23376,23382.75
2025-08-05T08:10:00-04:00,23382.5,23404.25,23378.5,23400.5,0,0,0,0,0,0,0,NaN,23404.25,23378.5,23400.5
2025-08-05T08:15:00-04:00,23400.5,23402,23343,23371,0,0,0,0,0,0,0,NaN,23402,23343,23371
2025-08-05T08:20:00-04:00,23372,23380.25,23350.5,23368,0,0,0,0,0,0,0,NaN,23380.25,23350.5,23368
2025-08-05T08:25:00-04:00,23367.75,23373,23356.25,23370.5,0,0,0,0,0,0,0,NaN,23373,23356.25,23370.5
2025-08-05T08:30:00-04:00,23370,23371,23351.75,23359.75,0,0,0,0,0,0,0,NaN,23371,23351.75,23359.75
2025-08-05T08:35:00-04:00,23359.5,23367.5,23358.25,23363.5,0,0,0,0,0,0,0,NaN,23367.5,23358.25,23363.5
2025-08-05T08:40:00-04:00,23362.25,23374,23361.5,23372.75,0,0,0,0,0,0,0,NaN,23374,23361.5,23372.75
2025-08-05T08:45:00-04:00,23372,23381,23361.25,23366.25,0,0,0,0,0,0,0,NaN,23381,23361.25,23366.25
2025-08-05T08:50:00-04:00,23365.75,23373,23359,23360,0,0,0,0,0,0,0,NaN,23373,23359,23360
2025-08-05T08:55:00-04:00,23360.5,23363.25,23355.75,23360.5,0,0,0,0,0,0,0,NaN,23363.25,23355.75,23360.5
2025-08-05T09:00:00-04:00,23360.75,23372,23355.25,23357,0,0,0,0,0,0,0,NaN,23372,23355.25,23357
2025-08-05T09:05:00-04:00,23356.25,23360,23348.75,23349.5,0,0,0,0,0,0,0,NaN,23360,23348.75,23349.5
2025-08-05T09:10:00-04:00,23349.25,23357,23343.75,23349.25,0,0,0,0,0,0,0,NaN,23357,23343.75,23349.25
2025-08-05T09:15:00-04:00,23349.5,23369,23346.75,23365,0,0,0,0,0,0,0,NaN,23369,23346.75,23365
2025-08-05T09:20:00-04:00,23364.5,23365.25,23341,23341,0,0,0,0,0,0,0,NaN,23365.25,23341,23341
2025-08-05T09:25:00-04:00,23342.75,23352,23339.25,23347.75,0,0,0,0,0,0,0,NaN,23352,23339.25,23347.75
2025-08-05T09:30:00-04:00,23348.25,23357.5,23303.5,23308.75,0,0,0,0,0,0,0,NaN,23357.5,23303.5,23308.75
2025-08-05T09:35:00-04:00,23308.75,23362.25,23307.75,23350.75,0,0,0,0,0,0,0,NaN,23362.25,23307.75,23350.75
2025-08-05T09:40:00-04:00,23351.25,23363,23341.75,23358.25,0,0,0,0,0,0,0,NaN,23363,23341.75,23358.25
2025-08-05T09:45:00-04:00,23353.25,23397.25,23352.25,23381.25,0,0,0,0,0,0,0,NaN,23397.25,23352.25,23381.25
2025-08-05T09:50:00-04:00,23381.25,23392.5,23362.5,23389.5,0,0,0,0,0,0,0,NaN,23392.5,23362.5,23389.5
2025-08-05T09:55:00-04:00,23389.5,23390.75,23364,23374.25,0,0,0,0,0,0,0,NaN,23390.75,23364,23374.25
2025-08-05T10:00:00-04:00,23374.5,23374.5,23315.5,23328.25,0,0,0,0,0,0,0,NaN,23374.5,23315.5,23328.25
2025-08-05T10:05:00-04:00,23327.25,23350,23316,23337,0,0,0,0,0,0,0,NaN,23350,23316,23337
2025-08-05T10:10:00-04:00,23336.5,23352.75,23306.75,23313.25,0,0,0,0,0,0,0,NaN,23352.75,23306.75,23313.25
2025-08-05T10:15:00-04:00,23313.5,23324.5,23292.5,23309.25,0,0,0,0,0,0,0,NaN,23324.5,23292.5,23309.25
2025-08-05T10:20:00-04:00,23309.5,23309.5,23277.5,23280,0,0,0,0,0,0,0,NaN,23309.5,23277.5,23280
2025-08-05T10:25:00-04:00,23279.5,23295.5,23261.75,23289.5,0,0,0,0,0,0,0,NaN,23295.5,23261.75,23289.5
2025-08-05T10:30:00-04:00,23289.75,23291.5,23249.75,23251.25,0,0,0,0,0,0,0,NaN,23291.5,23249.75,23251.25
2025-08-05T10:35:00-04:00,23250.75,23255,23224.75,23233.5,0,0,0,0,0,0,0,NaN,23255,23224.75,23233.5
2025-08-05T10:40:00-04:00,23233.25,23248,23177.5,23187,0,0,0,0,0,0,0,NaN,23248,23177.5,23187
2025-08-05T10:45:00-04:00,23187,23188.5,23140,23140,0,0,0,0,0,0,0,NaN,23188.5,23140,23140
2025-08-05T10:50:00-04:00,23140,23180,23138.25,23156.75,0,0,0,0,0,0,0,NaN,23180,23138.25,23156.75
2025-08-05T10:55:00-04:00,23156.75,23187.5,23153,23181.25,0,0,0,0,0,0,0,NaN,23187.5,23153,23181.25
2025-08-05T11:00:00-04:00,23181,23207,23152,23196.25,0,0,0,0,0,0,0,NaN,23207,23152,23196.25
2025-08-05T11:05:00-04:00,23196.5,23215,23196.25,23200.25,0,0,0,0,0,0,0,NaN,23215,23196.25,23200.25
2025-08-05T11:10:00-04:00,23200.25,23219,23160.25,23216,0,0,0,0,0,0,0,NaN,23219,23160.25,23216
2025-08-05T11:15:00-04:00,23215.5,23219.75,23176.5,23190.5,0,0,0,0,0,0,0,NaN,23219.75,23176.5,23190.5
2025-08-05T11:20:00-04:00,23191,23201.5,23157,23166.5,0,0,0,0,0,0,0,NaN,23201.5,23157,23166.5
2025-08-05T11:25:00-04:00,23166.25,23178.5,23157.5,23170.75,0,0,0,0,0,0,0,NaN,23178.5,23157.5,23170.75
2025-08-05T11:30:00-04:00,23170.75,23187.25,23159.5,23163.75,0,0,0,0,0,0,0,NaN,23187.25,23159.5,23163.75
2025-08-05T11:35:00-04:00,23163.75,23163.75,23121,23135.5,0,0,0,0,0,0,0,NaN,23163.75,23121,23135.5
2025-08-05T11:40:00-04:00,23135.5,23150.75,23113.5,23145.5,0,0,0,0,0,0,0,NaN,23150.75,23113.5,23145.5
2025-08-05T11:45:00-04:00,23144,23169.25,23135.5,23136.75,0,0,0,0,0,0,0,NaN,23169.25,23135.5,23136.75
2025-08-05T11:50:00-04:00,23136.5,23153.25,23120,23148,0,0,0,0,0,0,0,NaN,23153.25,23120,23148
2025-08-05T11:55:00-04:00,23148,23165.75,23140,23156.25,0,0,0,0,0,0,0,NaN,23165.75,23140,23156.25
2025-08-05T12:00:00-04:00,23155.75,23179.5,23153.25,23175.75,0,0,0,0,0,0,0,NaN,23179.5,23153.25,23175.75
2025-08-05T12:05:00-04:00,23176,23201.5,23173,23173,0,0,0,0,0,0,0,NaN,23201.5,23173,23173
2025-08-05T12:10:00-04:00,23174.25,23195.5,23174,23189,0,0,0,0,0,0,0,NaN,23195.5,23174,23189
2025-08-05T12:15:00-04:00,23189.5,23200.5,23187.5,23195.75,0,0,0,0,0,0,0,NaN,23200.5,23187.5,23195.75
2025-08-05T12:20:00-04:00,23196.25,23211,23188.25,23191.25,0,0,0,0,0,0,0,NaN,23211,23188.25,23191.25
2025-08-05T12:25:00-04:00,23191.5,23200.75,23188.25,23197.75,0,0,0,0,0,0,0,NaN,23200.75,23188.25,23197.75
2025-08-05T12:30:00-04:00,23197.25,23225.25,23196.25,23208.75,0,0,0,0,0,0,0,NaN,23225.25,23196.25,23208.75
2025-08-05T12:35:00-04:00,23209.75,23210.25,23190.25,23193.5,0,0,0,0,0,0,0,NaN,23210.25,23190.25,23193.5
2025-08-05T12:40:00-04:00,23193,23195,23160.5,23169.5,0,0,0,0,0,0,0,NaN,23195,23160.5,23169.5
2025-08-05T12:45:00-04:00,23168.5,23169.25,23137,23156.25,0,0,0,0,0,0,0,NaN,23169.25,23137,23156.25
2025-08-05T12:50:00-04:00,23156.5,23196.75,23154.25,23190,0,0,0,0,0,0,0,NaN,23196.75,23154.25,23190
2025-08-05T12:55:00-04:00,23189.5,23194.25,23171.25,23180.5,0,0,0,0,0,0,0,NaN,23194.25,23171.25,23180.5
2025-08-05T13:00:00-04:00,23180,23187.75,23166.75,23178.25,0,0,0,0,0,0,0,NaN,23187.75,23166.75,23178.25
2025-08-05T13:05:00-04:00,23178,23189.25,23168.75,23182.75,0,0,0,0,0,0,0,NaN,23189.25,23168.75,23182.75
2025-08-05T13:10:00-04:00,23182.5,23192,23179.5,23186,0,0,0,0,0,0,0,NaN,23192,23179.5,23186
2025-08-05T13:15:00-04:00,23185.5,23193.75,23169.75,23190.75,0,0,0,0,0,0,0,NaN,23193.75,23169.75,23190.75
2025-08-05T13:20:00-04:00,23190,23196.5,23182,23195.25,0,0,0,0,0,0,0,NaN,23196.5,23182,23195.25
2025-08-05T13:25:00-04:00,23194.75,23215.5,23192.75,23209.75,0,0,0,0,0,0,0,NaN,23215.5,23192.75,23209.75
2025-08-05T13:30:00-04:00,23210.75,23214.5,23201,23204,0,0,0,0,0,0,0,NaN,23214.5,23201,23204
2025-08-05T13:35:00-04:00,23204.25,23223,23201.25,23218.5,0,0,0,0,0,0,0,NaN,23223,23201.25,23218.5
2025-08-05T13:40:00-04:00,23218.25,23223.25,23213.5,23217,0,0,0,0,0,0,0,NaN,23223.25,23213.5,23217
2025-08-05T13:45:00-04:00,23216.75,23237.25,23215.75,23232.5,0,0,0,0,0,0,0,NaN,23237.25,23215.75,23232.5
2025-08-05T13:50:00-04:00,23232.25,23241.5,23229,23241.25,0,0,0,0,0,0,0,NaN,23241.5,23229,23241.25
2025-08-05T13:55:00-04:00,23240.75,23252,23238.25,23241.25,0,0,0,0,0,0,0,NaN,23252,23238.25,23241.25
2025-08-05T14:00:00-04:00,23241,23249,23229.5,23239.75,0,0,0,0,0,0,0,NaN,23249,23229.5,23239.75
2025-08-05T14:05:00-04:00,23240,23248.25,23232,23235.5,0,0,0,0,0,0,0,NaN,23248.25,23232,23235.5
2025-08-05T14:10:00-04:00,23235.5,23236.5,23219.5,23220,0,0,0,0,0,0,0,NaN,23236.5,23219.5,23220
2025-08-05T14:15:00-04:00,23220.25,23223.5,23191.25,23193.5,0,0,0,0,0,0,0,NaN,23223.5,23191.25,23193.5
2025-08-05T14:20:00-04:00,23193.5,23200.75,23186,23189,0,0,0,0,0,0,0,NaN,23200.75,23186,23189
2025-08-05T14:25:00-04:00,23188,23194.5,23176,23179,0,0,0,0,0,0,0,NaN,23194.5,23176,23179
2025-08-05T14:30:00-04:00,23178.75,23195.25,23153.75,23173.5,0,0,0,0,0,0,0,NaN,23195.25,23153.75,23173.5
2025-08-05T14:35:00-04:00,23173.5,23177.25,23157.5,23166,0,0,0,0,0,0,0,NaN,23177.25,23157.5,23166
2025-08-05T14:40:00-04:00,23165.75,23168.25,23148.25,23163,0,0,0,0,0,0,0,NaN,23168.25,23148.25,23163
2025-08-05T14:45:00-04:00,23163,23173,23131.75,23154,0,0,0,0,0,0,0,NaN,23173,23131.75,23154
2025-08-05T14:50:00-04:00,23154.5,23157.75,23115,23134.5,0,0,0,0,0,0,0,NaN,23157.75,23115,23134.5
2025-08-05T14:55:00-04:00,23134.75,23151.25,23119.75,23147,0,0,0,0,0,0,0,NaN,23151.25,23119.75,23147
2025-08-05T15:00:00-04:00,23147.75,23157.75,23141.5,23152,0,0,0,0,0,0,0,NaN,23157.75,23141.5,23152
2025-08-05T15:05:00-04:00,23152.25,23155,23137.5,23144.5,0,0,0,0,0,0,0,NaN,23155,23137.5,23144.5
2025-08-05T15:10:00-04:00,23144.75,23159.25,23137.25,23153.5,0,0,0,0,0,0,0,NaN,23159.25,23137.25,23153.5
2025-08-05T15:15:00-04:00,23153.25,23161.25,23143,23159,0,0,0,0,0,0,0,NaN,23161.25,23143,23159
2025-08-05T15:20:00-04:00,23159.25,23169.5,23156.25,23164.75,0,0,0,0,0,0,0,NaN,23169.5,23156.25,23164.75
2025-08-05T15:25:00-04:00,23165,23174.25,23145,23171.25,0,0,0,0,0,0,0,NaN,23174.25,23145,23171.25
2025-08-05T15:30:00-04:00,23171.25,23178.75,23162.5,23165.5,0,0,0,0,0,0,0,NaN,23178.75,23162.5,23165.5
2025-08-05T15:35:00-04:00,23165.25,23168.75,23147.5,23156.75,0,0,0,0,0,0,0,NaN,23168.75,23147.5,23156.75
2025-08-05T15:40:00-04:00,23156,23160,23140.75,23143.25,0,0,0,0,0,0,0,NaN,23160,23140.75,23143.25
2025-08-05T15:45:00-04:00,23143.25,23152.25,23129.5,23138.75,0,0,0,0,0,0,0,NaN,23152.25,23129.5,23138.75
2025-08-05T15:50:00-04:00,23138.5,23162.5,23134.5,23147.25,0,0,0,0,0,0,0,NaN,23162.5,23134.5,23147.25
2025-08-05T15:55:00-04:00,23147,23147.75,23121.25,23133.5,0,0,0,0,0,0,0,NaN,23147.75,23121.25,23133.5
2025-08-05T16:00:00-04:00,23133.25,23149.75,23128,23146,0,0,0,0,0,0,0,NaN,23149.75,23128,23146
2025-08-05T16:05:00-04:00,23146,23148.25,23126.75,23146.25,0,0,0,0,0,0,0,NaN,23148.25,23126.75,23146.25
2025-08-05T16:10:00-04:00,23145.5,23149.5,23140.5,23144.5,0,0,0,0,0,0,0,NaN,23149.5,23140.5,23144.5
2025-08-05T16:15:00-04:00,23144,23166.75,23133.25,23156,0,0,0,0,0,0,0,NaN,23166.75,23133.25,23156
2025-08-05T16:20:00-04:00,23156.75,23158,23107.75,23108,0,0,0,0,0,0,0,NaN,23158,23107.75,23108
2025-08-05T16:25:00-04:00,23107.75,23111.75,23095.25,23110.75,0,0,0,0,0,0,0,NaN,23111.75,23095.25,23110.75
2025-08-05T16:30:00-04:00,23112.25,23112.25,23086.75,23095.25,0,0,0,0,0,0,0,NaN,23112.25,23086.75,23095.25
2025-08-05T16:35:00-04:00,23096,23102,23089.5,23093,0,0,0,0,0,0,0,NaN,23102,23089.5,23093
2025-08-05T16:40:00-04:00,23093.5,23101.25,23091.5,23100.75,0,0,0,0,0,0,0,NaN,23101.25,23091.5,23100.75
2025-08-05T16:45:00-04:00,23101,23107.25,23097,23102.25,0,0,0,0,0,0,0,NaN,23107.25,23097,23102.25
2025-08-05T16:50:00-04:00,23102.75,23106.5,23098.5,23102.5,0,0,0,0,0,0,0,NaN,23106.5,23098.5,23102.5
2025-08-05T16:55:00-04:00,23102.5,23107.25,23084.5,23092,0,0,0,0,0,0,0,NaN,23107.25,23084.5,23092
2025-08-05T18:00:00-04:00,23091.75,23112.75,23075.5,23079.5,0,0,0,0,0,0,0,NaN,23112.75,23075.5,23079.5
2025-08-05T18:05:00-04:00,23079.25,23082.25,23056,23057.75,0,0,0,0,0,0,0,NaN,23082.25,23056,23057.75
2025-08-05T18:10:00-04:00,23058.25,23073.25,23052.25,23054.75,0,0,0,0,0,0,0,NaN,23073.25,23052.25,23054.75
2025-08-05T18:15:00-04:00,23055,23067.25,23046.5,23056.25,0,0,0,0,0,0,0,NaN,23067.25,23046.5,23056.25
2025-08-05T18:20:00-04:00,23057.25,23074.5,23045.5,23074,0,0,0,0,0,0,0,NaN,23074.5,23045.5,23074
2025-08-05T18:25:00-04:00,23074.5,23078.5,23059.25,23070.75,0,0,0,0,0,0,0,NaN,23078.5,23059.25,23070.75
2025-08-05T18:30:00-04:00,23070,23078,23064.25,23074,0,0,0,0,0,0,0,NaN,23078,23064.25,23074
2025-08-05T18:35:00-04:00,23074,23078.75,23070.75,23071.5,0,0,0,0,0,0,0,NaN,23078.75,23070.75,23071.5
2025-08-05T18:40:00-04:00,23071.5,23077.25,23067.25,23073,0,0,0,0,0,0,0,NaN,23077.25,23067.25,23073
2025-08-05T18:45:00-04:00,23073.25,23079.5,23071,23073.5,0,0,0,0,0,0,0,NaN,23079.5,23071,23073.5
2025-08-05T18:50:00-04:00,23075,23080,23073.25,23077.5,0,0,0,0,0,0,0,NaN,23080,23073.25,23077.5
2025-08-05T18:55:00-04:00,23077.75,23087.5,23077.75,23086,0,0,0,0,0,0,0,NaN,23087.5,23077.75,23086
2025-08-05T19:00:00-04:00,23084.5,23088.75,23078.75,23087.25,0,0,0,0,0,0,0,NaN,23088.75,23078.75,23087.25
2025-08-05T19:05:00-04:00,23087.5,23088.75,23081.75,23085.5,0,0,0,0,0,0,0,NaN,23088.75,23081.75,23085.5
2025-08-05T19:10:00-04:00,23086.25,23089.75,23082.5,23089,0,0,0,0,0,0,0,NaN,23089.75,23082.5,23089
2025-08-05T19:15:00-04:00,23089.25,23097.5,23088,23092.5,0,0,0,0,0,0,0,NaN,23097.5,23088,23092.5
2025-08-05T19:20:00-04:00,23092.5,23094,23082.25,23083.25,0,0,0,0,0,0,0,NaN,23094,23082.25,23083.25
2025-08-05T19:25:00-04:00,23083.5,23086.25,23075.5,23080.5,0,0,0,0,0,0,0,NaN,23086.25,23075.5,23080.5
2025-08-05T19:30:00-04:00,23080.5,23082.25,23068,23071.25,0,0,0,0,0,0,0,NaN,23082.25,23068,23071.25
2025-08-05T19:35:00-04:00,23071.5,23084.5,23068.75,23082.25,0,0,0,0,0,0,0,NaN,23084.5,23068.75,23082.25
2025-08-05T19:40:00-04:00,23081.75,23089,23081,23089,0,0,0,0,0,0,0,NaN,23089,23081,23089
2025-08-05T19:45:00-04:00,23089,23092.25,23073,23075.25,0,0,0,0,0,0,0,NaN,23092.25,23073,23075.25
2025-08-05T19:50:00-04:00,23074.75,23078,23066.5,23068,0,0,0,0,0,0,0,NaN,23078,23066.5,23068
2025-08-05T19:55:00-04:00,23068,23069.25,23053,23053,0,0,0,0,0,0,0,NaN,23069.25,23053,23053
2025-08-05T20:00:00-04:00,23052.25,23085.75,23049.75,23078.75,0,0,0,0,0,0,0,NaN,23085.75,23049.75,23078.75
2025-08-05T20:05:00-04:00,23078.75,23080,23069.5,23077.25,0,0,0,0,0,0,0,NaN,23080,23069.5,23077.25
2025-08-05T20:10:00-04:00,23077.5,23086.5,23067.75,23078.75,0,0,0,0,0,0,0,NaN,23086.5,23067.75,23078.75
2025-08-05T20:15:00-04:00,23078.5,23083.75,23069,23072,0,0,0,0,0,0,0,NaN,23083.75,23069,23072
2025-08-05T20:20:00-04:00,23071.5,23087,23070.25,23086.25,0,0,0,0,0,0,0,NaN,23087,23070.25,23086.25
2025-08-05T20:25:00-04:00,23086.75,23089,23078.25,23085,0,0,0,0,0,0,0,NaN,23089,23078.25,23085
2025-08-05T20:30:00-04:00,23084.25,23094.75,23074.25,23083.25,0,0,0,0,0,0,0,NaN,23094.75,23074.25,23083.25
2025-08-05T20:35:00-04:00,23084,23093,23074.25,23086.75,0,0,0,0,0,0,0,NaN,23093,23074.25,23086.75
2025-08-05T20:40:00-04:00,23087.5,23087.5,23073,23082,0,0,0,0,0,0,0,NaN,23087.5,23073,23082
2025-08-05T20:45:00-04:00,23082.75,23085.25,23076,23078,0,0,0,0,0,0,0,NaN,23085.25,23076,23078
2025-08-05T20:50:00-04:00,23079,23083.75,23075.25,23075.5,0,0,0,0,0,0,0,NaN,23083.75,23075.25,23075.5
2025-08-05T20:55:00-04:00,23076.5,23077.25,23067,23072.5,0,0,0,0,0,0,0,NaN,23077.25,23067,23072.5
2025-08-05T21:00:00-04:00,23072,23078.25,23064.75,23072.25,0,0,0,0,0,0,0,NaN,23078.25,23064.75,23072.25
2025-08-05T21:05:00-04:00,23072.25,23078.5,23069,23076.25,0,0,0,0,0,0,0,NaN,23078.5,23069,23076.25
2025-08-05T21:10:00-04:00,23074.25,23084.25,23064,23082,0,0,0,0,0,0,0,NaN,23084.25,23064,23082
2025-08-05T21:15:00-04:00,23081,23083,23071.75,23078.75,0,0,0,0,0,0,0,NaN,23083,23071.75,23078.75
2025-08-05T21:20:00-04:00,23077.75,23081.5,23075.25,23075.25,0,0,0,0,0,0,0,NaN,23081.5,23075.25,23075.25
2025-08-05T21:25:00-04:00,23074.5,23082,23072.5,23076.5,0,0,0,0,0,0,0,NaN,23082,23072.5,23076.5
2025-08-05T21:30:00-04:00,23075.5,23092.75,23074.25,23091.25,0,0,0,0,0,0,0,NaN,23092.75,23074.25,23091.25
2025-08-05T21:35:00-04:00,23090.75,23111.25,23088.5,23109,0,0,0,0,0,0,0,NaN,23111.25,23088.5,23109
2025-08-05T21:40:00-04:00,23109.75,23128.75,23108.5,23116.75,0,0,0,0,0,0,0,NaN,23128.75,23108.5,23116.75
2025-08-05T21:45:00-04:00,23117.5,23121.75,23105.5,23107.25,0,0,0,0,0,0,0,NaN,23121.75,23105.5,23107.25
2025-08-05T21:50:00-04:00,23106.75,23130,23105.5,23124,0,0,0,0,0,0,0,NaN,23130,23105.5,23124
2025-08-05T21:55:00-04:00,23125,23140.25,23124.75,23136.5,0,0,0,0,0,0,0,NaN,23140.25,23124.75,23136.5
2025-08-05T22:00:00-04:00,23136.75,23139.5,23128,23132.5,0,0,0,0,0,0,0,NaN,23139.5,23128,23132.5
2025-08-05T22:05:00-04:00,23132,23132,23124,23126.5,0,0,0,0,0,0,0,NaN,23132,23124,23126.5
2025-08-05T22:10:00-04:00,23125.75,23134,23123,23132.25,0,0,0,0,0,0,0,NaN,23134,23123,23132.25
2025-08-05T22:15:00-04:00,23131.75,23143.5,23129.25,23141,0,0,0,0,0,0,0,NaN,23143.5,23129.25,23141
2025-08-05T22:20:00-04:00,23142,23152.25,23139.5,23147.75,0,0,0,0,0,0,0,NaN,23152.25,23139.5,23147.75
2025-08-05T22:25:00-04:00,23147.75,23154,23143.5,23154,0,0,0,0,0,0,0,NaN,23154,23143.5,23154
2025-08-05T22:30:00-04:00,23152.75,23166.5,23152.75,23159,0,0,0,0,0,0,0,NaN,23166.5,23152.75,23159
2025-08-05T22:35:00-04:00,23158.5,23164.25,23153.75,23158.25,0,0,0,0,0,0,0,NaN,23164.25,23153.75,23158.25
2025-08-05T22:40:00-04:00,23158.25,23168.25,23152,23166,0,0,0,0,0,0,0,NaN,23168.25,23152,23166
2025-08-05T22:45:00-04:00,23165.5,23165.5,23150,23154,0,0,0,0,0,0,0,NaN,23165.5,23150,23154
2025-08-05T22:50:00-04:00,23154,23154.25,23147.25,23151,0,0,0,0,0,0,0,NaN,23154.25,23147.25,23151
2025-08-05T22:55:00-04:00,23151.25,23155.75,23151,23155.25,0,0,0,0,0,0,0,NaN,23155.75,23151,23155.25
2025-08-05T23:00:00-04:00,23156,23158,23150,23154.5,0,0,0,0,0,0,0,NaN,23158,23150,23154.5
2025-08-05T23:05:00-04:00,23154.5,23160,23152.5,23158.5,0,0,0,0,0,0,0,NaN,23160,23152.5,23158.5
2025-08-05T23:10:00-04:00,23158.75,23161,23146.25,23147,0,0,0,0,0,0,0,NaN,23161,23146.25,23147
2025-08-05T23:15:00-04:00,23146.25,23156,23144.25,23156,0,0,0,0,0,0,0,NaN,23156,23144.25,23156
2025-08-05T23:20:00-04:00,23156,23165.5,23153.5,23154,0,0,0,0,0,0,0,NaN,23165.5,23153.5,23154
2025-08-05T23:25:00-04:00,23154.75,23158.75,23150.25,23156.75,0,0,0,0,0,0,0,NaN,23158.75,23150.25,23156.75
2025-08-05T23:30:00-04:00,23157.5,23169.75,23154.25,23168.25,0,0,0,0,0,0,0,NaN,23169.75,23154.25,23168.25
2025-08-05T23:35:00-04:00,23169,23169.75,23160.75,23162,0,0,0,0,0,0,0,NaN,23169.75,23160.75,23162
2025-08-05T23:40:00-04:00,23162,23163,23157.5,23160.75,0,0,0,0,0,0,0,NaN,23163,23157.5,23160.75
2025-08-05T23:45:00-04:00,23160,23168,23159.5,23161.75,0,0,0,0,0,0,0,NaN,23168,23159.5,23161.75
2025-08-05T23:50:00-04:00,23162,23170,23160.75,23165.5,0,0,0,0,0,0,0,NaN,23170,23160.75,23165.5
2025-08-05T23:55:00-04:00,23166,23168,23165,23166,0,0,0,0,0,0,0,NaN,23168,23165,23166
2025-08-06T00:00:00-04:00,23166.5,23173,23166.5,23170,0,0,0,1,0,0,0,NaN,23173,23166.5,23170
2025-08-06T00:05:00-04:00,23169.25,23173.5,23168.75,23173,0,0,0,0,0,0,0,NaN,23173.5,23168.75,23173
2025-08-06T00:10:00-04:00,23173,23173,23168.25,23168.5,0,0,0,0,0,0,0,NaN,23173,23168.25,23168.5
2025-08-06T00:15:00-04:00,23168,23171,23162.5,23164.5,0,0,0,0,0,0,0,NaN,23171,23162.5,23164.5
2025-08-06T00:20:00-04:00,23164.75,23172.25,23164.75,23164.75,0,0,0,0,0,0,0,NaN,23172.25,23164.75,23164.75
2025-08-06T00:25:00-04:00,23165.5,23167.25,23160.25,23166.25,0,0,0,0,0,0,0,NaN,23167.25,23160.25,23166.25
2025-08-06T00:30:00-04:00,23167.25,23171,23162.75,23164.25,0,0,0,0,0,0,0,NaN,23171,23162.75,23164.25
2025-08-06T00:35:00-04:00,23164,23168.75,23159.5,23162.5,0,0,0,0,0,0,0,NaN,23168.75,23159.5,23162.5
2025-08-06T00:40:00-04:00,23162.25,23164,23158.5,23159.5,0,0,0,0,0,0,0,NaN,23164,23158.5,23159.5
2025-08-06T00:45:00-04:00,23160,23162.75,23157.5,23160.25,0,0,0,0,0,0,0,NaN,23162.75,23157.5,23160.25
2025-08-06T00:50:00-04:00,23161.75,23165.75,23159.5,23160.75,0,0,0,0,0,0,0,NaN,23165.75,23159.5,23160.75
2025-08-06T00:55:00-04:00,23160,23164,23159.5,23162.75,0,0,0,0,0,0,0,NaN,23164,23159.5,23162.75
2025-08-06T01:00:00-04:00,23162.25,23167.25,23155.25,23158.25,0,0,0,0,0,0,0,NaN,23167.25,23155.25,23158.25
2025-08-06T01:05:00-04:00,23157.5,23161,23154.75,23155.75,0,0,0,0,0,0,0,NaN,23161,23154.75,23155.75
2025-08-06T01:10:00-04:00,23156,23161.25,23155.75,23158.25,0,0,0,0,0,0,0,NaN,23161.25,23155.75,23158.25
2025-08-06T01:15:00-04:00,23159.5,23160.5,23156.75,23158.75,0,0,0,0,0,0,0,NaN,23160.5,23156.75,23158.75
2025-08-06T01:20:00-04:00,23159,23164,23159,23162.75,0,0,0,0,0,0,0,NaN,23164,23159,23162.75
2025-08-06T01:25:00-04:00,23162.75,23172,23162.75,23170.75,0,0,0,0,0,0,0,NaN,23172,23162.75,23170.75
2025-08-06T01:30:00-04:00,23171.25,23188,23169.75,23184.5,0,0,0,0,0,0,0,NaN,23188,23169.75,23184.5
2025-08-06T01:35:00-04:00,23184.75,23192.25,23177.5,23192.25,0,0,0,0,0,0,0,NaN,23192.25,23177.5,23192.25
2025-08-06T01:40:00-04:00,23191.75,23194.25,23186.25,23193.75,0,0,0,0,0,0,0,NaN,23194.25,23186.25,23193.75
2025-08-06T01:45:00-04:00,23193.25,23201.75,23189,23190.25,0,0,0,0,0,0,0,NaN,23201.75,23189,23190.25
2025-08-06T01:50:00-04:00,23190.5,23195,23187,23191.5,0,0,0,0,0,0,0,NaN,23195,23187,23191.5
2025-08-06T01:55:00-04:00,23192.25,23192.75,23184,23184.75,0,0,0,0,0,0,0,NaN,23192.75,23184,23184.75
2025-08-06T02:00:00-04:00,23184.5,23193.75,23180.5,23190,0,0,0,0,0,0,0,NaN,23193.75,23180.5,23190
2025-08-06T02:05:00-04:00,23190,23194.75,23186,23186.75,0,0,0,0,0,0,0,NaN,23194.75,23186,23186.75
2025-08-06T02:10:00-04:00,23187,23189.5,23182,23187.5,0,0,0,0,0,0,0,NaN,23189.5,23182,23187.5
2025-08-06T02:15:00-04:00,23188,23202,23186.75,23198.25,0,0,0,0,0,0,0,NaN,23202,23186.75,23198.25
2025-08-06T02:20:00-04:00,23197.25,23200,23188.75,23191.25,0,0,0,0,0,0,0,NaN,23200,23188.75,23191.25
2025-08-06T02:25:00-04:00,23192.25,23200.75,23189.25,23197.5,0,0,0,0,0,0,0,NaN,23200.75,23189.25,23197.5
2025-08-06T02:30:00-04:00,23197.25,23204,23192.5,23199.75,0,0,0,0,0,0,0,NaN,23204,23192.5,23199.75
2025-08-06T02:35:00-04:00,23200.75,23207,23199,23201.25,0,0,0,0,0,0,0,NaN,23207,23199,23201.25
2025-08-06T02:40:00-04:00,23200,23204,23195.25,23197.5,0,0,0,0,0,0,0,NaN,23204,23195.25,23197.5
2025-08-06T02:45:00-04:00,23197.5,23204,23191.75,23195,0,0,0,0,0,0,0,NaN,23204,23191.75,23195
2025-08-06T02:50:00-04:00,23195.25,23197.75,23193,23195.75,0,0,0,0,0,0,0,NaN,23197.75,23193,23195.75
2025-08-06T02:55:00-04:00,23196.75,23197.75,23187.5,23192.25,0,0,0,0,0,0,0,NaN,23197.75,23187.5,23192.25
2025-08-06T03:00:00-04:00,23192.25,23204.5,23191,23201.5,0,0,0,0,0,0,0,NaN,23204.5,23191,23201.5
2025-08-06T03:05:00-04:00,23203,23206.25,23191.5,23196.75,0,0,0,0,0,0,0,NaN,23206.25,23191.5,23196.75
2025-08-06T03:10:00-04:00,23196.75,23222,23195.5,23219,0,0,0,0,0,0,0,NaN,23222,23195.5,23219
2025-08-06T03:15:00-04:00,23218.25,23219.75,23206.5,23209.5,0,0,0,0,0,0,0,NaN,23219.75,23206.5,23209.5
2025-08-06T03:20:00-04:00,23209,23209,23195.25,23197,0,0,0,0,0,0,0,NaN,23209,23195.25,23197
2025-08-06T03:25:00-04:00,23196.75,23207.75,23196.75,23207,0,0,0,0,0,0,0,NaN,23207.75,23196.75,23207
2025-08-06T03:30:00-04:00,23207,23213.75,23203,23211,0,0,0,0,0,0,0,NaN,23213.75,23203,23211
2025-08-06T03:35:00-04:00,23211.5,23213.75,23205,23211,0,0,0,0,0,0,0,NaN,23213.75,23205,23211
2025-08-06T03:40:00-04:00,23211.25,23216.5,23211,23215.25,0,0,0,0,0,0,0,NaN,23216.5,23211,23215.25
2025-08-06T03:45:00-04:00,23214,23216,23210,23212.25,0,0,0,0,0,0,0,NaN,23216,23210,23212.25
2025-08-06T03:50:00-04:00,23212.5,23219.5,23205.75,23218,0,0,0,0,0,0,0,NaN,23219.5,23205.75,23218
2025-08-06T03:55:00-04:00,23218.25,23224,23217,23220,0,0,0,0,0,0,0,NaN,23224,23217,23220
2025-08-06T04:00:00-04:00,23221,23221,23203.75,23214,0,0,0,0,0,0,0,NaN,23221,23203.75,23214
2025-08-06T04:05:00-04:00,23214.5,23227,23214.5,23215.25,0,0,0,0,0,0,0,NaN,23227,23214.5,23215.25
2025-08-06T04:10:00-04:00,23215.25,23218.5,23204.25,23207.5,0,0,0,0,0,0,0,NaN,23218.5,23204.25,23207.5
2025-08-06T04:15:00-04:00,23207.5,23209.5,23191,23194.25,0,0,0,0,0,0,0,NaN,23209.5,23191,23194.25
2025-08-06T04:20:00-04:00,23193.75,23197,23188.25,23192,0,0,0,0,0,0,0,NaN,23197,23188.25,23192
2025-08-06T04:25:00-04:00,23191.5,23197.75,23188.75,23188.75,0,0,0,0,0,0,0,NaN,23197.75,23188.75,23188.75
2025-08-06T04:30:00-04:00,23190,23191,23183.25,23188.25,0,0,0,0,0,0,0,NaN,23191,23183.25,23188.25
2025-08-06T04:35:00-04:00,23187.75,23189.25,23180.5,23181.25,0,0,0,0,0,0,0,NaN,23189.25,23180.5,23181.25
2025-08-06T04:40:00-04:00,23180.5,23180.75,23156,23160.75,0,0,0,0,0,0,0,NaN,23180.75,23156,23160.75
2025-08-06T04:45:00-04:00,23161.25,23173.5,23160.5,23166.75,0,0,0,0,0,0,0,NaN,23173.5,23160.5,23166.75
2025-08-06T04:50:00-04:00,23166.5,23175.75,23158.75,23159.5,0,0,0,0,0,0,0,NaN,23175.75,23158.75,23159.5
2025-08-06T04:55:00-04:00,23159.5,23170,23157.25,23166.25,0,0,0,0,0,0,0,NaN,23170,23157.25,23166.25
2025-08-06T05:00:00-04:00,23167.25,23175,23164.75,23171.25,0,0,0,0,0,0,0,NaN,23175,23164.75,23171.25
2025-08-06T05:05:00-04:00,23171,23176,23163.75,23174.75,0,0,0,0,0,0,0,NaN,23176,23163.75,23174.75
2025-08-06T05:10:00-04:00,23174.25,23180.25,23169.5,23177.75,0,0,0,0,0,0,0,NaN,23180.25,23169.5,23177.75
2025-08-06T05:15:00-04:00,23178,23179.5,23171,23171,0,0,0,0,0,0,0,NaN,23179.5,23171,23171
2025-08-06T05:20:00-04:00,23170.25,23176.75,23159.25,23165.5,0,0,0,0,0,0,0,NaN,23176.75,23159.25,23165.5
2025-08-06T05:25:00-04:00,23165.25,23169.25,23147.5,23151.5,0,0,0,0,0,0,0,NaN,23169.25,23147.5,23151.5
2025-08-06T05:30:00-04:00,23151.5,23153.75,23146.25,23148.75,0,0,0,0,0,0,0,NaN,23153.75,23146.25,23148.75
2025-08-06T05:35:00-04:00,23148.75,23152.25,23136.5,23144.25,0,0,0,0,0,0,0,NaN,23152.25,23136.5,23144.25
2025-08-06T05:40:00-04:00,23143.75,23149.75,23136.25,23144,0,0,0,0,0,0,0,NaN,23149.75,23136.25,23144
2025-08-06T05:45:00-04:00,23144.5,23145,23137,23142.25,0,0,0,0,0,0,0,NaN,23145,23137,23142.25
2025-08-06T05:50:00-04:00,23142.5,23146.75,23141.75,23146.25,0,0,0,0,0,0,0,NaN,23146.75,23141.75,23146.25
2025-08-06T05:55:00-04:00,23147,23149.25,23131.75,23146,0,0,0,0,0,0,0,NaN,23149.25,23131.75,23146
2025-08-06T06:00:00-04:00,23147.25,23149.25,23122,23125,0,0,0,0,0,0,0,NaN,23149.25,23122,23125
2025-08-06T06:05:00-04:00,23124.75,23133.75,23122.25,23131.25,0,0,0,0,0,0,0,NaN,23133.75,23122.25,23131.25
2025-08-06T06:10:00-04:00,23131,23156.75,23130.75,23151.5,0,0,0,0,0,0,0,NaN,23156.75,23130.75,23151.5
2025-08-06T06:15:00-04:00,23152,23155,23127.75,23132.25,0,0,0,0,0,0,0,NaN,23155,23127.75,23132.25
2025-08-06T06:20:00-04:00,23132.25,23146,23120.5,23138,0,0,0,0,0,0,0,NaN,23146,23120.5,23138
2025-08-06T06:25:00-04:00,23138.25,23150.75,23130.25,23148.5,0,0,0,0,0,0,0,NaN,23150.75,23130.25,23148.5
2025-08-06T06:30:00-04:00,23148.75,23151.75,23137.75,23146,0,0,0,0,0,0,0,NaN,23151.75,23137.75,23146
2025-08-06T06:35:00-04:00,23144.25,23150,23130.75,23140.75,0,0,0,0,0,0,0,NaN,23150,23130.75,23140.75
2025-08-06T06:40:00-04:00,23139.5,23142.5,23124.75,23125,0,0,0,0,0,0,0,NaN,23142.5,23124.75,23125
2025-08-06T06:45:00-04:00,23124.75,23130.75,23108.75,23110.25,0,0,0,0,0,0,0,NaN,23130.75,23108.75,23110.25
2025-08-06T06:50:00-04:00,23109,23134.5,23107.25,23131,0,0,0,0,0,0,0,NaN,23134.5,23107.25,23131
2025-08-06T06:55:00-04:00,23131.75,23147.25,23131.75,23144,0,0,0,0,0,0,0,NaN,23147.25,23131.75,23144
2025-08-06T07:00:00-04:00,23144.25,23172.5,23137.5,23167.5,0,0,0,0,0,0,0,NaN,23172.5,23137.5,23167.5
2025-08-06T07:05:00-04:00,23166.75,23170.5,23152.25,23170.25,0,0,0,0,0,0,0,NaN,23170.5,23152.25,23170.25
2025-08-06T07:10:00-04:00,23169.5,23175.75,23154.25,23164.25,0,0,0,0,0,0,0,NaN,23175.75,23154.25,23164.25
2025-08-06T07:15:00-04:00,23163.25,23170.75,23160.25,23166,0,0,0,0,0,0,0,NaN,23170.75,23160.25,23166
2025-08-06T07:20:00-04:00,23165.5,23178,23164,23171.25,0,0,0,0,0,0,0,NaN,23178,23164,23171.25
2025-08-06T07:25:00-04:00,23170.75,23177.5,23165,23177.25,0,0,0,0,0,0,0,NaN,23177.5,23165,23177.25
2025-08-06T07:30:00-04:00,23177,23196.75,23177,23183.25,0,0,0,0,0,0,0,NaN,23196.75,23177,23183.25
2025-08-06T07:35:00-04:00,23181.75,23191,23176.5,23187.5,0,0,0,0,0,0,0,NaN,23191,23176.5,23187.5
2025-08-06T07:40:00-04:00,23187,23191,23176.25,23189.25,0,0,0,0,0,0,0,NaN,23191,23176.25,23189.25
2025-08-06T07:45:00-04:00,23188,23192.25,23181.5,23190.25,0,0,0,0,0,0,0,NaN,23192.25,23181.5,23190.25
2025-08-06T07:50:00-04:00,23190,23190,23178.25,23180.75,0,0,0,0,0,0,0,NaN,23190,23178.25,23180.75
2025-08-06T07:55:00-04:00,23180.25,23183.75,23173,23176,0,0,0,0,0,0,0,NaN,23183.75,23173,23176
2025-08-06T08:00:00-04:00,23175.75,23182.5,23160,23160.75,0,0,0,0,0,0,0,NaN,23182.5,23160,23160.75
2025-08-06T08:05:00-04:00,23160.5,23162.5,23148.25,23154,0,0,0,0,0,0,0,NaN,23162.5,23148.25,23154
2025-08-06T08:10:00-04:00,23155,23156.25,23140.25,23145.25,0,0,0,0,0,0,0,NaN,23156.25,23140.25,23145.25
2025-08-06T08:15:00-04:00,23145,23174,23142.25,23173,0,0,0,0,0,0,0,NaN,23174,23142.25,23173
2025-08-06T08:20:00-04:00,23173.25,23186.5,23169.75,23174.25,0,0,0,0,0,0,0,NaN,23186.5,23169.75,23174.25
2025-08-06T08:25:00-04:00,23174,23174,23149.75,23150.5,0,0,0,0,0,0,0,NaN,23174,23149.75,23150.5
2025-08-06T08:30:00-04:00,23150,23173,23146.75,23169.25,0,0,0,0,0,0,0,NaN,23173,23146.75,23169.25
2025-08-06T08:35:00-04:00,23170,23177.5,23161,23163.5,0,0,0,0,0,0,0,NaN,23177.5,23161,23163.5
2025-08-06T08:40:00-04:00,23162.75,23172.5,23162.5,23168,0,0,0,0,0,0,0,NaN,23172.5,23162.5,23168
2025-08-06T08:45:00-04:00,23167.75,23179.75,23166.5,23177.75,0,0,0,0,0,0,0,NaN,23179.75,23166.5,23177.75
2025-08-06T08:50:00-04:00,23177.75,23181,23166.75,23175.5,0,0,0,0,0,0,0,NaN,23181,23166.75,23175.5
2025-08-06T08:55:00-04:00,23176,23183.75,23175,23179,0,0,0,0,0,0,0,NaN,23183.75,23175,23179
2025-08-06T09:00:00-04:00,23178.25,23182,23171.75,23178,0,0,0,0,0,0,0,NaN,23182,23171.75,23178
2025-08-06T09:05:00-04:00,23178,23183.5,23172.75,23177.75,0,0,0,0,0,0,0,NaN,23183.5,23172.75,23177.75
2025-08-06T09:10:00-04:00,23178.5,23188.75,23176,23188.75,0,0,0,0,0,0,0,NaN,23188.75,23176,23188.75
2025-08-06T09:15:00-04:00,23189,23193.75,23185.25,23186.25,0,0,0,0,0,0,0,NaN,23193.75,23185.25,23186.25
2025-08-06T09:20:00-04:00,23186.5,23189.25,23168,23168,0,0,0,0,0,0,0,NaN,23189.25,23168,23168
2025-08-06T09:25:00-04:00,23168.5,23178.25,23165,23168.75,0,0,0,0,0,0,0,NaN,23178.25,23165,23168.75
2025-08-06T09:30:00-04:00,23169.25,23222.5,23153.25,23219.5,0,0,0,0,0,0,0,NaN,23222.5,23153.25,23219.5
2025-08-06T09:35:00-04:00,23219.75,23228.25,23152.5,23160.75,0,0,0,0,0,0,0,NaN,23228.25,23152.5,23160.75
2025-08-06T09:40:00-04:00,23159.5,23203.25,23148.5,23202.75,0,0,0,0,0,0,0,NaN,23203.25,23148.5,23202.75
2025-08-06T09:45:00-04:00,23202.5,23239.5,23184.25,23217.75,0,0,0,0,0,0,0,NaN,23239.5,23184.25,23217.75
2025-08-06T09:50:00-04:00,23218.5,23244,23173.75,23230,0,0,0,0,0,0,0,NaN,23244,23173.75,23230
2025-08-06T09:55:00-04:00,23229,23244.5,23197.25,23201.25,0,0,0,0,0,0,0,NaN,23244.5,23197.25,23201.25
2025-08-06T10:00:00-04:00,23201.5,23269.75,23197,23269.75,0,0,0,0,0,0,0,NaN,23269.75,23197,23269.75
2025-08-06T10:05:00-04:00,23269.5,23285,23260,23278.25,0,0,0,0,0,0,0,NaN,23285,23260,23278.25
2025-08-06T10:10:00-04:00,23278,23278.25,23218.75,23219.25,0,0,0,0,0,0,0,NaN,23278.25,23218.75,23219.25
2025-08-06T10:15:00-04:00,23219.75,23237.5,23205.25,23221.75,0,0,0,0,0,0,0,NaN,23237.5,23205.25,23221.75
2025-08-06T10:20:00-04:00,23221.5,23231.75,23164.25,23181.25,0,0,0,0,0,0,0,NaN,23231.75,23164.25,23181.25
2025-08-06T10:25:00-04:00,23181.75,23207,23167.75,23199.5,0,0,0,0,0,0,0,NaN,23207,23167.75,23199.5
2025-08-06T10:30:00-04:00,23200,23211.5,23179.5,23204.25,0,0,0,0,0,0,0,NaN,23211.5,23179.5,23204.25
2025-08-06T10:35:00-04:00,23203,23250.75,23197,23245.25,0,0,0,0,0,0,0,NaN,23250.75,23197,23245.25
2025-08-06T10:40:00-04:00,23244.5,23263.25,23235.75,23254.25,0,0,0,0,0,0,0,NaN,23263.25,23235.75,23254.25
2025-08-06T10:45:00-04:00,23254.75,23269.5,23238,23243,0,0,0,0,0,0,0,NaN,23269.5,23238,23243
2025-08-06T10:50:00-04:00,23243.5,23261.25,23226.5,23260.5,0,0,0,0,0,0,0,NaN,23261.25,23226.5,23260.5
2025-08-06T10:55:00-04:00,23260.75,23287,23260,23282.25,0,0,0,0,0,0,0,NaN,23287,23260,23282.25
2025-08-06T11:00:00-04:00,23282.5,23294.25,23265,23268.75,0,0,0,0,0,0,0,NaN,23294.25,23265,23268.75
2025-08-06T11:05:00-04:00,23269.5,23290.75,23258,23289.5,0,0,0,0,0,0,0,NaN,23290.75,23258,23289.5
2025-08-06T11:10:00-04:00,23289.25,23299,23272,23295,0,0,0,0,0,0,0,NaN,23299,23272,23295
2025-08-06T11:15:00-04:00,23294.5,23316,23291.25,23310.75,0,0,0,0,0,0,0,NaN,23316,23291.25,23310.75
2025-08-06T11:20:00-04:00,23311,23324,23302.25,23314.75,0,0,0,0,0,0,0,NaN,23324,23302.25,23314.75
2025-08-06T11:25:00-04:00,23315.25,23331.25,23312.5,23323.75,0,0,0,0,0,0,0,NaN,23331.25,23312.5,23323.75
2025-08-06T11:30:00-04:00,23323.75,23343,23321.25,23336.25,0,0,0,0,0,0,0,NaN,23343,23321.25,23336.25
2025-08-06T11:35:00-04:00,23337,23345,23311.5,23318.5,0,0,0,0,0,0,0,NaN,23345,23311.5,23318.5
2025-08-06T11:40:00-04:00,23318.5,23338.5,23298.5,23336.25,0,0,0,0,0,0,0,NaN,23338.5,23298.5,23336.25
2025-08-06T11:45:00-04:00,23335.75,23350.25,23333,23346.75,0,0,0,0,0,0,0,NaN,23350.25,23333,23346.75
2025-08-06T11:50:00-04:00,23346.25,23375.5,23345.25,23372,0,0,0,0,0,0,0,NaN,23375.5,23345.25,23372
2025-08-06T11:55:00-04:00,23372.25,23374,23360.75,23368,0,0,0,0,0,0,0,NaN,23374,23360.75,23368
2025-08-06T12:00:00-04:00,23367.75,23380.5,23357,23380,0,0,0,0,0,0,0,NaN,23380.5,23357,23380
2025-08-06T12:05:00-04:00,23379.75,23385,23373.5,23379.5,0,0,0,0,0,0,0,NaN,23385,23373.5,23379.5
2025-08-06T12:10:00-04:00,23379.75,23380.5,23361.5,23369.75,0,0,0,0,0,0,0,NaN,23380.5,23361.5,23369.75
2025-08-06T12:15:00-04:00,23369.5,23383.25,23367.75,23381.75,0,0,0,0,0,0,0,NaN,23383.25,23367.75,23381.75
2025-08-06T12:20:00-04:00,23382,23385.75,23363.25,23372.25,0,0,0,0,0,0,0,NaN,23385.75,23363.25,23372.25
2025-08-06T12:25:00-04:00,23372.25,23372.5,23359.25,23368.75,0,0,0,0,0,0,0,NaN,23372.5,23359.25,23368.75
2025-08-06T12:30:00-04:00,23368.5,23369.75,23352.25,23362.75,0,0,0,0,0,0,0,NaN,23369.75,23352.25,23362.75
2025-08-06T12:35:00-04:00,23362.5,23389.5,23362,23369,0,0,0,0,0,0,0,NaN,23389.5,23362,23369
2025-08-06T12:40:00-04:00,23369.5,23376.5,23347.5,23351,0,0,0,0,0,0,0,NaN,23376.5,23347.5,23351
2025-08-06T12:45:00-04:00,23351.25,23374.25,23345.75,23372.5,0,0,0,0,0,0,0,NaN,23374.25,23345.75,23372.5
2025-08-06T12:50:00-04:00,23372.5,23385.5,23366.25,23375.75,0,0,0,0,0,0,0,NaN,23385.5,23366.25,23375.75
2025-08-06T12:55:00-04:00,23376,23382.75,23368.75,23371,0,0,0,0,0,0,0,NaN,23382.75,23368.75,23371
2025-08-06T13:00:00-04:00,23370.75,23385.5,23362,23376.25,0,0,0,0,0,0,0,NaN,23385.5,23362,23376.25
2025-08-06T13:05:00-04:00,23375.75,23377.5,23358.5,23372.5,0,0,0,0,0,0,0,NaN,23377.5,23358.5,23372.5
2025-08-06T13:10:00-04:00,23372.25,23377,23361.25,23365,0,0,0,0,0,0,0,NaN,23377,23361.25,23365
2025-08-06T13:15:00-04:00,23364.75,23373,23358.5,23372.5,0,0,0,0,0,0,0,NaN,23373,23358.5,23372.5
2025-08-06T13:20:00-04:00,23371.25,23378,23366.5,23370.25,0,0,0,0,0,0,0,NaN,23378,23366.5,23370.25
2025-08-06T13:25:00-04:00,23370.5,23378.25,23364.25,23377.5,0,0,0,0,0,0,0,NaN,23378.25,23364.25,23377.5
2025-08-06T13:30:00-04:00,23377.5,23383.25,23367,23381.5,0,0,0,0,0,0,0,NaN,23383.25,23367,23381.5
2025-08-06T13:35:00-04:00,23381.5,23387.5,23379.5,23386.5,0,0,0,0,0,0,0,NaN,23387.5,23379.5,23386.5
2025-08-06T13:40:00-04:00,23386.75,23396.5,23380.25,23390.75,0,0,0,0,0,0,0,NaN,23396.5,23380.25,23390.75
2025-08-06T13:45:00-04:00,23391.25,23391.5,23372.25,23374.75,0,0,0,0,0,0,0,NaN,23391.5,23372.25,23374.75
2025-08-06T13:50:00-04:00,23374.75,23377.5,23364.5,23365.75,0,0,0,0,0,0,0,NaN,23377.5,23364.5,23365.75
2025-08-06T13:55:00-04:00,23365.25,23376.5,23363.5,23373,0,0,0,0,0,0,0,NaN,23376.5,23363.5,23373
2025-08-06T14:00:00-04:00,23373,23396,23370.5,23394.5,0,0,0,0,0,0,0,NaN,23396,23370.5,23394.5
2025-08-06T14:05:00-04:00,23394.75,23413.5,23390,23403.25,0,0,0,0,0,0,0,NaN,23413.5,23390,23403.25
2025-08-06T14:10:00-04:00,23403.75,23415,23395.5,23410,0,0,0,0,0,0,0,NaN,23415,23395.5,23410
2025-08-06T14:15:00-04:00,23409.75,23416.75,23404,23408,0,0,0,0,0,0,0,NaN,23416.75,23404,23408
2025-08-06T14:20:00-04:00,23408,23419.25,23406,23417.25,0,0,0,0,0,0,0,NaN,23419.25,23406,23417.25
2025-08-06T14:25:00-04:00,23417,23422.75,23413,23420,0,0,0,0,0,0,0,NaN,23422.75,23413,23420
2025-08-06T14:30:00-04:00,23420.25,23429.25,23414.5,23428,0,0,0,0,0,0,0,NaN,23429.25,23414.5,23428
2025-08-06T14:35:00-04:00,23427.75,23435.25,23422.75,23424.25,0,0,0,0,0,0,0,NaN,23435.25,23422.75,23424.25
2025-08-06T14:40:00-04:00,23423.75,23427.75,23414,23424.75,0,0,0,0,0,0,0,NaN,23427.75,23414,23424.75
2025-08-06T14:45:00-04:00,23425,23430.5,23419.25,23427.5,0,0,0,0,0,0,0,NaN,23430.5,23419.25,23427.5
2025-08-06T14:50:00-04:00,23427.25,23433.75,23418.5,23426.5,0,0,0,0,0,0,0,NaN,23433.75,23418.5,23426.5
2025-08-06T14:55:00-04:00,23426.5,23428.5,23410.25,23416,0,0,0,0,0,0,0,NaN,23428.5,23410.25,23416
2025-08-06T15:00:00-04:00,23415.5,23432,23413,23428.75,0,0,0,0,0,0,0,NaN,23432,23413,23428.75
2025-08-06T15:05:00-04:00,23428.75,23429,23415.75,23419.75,0,0,0,0,0,0,0,NaN,23429,23415.75,23419.75
2025-08-06T15:10:00-04:00,23419.5,23422,23412,23416.75,0,0,0,0,0,0,0,NaN,23422,23412,23416.75
2025-08-06T15:15:00-04:00,23417.25,23433,23416,23430.75,0,0,0,0,0,0,0,NaN,23433,23416,23430.75
2025-08-06T15:20:00-04:00,23431,23440,23430,23439.25,0,0,0,0,0,0,0,NaN,23440,23430,23439.25
2025-08-06T15:25:00-04:00,23439.5,23439.75,23425.5,23430.75,0,0,0,0,0,0,0,NaN,23439.75,23425.5,23430.75
2025-08-06T15:30:00-04:00,23430.5,23445.25,23423.75,23437.75,0,0,0,0,0,0,0,NaN,23445.25,23423.75,23437.75
2025-08-06T15:35:00-04:00,23437.25,23441.5,23430.25,23439.5,0,0,0,0,0,0,0,NaN,23441.5,23430.25,23439.5
2025-08-06T15:40:00-04:00,23439.5,23442,23419.75,23422.25,0,0,0,0,0,0,0,NaN,23442,23419.75,23422.25
2025-08-06T15:45:00-04:00,23422,23427.75,23416.75,23425.5,0,0,0,0,0,0,0,NaN,23427.75,23416.75,23425.5
2025-08-06T15:50:00-04:00,23425.25,23425.5,23408,23420,0,0,0,0,0,0,0,NaN,23425.5,23408,23420
2025-08-06T15:55:00-04:00,23420,23429,23407.25,23424.75,0,0,0,0,0,0,0,NaN,23429,23407.25,23424.75
2025-08-06T16:00:00-04:00,23424.75,23425.75,23406.25,23409.75,0,0,0,0,0,0,0,NaN,23425.75,23406.25,23409.75
2025-08-06T16:05:00-04:00,23409.75,23418,23402.5,23413,0,0,0,0,0,0,0,NaN,23418,23402.5,23413
2025-08-06T16:10:00-04:00,23412.75,23419.75,23405.25,23406.25,0,0,0,0,0,0,0,NaN,23419.75,23405.25,23406.25
2025-08-06T16:15:00-04:00,23405.5,23411.5,23398,23410.5,0,0,0,0,0,0,0,NaN,23411.5,23398,23410.5
2025-08-06T16:20:00-04:00,23410.5,23413.75,23408.75,23412,0,0,0,0,0,0,0,NaN,23413.75,23408.75,23412
2025-08-06T16:25:00-04:00,23411.75,23417.75,23409,23411.75,0,0,0,0,0,0,0,NaN,23417.75,23409,23411.75
2025-08-06T16:30:00-04:00,23411.5,23414.5,23408.75,23414,0,0,0,0,0,0,0,NaN,23414.5,23408.75,23414
2025-08-06T16:35:00-04:00,23414,23414,23400,23406.5,0,0,0,0,0,0,0,NaN,23414,23400,23406.5
2025-08-06T16:40:00-04:00,23406.5,23411.75,23404.25,23409,0,0,0,0,0,0,0,NaN,23411.75,23404.25,23409
2025-08-06T16:45:00-04:00,23409.25,23414,23404.5,23412,0,0,0,0,0,0,0,NaN,23414,23404.5,23412
2025-08-06T16:50:00-04:00,23411.75,23412.5,23404.5,23410.25,0,0,0,0,0,0,0,NaN,23412.5,23404.5,23410.25
2025-08-06T16:55:00-04:00,23409.75,23413.25,23407,23413.25,0,0,0,0,0,0,0,NaN,23413.25,23407,23413.25
2025-08-06T18:00:00-04:00,23418.5,23437.75,23384.5,23389.75,0,0,0,0,0,0,0,NaN,23437.75,23384.5,23389.75
2025-08-06T18:05:00-04:00,23389.75,23412.5,23385.25,23409.25,0,0,0,0,0,0,0,NaN,23412.5,23385.25,23409.25
2025-08-06T18:10:00-04:00,23409.25,23421.5,23407.5,23413,0,0,0,0,0,0,0,NaN,23421.5,23407.5,23413
2025-08-06T18:15:00-04:00,23414.5,23436.5,23412.5,23434.25,0,0,0,0,0,0,0,NaN,23436.5,23412.5,23434.25
2025-08-06T18:20:00-04:00,23432.75,23438.75,23430.25,23437,0,0,0,0,0,0,0,NaN,23438.75,23430.25,23437
2025-08-06T18:25:00-04:00,23436,23470,23435.75,23466.75,0,0,0,0,0,0,0,NaN,23470,23435.75,23466.75
2025-08-06T18:30:00-04:00,23466.75,23481,23460.5,23469.75,0,0,0,0,0,0,0,NaN,23481,23460.5,23469.75
2025-08-06T18:35:00-04:00,23469.75,23472,23458.75,23462.75,0,0,0,0,0,0,0,NaN,23472,23458.75,23462.75
2025-08-06T18:40:00-04:00,23464.25,23469.5,23460.25,23462,0,0,0,0,0,0,0,NaN,23469.5,23460.25,23462
2025-08-06T18:45:00-04:00,23461.25,23465.5,23456.5,23458,0,0,0,0,0,0,0,NaN,23465.5,23456.5,23458
2025-08-06T18:50:00-04:00,23456.5,23466,23451.25,23458.75,0,0,0,0,0,0,0,NaN,23466,23451.25,23458.75
2025-08-06T18:55:00-04:00,23457.5,23461.75,23453,23461,0,0,0,0,0,0,0,NaN,23461.75,23453,23461
2025-08-06T19:00:00-04:00,23461,23471.25,23459.25,23465.5,0,0,0,0,0,0,0,NaN,23471.25,23459.25,23465.5
2025-08-06T19:05:00-04:00,23463,23477,23461,23475,0,0,0,0,0,0,0,NaN,23477,23461,23475
2025-08-06T19:10:00-04:00,23473.5,23474.5,23464,23466.5,0,0,0,0,0,0,0,NaN,23474.5,23464,23466.5
2025-08-06T19:15:00-04:00,23466.75,23468.75,23458,23461.75,0,0,0,0,0,0,0,NaN,23468.75,23458,23461.75
2025-08-06T19:20:00-04:00,23461.5,23465.75,23458.75,23464.5,0,0,0,0,0,0,0,NaN,23465.75,23458.75,23464.5
2025-08-06T19:25:00-04:00,23465.25,23466.25,23456.25,23460.5,0,0,0,0,0,0,0,NaN,23466.25,23456.25,23460.5
2025-08-06T19:30:00-04:00,23461,23463.5,23457.75,23462.5,0,0,0,0,0,0,0,NaN,23463.5,23457.75,23462.5
2025-08-06T19:35:00-04:00,23462.5,23468.5,23459.25,23460.5,0,0,0,0,0,0,0,NaN,23468.5,23459.25,23460.5
2025-08-06T19:40:00-04:00,23461,23462.75,23454.25,23457,0,0,0,0,0,0,0,NaN,23462.75,23454.25,23457
2025-08-06T19:45:00-04:00,23457.25,23459.75,23448.25,23451,0,0,0,0,0,0,0,NaN,23459.75,23448.25,23451
2025-08-06T19:50:00-04:00,23450.5,23456.25,23449.75,23450,0,0,0,0,0,0,0,NaN,23456.25,23449.75,23450
2025-08-06T19:55:00-04:00,23449.75,23454.25,23444.25,23452,0,0,0,0,0,0,0,NaN,23454.25,23444.25,23452
2025-08-06T20:00:00-04:00,23451.75,23461.5,23444.25,23461.5,0,0,0,0,0,0,0,NaN,23461.5,23444.25,23461.5
2025-08-06T20:05:00-04:00,23460,23465,23456.25,23464,0,0,0,0,0,0,0,NaN,23465,23456.25,23464
2025-08-06T20:10:00-04:00,23463.5,23466.5,23461,23466.5,0,0,0,0,0,0,0,NaN,23466.5,23461,23466.5
2025-08-06T20:15:00-04:00,23466.25,23473.75,23461.5,23470.5,0,0,0,0,0,0,0,NaN,23473.75,23461.5,23470.5
2025-08-06T20:20:00-04:00,23471.5,23478,23469.25,23477.75,0,0,0,0,0,0,0,NaN,23478,23469.25,23477.75
2025-08-06T20:25:00-04:00,23478.25,23491.25,23478.25,23485.5,0,0,0,0,0,0,0,NaN,23491.25,23478.25,23485.5
2025-08-06T20:30:00-04:00,23486,23493.5,23485.5,23488,0,0,0,0,0,0,0,NaN,23493.5,23485.5,23488
2025-08-06T20:35:00-04:00,23487.75,23495.75,23487.75,23494,0,0,0,0,0,0,0,NaN,23495.75,23487.75,23494
2025-08-06T20:40:00-04:00,23494.5,23499.25,23487,23491,0,0,0,0,0,0,0,NaN,23499.25,23487,23491
2025-08-06T20:45:00-04:00,23491.25,23495.75,23488.5,23492.75,0,0,0,0,0,0,0,NaN,23495.75,23488.5,23492.75
2025-08-06T20:50:00-04:00,23492.5,23502,23488,23489.75,0,0,0,0,0,0,0,NaN,23502,23488,23489.75
2025-08-06T20:55:00-04:00,23489,23491.5,23485,23488,0,0,0,0,0,0,0,NaN,23491.5,23485,23488
2025-08-06T21:00:00-04:00,23488,23491,23485,23488,0,0,0,0,0,0,0,NaN,23491,23485,23488
2025-08-06T21:05:00-04:00,23488.75,23496.75,23487,23496.5,0,0,0,0,0,0,0,NaN,23496.75,23487,23496.5
2025-08-06T21:10:00-04:00,23496.5,23497.25,23490.5,23491,0,0,0,0,0,0,0,NaN,23497.25,23490.5,23491
2025-08-06T21:15:00-04:00,23490.25,23491,23483.75,23486.5,0,0,0,0,0,0,0,NaN,23491,23483.75,23486.5
2025-08-06T21:20:00-04:00,23486,23488.25,23481.5,23486,0,0,0,0,0,0,0,NaN,23488.25,23481.5,23486
2025-08-06T21:25:00-04:00,23485.75,23490.75,23485.25,23488,0,0,0,0,0,0,0,NaN,23490.75,23485.25,23488
2025-08-06T21:30:00-04:00,23488,23490.75,23486,23487.25,0,0,0,0,0,0,0,NaN,23490.75,23486,23487.25
2025-08-06T21:35:00-04:00,23486.5,23501.5,23478,23500,0,0,0,0,0,0,0,NaN,23501.5,23478,23500
2025-08-06T21:40:00-04:00,23500.75,23511.25,23499,23506.75,0,0,0,0,0,0,0,NaN,23511.25,23499,23506.75
2025-08-06T21:45:00-04:00,23506.5,23508,23498.5,23505.75,0,0,0,0,0,0,0,NaN,23508,23498.5,23505.75
2025-08-06T21:50:00-04:00,23505.5,23509,23501.75,23501.75,0,0,0,0,0,0,0,NaN,23509,23501.75,23501.75
2025-08-06T21:55:00-04:00,23501.75,23502.5,23496,23496.5,0,0,0,0,0,0,0,NaN,23502.5,23496,23496.5
2025-08-06T22:00:00-04:00,23495.75,23498.25,23492,23494.25,0,0,0,0,0,0,0,NaN,23498.25,23492,23494.25
2025-08-06T22:05:00-04:00,23494,23504.75,23493.25,23503,0,0,0,0,0,0,0,NaN,23504.75,23493.25,23503
2025-08-06T22:10:00-04:00,23503.5,23505.5,23495.5,23498.75,0,0,0,0,0,0,0,NaN,23505.5,23495.5,23498.75
2025-08-06T22:15:00-04:00,23498,23498.25,23492,23497,0,0,0,0,0,0,0,NaN,23498.25,23492,23497
2025-08-06T22:20:00-04:00,23496.25,23501.5,23491.25,23496,0,0,0,0,0,0,0,NaN,23501.5,23491.25,23496
2025-08-06T22:25:00-04:00,23495,23497,23489.5,23490.75,0,0,0,0,0,0,0,NaN,23497,23489.5,23490.75
2025-08-06T22:30:00-04:00,23490.75,23496.5,23490.75,23496.5,0,0,0,0,0,0,0,NaN,23496.5,23490.75,23496.5
2025-08-06T22:35:00-04:00,23496.5,23498.5,23491.75,23496.5,0,0,0,0,0,0,0,NaN,23498.5,23491.75,23496.5
2025-08-06T22:40:00-04:00,23496,23498.75,23486.5,23488.5,0,0,0,0,0,0,0,NaN,23498.75,23486.5,23488.5
2025-08-06T22:45:00-04:00,23488,23492.25,23485.25,23492.25,0,0,0,0,0,0,0,NaN,23492.25,23485.25,23492.25
2025-08-06T22:50:00-04:00,23493,23493,23486.75,23488.5,0,0,0,0,0,0,0,NaN,23493,23486.75,23488.5
2025-08-06T22:55:00-04:00,23488.75,23490.5,23487.25,23488,0,0,0,0,0,0,0,NaN,23490.5,23487.25,23488
2025-08-06T23:00:00-04:00,23488.25,23499,23488,23496.5,0,0,0,0,0,0,0,NaN,23499,23488,23496.5
2025-08-06T23:05:00-04:00,23495.75,23496.25,23483.25,23483.5,0,0,0,0,0,0,0,NaN,23496.25,23483.25,23483.5
2025-08-06T23:10:00-04:00,23484,23487,23483.25,23484.5,0,0,0,0,0,0,0,NaN,23487,23483.25,23484.5
2025-08-06T23:15:00-04:00,23484.75,23489.75,23483.75,23486.75,0,0,0,0,0,0,0,NaN,23489.75,23483.75,23486.75
2025-08-06T23:20:00-04:00,23487,23490.25,23484,23489,0,0,0,0,0,0,0,NaN,23490.25,23484,23489
2025-08-06T23:25:00-04:00,23488.5,23492,23487.75,23488,0,0,0,0,0,0,0,NaN,23492,23487.75,23488
2025-08-06T23:30:00-04:00,23488.5,23490.25,23485.75,23490,0,0,0,0,0,0,0,NaN,23490.25,23485.75,23490
2025-08-06T23:35:00-04:00,23490.25,23495.25,23488.5,23493,0,0,0,0,0,0,0,NaN,23495.25,23488.5,23493
2025-08-06T23:40:00-04:00,23493.25,23494.75,23490.75,23493,0,0,0,0,0,0,0,NaN,23494.75,23490.75,23493
2025-08-06T23:45:00-04:00,23493.5,23498.75,23492.5,23495.25,0,0,0,0,0,0,0,NaN,23498.75,23492.5,23495.25
2025-08-06T23:50:00-04:00,23495.5,23496.5,23487.5,23489,0,0,0,0,0,0,0,NaN,23496.5,23487.5,23489
2025-08-06T23:55:00-04:00,23489.75,23492,23488.75,23490,0,0,0,0,0,0,0,NaN,23492,23488.75,23490
2025-08-07T00:00:00-04:00,23489.75,23495.75,23487.25,23495,0,0,0,0,1,0,0,NaN,23495.75,23487.25,23495
2025-08-07T00:05:00-04:00,23495.5,23497.75,23490.75,23494.25,0,0,0,0,0,0,0,NaN,23497.75,23490.75,23494.25
2025-08-07T00:10:00-04:00,23494,23499.25,23494,23496.5,0,0,0,0,0,0,0,NaN,23499.25,23494,23496.5
2025-08-07T00:15:00-04:00,23497,23497.5,23493.25,23495,0,0,0,0,0,0,0,NaN,23497.5,23493.25,23495
2025-08-07T00:20:00-04:00,23495,23496.5,23492,23493,0,0,0,0,0,0,0,NaN,23496.5,23492,23493
2025-08-07T00:25:00-04:00,23493,23493.5,23480.25,23480.25,0,0,0,0,0,0,0,NaN,23493.5,23480.25,23480.25
2025-08-07T00:30:00-04:00,23480.75,23486.5,23480.25,23483.5,0,0,0,0,0,0,0,NaN,23486.5,23480.25,23483.5
2025-08-07T00:35:00-04:00,23482.75,23484.75,23473.5,23478,0,0,0,0,0,0,0,NaN,23484.75,23473.5,23478
2025-08-07T00:40:00-04:00,23478.5,23480.75,23468.25,23471,0,0,0,0,0,0,0,NaN,23480.75,23468.25,23471
2025-08-07T00:45:00-04:00,23471.75,23471.75,23457.25,23464.75,0,0,0,0,0,0,0,NaN,23471.75,23457.25,23464.75
2025-08-07T00:50:00-04:00,23464.25,23465,23458.5,23462.25,0,0,0,0,0,0,0,NaN,23465,23458.5,23462.25
2025-08-07T00:55:00-04:00,23462,23467,23457.75,23464.75,0,0,0,0,0,0,0,NaN,23467,23457.75,23464.75
2025-08-07T01:00:00-04:00,23464.25,23466,23455.75,23460,0,0,0,0,0,0,0,NaN,23466,23455.75,23460
2025-08-07T01:05:00-04:00,23460,23463.25,23456.25,23463,0,0,0,0,0,0,0,NaN,23463.25,23456.25,23463
2025-08-07T01:10:00-04:00,23463.5,23467.75,23454.5,23457.25,0,0,0,0,0,0,0,NaN,23467.75,23454.5,23457.25
2025-08-07T01:15:00-04:00,23458,23463.25,23458,23462,0,0,0,0,0,0,0,NaN,23463.25,23458,23462
2025-08-07T01:20:00-04:00,23462.25,23469.5,23462.25,23466,0,0,0,0,0,0,0,NaN,23469.5,23462.25,23466
2025-08-07T01:25:00-04:00,23466.25,23476.25,23465.75,23474.75,0,0,0,0,0,0,0,NaN,23476.25,23465.75,23474.75
2025-08-07T01:30:00-04:00,23474.75,23479.5,23470.75,23477,0,0,0,0,0,0,0,NaN,23479.5,23470.75,23477
2025-08-07T01:35:00-04:00,23476.5,23482.5,23471,23471.5,0,0,0,0,0,0,0,NaN,23482.5,23471,23471.5
2025-08-07T01:40:00-04:00,23472,23478.25,23469,23477.25,0,0,0,0,0,0,0,NaN,23478.25,23469,23477.25
2025-08-07T01:45:00-04:00,23477.5,23480.25,23472.5,23478,0,0,0,0,0,0,0,NaN,23480.25,23472.5,23478
2025-08-07T01:50:00-04:00,23478,23481,23475.25,23480.25,0,0,0,0,0,0,0,NaN,23481,23475.25,23480.25
2025-08-07T01:55:00-04:00,23480.25,23483.5,23476.5,23483,0,0,0,0,0,0,0,NaN,23483.5,23476.5,23483
2025-08-07T02:00:00-04:00,23482.25,23493.25,23480.5,23491.25,0,0,0,0,0,0,0,NaN,23493.25,23480.5,23491.25
2025-08-07T02:05:00-04:00,23492,23492.5,23481,23486.25,0,0,0,0,0,0,0,NaN,23492.5,23481,23486.25
2025-08-07T02:10:00-04:00,23486.25,23490.5,23476.5,23480.25,0,0,0,0,0,0,0,NaN,23490.5,23476.5,23480.25
2025-08-07T02:15:00-04:00,23478.25,23483,23472.5,23477.5,0,0,0,0,0,0,0,NaN,23483,23472.5,23477.5
2025-08-07T02:20:00-04:00,23478.25,23490.25,23477,23489.25,0,0,0,0,0,0,0,NaN,23490.25,23477,23489.25
2025-08-07T02:25:00-04:00,23490,23493.25,23485,23491.25,0,0,0,0,0,0,0,NaN,23493.25,23485,23491.25
2025-08-07T02:30:00-04:00,23492.25,23497,23491.25,23491.75,0,0,0,0,0,0,0,NaN,23497,23491.25,23491.75
2025-08-07T02:35:00-04:00,23492.25,23493.5,23478.5,23479.75,0,0,0,0,0,0,0,NaN,23493.5,23478.5,23479.75
2025-08-07T02:40:00-04:00,23479.75,23487.25,23478.5,23483.5,0,0,0,0,0,0,0,NaN,23487.25,23478.5,23483.5
2025-08-07T02:45:00-04:00,23483.25,23488.75,23483,23484.75,0,0,0,0,0,0,0,NaN,23488.75,23483,23484.75
2025-08-07T02:50:00-04:00,23485.25,23486.5,23480.75,23481.5,0,0,0,0,0,0,0,NaN,23486.5,23480.75,23481.5
2025-08-07T02:55:00-04:00,23480.75,23483.5,23467.25,23472,0,0,0,0,0,0,0,NaN,23483.5,23467.25,23472
2025-08-07T03:00:00-04:00,23472,23478.75,23470.75,23476.75,0,0,0,0,0,0,0,NaN,23478.75,23470.75,23476.75
2025-08-07T03:05:00-04:00,23477.75,23488.75,23476.25,23488.75,0,0,0,0,0,0,0,NaN,23488.75,23476.25,23488.75
2025-08-07T03:10:00-04:00,23488.25,23501.25,23487,23499.5,0,0,0,0,0,0,0,NaN,23501.25,23487,23499.5
2025-08-07T03:15:00-04:00,23500.25,23513,23492,23494,0,0,0,0,0,0,0,NaN,23513,23492,23494
2025-08-07T03:20:00-04:00,23495,23500.5,23490.75,23499.75,0,0,0,0,0,0,0,NaN,23500.5,23490.75,23499.75
2025-08-07T03:25:00-04:00,23500.25,23501,23479.5,23483.25,0,0,0,0,0,0,0,NaN,23501,23479.5,23483.25
2025-08-07T03:30:00-04:00,23481.25,23489.75,23480,23483.25,0,0,0,0,0,0,0,NaN,23489.75,23480,23483.25
2025-08-07T03:35:00-04:00,23483.75,23494.5,23483.25,23494.5,0,0,0,0,0,0,0,NaN,23494.5,23483.25,23494.5
2025-08-07T03:40:00-04:00,23493.75,23501,23492.75,23497.5,0,0,0,0,0,0,0,NaN,23501,23492.75,23497.5
2025-08-07T03:45:00-04:00,23497.75,23505.25,23495,23496.75,0,0,0,0,0,0,0,NaN,23505.25,23495,23496.75
2025-08-07T03:50:00-04:00,23497,23507.5,23497,23505.5,0,0,0,0,0,0,0,NaN,23507.5,23497,23505.5
2025-08-07T03:55:00-04:00,23506.25,23513.5,23506.25,23509,0,0,0,0,0,0,0,NaN,23513.5,23506.25,23509
2025-08-07T04:00:00-04:00,23508.75,23534.25,23507.5,23533,0,0,0,0,0,0,0,NaN,23534.25,23507.5,23533
2025-08-07T04:05:00-04:00,23532.75,23541,23529.5,23537.25,0,0,0,0,0,0,0,NaN,23541,23529.5,23537.25
2025-08-07T04:10:00-04:00,23537.75,23541.75,23530.25,23541.5,0,0,0,0,0,0,0,NaN,23541.75,23530.25,23541.5
2025-08-07T04:15:00-04:00,23542,23545,23532.5,23543.5,0,0,0,0,0,0,0,NaN,23545,23532.5,23543.5
2025-08-07T04:20:00-04:00,23543.25,23550.75,23537.5,23546,0,0,0,0,0,0,0,NaN,23550.75,23537.5,23546
2025-08-07T04:25:00-04:00,23545.5,23574.75,23545,23567.75,0,0,0,0,0,0,0,NaN,23574.75,23545,23567.75
2025-08-07T04:30:00-04:00,23568.5,23573,23555.75,23558.25,0,0,0,0,0,0,0,NaN,23573,23555.75,23558.25
2025-08-07T04:35:00-04:00,23558.25,23558.5,23540.25,23544.5,0,0,0,0,0,0,0,NaN,23558.5,23540.25,23544.5
2025-08-07T04:40:00-04:00,23545,23548.5,23540,23548.25,0,0,0,0,0,0,0,NaN,23548.5,23540,23548.25
2025-08-07T04:45:00-04:00,23548.5,23556,23546.25,23552.25,0,0,0,0,0,0,0,NaN,23556,23546.25,23552.25
2025-08-07T04:50:00-04:00,23552.75,23566.75,23551,23564.5,0,0,0,0,0,0,0,NaN,23566.75,23551,23564.5
2025-08-07T04:55:00-04:00,23564.75,23567,23554.25,23555.75,0,0,0,0,0,0,0,NaN,23567,23554.25,23555.75
2025-08-07T05:00:00-04:00,23556,23557.5,23537.75,23550.75,0,0,0,0,0,0,0,NaN,23557.5,23537.75,23550.75
2025-08-07T05:05:00-04:00,23550.25,23559,23545,23558.5,0,0,0,0,0,0,0,NaN,23559,23545,23558.5
2025-08-07T05:10:00-04:00,23557.5,23567,23554,23565,0,0,0,0,0,0,0,NaN,23567,23554,23565
2025-08-07T05:15:00-04:00,23564.75,23565.5,23553.5,23558.5,0,0,0,0,0,0,0,NaN,23565.5,23553.5,23558.5
2025-08-07T05:20:00-04:00,23559.5,23571.25,23555.5,23569.25,0,0,0,0,0,0,0,NaN,23571.25,23555.5,23569.25
2025-08-07T05:25:00-04:00,23569.25,23579.25,23561.75,23579,0,0,0,0,0,0,0,NaN,23579.25,23561.75,23579
2025-08-07T05:30:00-04:00,23579,23588.25,23573.5,23579.5,0,0,0,0,0,0,0,NaN,23588.25,23573.5,23579.5
2025-08-07T05:35:00-04:00,23580,23580,23568.75,23571.5,0,0,0,0,0,0,0,NaN,23580,23568.75,23571.5
2025-08-07T05:40:00-04:00,23571.75,23593.5,23569,23591.5,0,0,0,0,0,0,0,NaN,23593.5,23569,23591.5
2025-08-07T05:45:00-04:00,23591.75,23596.5,23584.5,23584.75,0,0,0,0,0,0,0,NaN,23596.5,23584.5,23584.75
2025-08-07T05:50:00-04:00,23585,23601.25,23584.75,23593.75,0,0,0,0,0,0,0,NaN,23601.25,23584.75,23593.75
2025-08-07T05:55:00-04:00,23594.5,23608.5,23594.5,23601.25,0,0,0,0,0,0,0,NaN,23608.5,23594.5,23601.25
2025-08-07T06:00:00-04:00,23602,23611.25,23598.5,23610.25,0,0,0,0,0,0,0,NaN,23611.25,23598.5,23610.25
2025-08-07T06:05:00-04:00,23610.75,23612.75,23606.5,23608.75,0,0,0,0,0,0,0,NaN,23612.75,23606.5,23608.75
2025-08-07T06:10:00-04:00,23609.25,23616.25,23603.25,23614.5,0,0,0,0,0,0,0,NaN,23616.25,23603.25,23614.5
2025-08-07T06:15:00-04:00,23615.5,23626.25,23615.25,23623.75,0,0,0,0,0,0,0,NaN,23626.25,23615.25,23623.75
2025-08-07T06:20:00-04:00,23623.75,23625.5,23601,23602.25,0,0,0,0,0,0,0,NaN,23625.5,23601,23602.25
2025-08-07T06:25:00-04:00,23602.5,23611.25,23598,23609.5,0,0,0,0,0,0,0,NaN,23611.25,23598,23609.5
2025-08-07T06:30:00-04:00,23609.25,23611.25,23596.5,23605.5,0,0,0,0,0,0,0,NaN,23611.25,23596.5,23605.5
2025-08-07T06:35:00-04:00,23606.25,23615.5,23604,23614.75,0,0,0,0,0,0,0,NaN,23615.5,23604,23614.75
2025-08-07T06:40:00-04:00,23615.5,23616.75,23602.25,23609.5,0,0,0,0,0,0,0,NaN,23616.75,23602.25,23609.5
2025-08-07T06:45:00-04:00,23610,23621.25,23610,23616,0,0,0,0,0,0,0,NaN,23621.25,23610,23616
2025-08-07T06:50:00-04:00,23616,23623.5,23615.75,23621.5,0,0,0,0,0,0,0,NaN,23623.5,23615.75,23621.5
2025-08-07T06:55:00-04:00,23621.5,23623.5,23613,23617.25,0,0,0,0,0,0,0,NaN,23623.5,23613,23617.25
2025-08-07T07:00:00-04:00,23617.75,23639,23611.75,23614.5,0,0,0,0,0,0,0,NaN,23639,23611.75,23614.5
2025-08-07T07:05:00-04:00,23616,23620.75,23609.25,23613.25,0,0,0,0,0,0,0,NaN,23620.75,23609.25,23613.25
2025-08-07T07:10:00-04:00,23613,23614.5,23606,23607.75,0,0,0,0,0,0,0,NaN,23614.5,23606,23607.75
2025-08-07T07:15:00-04:00,23607,23625,23606.25,23623.25,0,0,0,0,0,0,0,NaN,23625,23606.25,23623.25
2025-08-07T07:20:00-04:00,23623.5,23626.25,23607.75,23609,0,0,0,0,0,0,0,NaN,23626.25,23607.75,23609
2025-08-07T07:25:00-04:00,23610.5,23614.5,23608,23613.75,0,0,0,0,0,0,0,NaN,23614.5,23608,23613.75
2025-08-07T07:30:00-04:00,23613.75,23613.75,23595.25,23596.5,0,0,0,0,0,0,0,NaN,23613.75,23595.25,23596.5
2025-08-07T07:35:00-04:00,23597,23599,23585.25,23587.25,0,0,0,0,0,0,0,NaN,23599,23585.25,23587.25
2025-08-07T07:40:00-04:00,23588,23605,23583.5,23594,0,0,0,0,0,0,0,NaN,23605,23583.5,23594
2025-08-07T07:45:00-04:00,23594.5,23597.25,23588.25,23591.25,0,0,0,0,0,0,0,NaN,23597.25,23588.25,23591.25
2025-08-07T07:50:00-04:00,23590.25,23597,23580,23588.5,0,0,0,0,0,0,0,NaN,23597,23580,23588.5
2025-08-07T07:55:00-04:00,23588,23590,23580.5,23582,0,0,0,0,0,0,0,NaN,23590,23580.5,23582
2025-08-07T08:00:00-04:00,23581.25,23589.75,23579.25,23580.5,0,0,0,0,0,0,0,NaN,23589.75,23579.25,23580.5
2025-08-07T08:05:00-04:00,23580.5,23595,23575.75,23591.5,0,0,0,0,0,0,0,NaN,23595,23575.75,23591.5
2025-08-07T08:10:00-04:00,23591.25,23593.25,23583,23590.5,0,0,0,0,0,0,0,NaN,23593.25,23583,23590.5
2025-08-07T08:15:00-04:00,23590.75,23603.25,23589.25,23598,0,0,0,0,0,0,0,NaN,23603.25,23589.25,23598
2025-08-07T08:20:00-04:00,23598,23605.5,23591.75,23596.75,0,0,0,0,0,0,0,NaN,23605.5,23591.75,23596.75
2025-08-07T08:25:00-04:00,23595.75,23600.25,23588.75,23598.75,0,0,0,0,0,0,0,NaN,23600.25,23588.75,23598.75
2025-08-07T08:30:00-04:00,23596.75,23614,23582.5,23596,0,0,0,0,0,0,0,NaN,23614,23582.5,23596
2025-08-07T08:35:00-04:00,23597.25,23608.25,23593.75,23598.75,0,0,0,0,0,0,0,NaN,23608.25,23593.75,23598.75
2025-08-07T08:40:00-04:00,23599,23605,23595.25,23598.25,0,0,0,0,0,0,0,NaN,23605,23595.25,23598.25
2025-08-07T08:45:00-04:00,23597.75,23611.25,23597.25,23603.5,0,0,0,0,0,0,0,NaN,23611.25,23597.25,23603.5
2025-08-07T08:50:00-04:00,23604.25,23614,23596.5,23610.25,0,0,0,0,0,0,0,NaN,23614,23596.5,23610.25
2025-08-07T08:55:00-04:00,23609.75,23611.5,23593,23597,0,0,0,0,0,0,0,NaN,23611.5,23593,23597
2025-08-07T09:00:00-04:00,23597.75,23615.75,23596.5,23615.5,0,0,0,0,0,0,0,NaN,23615.75,23596.5,23615.5
2025-08-07T09:05:00-04:00,23615,23618.5,23607.5,23616.5,0,0,0,0,0,0,0,NaN,23618.5,23607.5,23616.5
2025-08-07T09:10:00-04:00,23616.25,23618,23603.25,23605,0,0,0,0,0,0,0,NaN,23618,23603.25,23605
2025-08-07T09:15:00-04:00,23604.75,23616.25,23599,23613.5,0,0,0,0,0,0,0,NaN,23616.25,23599,23613.5
2025-08-07T09:20:00-04:00,23613.25,23616.25,23609,23612,0,0,0,0,0,0,0,NaN,23616.25,23609,23612
2025-08-07T09:25:00-04:00,23612.5,23612.5,23590.25,23601.5,0,0,0,0,0,0,0,NaN,23612.5,23590.25,23601.5
2025-08-07T09:30:00-04:00,23601,23631.5,23582,23615.5,0,0,0,0,0,0,0,NaN,23631.5,23582,23615.5
2025-08-07T09:35:00-04:00,23615,23633.25,23594,23633.25,0,0,0,0,0,0,0,NaN,23633.25,23594,23633.25
2025-08-07T09:40:00-04:00,23633.25,23648,23596,23606,0,0,0,0,0,0,0,NaN,23648,23596,23606
2025-08-07T09:45:00-04:00,23605.5,23610.5,23570,23600.5,0,0,0,0,0,0,0,NaN,23610.5,23570,23600.5
2025-08-07T09:50:00-04:00,23600.75,23633,23600.75,23618.25,0,0,0,0,0,0,0,NaN,23633,23600.75,23618.25
2025-08-07T09:55:00-04:00,23617,23658.75,23606.75,23654.5,0,0,0,0,0,0,0,NaN,23658.75,23606.75,23654.5
2025-08-07T10:00:00-04:00,23654,23671,23628.5,23639.25,0,0,0,0,0,0,0,NaN,23671,23628.5,23639.25
2025-08-07T10:05:00-04:00,23639.5,23655.5,23603,23606.25,0,0,0,0,0,0,0,NaN,23655.5,23603,23606.25
2025-08-07T10:10:00-04:00,23605.75,23614.5,23580,23608.5,0,0,0,0,0,0,0,NaN,23614.5,23580,23608.5
2025-08-07T10:15:00-04:00,23607.5,23624.25,23590,23601.25,0,0,0,0,0,0,0,NaN,23624.25,23590,23601.25
2025-08-07T10:20:00-04:00,23602.5,23614,23560.25,23564.5,0,0,0,0,0,0,0,NaN,23614,23560.25,23564.5
2025-08-07T10:25:00-04:00,23564.25,23577.25,23542.5,23575,0,0,0,0,0,0,0,NaN,23577.25,23542.5,23575
2025-08-07T10:30:00-04:00,23574.25,23577.5,23540.25,23566.25,0,0,0,0,0,0,0,NaN,23577.5,23540.25,23566.25
2025-08-07T10:35:00-04:00,23567,23581,23546.25,23576.75,0,0,0,0,0,0,0,NaN,23581,23546.25,23576.75
2025-08-07T10:40:00-04:00,23577,23581.75,23555,23578.5,0,0,0,0,0,0,0,NaN,23581.75,23555,23578.5
2025-08-07T10:45:00-04:00,23579,23592.75,23538,23576.75,0,0,0,0,0,0,0,NaN,23592.75,23538,23576.75
2025-08-07T10:50:00-04:00,23578,23578.75,23537.75,23551.75,0,0,0,0,0,0,0,NaN,23578.75,23537.75,23551.75
2025-08-07T10:55:00-04:00,23552,23552.75,23516,23538.25,0,0,0,0,0,0,0,NaN,23552.75,23516,23538.25
2025-08-07T11:00:00-04:00,23538.25,23557.25,23509.75,23529,0,0,0,0,0,0,0,NaN,23557.25,23509.75,23529
2025-08-07T11:05:00-04:00,23528.5,23542,23519.5,23531,0,0,0,0,0,0,0,NaN,23542,23519.5,23531
2025-08-07T11:10:00-04:00,23531.25,23549.25,23511.5,23525,0,0,0,0,0,0,0,NaN,23549.25,23511.5,23525
2025-08-07T11:15:00-04:00,23524.75,23557.5,23502.5,23539.75,0,0,0,0,0,0,0,NaN,23557.5,23502.5,23539.75
2025-08-07T11:20:00-04:00,23539.5,23558.5,23538.25,23552,0,0,0,0,0,0,0,NaN,23558.5,23538.25,23552
2025-08-07T11:25:00-04:00,23551.75,23555.25,23496.5,23509.25,0,0,0,0,0,0,0,NaN,23555.25,23496.5,23509.25
2025-08-07T11:30:00-04:00,23510.25,23531,23500,23513.75,0,0,0,0,0,0,0,NaN,23531,23500,23513.75
2025-08-07T11:35:00-04:00,23513.75,23527.75,23505.5,23512.5,0,0,0,0,0,0,0,NaN,23527.75,23505.5,23512.5
2025-08-07T11:40:00-04:00,23512.5,23519,23498.25,23509,0,0,0,0,0,0,0,NaN,23519,23498.25,23509
2025-08-07T11:45:00-04:00,23508.75,23517,23477,23478.25,0,0,0,0,0,0,0,NaN,23517,23477,23478.25
2025-08-07T11:50:00-04:00,23478.75,23518.25,23478.25,23514.75,0,0,0,0,0,0,0,NaN,23518.25,23478.25,23514.75
2025-08-07T11:55:00-04:00,23515,23523,23497.5,23497.5,0,0,0,0,0,0,0,NaN,23523,23497.5,23497.5
2025-08-07T12:00:00-04:00,23497.5,23507.5,23462.25,23492,0,0,0,0,0,0,0,NaN,23507.5,23462.25,23492
2025-08-07T12:05:00-04:00,23491.5,23495.25,23472,23477,0,0,0,0,0,0,0,NaN,23495.25,23472,23477
2025-08-07T12:10:00-04:00,23475.75,23511.5,23460,23499.5,0,0,0,0,0,0,0,NaN,23511.5,23460,23499.5
2025-08-07T12:15:00-04:00,23499.75,23513.75,23482.25,23488.5,0,0,0,0,0,0,0,NaN,23513.75,23482.25,23488.5
2025-08-07T12:20:00-04:00,23488.5,23511.25,23486.75,23506.5,0,0,0,0,0,0,0,NaN,23511.25,23486.75,23506.5
2025-08-07T12:25:00-04:00,23507.25,23512.5,23488,23493.5,0,0,0,0,0,0,0,NaN,23512.5,23488,23493.5
2025-08-07T12:30:00-04:00,23493,23507.75,23484.75,23492.75,0,0,0,0,0,0,0,NaN,23507.75,23484.75,23492.75
2025-08-07T12:35:00-04:00,23493.25,23503.75,23464.25,23468,0,0,0,0,0,0,0,NaN,23503.75,23464.25,23468
2025-08-07T12:40:00-04:00,23467.5,23468,23408.25,23411,0,0,0,0,0,0,0,NaN,23468,23408.25,23411
2025-08-07T12:45:00-04:00,23411.25,23429.5,23390,23427,0,0,0,0,0,0,0,NaN,23429.5,23390,23427
2025-08-07T12:50:00-04:00,23427,23481.25,23426.5,23476.75,0,0,0,0,0,0,0,NaN,23481.25,23426.5,23476.75
2025-08-07T12:55:00-04:00,23476.75,23486.5,23457,23461.5,0,0,0,0,0,0,0,NaN,23486.5,23457,23461.5
2025-08-07T13:00:00-04:00,23460.25,23488,23426.5,23446.5,0,0,0,0,0,0,0,NaN,23488,23426.5,23446.5
2025-08-07T13:05:00-04:00,23445.75,23464.75,23438,23453.75,0,0,0,0,0,0,0,NaN,23464.75,23438,23453.75
2025-08-07T13:10:00-04:00,23453.25,23459.25,23428.75,23440.25,0,0,0,0,0,0,0,NaN,23459.25,23428.75,23440.25
2025-08-07T13:15:00-04:00,23439.75,23446.5,23415,23425.25,0,0,0,0,0,0,0,NaN,23446.5,23415,23425.25
2025-08-07T13:20:00-04:00,23425.25,23457.25,23422.5,23454.5,0,0,0,0,0,0,0,NaN,23457.25,23422.5,23454.5
2025-08-07T13:25:00-04:00,23453.25,23458,23407,23408.5,0,0,0,0,0,0,0,NaN,23458,23407,23408.5
2025-08-07T13:30:00-04:00,23407.25,23416,23388,23398.25,0,0,0,0,0,0,0,NaN,23416,23388,23398.25
2025-08-07T13:35:00-04:00,23398.5,23411.25,23381,23408.5,0,0,0,0,0,0,0,NaN,23411.25,23381,23408.5
2025-08-07T13:40:00-04:00,23409,23425.25,23400.25,23417,0,0,0,0,0,0,0,NaN,23425.25,23400.25,23417
2025-08-07T13:45:00-04:00,23415.5,23425.75,23406.25,23416.75,0,0,0,0,0,0,0,NaN,23425.75,23406.25,23416.75
2025-08-07T13:50:00-04:00,23416.25,23428,23403,23424.75,0,0,0,0,0,0,0,NaN,23428,23403,23424.75
2025-08-07T13:55:00-04:00,23424.5,23437,23407.75,23419.25,0,0,0,0,0,0,0,NaN,23437,23407.75,23419.25
2025-08-07T14:00:00-04:00,23418.75,23430.5,23393,23414,0,0,0,0,0,0,0,NaN,23430.5,23393,23414
2025-08-07T14:05:00-04:00,23413.25,23418,23378.5,23384,0,0,0,0,0,0,0,NaN,23418,23378.5,23384
2025-08-07T14:10:00-04:00,23384.5,23387.25,23345.75,23360,0,0,0,0,0,0,0,NaN,23387.25,23345.75,23360
2025-08-07T14:15:00-04:00,23360,23360.75,23330.5,23336,0,0,0,0,0,0,0,NaN,23360.75,23330.5,23336
2025-08-07T14:20:00-04:00,23336.5,23352,23329,23335.25,0,0,0,0,0,0,0,NaN,23352,23329,23335.25
2025-08-07T14:25:00-04:00,23335,23375.25,23331.5,23370.25,0,0,0,0,0,0,0,NaN,23375.25,23331.5,23370.25
2025-08-07T14:30:00-04:00,23369.5,23370.25,23348.25,23367,0,0,0,0,0,0,0,NaN,23370.25,23348.25,23367
2025-08-07T14:35:00-04:00,23366.25,23383.75,23357.5,23373.25,0,0,0,0,0,0,0,NaN,23383.75,23357.5,23373.25
2025-08-07T14:40:00-04:00,23372.5,23375.25,23349.25,23350.75,0,0,0,0,0,0,0,NaN,23375.25,23349.25,23350.75
2025-08-07T14:45:00-04:00,23350.25,23378.75,23349.5,23376.5,0,0,0,0,0,0,0,NaN,23378.75,23349.5,23376.5
2025-08-07T14:50:00-04:00,23376.5,23399.75,23365.75,23399,0,0,0,0,0,0,0,NaN,23399.75,23365.75,23399
2025-08-07T14:55:00-04:00,23399,23421.25,23398.25,23406,0,0,0,0,0,0,0,NaN,23421.25,23398.25,23406
2025-08-07T15:00:00-04:00,23406.5,23417.75,23393.25,23407.5,0,0,0,0,0,0,0,NaN,23417.75,23393.25,23407.5
2025-08-07T15:05:00-04:00,23407.25,23409.5,23389.75,23408.75,0,0,0,0,0,0,0,NaN,23409.5,23389.75,23408.75
2025-08-07T15:10:00-04:00,23408.75,23410,23394.75,23394.75,0,0,0,0,0,0,0,NaN,23410,23394.75,23394.75
2025-08-07T15:15:00-04:00,23395,23406.75,23386.25,23398.25,0,0,0,0,0,0,0,NaN,23406.75,23386.25,23398.25
2025-08-07T15:20:00-04:00,23398,23404.75,23388.25,23397.5,0,0,0,0,0,0,0,NaN,23404.75,23388.25,23397.5
2025-08-07T15:25:00-04:00,23396.5,23400.5,23379.75,23395.25,0,0,0,0,0,0,0,NaN,23400.5,23379.75,23395.25
2025-08-07T15:30:00-04:00,23396,23423.75,23394.25,23415.75,0,0,0,0,0,0,0,NaN,23423.75,23394.25,23415.75
2025-08-07T15:35:00-04:00,23415.25,23443.25,23412.5,23414.25,0,0,0,0,0,0,0,NaN,23443.25,23412.5,23414.25
2025-08-07T15:40:00-04:00,23414.5,23442.5,23414.5,23440.25,0,0,0,0,0,0,0,NaN,23442.5,23414.5,23440.25
2025-08-07T15:45:00-04:00,23440,23456.25,23436.5,23446.5,0,0,0,0,0,0,0,NaN,23456.25,23436.5,23446.5
2025-08-07T15:50:00-04:00,23447.5,23462.25,23441.25,23451.75,0,0,0,0,0,0,0,NaN,23462.25,23441.25,23451.75
2025-08-07T15:55:00-04:00,23451.75,23503.75,23451.5,23501,0,0,0,0,0,0,0,NaN,23503.75,23451.5,23501
2025-08-07T16:00:00-04:00,23501.5,23527.5,23499.5,23504.5,0,0,0,0,0,0,0,NaN,23527.5,23499.5,23504.5
2025-08-07T16:05:00-04:00,23505.25,23520.5,23499.25,23517.5,0,0,0,0,0,0,0,NaN,23520.5,23499.25,23517.5
2025-08-07T16:10:00-04:00,23517.5,23534,23512.25,23530.5,0,0,0,0,0,0,0,NaN,23534,23512.25,23530.5
2025-08-07T16:15:00-04:00,23530.5,23531,23512,23517,0,0,0,0,0,0,0,NaN,23531,23512,23517
2025-08-07T16:20:00-04:00,23516.5,23519.75,23510.25,23515,0,0,0,0,0,0,0,NaN,23519.75,23510.25,23515
2025-08-07T16:25:00-04:00,23515.25,23517.75,23508.75,23513.75,0,0,0,0,0,0,0,NaN,23517.75,23508.75,23513.75
2025-08-07T16:30:00-04:00,23514,23515.5,23501.75,23502.25,0,0,0,0,0,0,0,NaN,23515.5,23501.75,23502.25
2025-08-07T16:35:00-04:00,23502.5,23512.75,23501,23508,0,0,0,0,0,0,0,NaN,23512.75,23501,23508
2025-08-07T16:40:00-04:00,23508.25,23508.75,23503.25,23503.5,0,0,0,0,0,0,0,NaN,23508.75,23503.25,23503.5
2025-08-07T16:45:00-04:00,23503.75,23510.5,23501.5,23507.75,0,0,0,0,0,0,0,NaN,23510.5,23501.5,23507.75
2025-08-07T16:50:00-04:00,23507.75,23512.25,23507.75,23508.75,0,0,0,0,0,0,0,NaN,23512.25,23507.75,23508.75
2025-08-07T16:55:00-04:00,23508.75,23524.5,23506.5,23521.75,0,0,0,0,0,0,0,NaN,23524.5,23506.5,23521.75
2025-08-07T18:00:00-04:00,23518.25,23536.75,23516,23526.5,0,0,0,0,0,0,0,NaN,23536.75,23516,23526.5
2025-08-07T18:05:00-04:00,23526.5,23544.75,23522.5,23542,0,0,0,0,0,0,0,NaN,23544.75,23522.5,23542
2025-08-07T18:10:00-04:00,23544.25,23551.75,23541.25,23550.75,0,0,0,0,0,0,0,NaN,23551.75,23541.25,23550.75
2025-08-07T18:15:00-04:00,23550,23555,23547.75,23552,0,0,0,0,0,0,0,NaN,23555,23547.75,23552
2025-08-07T18:20:00-04:00,23551.5,23568,23546.25,23564,0,0,0,0,0,0,0,NaN,23568,23546.25,23564
2025-08-07T18:25:00-04:00,23563.25,23565,23556,23561.25,0,0,0,0,0,0,0,NaN,23565,23556,23561.25
2025-08-07T18:30:00-04:00,23561.5,23564.5,23556.75,23560.25,0,0,0,0,0,0,0,NaN,23564.5,23556.75,23560.25
2025-08-07T18:35:00-04:00,23559.5,23561.25,23546.75,23550.5,0,0,0,0,0,0,0,NaN,23561.25,23546.75,23550.5
2025-08-07T18:40:00-04:00,23551,23551.5,23542,23547.75,0,0,0,0,0,0,0,NaN,23551.5,23542,23547.75
2025-08-07T18:45:00-04:00,23546.25,23557.5,23541.25,23552,0,0,0,0,0,0,0,NaN,23557.5,23541.25,23552
2025-08-07T18:50:00-04:00,23552.5,23558,23549,23552.75,0,0,0,0,0,0,0,NaN,23558,23549,23552.75
2025-08-07T18:55:00-04:00,23552.75,23559,23552.75,23554.25,0,0,0,0,0,0,0,NaN,23559,23552.75,23554.25
2025-08-07T19:00:00-04:00,23554.5,23557.5,23545.25,23549,0,0,0,0,0,0,0,NaN,23557.5,23545.25,23549
2025-08-07T19:05:00-04:00,23549.25,23554.25,23544.25,23549.25,0,0,0,0,0,0,0,NaN,23554.25,23544.25,23549.25
2025-08-07T19:10:00-04:00,23550,23553.75,23547.75,23550.5,0,0,0,0,0,0,0,NaN,23553.75,23547.75,23550.5
2025-08-07T19:15:00-04:00,23551,23557,23550.25,23553,0,0,0,0,0,0,0,NaN,23557,23550.25,23553
2025-08-07T19:20:00-04:00,23552.5,23556,23546,23553,0,0,0,0,0,0,0,NaN,23556,23546,23553
2025-08-07T19:25:00-04:00,23553,23553.5,23543.5,23549.5,0,0,0,0,0,0,0,NaN,23553.5,23543.5,23549.5
2025-08-07T19:30:00-04:00,23548.75,23551,23543.75,23546.75,0,0,0,0,0,0,0,NaN,23551,23543.75,23546.75
2025-08-07T19:35:00-04:00,23546.5,23547,23540.25,23541.5,0,0,0,0,0,0,0,NaN,23547,23540.25,23541.5
2025-08-07T19:40:00-04:00,23541.75,23544,23537,23543.5,0,0,0,0,0,0,0,NaN,23544,23537,23543.5
2025-08-07T19:45:00-04:00,23543.75,23547.5,23541,23545.5,0,0,0,0,0,0,0,NaN,23547.5,23541,23545.5
2025-08-07T19:50:00-04:00,23546,23547.75,23539.75,23543.75,0,0,0,0,0,0,0,NaN,23547.75,23539.75,23543.75
2025-08-07T19:55:00-04:00,23544.5,23545.25,23538.75,23539.25,0,0,0,0,0,0,0,NaN,23545.25,23538.75,23539.25
2025-08-07T20:00:00-04:00,23540.5,23541.75,23531,23534.75,0,0,0,0,0,0,0,NaN,23541.75,23531,23534.75
2025-08-07T20:05:00-04:00,23535.25,23546.75,23528.5,23544.5,0,0,0,0,0,0,0,NaN,23546.75,23528.5,23544.5
2025-08-07T20:10:00-04:00,23545,23555.75,23545,23555.75,0,0,0,0,0,0,0,NaN,23555.75,23545,23555.75
2025-08-07T20:15:00-04:00,23555,23563.5,23552.25,23561.5,0,0,0,0,0,0,0,NaN,23563.5,23552.25,23561.5
2025-08-07T20:20:00-04:00,23560.75,23566.5,23554.25,23565.75,0,0,0,0,0,0,0,NaN,23566.5,23554.25,23565.75
2025-08-07T20:25:00-04:00,23566,23567.5,23562.75,23565.5,0,0,0,0,0,0,0,NaN,23567.5,23562.75,23565.5
2025-08-07T20:30:00-04:00,23566,23576.5,23564.5,23572.5,0,0,0,0,0,0,0,NaN,23576.5,23564.5,23572.5
2025-08-07T20:35:00-04:00,23571.5,23583,23571.25,23577.5,0,0,0,0,0,0,0,NaN,23583,23571.25,23577.5
2025-08-07T20:40:00-04:00,23576.5,23582.25,23576,23578.5,0,0,0,0,0,0,0,NaN,23582.25,23576,23578.5
2025-08-07T20:45:00-04:00,23578,23578.75,23568.75,23571,0,0,0,0,0,0,0,NaN,23578.75,23568.75,23571
2025-08-07T20:50:00-04:00,23571.75,23572.25,23559.75,23562.5,0,0,0,0,0,0,0,NaN,23572.25,23559.75,23562.5
2025-08-07T20:55:00-04:00,23562.25,23573,23561.75,23572,0,0,0,0,0,0,0,NaN,23573,23561.75,23572
2025-08-07T21:00:00-04:00,23572,23578.5,23569.25,23570.5,0,0,0,0,0,0,0,NaN,23578.5,23569.25,23570.5
2025-08-07T21:05:00-04:00,23570.75,23575,23567,23568,0,0,0,0,0,0,0,NaN,23575,23567,23568
2025-08-07T21:10:00-04:00,23568.75,23569.25,23562.75,23564.25,0,0,0,0,0,0,0,NaN,23569.25,23562.75,23564.25
2025-08-07T21:15:00-04:00,23564.75,23564.75,23554.5,23559.75,0,0,0,0,0,0,0,NaN,23564.75,23554.5,23559.75
2025-08-07T21:20:00-04:00,23558.75,23565.5,23557.25,23564,0,0,0,0,0,0,0,NaN,23565.5,23557.25,23564
2025-08-07T21:25:00-04:00,23563.5,23566.25,23556.25,23565,0,0,0,0,0,0,0,NaN,23566.25,23556.25,23565
2025-08-07T21:30:00-04:00,23565.5,23570.5,23562.75,23568,0,0,0,0,0,0,0,NaN,23570.5,23562.75,23568
2025-08-07T21:35:00-04:00,23568,23568,23559.25,23564,0,0,0,0,0,0,0,NaN,23568,23559.25,23564
2025-08-07T21:40:00-04:00,23563.25,23567.25,23559.75,23562.5,0,0,0,0,0,0,0,NaN,23567.25,23559.75,23562.5
2025-08-07T21:45:00-04:00,23563.25,23566,23560.75,23566,0,0,0,0,0,0,0,NaN,23566,23560.75,23566
2025-08-07T21:50:00-04:00,23566,23569,23562,23564.25,0,0,0,0,0,0,0,NaN,23569,23562,23564.25
2025-08-07T21:55:00-04:00,23564,23564,23558.75,23562.5,0,0,0,0,0,0,0,NaN,23564,23558.75,23562.5
2025-08-07T22:00:00-04:00,23563.5,23568.5,23562.5,23567.75,0,0,0,0,0,0,0,NaN,23568.5,23562.5,23567.75
2025-08-07T22:05:00-04:00,23567.25,23572.75,23566.75,23568.75,0,0,0,0,0,0,0,NaN,23572.75,23566.75,23568.75
2025-08-07T22:10:00-04:00,23569,23574.75,23569,23573.5,0,0,0,0,0,0,0,NaN,23574.75,23569,23573.5
2025-08-07T22:15:00-04:00,23573.5,23578,23573,23576.5,0,0,0,0,0,0,0,NaN,23578,23573,23576.5
2025-08-07T22:20:00-04:00,23577,23577.25,23571.5,23573.5,0,0,0,0,0,0,0,NaN,23577.25,23571.5,23573.5
2025-08-07T22:25:00-04:00,23575,23579.5,23574.25,23576,0,0,0,0,0,0,0,NaN,23579.5,23574.25,23576
2025-08-07T22:30:00-04:00,23575.75,23577.5,23573,23577.25,0,0,0,0,0,0,0,NaN,23577.5,23573,23577.25
2025-08-07T22:35:00-04:00,23577.75,23578.5,23574.5,23576.25,0,0,0,0,0,0,0,NaN,23578.5,23574.5,23576.25
2025-08-07T22:40:00-04:00,23576.75,23579.75,23575.25,23579.25,0,0,0,0,0,0,0,NaN,23579.75,23575.25,23579.25
2025-08-07T22:45:00-04:00,23578.5,23579,23572.5,23574,0,0,0,0,0,0,0,NaN,23579,23572.5,23574
2025-08-07T22:50:00-04:00,23574,23577,23572.5,23575.5,0,0,0,0,0,0,0,NaN,23577,23572.5,23575.5
2025-08-07T22:55:00-04:00,23574.5,23576.5,23573.75,23575.75,0,0,0,0,0,0,0,NaN,23576.5,23573.75,23575.75
2025-08-07T23:00:00-04:00,23574,23577.5,23571,23571.5,0,0,0,0,0,0,0,NaN,23577.5,23571,23571.5
2025-08-07T23:05:00-04:00,23571.5,23577,23571,23573,0,0,0,0,0,0,0,NaN,23577,23571,23573
2025-08-07T23:10:00-04:00,23573,23577.75,23572,23573.5,0,0,0,0,0,0,0,NaN,23577.75,23572,23573.5
2025-08-07T23:15:00-04:00,23574,23577,23572,23574.25,0,0,0,0,0,0,0,NaN,23577,23572,23574.25
2025-08-07T23:20:00-04:00,23574.5,23574.5,23569,23571.5,0,0,0,0,0,0,0,NaN,23574.5,23569,23571.5
2025-08-07T23:25:00-04:00,23571.75,23571.75,23565.75,23567,0,0,0,0,0,0,0,NaN,23571.75,23565.75,23567
2025-08-07T23:30:00-04:00,23567.25,23567.25,23555.25,23559,0,0,0,0,0,0,0,NaN,23567.25,23555.25,23559
2025-08-07T23:35:00-04:00,23559.25,23563.5,23558.75,23559.75,0,0,0,0,0,0,0,NaN,23563.5,23558.75,23559.75
2025-08-07T23:40:00-04:00,23560,23560.25,23554.5,23556.5,0,0,0,0,0,0,0,NaN,23560.25,23554.5,23556.5
2025-08-07T23:45:00-04:00,23556.75,23562,23553.5,23560,0,0,0,0,0,0,0,NaN,23562,23553.5,23560
2025-08-07T23:50:00-04:00,23560.5,23561,23554.5,23557.75,0,0,0,0,0,0,0,NaN,23561,23554.5,23557.75
2025-08-07T23:55:00-04:00,23557.75,23558,23551.25,23553.75,0,0,0,0,0,0,0,NaN,23558,23551.25,23553.75
2025-08-08T00:00:00-04:00,23553,23556.5,23537.5,23541,0,0,0,0,0,1,0,NaN,23556.5,23537.5,23541
2025-08-08T00:05:00-04:00,23541,23549,23538,23546.25,0,0,0,0,0,0,0,NaN,23549,23538,23546.25
2025-08-08T00:10:00-04:00,23546.5,23551.25,23545.75,23549.25,0,0,0,0,0,0,0,NaN,23551.25,23545.75,23549.25
2025-08-08T00:15:00-04:00,23549.25,23549.25,23543.5,23543.5,0,0,0,0,0,0,0,NaN,23549.25,23543.5,23543.5
2025-08-08T00:20:00-04:00,23543.5,23545,23540,23544,0,0,0,0,0,0,0,NaN,23545,23540,23544
2025-08-08T00:25:00-04:00,23544.5,23547.75,23543.25,23547.5,0,0,0,0,0,0,0,NaN,23547.75,23543.25,23547.5
2025-08-08T00:30:00-04:00,23546.75,23554.25,23546.25,23551.5,0,0,0,0,0,0,0,NaN,23554.25,23546.25,23551.5
2025-08-08T00:35:00-04:00,23551.5,23552,23546,23546.75,0,0,0,0,0,0,0,NaN,23552,23546,23546.75
2025-08-08T00:40:00-04:00,23546.5,23548,23538.25,23542.25,0,0,0,0,0,0,0,NaN,23548,23538.25,23542.25
2025-08-08T00:45:00-04:00,23543,23547.5,23541.75,23547.25,0,0,0,0,0,0,0,NaN,23547.5,23541.75,23547.25
2025-08-08T00:50:00-04:00,23547,23548.75,23541,23542,0,0,0,0,0,0,0,NaN,23548.75,23541,23542
2025-08-08T00:55:00-04:00,23541.75,23544.75,23536.5,23542.75,0,0,0,0,0,0,0,NaN,23544.75,23536.5,23542.75
2025-08-08T01:00:00-04:00,23543.5,23550.25,23542.5,23545.5,0,0,0,0,0,0,0,NaN,23550.25,23542.5,23545.5
2025-08-08T01:05:00-04:00,23546.25,23553.5,23545,23552.25,0,0,0,0,0,0,0,NaN,23553.5,23545,23552.25
2025-08-08T01:10:00-04:00,23552.5,23554,23549.25,23551.5,0,0,0,0,0,0,0,NaN,23554,23549.25,23551.5
2025-08-08T01:15:00-04:00,23552.75,23552.75,23541,23541,0,0,0,0,0,0,0,NaN,23552.75,23541,23541
2025-08-08T01:20:00-04:00,23542,23549.25,23540.75,23542.75,0,0,0,0,0,0,0,NaN,23549.25,23540.75,23542.75
2025-08-08T01:25:00-04:00,23542,23542,23528,23533.5,0,0,0,0,0,0,0,NaN,23542,23528,23533.5
2025-08-08T01:30:00-04:00,23532.75,23541.75,23530.25,23533.5,0,0,0,0,0,0,0,NaN,23541.75,23530.25,23533.5
2025-08-08T01:35:00-04:00,23533,23545.75,23531.25,23539.5,0,0,0,0,0,0,0,NaN,23545.75,23531.25,23539.5
2025-08-08T01:40:00-04:00,23539.75,23541.75,23528.5,23530.25,0,0,0,0,0,0,0,NaN,23541.75,23528.5,23530.25
2025-08-08T01:45:00-04:00,23530.25,23535.75,23530.25,23532.5,0,0,0,0,0,0,0,NaN,23535.75,23530.25,23532.5
2025-08-08T01:50:00-04:00,23532.75,23535.5,23525.25,23527.5,0,0,0,0,0,0,0,NaN,23535.5,23525.25,23527.5
2025-08-08T01:55:00-04:00,23528.25,23528.5,23503,23509,0,0,0,0,0,0,0,NaN,23528.5,23503,23509
2025-08-08T02:00:00-04:00,23510.25,23523.75,23508.75,23520,0,0,0,0,0,0,0,NaN,23523.75,23508.75,23520
2025-08-08T02:05:00-04:00,23520.25,23525.25,23514,23518.25,0,0,0,0,0,0,0,NaN,23525.25,23514,23518.25
2025-08-08T02:10:00-04:00,23519.25,23528,23516.5,23528,0,0,0,0,0,0,0,NaN,23528,23516.5,23528
2025-08-08T02:15:00-04:00,23528.5,23535,23523.25,23531.5,0,0,0,0,0,0,0,NaN,23535,23523.25,23531.5
2025-08-08T02:20:00-04:00,23532,23540.5,23529,23540.5,0,0,0,0,0,0,0,NaN,23540.5,23529,23540.5
2025-08-08T02:25:00-04:00,23540,23549.25,23538.5,23548.25,0,0,0,0,0,0,0,NaN,23549.25,23538.5,23548.25
2025-08-08T02:30:00-04:00,23548.25,23554.5,23543.5,23547.75,0,0,0,0,0,0,0,NaN,23554.5,23543.5,23547.75
2025-08-08T02:35:00-04:00,23548.25,23549.25,23540.75,23541.25,0,0,0,0,0,0,0,NaN,23549.25,23540.75,23541.25
2025-08-08T02:40:00-04:00,23542.25,23546.75,23537.75,23541,0,0,0,0,0,0,0,NaN,23546.75,23537.75,23541
2025-08-08T02:45:00-04:00,23541.25,23543.25,23535.25,23541,0,0,0,0,0,0,0,NaN,23543.25,23535.25,23541
2025-08-08T02:50:00-04:00,23541.5,23542,23536,23540.25,0,0,0,0,0,0,0,NaN,23542,23536,23540.25
2025-08-08T02:55:00-04:00,23541.25,23543,23533,23537.25,0,0,0,0,0,0,0,NaN,23543,23533,23537.25
2025-08-08T03:00:00-04:00,23536,23540.5,23528.75,23533,0,0,0,0,0,0,0,NaN,23540.5,23528.75,23533
2025-08-08T03:05:00-04:00,23533.25,23535.75,23525,23532,0,0,0,0,0,0,0,NaN,23535.75,23525,23532
2025-08-08T03:10:00-04:00,23530,23537.75,23528.25,23530.75,0,0,0,0,0,0,0,NaN,23537.75,23528.25,23530.75
2025-08-08T03:15:00-04:00,23531.5,23547.75,23531.5,23545,0,0,0,0,0,0,0,NaN,23547.75,23531.5,23545
2025-08-08T03:20:00-04:00,23544.25,23550,23542.75,23546.25,0,0,0,0,0,0,0,NaN,23550,23542.75,23546.25
2025-08-08T03:25:00-04:00,23546,23548,23535,23539,0,0,0,0,0,0,0,NaN,23548,23535,23539
2025-08-08T03:30:00-04:00,23539,23550.5,23539,23546,0,0,0,0,0,0,0,NaN,23550.5,23539,23546
2025-08-08T03:35:00-04:00,23546.25,23551.5,23542.25,23546.75,0,0,0,0,0,0,0,NaN,23551.5,23542.25,23546.75
2025-08-08T03:40:00-04:00,23546.25,23547,23539.25,23540.25,0,0,0,0,0,0,0,NaN,23547,23539.25,23540.25
2025-08-08T03:45:00-04:00,23540,23541.25,23530,23536.25,0,0,0,0,0,0,0,NaN,23541.25,23530,23536.25
2025-08-08T03:50:00-04:00,23535.25,23539.5,23530,23534.5,0,0,0,0,0,0,0,NaN,23539.5,23530,23534.5
2025-08-08T03:55:00-04:00,23534.5,23536,23527.25,23528.25,0,0,0,0,0,0,0,NaN,23536,23527.25,23528.25
2025-08-08T04:00:00-04:00,23529,23553.5,23527.75,23547.5,0,0,0,0,0,0,0,NaN,23553.5,23527.75,23547.5
2025-08-08T04:05:00-04:00,23547,23551,23542.25,23548.5,0,0,0,0,0,0,0,NaN,23551,23542.25,23548.5
2025-08-08T04:10:00-04:00,23548.25,23555,23547,23554.5,0,0,0,0,0,0,0,NaN,23555,23547,23554.5
2025-08-08T04:15:00-04:00,23554,23554,23542.25,23546.25,0,0,0,0,0,0,0,NaN,23554,23542.25,23546.25
2025-08-08T04:20:00-04:00,23547,23556.75,23546.5,23556.25,0,0,0,0,0,0,0,NaN,23556.75,23546.5,23556.25
2025-08-08T04:25:00-04:00,23555.75,23559.75,23551.75,23555.25,0,0,0,0,0,0,0,NaN,23559.75,23551.75,23555.25
2025-08-08T04:30:00-04:00,23555,23557,23547.75,23550.75,0,0,0,0,0,0,0,NaN,23557,23547.75,23550.75
2025-08-08T04:35:00-04:00,23550.25,23559.5,23549,23550.25,0,0,0,0,0,0,0,NaN,23559.5,23549,23550.25
2025-08-08T04:40:00-04:00,23550,23556,23547.5,23550,0,0,0,0,0,0,0,NaN,23556,23547.5,23550
2025-08-08T04:45:00-04:00,23549.5,23557.25,23545.5,23553.75,0,0,0,0,0,0,0,NaN,23557.25,23545.5,23553.75
2025-08-08T04:50:00-04:00,23553.75,23556,23551,23552.5,0,0,0,0,0,0,0,NaN,23556,23551,23552.5
2025-08-08T04:55:00-04:00,23553,23556.5,23551.5,23553.75,0,0,0,0,0,0,0,NaN,23556.5,23551.5,23553.75
2025-08-08T05:00:00-04:00,23554.25,23558.25,23551.25,23555.5,0,0,0,0,0,0,0,NaN,23558.25,23551.25,23555.5
2025-08-08T05:05:00-04:00,23555.25,23563.75,23553.5,23562.75,0,0,0,0,0,0,0,NaN,23563.75,23553.5,23562.75
2025-08-08T05:10:00-04:00,23562.75,23569.25,23561.5,23569,0,0,0,0,0,0,0,NaN,23569.25,23561.5,23569
2025-08-08T05:15:00-04:00,23568.5,23573.75,23565.75,23572.5,0,0,0,0,0,0,0,NaN,23573.75,23565.75,23572.5
2025-08-08T05:20:00-04:00,23572.25,23578,23572,23575,0,0,0,0,0,0,0,NaN,23578,23572,23575
2025-08-08T05:25:00-04:00,23574.75,23574.75,23563.25,23568.75,0,0,0,0,0,0,0,NaN,23574.75,23563.25,23568.75
2025-08-08T05:30:00-04:00,23569,23572.25,23565.5,23569.25,0,0,0,0,0,0,0,NaN,23572.25,23565.5,23569.25
2025-08-08T05:35:00-04:00,23569,23570.5,23563.5,23563.75,0,0,0,0,0,0,0,NaN,23570.5,23563.5,23563.75
2025-08-08T05:40:00-04:00,23564.25,23566.75,23560,23563,0,0,0,0,0,0,0,NaN,23566.75,23560,23563
2025-08-08T05:45:00-04:00,23562.75,23567.75,23561.25,23566.5,0,0,0,0,0,0,0,NaN,23567.75,23561.25,23566.5
2025-08-08T05:50:00-04:00,23566,23570.25,23560.5,23562.5,0,0,0,0,0,0,0,NaN,23570.25,23560.5,23562.5
2025-08-08T05:55:00-04:00,23561.5,23565.5,23560.5,23562.25,0,0,0,0,0,0,0,NaN,23565.5,23560.5,23562.25
2025-08-08T06:00:00-04:00,23562.5,23574.25,23562,23572.75,0,0,0,0,0,0,0,NaN,23574.25,23562,23572.75
2025-08-08T06:05:00-04:00,23572.75,23575.75,23568.25,23569.75,0,0,0,0,0,0,0,NaN,23575.75,23568.25,23569.75
2025-08-08T06:10:00-04:00,23569.5,23569.5,23564.75,23567.5,0,0,0,0,0,0,0,NaN,23569.5,23564.75,23567.5
2025-08-08T06:15:00-04:00,23567.5,23567.75,23564.5,23565.5,0,0,0,0,0,0,0,NaN,23567.75,23564.5,23565.5
2025-08-08T06:20:00-04:00,23564.75,23565.25,23560.5,23562.75,0,0,0,0,0,0,0,NaN,23565.25,23560.5,23562.75
2025-08-08T06:25:00-04:00,23563.25,23565,23560.5,23563.75,0,0,0,0,0,0,0,NaN,23565,23560.5,23563.75
2025-08-08T06:30:00-04:00,23563,23567,23562,23564.5,0,0,0,0,0,0,0,NaN,23567,23562,23564.5
2025-08-08T06:35:00-04:00,23564.5,23570.75,23564.5,23570,0,0,0,0,0,0,0,NaN,23570.75,23564.5,23570
2025-08-08T06:40:00-04:00,23570,23573.5,23568.25,23572,0,0,0,0,0,0,0,NaN,23573.5,23568.25,23572
2025-08-08T06:45:00-04:00,23572,23574.75,23570.5,23570.75,0,0,0,0,0,0,0,NaN,23574.75,23570.5,23570.75
2025-08-08T06:50:00-04:00,23571,23572,23566.75,23568.25,0,0,0,0,0,0,0,NaN,23572,23566.75,23568.25
2025-08-08T06:55:00-04:00,23568.75,23571.5,23565.75,23566.75,0,0,0,0,0,0,0,NaN,23571.5,23565.75,23566.75
2025-08-08T07:00:00-04:00,23567.25,23574.25,23561.5,23564,0,0,0,0,0,0,0,NaN,23574.25,23561.5,23564
2025-08-08T07:05:00-04:00,23564.25,23567.75,23561.25,23564,0,0,0,0,0,0,0,NaN,23567.75,23561.25,23564
2025-08-08T07:10:00-04:00,23564.75,23574.5,23564.25,23573.75,0,0,0,0,0,0,0,NaN,23574.5,23564.25,23573.75
2025-08-08T07:15:00-04:00,23573.5,23580.75,23573.25,23576.75,0,0,0,0,0,0,0,NaN,23580.75,23573.25,23576.75
2025-08-08T07:20:00-04:00,23576.25,23580.25,23569.75,23569.75,0,0,0,0,0,0,0,NaN,23580.25,23569.75,23569.75
2025-08-08T07:25:00-04:00,23570.5,23574.25,23569.75,23572,0,0,0,0,0,0,0,NaN,23574.25,23569.75,23572
2025-08-08T07:30:00-04:00,23572.25,23579.25,23568,23579.25,0,0,0,0,0,0,0,NaN,23579.25,23568,23579.25
2025-08-08T07:35:00-04:00,23579.25,23581.5,23578,23580.25,0,0,0,0,0,0,0,NaN,23581.5,23578,23580.25
2025-08-08T07:40:00-04:00,23580.5,23582,23576.5,23578.5,0,0,0,0,0,0,0,NaN,23582,23576.5,23578.5
2025-08-08T07:45:00-04:00,23577.75,23581,23577.5,23578.25,0,0,0,0,0,0,0,NaN,23581,23577.5,23578.25
2025-08-08T07:50:00-04:00,23578.25,23578.75,23574,23578.25,0,0,0,0,0,0,0,NaN,23578.75,23574,23578.25
2025-08-08T07:55:00-04:00,23577.5,23578.5,23574,23574.25,0,0,0,0,0,0,0,NaN,23578.5,23574,23574.25
2025-08-08T08:00:00-04:00,23574.75,23576.25,23567,23568,0,0,0,0,0,0,0,NaN,23576.25,23567,23568
2025-08-08T08:05:00-04:00,23567,23567.75,23554,23556,0,0,0,0,0,0,0,NaN,23567.75,23554,23556
2025-08-08T08:10:00-04:00,23556.25,23557.5,23543.75,23545,0,0,0,0,0,0,0,NaN,23557.5,23543.75,23545
2025-08-08T08:15:00-04:00,23545.75,23549,23531.25,23531.5,0,0,0,0,0,0,0,NaN,23549,23531.25,23531.5
2025-08-08T08:20:00-04:00,23531.25,23534,23519,23530.75,0,0,0,0,0,0,0,NaN,23534,23519,23530.75
2025-08-08T08:25:00-04:00,23531.5,23542.25,23523.75,23532.25,0,0,0,0,0,0,0,NaN,23542.25,23523.75,23532.25
2025-08-08T08:30:00-04:00,23531.5,23535,23525.75,23529.75,0,0,0,0,0,0,0,NaN,23535,23525.75,23529.75
2025-08-08T08:35:00-04:00,23529.25,23531.25,23523.25,23527.5,0,0,0,0,0,0,0,NaN,23531.25,23523.25,23527.5
2025-08-08T08:40:00-04:00,23527,23539.75,23518.25,23535,0,0,0,0,0,0,0,NaN,23539.75,23518.25,23535
2025-08-08T08:45:00-04:00,23535.5,23544,23533,23543,0,0,0,0,0,0,0,NaN,23544,23533,23543
2025-08-08T08:50:00-04:00,23543,23547.5,23529.25,23532.25,0,0,0,0,0,0,0,NaN,23547.5,23529.25,23532.25
2025-08-08T08:55:00-04:00,23532.25,23537,23528.5,23533.25,0,0,0,0,0,0,0,NaN,23537,23528.5,23533.25
2025-08-08T09:00:00-04:00,23533.5,23547.25,23533,23536.75,0,0,0,0,0,0,0,NaN,23547.25,23533,23536.75
2025-08-08T09:05:00-04:00,23536.5,23536.5,23526,23533.5,0,0,0,0,0,0,0,NaN,23536.5,23526,23533.5
2025-08-08T09:10:00-04:00,23534,23537.75,23521.25,23529,0,0,0,0,0,0,0,NaN,23537.75,23521.25,23529
2025-08-08T09:15:00-04:00,23529,23534.5,23527.25,23531,0,0,0,0,0,0,0,NaN,23534.5,23527.25,23531
2025-08-08T09:20:00-04:00,23531,23539.5,23530.25,23533.25,0,0,0,0,0,0,0,NaN,23539.5,23530.25,23533.25
2025-08-08T09:25:00-04:00,23533.5,23545,23532.75,23541.5,0,0,0,0,0,0,0,NaN,23545,23532.75,23541.5
2025-08-08T09:30:00-04:00,23541.75,23575.25,23530,23546.75,0,0,0,0,0,0,0,NaN,23575.25,23530,23546.75
2025-08-08T09:35:00-04:00,23546.5,23580,23543.5,23578.25,0,0,0,0,0,0,0,NaN,23580,23543.5,23578.25
2025-08-08T09:40:00-04:00,23578,23614.25,23569.25,23603.5,0,0,0,0,0,0,0,NaN,23614.25,23569.25,23603.5
2025-08-08T09:45:00-04:00,23604,23644.5,23604,23628.5,0,0,0,0,0,0,0,NaN,23644.5,23604,23628.5
2025-08-08T09:50:00-04:00,23627.75,23636.75,23613,23623.5,0,0,0,0,0,0,0,NaN,23636.75,23613,23623.5
2025-08-08T09:55:00-04:00,23623.5,23649.25,23622.5,23643.5,0,0,0,0,0,0,0,NaN,23649.25,23622.5,23643.5
2025-08-08T10:00:00-04:00,23643.75,23652,23631.5,23649.5,0,0,0,0,0,0,0,NaN,23652,23631.5,23649.5
2025-08-08T10:05:00-04:00,23649.25,23667.75,23640.75,23667.5,0,0,0,0,0,0,0,NaN,23667.75,23640.75,23667.5
2025-08-08T10:10:00-04:00,23666.5,23678.5,23634.5,23640,0,0,0,0,0,0,0,NaN,23678.5,23634.5,23640
2025-08-08T10:15:00-04:00,23640,23661,23626.25,23656.25,0,0,0,0,0,0,0,NaN,23661,23626.25,23656.25
2025-08-08T10:20:00-04:00,23657,23669,23646.5,23663.75,0,0,0,0,0,0,0,NaN,23669,23646.5,23663.75
2025-08-08T10:25:00-04:00,23664.5,23683.5,23654.25,23675.75,0,0,0,0,0,0,0,NaN,23683.5,23654.25,23675.75
2025-08-08T10:30:00-04:00,23676,23703,23673.25,23694,0,0,0,0,0,0,0,NaN,23703,23673.25,23694
2025-08-08T10:35:00-04:00,23693.75,23699.25,23687,23691.25,0,0,0,0,0,0,0,NaN,23699.25,23687,23691.25
2025-08-08T10:40:00-04:00,23691.75,23699.5,23670.5,23686.75,0,0,0,0,0,0,0,NaN,23699.5,23670.5,23686.75
2025-08-08T10:45:00-04:00,23686.5,23690,23675,23684.5,0,0,0,0,0,0,0,NaN,23690,23675,23684.5
2025-08-08T10:50:00-04:00,23685.25,23686,23661,23664.75,0,0,0,0,0,0,0,NaN,23686,23661,23664.75
2025-08-08T10:55:00-04:00,23665.5,23666,23645,23652.25,0,0,0,0,0,0,0,NaN,23666,23645,23652.25
2025-08-08T11:00:00-04:00,23652.25,23662.5,23643.5,23661.75,0,0,0,0,0,0,0,NaN,23662.5,23643.5,23661.75
2025-08-08T11:05:00-04:00,23661.5,23681.75,23656.75,23673.25,0,0,0,0,0,0,0,NaN,23681.75,23656.75,23673.25
2025-08-08T11:10:00-04:00,23673,23679.5,23655.25,23679.5,0,0,0,0,0,0,0,NaN,23679.5,23655.25,23679.5
2025-08-08T11:15:00-04:00,23679,23681.75,23668.75,23671,0,0,0,0,0,0,0,NaN,23681.75,23668.75,23671
2025-08-08T11:20:00-04:00,23671.25,23677,23661,23671,0,0,0,0,0,0,0,NaN,23677,23661,23671
2025-08-08T11:25:00-04:00,23671.25,23675,23660,23666.5,0,0,0,0,0,0,0,NaN,23675,23660,23666.5
2025-08-08T11:30:00-04:00,23666,23667.75,23644.25,23651.25,0,0,0,0,0,0,0,NaN,23667.75,23644.25,23651.25
2025-08-08T11:35:00-04:00,23651,23652.75,23618.5,23628.25,0,0,0,0,0,0,0,NaN,23652.75,23618.5,23628.25
2025-08-08T11:40:00-04:00,23628.25,23632.5,23612,23620,0,0,0,0,0,0,0,NaN,23632.5,23612,23620
2025-08-08T11:45:00-04:00,23620.5,23651.25,23613.25,23647,0,0,0,0,0,0,0,NaN,23651.25,23613.25,23647
2025-08-08T11:50:00-04:00,23647.25,23669,23646.75,23667,0,0,0,0,0,0,0,NaN,23669,23646.75,23667
2025-08-08T11:55:00-04:00,23667.25,23681.75,23664.5,23680.5,0,0,0,0,0,0,0,NaN,23681.75,23664.5,23680.5
2025-08-08T12:00:00-04:00,23680,23696.75,23676,23688.5,0,0,0,0,0,0,0,NaN,23696.75,23676,23688.5
2025-08-08T12:05:00-04:00,23688.25,23694.5,23681.75,23689,0,0,0,0,0,0,0,NaN,23694.5,23681.75,23689
2025-08-08T12:10:00-04:00,23689.25,23690.75,23674.5,23684.75,0,0,0,0,0,0,0,NaN,23690.75,23674.5,23684.75
2025-08-08T12:15:00-04:00,23685.25,23707.5,23681.75,23697,0,0,0,0,0,0,0,NaN,23707.5,23681.75,23697
2025-08-08T12:20:00-04:00,23697.5,23700.25,23688.75,23695.5,0,0,0,0,0,0,0,NaN,23700.25,23688.75,23695.5
2025-08-08T12:25:00-04:00,23695.5,23700.25,23683,23691.25,0,0,0,0,0,0,0,NaN,23700.25,23683,23691.25
2025-08-08T12:30:00-04:00,23691.5,23696.25,23682.75,23688.5,0,0,0,0,0,0,0,NaN,23696.25,23682.75,23688.5
2025-08-08T12:35:00-04:00,23689,23694.5,23683.75,23692.25,0,0,0,0,0,0,0,NaN,23694.5,23683.75,23692.25
2025-08-08T12:40:00-04:00,23692.75,23699.75,23685.75,23692,0,0,0,0,0,0,0,NaN,23699.75,23685.75,23692
2025-08-08T12:45:00-04:00,23692.5,23698.5,23685.5,23687.75,0,0,0,0,0,0,0,NaN,23698.5,23685.5,23687.75
2025-08-08T12:50:00-04:00,23687.25,23695,23675.25,23679.75,0,0,0,0,0,0,0,NaN,23695,23675.25,23679.75
2025-08-08T12:55:00-04:00,23679.5,23685.5,23675.5,23677,0,0,0,0,0,0,0,NaN,23685.5,23675.5,23677
2025-08-08T13:00:00-04:00,23677,23682,23659.25,23677.5,0,0,0,0,0,0,0,NaN,23682,23659.25,23677.5
2025-08-08T13:05:00-04:00,23677.25,23682.75,23665.5,23679.75,0,0,0,0,0,0,0,NaN,23682.75,23665.5,23679.75
2025-08-08T13:10:00-04:00,23679.75,23681.25,23668.75,23673,0,0,0,0,0,0,0,NaN,23681.25,23668.75,23673
2025-08-08T13:15:00-04:00,23672.75,23673.75,23655.25,23664,0,0,0,0,0,0,0,NaN,23673.75,23655.25,23664
2025-08-08T13:20:00-04:00,23664.25,23689,23662.5,23676.75,0,0,0,0,0,0,0,NaN,23689,23662.5,23676.75
2025-08-08T13:25:00-04:00,23677,23677,23657.25,23661.5,0,0,0,0,0,0,0,NaN,23677,23657.25,23661.5
2025-08-08T13:30:00-04:00,23661.25,23680.5,23660.25,23675.75,0,0,0,0,0,0,0,NaN,23680.5,23660.25,23675.75
2025-08-08T13:35:00-04:00,23675.75,23683.5,23674.5,23683,0,0,0,0,0,0,0,NaN,23683.5,23674.5,23683
2025-08-08T13:40:00-04:00,23683.5,23701.25,23681.75,23696,0,0,0,0,0,0,0,NaN,23701.25,23681.75,23696
2025-08-08T13:45:00-04:00,23696.25,23699.5,23686.5,23692.75,0,0,0,0,0,0,0,NaN,23699.5,23686.5,23692.75
2025-08-08T13:50:00-04:00,23692.75,23698.75,23688.5,23694.5,0,0,0,0,0,0,0,NaN,23698.75,23688.5,23694.5
2025-08-08T13:55:00-04:00,23694.25,23703.5,23692,23699.75,0,0,0,0,0,0,0,NaN,23703.5,23692,23699.75
2025-08-08T14:00:00-04:00,23700.5,23723,23699.5,23716,0,0,0,0,0,0,0,NaN,23723,23699.5,23716
2025-08-08T14:05:00-04:00,23715.75,23724,23714.25,23716.25,0,0,0,0,0,0,0,NaN,23724,23714.25,23716.25
2025-08-08T14:10:00-04:00,23716,23716.5,23701.25,23704,0,0,0,0,0,0,0,NaN,23716.5,23701.25,23704
2025-08-08T14:15:00-04:00,23703.5,23712,23700.5,23709,0,0,0,0,0,0,0,NaN,23712,23700.5,23709
2025-08-08T14:20:00-04:00,23709,23714.75,23704,23705.5,0,0,0,0,0,0,0,NaN,23714.75,23704,23705.5
2025-08-08T14:25:00-04:00,23705.75,23708.25,23689.75,23707,0,0,0,0,0,0,0,NaN,23708.25,23689.75,23707
2025-08-08T14:30:00-04:00,23706.75,23715,23706.25,23715,0,0,0,0,0,0,0,NaN,23715,23706.25,23715
2025-08-08T14:35:00-04:00,23714.75,23718.5,23701.5,23703.75,0,0,0,0,0,0,0,NaN,23718.5,23701.5,23703.75
2025-08-08T14:40:00-04:00,23703.5,23711,23702.5,23709.5,0,0,0,0,0,0,0,NaN,23711,23702.5,23709.5
2025-08-08T14:45:00-04:00,23709.75,23715,23703,23712.5,0,0,0,0,0,0,0,NaN,23715,23703,23712.5
2025-08-08T14:50:00-04:00,23712.25,23718.25,23707,23717.5,0,0,0,0,0,0,0,NaN,23718.25,23707,23717.5
2025-08-08T14:55:00-04:00,23717.75,23718.25,23710,23711,0,0,0,0,0,0,0,NaN,23718.25,23710,23711
2025-08-08T15:00:00-04:00,23711.5,23714.75,23704.25,23707.75,0,0,0,0,0,0,0,NaN,23714.75,23704.25,23707.75
2025-08-08T15:05:00-04:00,23708,23711.5,23703.75,23708,0,0,0,0,0,0,0,NaN,23711.5,23703.75,23708
2025-08-08T15:10:00-04:00,23708.25,23711.25,23704.5,23708,0,0,0,0,0,0,0,NaN,23711.25,23704.5,23708
2025-08-08T15:15:00-04:00,23707.75,23717.75,23703.75,23717.5,0,0,0,0,0,0,0,NaN,23717.75,23703.75,23717.5
2025-08-08T15:20:00-04:00,23717.75,23721,23708.75,23710.5,0,0,0,0,0,0,0,NaN,23721,23708.75,23710.5
2025-08-08T15:25:00-04:00,23710,23714.5,23705,23707,0,0,0,0,0,0,0,NaN,23714.5,23705,23707
2025-08-08T15:30:00-04:00,23706.75,23707.25,23694,23701.25,0,0,0,0,0,0,0,NaN,23707.25,23694,23701.25
2025-08-08T15:35:00-04:00,23701.25,23701.5,23692,23694.25,0,0,0,0,0,0,0,NaN,23701.5,23692,23694.25
2025-08-08T15:40:00-04:00,23694.25,23701,23682,23686.25,0,0,0,0,0,0,0,NaN,23701,23682,23686.25
2025-08-08T15:45:00-04:00,23686,23690.5,23677.75,23682.25,0,0,0,0,0,0,0,NaN,23690.5,23677.75,23682.25
2025-08-08T15:50:00-04:00,23682,23712.5,23678,23711.75,0,0,0,0,0,0,0,NaN,23712.5,23678,23711.75
2025-08-08T15:55:00-04:00,23711.75,23720,23698,23714.5,0,0,0,0,0,0,0,NaN,23720,23698,23714.5
2025-08-08T16:00:00-04:00,23714.5,23736.75,23713,23732.75,0,0,0,0,0,0,0,NaN,23736.75,23713,23732.75
2025-08-08T16:05:00-04:00,23733,23741.5,23729.75,23738.25,0,0,0,0,0,0,0,NaN,23741.5,23729.75,23738.25
2025-08-08T16:10:00-04:00,23738,23765,23736.5,23764.25,0,0,0,0,0,0,0,NaN,23765,23736.5,23764.25
2025-08-08T16:15:00-04:00,23763.5,23763.75,23749.75,23755,0,0,0,0,0,0,0,NaN,23763.75,23749.75,23755
2025-08-08T16:20:00-04:00,23755,23758.75,23750.5,23752.5,0,0,0,0,0,0,0,NaN,23758.75,23750.5,23752.5
2025-08-08T16:25:00-04:00,23752.5,23754.5,23749,23753,0,0,0,0,0,0,0,NaN,23754.5,23749,23753
2025-08-08T16:30:00-04:00,23753,23759.25,23751.75,23755.75,0,0,0,0,0,0,0,NaN,23759.25,23751.75,23755.75
2025-08-08T16:35:00-04:00,23755.25,23757.25,23752.25,23756.5,0,0,0,0,0,0,0,NaN,23757.25,23752.25,23756.5
2025-08-08T16:40:00-04:00,23756.5,23758.25,23750.75,23750.75,0,0,0,0,0,0,0,NaN,23758.25,23750.75,23750.75
2025-08-08T16:45:00-04:00,23751.5,23753.5,23747,23750.25,0,0,0,0,0,0,0,NaN,23753.5,23747,23750.25
2025-08-08T16:50:00-04:00,23750.5,23754.25,23748,23754.25,0,0,0,0,0,0,0,NaN,23754.25,23748,23754.25
2025-08-08T16:55:00-04:00,23755,23767.75,23752.25,23765.5,0,0,0,0,0,0,0,NaN,23767.75,23752.25,23765.5
2025-08-10T18:00:00-04:00,23764,23770.75,23731,23732.75,0,0,0,0,0,0,0,NaN,23770.75,23731,23732.75
2025-08-10T18:05:00-04:00,23732.5,23734.75,23725,23731,0,0,0,0,0,0,0,NaN,23734.75,23725,23731
2025-08-10T18:10:00-04:00,23731.25,23738.5,23725,23736,0,0,0,0,0,0,0,NaN,23738.5,23725,23736
2025-08-10T18:15:00-04:00,23736,23746.5,23728,23743.5,0,0,0,0,0,0,0,NaN,23746.5,23728,23743.5
2025-08-10T18:20:00-04:00,23743.5,23748.25,23729.25,23733.75,0,0,0,0,0,0,0,NaN,23748.25,23729.25,23733.75
2025-08-10T18:25:00-04:00,23734.5,23739.5,23728.25,23736,0,0,0,0,0,0,0,NaN,23739.5,23728.25,23736
2025-08-10T18:30:00-04:00,23736,23739.5,23734.5,23737.25,0,0,0,0,0,0,0,NaN,23739.5,23734.5,23737.25
2025-08-10T18:35:00-04:00,23737.25,23739.75,23731.25,23732.25,0,0,0,0,0,0,0,NaN,23739.75,23731.25,23732.25
2025-08-10T18:40:00-04:00,23732.25,23733.75,23730,23730.75,0,0,0,0,0,0,0,NaN,23733.75,23730,23730.75
2025-08-10T18:45:00-04:00,23731,23734.5,23731,23732,0,0,0,0,0,0,0,NaN,23734.5,23731,23732
2025-08-10T18:50:00-04:00,23731.75,23735,23730.5,23732.25,0,0,0,0,0,0,0,NaN,23735,23730.5,23732.25
2025-08-10T18:55:00-04:00,23731.75,23734,23728.5,23731.75,0,0,0,0,0,0,0,NaN,23734,23728.5,23731.75
2025-08-10T19:00:00-04:00,23731.75,23742.25,23727.5,23731,0,0,0,0,0,0,0,NaN,23742.25,23727.5,23731
2025-08-10T19:05:00-04:00,23730.25,23734,23723,23728,0,0,0,0,0,0,0,NaN,23734,23723,23728
2025-08-10T19:10:00-04:00,23728,23731,23723.25,23725,0,0,0,0,0,0,0,NaN,23731,23723.25,23725
2025-08-10T19:15:00-04:00,23725,23725.25,23721,23722.5,0,0,0,0,0,0,0,NaN,23725.25,23721,23722.5
2025-08-10T19:20:00-04:00,23721.75,23722,23714.75,23715,0,0,0,0,0,0,0,NaN,23722,23714.75,23715
2025-08-10T19:25:00-04:00,23715.5,23715.75,23706.75,23706.75,0,0,0,0,0,0,0,NaN,23715.75,23706.75,23706.75
2025-08-10T19:30:00-04:00,23707,23715.75,23706,23713.25,0,0,0,0,0,0,0,NaN,23715.75,23706,23713.25
2025-08-10T19:35:00-04:00,23712.25,23712.75,23702.5,23706.25,0,0,0,0,0,0,0,NaN,23712.75,23702.5,23706.25
2025-08-10T19:40:00-04:00,23706.5,23711,23701,23703,0,0,0,0,0,0,0,NaN,23711,23701,23703
2025-08-10T19:45:00-04:00,23702.5,23708.5,23701.5,23705.25,0,0,0,0,0,0,0,NaN,23708.5,23701.5,23705.25
2025-08-10T19:50:00-04:00,23705,23710,23704.5,23709.25,0,0,0,0,0,0,0,NaN,23710,23704.5,23709.25
2025-08-10T19:55:00-04:00,23709.5,23711.75,23704.5,23708,0,0,0,0,0,0,0,NaN,23711.75,23704.5,23708
2025-08-10T20:00:00-04:00,23707.75,23725.75,23706.75,23718.75,0,0,0,0,0,0,0,NaN,23725.75,23706.75,23718.75
2025-08-10T20:05:00-04:00,23718,23730.25,23713.75,23728.75,0,0,0,0,0,0,0,NaN,23730.25,23713.75,23728.75
2025-08-10T20:10:00-04:00,23729.75,23735.5,23721.75,23732,0,0,0,0,0,0,0,NaN,23735.5,23721.75,23732
2025-08-10T20:15:00-04:00,23733.25,23737,23728.5,23731.5,0,0,0,0,0,0,0,NaN,23737,23728.5,23731.5
2025-08-10T20:20:00-04:00,23733.25,23737.5,23730.5,23730.5,0,0,0,0,0,0,0,NaN,23737.5,23730.5,23730.5
2025-08-10T20:25:00-04:00,23730.5,23735,23730.5,23733,0,0,0,0,0,0,0,NaN,23735,23730.5,23733
2025-08-10T20:30:00-04:00,23733.25,23736.75,23732,23734,0,0,0,0,0,0,0,NaN,23736.75,23732,23734
2025-08-10T20:35:00-04:00,23734.5,23736.25,23730.75,23733.5,0,0,0,0,0,0,0,NaN,23736.25,23730.75,23733.5
2025-08-10T20:40:00-04:00,23733,23737.5,23731.75,23735,0,0,0,0,0,0,0,NaN,23737.5,23731.75,23735
2025-08-10T20:45:00-04:00,23735,23736,23728.5,23728.75,0,0,0,0,0,0,0,NaN,23736,23728.5,23728.75
2025-08-10T20:50:00-04:00,23728.5,23735,23725.5,23731.5,0,0,0,0,0,0,0,NaN,23735,23725.5,23731.5
2025-08-10T20:55:00-04:00,23732,23733.5,23729.75,23733,0,0,0,0,0,0,0,NaN,23733.5,23729.75,23733
2025-08-10T21:00:00-04:00,23732.5,23739,23729.5,23736,0,0,0,0,0,0,0,NaN,23739,23729.5,23736
2025-08-10T21:05:00-04:00,23736.25,23738.5,23726,23732,0,0,0,0,0,0,0,NaN,23738.5,23726,23732
2025-08-10T21:10:00-04:00,23732,23738.75,23730.75,23736.25,0,0,0,0,0,0,0,NaN,23738.75,23730.75,23736.25
2025-08-10T21:15:00-04:00,23736,23737,23732,23737,0,0,0,0,0,0,0,NaN,23737,23732,23737
2025-08-10T21:20:00-04:00,23737,23742,23736,23739.5,0,0,0,0,0,0,0,NaN,23742,23736,23739.5
2025-08-10T21:25:00-04:00,23740.25,23743.25,23739.5,23743,0,0,0,0,0,0,0,NaN,23743.25,23739.5,23743
2025-08-10T21:30:00-04:00,23742.5,23746.75,23742.25,23744.75,0,0,0,0,0,0,0,NaN,23746.75,23742.25,23744.75
2025-08-10T21:35:00-04:00,23744.5,23762.75,23742.5,23761,0,0,0,0,0,0,0,NaN,23762.75,23742.5,23761
2025-08-10T21:40:00-04:00,23761.25,23762.5,23751.5,23753.25,0,0,0,0,0,0,0,NaN,23762.5,23751.5,23753.25
2025-08-10T21:45:00-04:00,23753,23754.25,23748,23751,0,0,0,0,0,0,0,NaN,23754.25,23748,23751
2025-08-10T21:50:00-04:00,23750.75,23758.25,23750.25,23758.25,0,0,0,0,0,0,0,NaN,23758.25,23750.25,23758.25
2025-08-10T21:55:00-04:00,23758,23759,23754.5,23758.25,0,0,0,0,0,0,0,NaN,23759,23754.5,23758.25
2025-08-10T22:00:00-04:00,23758,23762,23757,23762,0,0,0,0,0,0,0,NaN,23762,23757,23762
2025-08-10T22:05:00-04:00,23762.25,23765.75,23759.5,23763.5,0,0,0,0,0,0,0,NaN,23765.75,23759.5,23763.5
2025-08-10T22:10:00-04:00,23763,23766.25,23762.5,23764.5,0,0,0,0,0,0,0,NaN,23766.25,23762.5,23764.5
2025-08-10T22:15:00-04:00,23765,23770,23762.25,23765.75,0,0,0,0,0,0,0,NaN,23770,23762.25,23765.75
2025-08-10T22:20:00-04:00,23765.75,23770.5,23762,23770.25,0,0,0,0,0,0,0,NaN,23770.5,23762,23770.25
2025-08-10T22:25:00-04:00,23769.75,23769.75,23756.5,23758.5,0,0,0,0,0,0,0,NaN,23769.75,23756.5,23758.5
2025-08-10T22:30:00-04:00,23758.25,23760.75,23756.75,23758.75,0,0,0,0,0,0,0,NaN,23760.75,23756.75,23758.75
2025-08-10T22:35:00-04:00,23758.5,23761.25,23757,23759.5,0,0,0,0,0,0,0,NaN,23761.25,23757,23759.5
2025-08-10T22:40:00-04:00,23760.25,23760.75,23757.75,23758.25,0,0,0,0,0,0,0,NaN,23760.75,23757.75,23758.25
2025-08-10T22:45:00-04:00,23758.75,23758.75,23751.75,23752.25,0,0,0,0,0,0,0,NaN,23758.75,23751.75,23752.25
2025-08-10T22:50:00-04:00,23752.25,23757.5,23750,23755,0,0,0,0,0,0,0,NaN,23757.5,23750,23755
2025-08-10T22:55:00-04:00,23755,23757,23754,23756.75,0,0,0,0,0,0,0,NaN,23757,23754,23756.75
2025-08-10T23:00:00-04:00,23757,23760.75,23757,23758.5,0,0,0,0,0,0,0,NaN,23760.75,23757,23758.5
2025-08-10T23:05:00-04:00,23758.5,23760.25,23755.25,23760.25,0,0,0,0,0,0,0,NaN,23760.25,23755.25,23760.25
2025-08-10T23:10:00-04:00,23759.75,23769.75,23759,23767.25,0,0,0,0,0,0,0,NaN,23769.75,23759,23767.25
2025-08-10T23:15:00-04:00,23767.5,23773,23765,23771.25,0,0,0,0,0,0,0,NaN,23773,23765,23771.25
2025-08-10T23:20:00-04:00,23771.25,23772.25,23760.75,23763,0,0,0,0,0,0,0,NaN,23772.25,23760.75,23763
2025-08-10T23:25:00-04:00,23762.75,23762.75,23757.5,23760.75,0,0,0,0,0,0,0,NaN,23762.75,23757.5,23760.75
2025-08-10T23:30:00-04:00,23760.75,23762.25,23752.25,23755,0,0,0,0,0,0,0,NaN,23762.25,23752.25,23755
2025-08-10T23:35:00-04:00,23755.75,23759,23753.5,23756,0,0,0,0,0,0,0,NaN,23759,23753.5,23756
2025-08-10T23:40:00-04:00,23756.75,23760.25,23754.25,23756.5,0,0,0,0,0,0,0,NaN,23760.25,23754.25,23756.5
2025-08-10T23:45:00-04:00,23756.75,23756.75,23750.25,23755.25,0,0,0,0,0,0,0,NaN,23756.75,23750.25,23755.25
2025-08-10T23:50:00-04:00,23756,23757.5,23754.5,23755,0,0,0,0,0,0,0,NaN,23757.5,23754.5,23755
2025-08-10T23:55:00-04:00,23755,23756.5,23753.75,23754.75,0,0,0,0,0,0,0,NaN,23756.5,23753.75,23754.75
2025-08-11T00:00:00-04:00,23754.75,23754.75,23745.75,23752.5,0,1,0,0,0,0,0,NaN,23754.75,23745.75,23752.5
2025-08-11T00:05:00-04:00,23752.5,23753.75,23749,23751.5,0,0,0,0,0,0,0,NaN,23753.75,23749,23751.5
2025-08-11T00:10:00-04:00,23752.25,23758.25,23752.25,23757.5,0,0,0,0,0,0,0,NaN,23758.25,23752.25,23757.5
2025-08-11T00:15:00-04:00,23757.25,23758,23752,23752,0,0,0,0,0,0,0,NaN,23758,23752,23752
2025-08-11T00:20:00-04:00,23752,23755.5,23750.5,23752,0,0,0,0,0,0,0,NaN,23755.5,23750.5,23752
2025-08-11T00:25:00-04:00,23752,23752.5,23740.5,23741.5,0,0,0,0,0,0,0,NaN,23752.5,23740.5,23741.5
2025-08-11T00:30:00-04:00,23740.75,23743.75,23738.25,23742.25,0,0,0,0,0,0,0,NaN,23743.75,23738.25,23742.25
2025-08-11T00:35:00-04:00,23743,23743.25,23738.25,23742,0,0,0,0,0,0,0,NaN,23743.25,23738.25,23742
2025-08-11T00:40:00-04:00,23741,23742.25,23737.25,23738.75,0,0,0,0,0,0,0,NaN,23742.25,23737.25,23738.75
2025-08-11T00:45:00-04:00,23739,23740.75,23738,23738.75,0,0,0,0,0,0,0,NaN,23740.75,23738,23738.75
2025-08-11T00:50:00-04:00,23738.5,23741.75,23734,23740,0,0,0,0,0,0,0,NaN,23741.75,23734,23740
2025-08-11T00:55:00-04:00,23740,23744.5,23740,23742,0,0,0,0,0,0,0,NaN,23744.5,23740,23742
2025-08-11T01:00:00-04:00,23742,23744.75,23737,23744,0,0,0,0,0,0,0,NaN,23744.75,23737,23744
2025-08-11T01:05:00-04:00,23744.75,23749,23742,23744,0,0,0,0,0,0,0,NaN,23749,23742,23744
2025-08-11T01:10:00-04:00,23743,23743,23739,23739.75,0,0,0,0,0,0,0,NaN,23743,23739,23739.75
2025-08-11T01:15:00-04:00,23741,23742.25,23738.5,23739.5,0,0,0,0,0,0,0,NaN,23742.25,23738.5,23739.5
2025-08-11T01:20:00-04:00,23739.75,23743.25,23738.5,23743,0,0,0,0,0,0,0,NaN,23743.25,23738.5,23743
2025-08-11T01:25:00-04:00,23742.75,23743.5,23737.5,23739.75,0,0,0,0,0,0,0,NaN,23743.5,23737.5,23739.75
2025-08-11T01:30:00-04:00,23739.25,23743.5,23735.5,23743.25,0,0,0,0,0,0,0,NaN,23743.5,23735.5,23743.25
2025-08-11T01:35:00-04:00,23742.75,23746,23738.5,23745.5,0,0,0,0,0,0,0,NaN,23746,23738.5,23745.5
2025-08-11T01:40:00-04:00,23745,23746,23734.5,23737.25,0,0,0,0,0,0,0,NaN,23746,23734.5,23737.25
2025-08-11T01:45:00-04:00,23737,23738.25,23732.25,23737,0,0,0,0,0,0,0,NaN,23738.25,23732.25,23737
2025-08-11T01:50:00-04:00,23736.25,23740,23731.75,23734,0,0,0,0,0,0,0,NaN,23740,23731.75,23734
2025-08-11T01:55:00-04:00,23733.5,23739.25,23731.5,23738.75,0,0,0,0,0,0,0,NaN,23739.25,23731.5,23738.75
2025-08-11T02:00:00-04:00,23739.5,23750.75,23739.25,23745.5,0,0,0,0,0,0,0,NaN,23750.75,23739.25,23745.5
2025-08-11T02:05:00-04:00,23746.5,23747.5,23736.25,23740.5,0,0,0,0,0,0,0,NaN,23747.5,23736.25,23740.5
2025-08-11T02:10:00-04:00,23740.75,23741.5,23735.5,23735.5,0,0,0,0,0,0,0,NaN,23741.5,23735.5,23735.5
2025-08-11T02:15:00-04:00,23735,23735.75,23729.25,23733.5,0,0,0,0,0,0,0,NaN,23735.75,23729.25,23733.5
2025-08-11T02:20:00-04:00,23734.5,23740.5,23734.5,23738.75,0,0,0,0,0,0,0,NaN,23740.5,23734.5,23738.75
2025-08-11T02:25:00-04:00,23738,23741.25,23733.25,23735.25,0,0,0,0,0,0,0,NaN,23741.25,23733.25,23735.25
2025-08-11T02:30:00-04:00,23734,23737.75,23732.75,23737.5,0,0,0,0,0,0,0,NaN,23737.75,23732.75,23737.5
2025-08-11T02:35:00-04:00,23737,23744.25,23736,23743.5,0,0,0,0,0,0,0,NaN,23744.25,23736,23743.5
2025-08-11T02:40:00-04:00,23743.5,23749,23743.5,23746.5,0,0,0,0,0,0,0,NaN,23749,23743.5,23746.5
2025-08-11T02:45:00-04:00,23746.5,23752.25,23746.5,23748.25,0,0,0,0,0,0,0,NaN,23752.25,23746.5,23748.25
2025-08-11T02:50:00-04:00,23747.5,23757,23746.75,23756,0,0,0,0,0,0,0,NaN,23757,23746.75,23756
2025-08-11T02:55:00-04:00,23755.25,23760.5,23755,23760.5,0,0,0,0,0,0,0,NaN,23760.5,23755,23760.5
2025-08-11T03:00:00-04:00,23759.75,23761.75,23752.5,23760,0,0,0,0,0,0,0,NaN,23761.75,23752.5,23760
2025-08-11T03:05:00-04:00,23759.75,23764.5,23759.75,23762.25,0,0,0,0,0,0,0,NaN,23764.5,23759.75,23762.25
2025-08-11T03:10:00-04:00,23762.5,23762.75,23749.25,23749.25,0,0,0,0,0,0,0,NaN,23762.75,23749.25,23749.25
2025-08-11T03:15:00-04:00,23749.25,23750.25,23744.5,23745,0,0,0,0,0,0,0,NaN,23750.25,23744.5,23745
2025-08-11T03:20:00-04:00,23744.75,23750.25,23744,23745.75,0,0,0,0,0,0,0,NaN,23750.25,23744,23745.75
2025-08-11T03:25:00-04:00,23746.75,23749,23740.5,23741,0,0,0,0,0,0,0,NaN,23749,23740.5,23741
2025-08-11T03:30:00-04:00,23741.25,23743,23725.5,23729.5,0,0,0,0,0,0,0,NaN,23743,23725.5,23729.5
2025-08-11T03:35:00-04:00,23728.5,23734.5,23721.5,23723,0,0,0,0,0,0,0,NaN,23734.5,23721.5,23723
2025-08-11T03:40:00-04:00,23723,23727,23720,23723.5,0,0,0,0,0,0,0,NaN,23727,23720,23723.5
2025-08-11T03:45:00-04:00,23722.5,23722.75,23703.75,23707.75,0,0,0,0,0,0,0,NaN,23722.75,23703.75,23707.75
2025-08-11T03:50:00-04:00,23707.5,23715.25,23696.5,23698.5,0,0,0,0,0,0,0,NaN,23715.25,23696.5,23698.5
2025-08-11T03:55:00-04:00,23698.75,23706.75,23693.25,23706.75,0,0,0,0,0,0,0,NaN,23706.75,23693.25,23706.75
2025-08-11T04:00:00-04:00,23706.25,23709.25,23684.25,23689.75,0,0,0,0,0,0,0,NaN,23709.25,23684.25,23689.75
2025-08-11T04:05:00-04:00,23689.75,23695.75,23668,23688.5,0,0,0,0,0,0,0,NaN,23695.75,23668,23688.5
2025-08-11T04:10:00-04:00,23688.5,23692.5,23667.75,23678.5,0,0,0,0,0,0,0,NaN,23692.5,23667.75,23678.5
2025-08-11T04:15:00-04:00,23679.25,23688.75,23670,23687.75,0,0,0,0,0,0,0,NaN,23688.75,23670,23687.75
2025-08-11T04:20:00-04:00,23687.5,23690.75,23677.75,23686.25,0,0,0,0,0,0,0,NaN,23690.75,23677.75,23686.25
2025-08-11T04:25:00-04:00,23686.5,23695.5,23680.25,23690.25,0,0,0,0,0,0,0,NaN,23695.5,23680.25,23690.25
2025-08-11T04:30:00-04:00,23690,23702,23686.25,23698,0,0,0,0,0,0,0,NaN,23702,23686.25,23698
2025-08-11T04:35:00-04:00,23698.25,23704.75,23695,23702.25,0,0,0,0,0,0,0,NaN,23704.75,23695,23702.25
2025-08-11T04:40:00-04:00,23703.25,23705.5,23695.75,23702.5,0,0,0,0,0,0,0,NaN,23705.5,23695.75,23702.5
2025-08-11T04:45:00-04:00,23702.5,23702.75,23692.5,23697.25,0,0,0,0,0,0,0,NaN,23702.75,23692.5,23697.25
2025-08-11T04:50:00-04:00,23696.75,23698.25,23691,23698.25,0,0,0,0,0,0,0,NaN,23698.25,23691,23698.25
2025-08-11T04:55:00-04:00,23698.25,23705,23695.25,23701.5,0,0,0,0,0,0,0,NaN,23705,23695.25,23701.5
2025-08-11T05:00:00-04:00,23700.75,23705.25,23698.5,23704.5,0,0,0,0,0,0,0,NaN,23705.25,23698.5,23704.5
2025-08-11T05:05:00-04:00,23705.25,23712.25,23703,23705.5,0,0,0,0,0,0,0,NaN,23712.25,23703,23705.5
2025-08-11T05:10:00-04:00,23705.25,23715.75,23705.25,23713.75,0,0,0,0,0,0,0,NaN,23715.75,23705.25,23713.75
2025-08-11T05:15:00-04:00,23713.25,23715.25,23710.5,23712.5,0,0,0,0,0,0,0,NaN,23715.25,23710.5,23712.5
2025-08-11T05:20:00-04:00,23712.25,23719.5,23712,23717.25,0,0,0,0,0,0,0,NaN,23719.5,23712,23717.25
2025-08-11T05:25:00-04:00,23717.25,23722.25,23716,23721.75,0,0,0,0,0,0,0,NaN,23722.25,23716,23721.75
2025-08-11T05:30:00-04:00,23722.25,23728.5,23722,23723.25,0,0,0,0,0,0,0,NaN,23728.5,23722,23723.25
2025-08-11T05:35:00-04:00,23723,23725.75,23720.25,23723.25,0,0,0,0,0,0,0,NaN,23725.75,23720.25,23723.25
2025-08-11T05:40:00-04:00,23723.25,23726,23721.5,23725.25,0,0,0,0,0,0,0,NaN,23726,23721.5,23725.25
2025-08-11T05:45:00-04:00,23725.5,23731.75,23724.25,23725.5,0,0,0,0,0,0,0,NaN,23731.75,23724.25,23725.5
2025-08-11T05:50:00-04:00,23725.75,23727.5,23720.5,23723.75,0,0,0,0,0,0,0,NaN,23727.5,23720.5,23723.75
2025-08-11T05:55:00-04:00,23724,23725.25,23720.5,23723.25,0,0,0,0,0,0,0,NaN,23725.25,23720.5,23723.25
2025-08-11T06:00:00-04:00,23722.75,23726.5,23718.5,23726.25,0,0,0,0,0,0,0,NaN,23726.5,23718.5,23726.25
2025-08-11T06:05:00-04:00,23726.25,23726.25,23719.25,23721.25,0,0,0,0,0,0,0,NaN,23726.25,23719.25,23721.25
2025-08-11T06:10:00-04:00,23722.25,23727,23718.75,23726.5,0,0,0,0,0,0,0,NaN,23727,23718.75,23726.5
2025-08-11T06:15:00-04:00,23726.5,23730,23725.25,23729,0,0,0,0,0,0,0,NaN,23730,23725.25,23729
2025-08-11T06:20:00-04:00,23729.25,23744.25,23728.75,23742.5,0,0,0,0,0,0,0,NaN,23744.25,23728.75,23742.5
2025-08-11T06:25:00-04:00,23742.25,23744.25,23732.5,23738,0,0,0,0,0,0,0,NaN,23744.25,23732.5,23738
2025-08-11T06:30:00-04:00,23738.25,23740.25,23729,23729,0,0,0,0,0,0,0,NaN,23740.25,23729,23729
2025-08-11T06:35:00-04:00,23729.5,23732.25,23728,23729,0,0,0,0,0,0,0,NaN,23732.25,23728,23729
2025-08-11T06:40:00-04:00,23729.25,23729.25,23723.25,23723.75,0,0,0,0,0,0,0,NaN,23729.25,23723.25,23723.75
2025-08-11T06:45:00-04:00,23724,23725.75,23710.75,23710.75,0,0,0,0,0,0,0,NaN,23725.75,23710.75,23710.75
2025-08-11T06:50:00-04:00,23711,23717,23709.75,23717,0,0,0,0,0,0,0,NaN,23717,23709.75,23717
2025-08-11T06:55:00-04:00,23717.25,23729.25,23716.5,23725.5,0,0,0,0,0,0,0,NaN,23729.25,23716.5,23725.5
2025-08-11T07:00:00-04:00,23725.25,23736.75,23722.75,23734,0,0,0,0,0,0,0,NaN,23736.75,23722.75,23734
2025-08-11T07:05:00-04:00,23734,23737.25,23727.5,23730.5,0,0,0,0,0,0,0,NaN,23737.25,23727.5,23730.5
2025-08-11T07:10:00-04:00,23731.25,23734.5,23727,23727.75,0,0,0,0,0,0,0,NaN,23734.5,23727,23727.75
2025-08-11T07:15:00-04:00,23728,23733.75,23727.5,23729,0,0,0,0,0,0,0,NaN,23733.75,23727.5,23729
2025-08-11T07:20:00-04:00,23728.75,23730.75,23719.25,23725,0,0,0,0,0,0,0,NaN,23730.75,23719.25,23725
2025-08-11T07:25:00-04:00,23725.75,23729.25,23720.75,23721.75,0,0,0,0,0,0,0,NaN,23729.25,23720.75,23721.75
2025-08-11T07:30:00-04:00,23721.5,23724.25,23719,23722.75,0,0,0,0,0,0,0,NaN,23724.25,23719,23722.75
2025-08-11T07:35:00-04:00,23723,23729.25,23721,23724.75,0,0,0,0,0,0,0,NaN,23729.25,23721,23724.75
2025-08-11T07:40:00-04:00,23725.75,23729,23724,23727.25,0,0,0,0,0,0,0,NaN,23729,23724,23727.25
2025-08-11T07:45:00-04:00,23727.5,23736,23727.25,23732.5,0,0,0,0,0,0,0,NaN,23736,23727.25,23732.5
2025-08-11T07:50:00-04:00,23732.75,23736.75,23732.75,23736.75,0,0,0,0,0,0,0,NaN,23736.75,23732.75,23736.75
2025-08-11T07:55:00-04:00,23737.25,23740.5,23734.5,23735.5,0,0,0,0,0,0,0,NaN,23740.5,23734.5,23735.5
2025-08-11T08:00:00-04:00,23735.25,23754,23734.75,23752.75,0,0,0,0,0,0,0,NaN,23754,23734.75,23752.75
2025-08-11T08:05:00-04:00,23752.5,23754.75,23746,23749,0,0,0,0,0,0,0,NaN,23754.75,23746,23749
2025-08-11T08:10:00-04:00,23749.75,23752.75,23738.25,23742.75,0,0,0,0,0,0,0,NaN,23752.75,23738.25,23742.75
2025-08-11T08:15:00-04:00,23743.25,23753.5,23741,23753,0,0,0,0,0,0,0,NaN,23753.5,23741,23753
2025-08-11T08:20:00-04:00,23753,23756.25,23733.25,23741.75,0,0,0,0,0,0,0,NaN,23756.25,23733.25,23741.75
2025-08-11T08:25:00-04:00,23742.5,23742.5,23728.75,23734.25,0,0,0,0,0,0,0,NaN,23742.5,23728.75,23734.25
2025-08-11T08:30:00-04:00,23733.5,23735.5,23717,23727,0,0,0,0,0,0,0,NaN,23735.5,23717,23727
2025-08-11T08:35:00-04:00,23727,23728.75,23712,23721.5,0,0,0,0,0,0,0,NaN,23728.75,23712,23721.5
2025-08-11T08:40:00-04:00,23721,23726.25,23720.25,23721.5,0,0,0,0,0,0,0,NaN,23726.25,23720.25,23721.5
2025-08-11T08:45:00-04:00,23721.5,23724.25,23717.5,23719.75,0,0,0,0,0,0,0,NaN,23724.25,23717.5,23719.75
2025-08-11T08:50:00-04:00,23719.75,23727.25,23707.75,23717.5,0,0,0,0,0,0,0,NaN,23727.25,23707.75,23717.5
2025-08-11T08:55:00-04:00,23717.5,23722.5,23714,23722.5,0,0,0,0,0,0,0,NaN,23722.5,23714,23722.5
2025-08-11T09:00:00-04:00,23722.5,23725.75,23714.25,23716,0,0,0,0,0,0,0,NaN,23725.75,23714.25,23716
2025-08-11T09:05:00-04:00,23715.25,23719,23709,23714.5,0,0,0,0,0,0,0,NaN,23719,23709,23714.5
2025-08-11T09:10:00-04:00,23714.5,23724,23706.25,23723.5,0,0,0,0,0,0,0,NaN,23724,23706.25,23723.5
2025-08-11T09:15:00-04:00,23723.5,23726.75,23721.75,23723,0,0,0,0,0,0,0,NaN,23726.75,23721.75,23723
2025-08-11T09:20:00-04:00,23722.5,23724.5,23713.25,23718,0,0,0,0,0,0,0,NaN,23724.5,23713.25,23718
2025-08-11T09:25:00-04:00,23718.25,23723.5,23700.75,23715,0,0,0,0,0,0,0,NaN,23723.5,23700.75,23715
2025-08-11T09:30:00-04:00,23715.75,23730.25,23680.75,23687,0,0,0,0,0,0,0,NaN,23730.25,23680.75,23687
2025-08-11T09:35:00-04:00,23687.25,23718.75,23684.25,23712.25,0,0,0,0,0,0,0,NaN,23718.75,23684.25,23712.25
2025-08-11T09:40:00-04:00,23712.75,23738.25,23705.25,23728.75,0,0,0,0,0,0,0,NaN,23738.25,23705.25,23728.75
2025-08-11T09:45:00-04:00,23729,23736.75,23715.75,23734.25,0,0,0,0,0,0,0,NaN,23736.75,23715.75,23734.25
2025-08-11T09:50:00-04:00,23734,23736,23707.25,23720.75,0,0,0,0,0,0,0,NaN,23736,23707.25,23720.75
2025-08-11T09:55:00-04:00,23720,23745.25,23716,23744.75,0,0,0,0,0,0,0,NaN,23745.25,23716,23744.75
2025-08-11T10:00:00-04:00,23744.75,23748,23723,23726.25,0,0,0,0,0,0,0,NaN,23748,23723,23726.25
2025-08-11T10:05:00-04:00,23726.5,23742.25,23722.5,23736.75,0,0,0,0,0,0,0,NaN,23742.25,23722.5,23736.75
2025-08-11T10:10:00-04:00,23736.5,23759.25,23735.5,23746,0,0,0,0,0,0,0,NaN,23759.25,23735.5,23746
2025-08-11T10:15:00-04:00,23746.25,23767.25,23740,23766.75,0,0,0,0,0,0,0,NaN,23767.25,23740,23766.75
2025-08-11T10:20:00-04:00,23766.5,23767.5,23752.25,23752.75,0,0,0,0,0,0,0,NaN,23767.5,23752.25,23752.75
2025-08-11T10:25:00-04:00,23753.25,23765,23748.75,23751.5,0,0,0,0,0,0,0,NaN,23765,23748.75,23751.5
2025-08-11T10:30:00-04:00,23752,23761.25,23745.75,23747.75,0,0,0,0,0,0,0,NaN,23761.25,23745.75,23747.75
2025-08-11T10:35:00-04:00,23748.25,23760.25,23743.25,23748,0,0,0,0,0,0,0,NaN,23760.25,23743.25,23748
2025-08-11T10:40:00-04:00,23747.75,23758.25,23741.5,23755,0,0,0,0,0,0,0,NaN,23758.25,23741.5,23755
2025-08-11T10:45:00-04:00,23754.75,23757.75,23719.25,23729,0,0,0,0,0,0,0,NaN,23757.75,23719.25,23729
2025-08-11T10:50:00-04:00,23729.5,23749,23726.25,23739.75,0,0,0,0,0,0,0,NaN,23749,23726.25,23739.75
2025-08-11T10:55:00-04:00,23740,23740.5,23725.25,23727,0,0,0,0,0,0,0,NaN,23740.5,23725.25,23727
2025-08-11T11:00:00-04:00,23726.75,23737.5,23723.5,23725.25,0,0,0,0,0,0,0,NaN,23737.5,23723.5,23725.25
2025-08-11T11:05:00-04:00,23724.75,23730,23715,23723.75,0,0,0,0,0,0,0,NaN,23730,23715,23723.75
2025-08-11T11:10:00-04:00,23723.75,23747.25,23718.5,23747,0,0,0,0,0,0,0,NaN,23747.25,23718.5,23747
2025-08-11T11:15:00-04:00,23746.5,23751.5,23740,23747,0,0,0,0,0,0,0,NaN,23751.5,23740,23747
2025-08-11T11:20:00-04:00,23747.25,23747.5,23730.5,23737,0,0,0,0,0,0,0,NaN,23747.5,23730.5,23737
2025-08-11T11:25:00-04:00,23737.25,23741,23730.5,23734.75,0,0,0,0,0,0,0,NaN,23741,23730.5,23734.75
2025-08-11T11:30:00-04:00,23734.25,23744,23726,23742.5,0,0,0,0,0,0,0,NaN,23744,23726,23742.5
2025-08-11T11:35:00-04:00,23742.75,23742.75,23721.25,23722.25,0,0,0,0,0,0,0,NaN,23742.75,23721.25,23722.25
2025-08-11T11:40:00-04:00,23722,23735.75,23716,23729,0,0,0,0,0,0,0,NaN,23735.75,23716,23729
2025-08-11T11:45:00-04:00,23729.5,23742,23723.25,23740,0,0,0,0,0,0,0,NaN,23742,23723.25,23740
2025-08-11T11:50:00-04:00,23739.75,23758.25,23739.25,23757,0,0,0,0,0,0,0,NaN,23758.25,23739.25,23757
2025-08-11T11:55:00-04:00,23757,23764.25,23754.75,23764.25,0,0,0,0,0,0,0,NaN,23764.25,23754.75,23764.25
2025-08-11T12:00:00-04:00,23763.75,23769,23757,23765.5,0,0,0,0,0,0,0,NaN,23769,23757,23765.5
2025-08-11T12:05:00-04:00,23765.25,23799.5,23763.25,23799,0,0,0,0,0,0,0,NaN,23799.5,23763.25,23799
2025-08-11T12:10:00-04:00,23799,23804.5,23784.25,23786.5,0,0,0,0,0,0,0,NaN,23804.5,23784.25,23786.5
2025-08-11T12:15:00-04:00,23787,23794.5,23774.5,23779,0,0,0,0,0,0,0,NaN,23794.5,23774.5,23779
2025-08-11T12:20:00-04:00,23778.75,23787,23776.25,23785,0,0,0,0,0,0,0,NaN,23787,23776.25,23785
2025-08-11T12:25:00-04:00,23784.25,23785.75,23775,23785.5,0,0,0,0,0,0,0,NaN,23785.75,23775,23785.5
2025-08-11T12:30:00-04:00,23785.25,23789.5,23777.25,23779.5,0,0,0,0,0,0,0,NaN,23789.5,23777.25,23779.5
2025-08-11T12:35:00-04:00,23779.75,23780.25,23764.25,23767.5,0,0,0,0,0,0,0,NaN,23780.25,23764.25,23767.5
2025-08-11T12:40:00-04:00,23767.5,23768,23740,23741.75,0,0,0,0,0,0,0,NaN,23768,23740,23741.75
2025-08-11T12:45:00-04:00,23742,23753.5,23738.25,23743.25,0,0,0,0,0,0,0,NaN,23753.5,23738.25,23743.25
2025-08-11T12:50:00-04:00,23743.25,23757.75,23742.25,23744.5,0,0,0,0,0,0,0,NaN,23757.75,23742.25,23744.5
2025-08-11T12:55:00-04:00,23744.5,23746.75,23733.25,23736.5,0,0,0,0,0,0,0,NaN,23746.75,23733.25,23736.5
2025-08-11T13:00:00-04:00,23736.75,23748.5,23734,23745.5,0,0,0,0,0,0,0,NaN,23748.5,23734,23745.5
2025-08-11T13:05:00-04:00,23745.5,23753,23743,23749.25,0,0,0,0,0,0,0,NaN,23753,23743,23749.25
2025-08-11T13:10:00-04:00,23749.25,23749.25,23734.5,23735,0,0,0,0,0,0,0,NaN,23749.25,23734.5,23735
2025-08-11T13:15:00-04:00,23735.25,23738.75,23726.5,23734.75,0,0,0,0,0,0,0,NaN,23738.75,23726.5,23734.75
2025-08-11T13:20:00-04:00,23734.75,23741.5,23728.25,23733.25,0,0,0,0,0,0,0,NaN,23741.5,23728.25,23733.25
2025-08-11T13:25:00-04:00,23733.75,23734.25,23723.25,23728.5,0,0,0,0,0,0,0,NaN,23734.25,23723.25,23728.5
2025-08-11T13:30:00-04:00,23728.25,23736.75,23725,23725.25,0,0,0,0,0,0,0,NaN,23736.75,23725,23725.25
2025-08-11T13:35:00-04:00,23725.5,23733,23703.75,23711,0,0,0,0,0,0,0,NaN,23733,23703.75,23711
2025-08-11T13:40:00-04:00,23711.5,23712.5,23693.25,23710,0,0,0,0,0,0,0,NaN,23712.5,23693.25,23710
2025-08-11T13:45:00-04:00,23710.25,23713.5,23690.75,23709.25,0,0,0,0,0,0,0,NaN,23713.5,23690.75,23709.25
2025-08-11T13:50:00-04:00,23709,23711.75,23697.5,23698.5,0,0,0,0,0,0,0,NaN,23711.75,23697.5,23698.5
2025-08-11T13:55:00-04:00,23698,23705.75,23688.5,23697.75,0,0,0,0,0,0,0,NaN,23705.75,23688.5,23697.75
2025-08-11T14:00:00-04:00,23698,23701.25,23678.75,23682.75,0,0,0,0,0,0,0,NaN,23701.25,23678.75,23682.75
2025-08-11T14:05:00-04:00,23683,23691,23675.5,23687,0,0,0,0,0,0,0,NaN,23691,23675.5,23687
2025-08-11T14:10:00-04:00,23687.25,23696.75,23676.25,23691.75,0,0,0,0,0,0,0,NaN,23696.75,23676.25,23691.75
2025-08-11T14:15:00-04:00,23692.25,23698.75,23684.25,23686,0,0,0,0,0,0,0,NaN,23698.75,23684.25,23686
2025-08-11T14:20:00-04:00,23686,23687,23676.25,23677.25,0,0,0,0,0,0,0,NaN,23687,23676.25,23677.25
2025-08-11T14:25:00-04:00,23677,23700.75,23677,23682.5,0,0,0,0,0,0,0,NaN,23700.75,23677,23682.5
2025-08-11T14:30:00-04:00,23682.75,23698,23682,23687.5,0,0,0,0,0,0,0,NaN,23698,23682,23687.5
2025-08-11T14:35:00-04:00,23687.25,23698.75,23682.75,23697.75,0,0,0,0,0,0,0,NaN,23698.75,23682.75,23697.75
2025-08-11T14:40:00-04:00,23697.75,23698.5,23656.75,23656.75,0,0,0,0,0,0,0,NaN,23698.5,23656.75,23656.75
2025-08-11T14:45:00-04:00,23656.75,23686.5,23650.75,23683.75,0,0,0,0,0,0,0,NaN,23686.5,23650.75,23683.75
2025-08-11T14:50:00-04:00,23683.75,23690.5,23671,23680.5,0,0,0,0,0,0,0,NaN,23690.5,23671,23680.5
2025-08-11T14:55:00-04:00,23680.5,23692.25,23677.25,23686.25,0,0,0,0,0,0,0,NaN,23692.25,23677.25,23686.25
2025-08-11T15:00:00-04:00,23686.5,23690.25,23676.25,23680.75,0,0,0,0,0,0,0,NaN,23690.25,23676.25,23680.75
2025-08-11T15:05:00-04:00,23680.75,23683.25,23673,23677.75,0,0,0,0,0,0,0,NaN,23683.25,23673,23677.75
2025-08-11T15:10:00-04:00,23677.5,23683.75,23667.75,23670.75,0,0,0,0,0,0,0,NaN,23683.75,23667.75,23670.75
2025-08-11T15:15:00-04:00,23670.5,23671.5,23654.25,23664.25,0,0,0,0,0,0,0,NaN,23671.5,23654.25,23664.25
2025-08-11T15:20:00-04:00,23663.5,23674.5,23663,23668,0,0,0,0,0,0,0,NaN,23674.5,23663,23668
2025-08-11T15:25:00-04:00,23667.75,23669.25,23657.5,23662.25,0,0,0,0,0,0,0,NaN,23669.25,23657.5,23662.25
2025-08-11T15:30:00-04:00,23662.25,23668.5,23648,23653.75,0,0,0,0,0,0,0,NaN,23668.5,23648,23653.75
2025-08-11T15:35:00-04:00,23653.75,23659.75,23643.5,23649.25,0,0,0,0,0,0,0,NaN,23659.75,23643.5,23649.25
2025-08-11T15:40:00-04:00,23649.25,23655,23642.5,23649.25,0,0,0,0,0,0,0,NaN,23655,23642.5,23649.25
2025-08-11T15:45:00-04:00,23649,23650.25,23633.5,23641.5,0,0,0,0,0,0,0,NaN,23650.25,23633.5,23641.5
2025-08-11T15:50:00-04:00,23641,23648.5,23595.75,23603.75,0,0,0,0,0,0,0,NaN,23648.5,23595.75,23603.75
2025-08-11T15:55:00-04:00,23604,23643.5,23587.5,23638.5,0,0,0,0,0,0,0,NaN,23643.5,23587.5,23638.5
2025-08-11T16:00:00-04:00,23638.5,23648.75,23625.5,23636.5,0,0,0,0,0,0,0,NaN,23648.75,23625.5,23636.5
2025-08-11T16:05:00-04:00,23636.25,23643.5,23635.75,23638.5,0,0,0,0,0,0,0,NaN,23643.5,23635.75,23638.5
2025-08-11T16:10:00-04:00,23638.75,23640.25,23626.5,23628.25,0,0,0,0,0,0,0,NaN,23640.25,23626.5,23628.25
2025-08-11T16:15:00-04:00,23628.75,23629.25,23616,23620.75,0,0,0,0,0,0,0,NaN,23629.25,23616,23620.75
2025-08-11T16:20:00-04:00,23621,23625.25,23616.5,23623.25,0,0,0,0,0,0,0,NaN,23625.25,23616.5,23623.25
2025-08-11T16:25:00-04:00,23622.75,23624.75,23620.25,23623.5,0,0,0,0,0,0,0,NaN,23624.75,23620.25,23623.5
2025-08-11T16:30:00-04:00,23623.5,23626.5,23622,23623.5,0,0,0,0,0,0,0,NaN,23626.5,23622,23623.5
2025-08-11T16:35:00-04:00,23623.5,23625.75,23623,23624.75,0,0,0,0,0,0,0,NaN,23625.75,23623,23624.75
2025-08-11T16:40:00-04:00,23624.75,23629,23623.75,23628.75,0,0,0,0,0,0,0,NaN,23629,23623.75,23628.75
2025-08-11T16:45:00-04:00,23628.75,23630.75,23626.5,23627.25,0,0,0,0,0,0,0,NaN,23630.75,23626.5,23627.25
2025-08-11T16:50:00-04:00,23627.25,23628.75,23625,23626.75,0,0,0,0,0,0,0,NaN,23628.75,23625,23626.75
2025-08-11T16:55:00-04:00,23627.25,23630,23623.5,23629.5,0,0,0,0,0,0,0,NaN,23630,23623.5,23629.5
2025-08-11T18:00:00-04:00,23635,23650,23627,23637.25,0,0,0,0,0,0,0,NaN,23650,23627,23637.25
2025-08-11T18:05:00-04:00,23637,23637,23625.75,23629.75,0,0,0,0,0,0,0,NaN,23637,23625.75,23629.75
2025-08-11T18:10:00-04:00,23631,23643.5,23631,23636,0,0,0,0,0,0,0,NaN,23643.5,23631,23636
2025-08-11T18:15:00-04:00,23637,23637,23618.5,23620.75,0,0,0,0,0,0,0,NaN,23637,23618.5,23620.75
2025-08-11T18:20:00-04:00,23620,23624.5,23615.25,23618.75,0,0,0,0,0,0,0,NaN,23624.5,23615.25,23618.75
2025-08-11T18:25:00-04:00,23618,23620.5,23615.25,23616.5,0,0,0,0,0,0,0,NaN,23620.5,23615.25,23616.5
2025-08-11T18:30:00-04:00,23616.75,23627.5,23614.5,23626,0,0,0,0,0,0,0,NaN,23627.5,23614.5,23626
2025-08-11T18:35:00-04:00,23625,23628.75,23620.5,23620.75,0,0,0,0,0,0,0,NaN,23628.75,23620.5,23620.75
2025-08-11T18:40:00-04:00,23620,23626.75,23615,23625.5,0,0,0,0,0,0,0,NaN,23626.75,23615,23625.5
2025-08-11T18:45:00-04:00,23624,23626.5,23617.75,23626.5,0,0,0,0,0,0,0,NaN,23626.5,23617.75,23626.5
2025-08-11T18:50:00-04:00,23627,23639.25,23626.25,23638.75,0,0,0,0,0,0,0,NaN,23639.25,23626.25,23638.75
2025-08-11T18:55:00-04:00,23638.75,23641.75,23636.75,23641.5,0,0,0,0,0,0,0,NaN,23641.75,23636.75,23641.5
2025-08-11T19:00:00-04:00,23641,23644,23639.25,23644,0,0,0,0,0,0,0,NaN,23644,23639.25,23644
2025-08-11T19:05:00-04:00,23644,23644.75,23638,23642,0,0,0,0,0,0,0,NaN,23644.75,23638,23642
2025-08-11T19:10:00-04:00,23642.25,23646.5,23642,23642.25,0,0,0,0,0,0,0,NaN,23646.5,23642,23642.25
2025-08-11T19:15:00-04:00,23642.25,23647.5,23641.5,23643.75,0,0,0,0,0,0,0,NaN,23647.5,23641.5,23643.75
2025-08-11T19:20:00-04:00,23643.75,23644.25,23637.25,23638.75,0,0,0,0,0,0,0,NaN,23644.25,23637.25,23638.75
2025-08-11T19:25:00-04:00,23638.25,23638.25,23625.5,23635,0,0,0,0,0,0,0,NaN,23638.25,23625.5,23635
2025-08-11T19:30:00-04:00,23633.5,23644.25,23633,23636.5,0,0,0,0,0,0,0,NaN,23644.25,23633,23636.5
2025-08-11T19:35:00-04:00,23636.75,23638.25,23632.75,23636.25,0,0,0,0,0,0,0,NaN,23638.25,23632.75,23636.25
2025-08-11T19:40:00-04:00,23636,23638.75,23633.75,23638,0,0,0,0,0,0,0,NaN,23638.75,23633.75,23638
2025-08-11T19:45:00-04:00,23638.75,23646.5,23637.5,23638.75,0,0,0,0,0,0,0,NaN,23646.5,23637.5,23638.75
2025-08-11T19:50:00-04:00,23638.75,23639,23631.75,23634.5,0,0,0,0,0,0,0,NaN,23639,23631.75,23634.5
2025-08-11T19:55:00-04:00,23634,23638,23631,23636.25,0,0,0,0,0,0,0,NaN,23638,23631,23636.25
2025-08-11T20:00:00-04:00,23636,23647.5,23630.25,23636.5,0,0,0,0,0,0,0,NaN,23647.5,23630.25,23636.5
2025-08-11T20:05:00-04:00,23636.25,23642.75,23632.75,23633,0,0,0,0,0,0,0,NaN,23642.75,23632.75,23633
2025-08-11T20:10:00-04:00,23632,23642,23628,23639.25,0,0,0,0,0,0,0,NaN,23642,23628,23639.25
2025-08-11T20:15:00-04:00,23639.25,23661.25,23635,23656.25,0,0,0,0,0,0,0,NaN,23661.25,23635,23656.25
2025-08-11T20:20:00-04:00,23655.75,23661.5,23649.25,23657.75,0,0,0,0,0,0,0,NaN,23661.5,23649.25,23657.75
2025-08-11T20:25:00-04:00,23657.25,23659.25,23651.25,23657,0,0,0,0,0,0,0,NaN,23659.25,23651.25,23657
2025-08-11T20:30:00-04:00,23657.25,23666.75,23657.25,23660,0,0,0,0,0,0,0,NaN,23666.75,23657.25,23660
2025-08-11T20:35:00-04:00,23660.5,23665.75,23654.75,23656,0,0,0,0,0,0,0,NaN,23665.75,23654.75,23656
2025-08-11T20:40:00-04:00,23655,23656.25,23648.5,23652.5,0,0,0,0,0,0,0,NaN,23656.25,23648.5,23652.5
2025-08-11T20:45:00-04:00,23652.75,23655.25,23646.75,23653.75,0,0,0,0,0,0,0,NaN,23655.25,23646.75,23653.75
2025-08-11T20:50:00-04:00,23654.5,23658.5,23644,23644,0,0,0,0,0,0,0,NaN,23658.5,23644,23644
2025-08-11T20:55:00-04:00,23643.25,23644.5,23637.5,23638.75,0,0,0,0,0,0,0,NaN,23644.5,23637.5,23638.75
2025-08-11T21:00:00-04:00,23638.75,23644.75,23634.25,23639.5,0,0,0,0,0,0,0,NaN,23644.75,23634.25,23639.5
2025-08-11T21:05:00-04:00,23637.75,23645.25,23637.75,23641.5,0,0,0,0,0,0,0,NaN,23645.25,23637.75,23641.5
2025-08-11T21:10:00-04:00,23641.25,23649,23635.25,23638,0,0,0,0,0,0,0,NaN,23649,23635.25,23638
2025-08-11T21:15:00-04:00,23638,23646,23632.75,23644.75,0,0,0,0,0,0,0,NaN,23646,23632.75,23644.75
2025-08-11T21:20:00-04:00,23644.5,23645.5,23638.75,23641.75,0,0,0,0,0,0,0,NaN,23645.5,23638.75,23641.75
2025-08-11T21:25:00-04:00,23641.75,23646.25,23641.25,23641.25,0,0,0,0,0,0,0,NaN,23646.25,23641.25,23641.25
2025-08-11T21:30:00-04:00,23640.25,23643.75,23631.5,23643.75,0,0,0,0,0,0,0,NaN,23643.75,23631.5,23643.75
2025-08-11T21:35:00-04:00,23643.25,23653.5,23642,23653.5,0,0,0,0,0,0,0,NaN,23653.5,23642,23653.5
2025-08-11T21:40:00-04:00,23651,23659,23651,23655,0,0,0,0,0,0,0,NaN,23659,23651,23655
2025-08-11T21:45:00-04:00,23655,23655.75,23651.75,23655,0,0,0,0,0,0,0,NaN,23655.75,23651.75,23655
2025-08-11T21:50:00-04:00,23654,23655.25,23649.75,23651,0,0,0,0,0,0,0,NaN,23655.25,23649.75,23651
2025-08-11T21:55:00-04:00,23652,23659.25,23651.25,23658.75,0,0,0,0,0,0,0,NaN,23659.25,23651.25,23658.75
2025-08-11T22:00:00-04:00,23659.5,23660,23652,23655,0,0,0,0,0,0,0,NaN,23660,23652,23655
2025-08-11T22:05:00-04:00,23655.75,23659,23652.25,23657.75,0,0,0,0,0,0,0,NaN,23659,23652.25,23657.75
2025-08-11T22:10:00-04:00,23658.5,23664.25,23658.5,23661,0,0,0,0,0,0,0,NaN,23664.25,23658.5,23661
2025-08-11T22:15:00-04:00,23660,23666,23659,23664.75,0,0,0,0,0,0,0,NaN,23666,23659,23664.75
2025-08-11T22:20:00-04:00,23665,23667.25,23662.5,23663.5,0,0,0,0,0,0,0,NaN,23667.25,23662.5,23663.5
2025-08-11T22:25:00-04:00,23664.5,23664.5,23654,23654,0,0,0,0,0,0,0,NaN,23664.5,23654,23654
2025-08-11T22:30:00-04:00,23654.5,23659,23654.25,23659,0,0,0,0,0,0,0,NaN,23659,23654.25,23659
2025-08-11T22:35:00-04:00,23659,23662.75,23656.25,23656.75,0,0,0,0,0,0,0,NaN,23662.75,23656.25,23656.75
2025-08-11T22:40:00-04:00,23657.25,23659,23654,23657.5,0,0,0,0,0,0,0,NaN,23659,23654,23657.5
2025-08-11T22:45:00-04:00,23657,23657.25,23651.25,23652,0,0,0,0,0,0,0,NaN,23657.25,23651.25,23652
2025-08-11T22:50:00-04:00,23652,23654,23650.25,23652,0,0,0,0,0,0,0,NaN,23654,23650.25,23652
2025-08-11T22:55:00-04:00,23652.25,23653.75,23648.25,23651.5,0,0,0,0,0,0,0,NaN,23653.75,23648.25,23651.5
2025-08-11T23:00:00-04:00,23651.25,23658.25,23651.25,23657.5,0,0,0,0,0,0,0,NaN,23658.25,23651.25,23657.5
2025-08-11T23:05:00-04:00,23658,23665,23657.5,23658.5,0,0,0,0,0,0,0,NaN,23665,23657.5,23658.5
2025-08-11T23:10:00-04:00,23657.75,23659,23652.25,23655.5,0,0,0,0,0,0,0,NaN,23659,23652.25,23655.5
2025-08-11T23:15:00-04:00,23654,23658.25,23652,23655.5,0,0,0,0,0,0,0,NaN,23658.25,23652,23655.5
2025-08-11T23:20:00-04:00,23656.75,23659.5,23656.75,23658.25,0,0,0,0,0,0,0,NaN,23659.5,23656.75,23658.25
2025-08-11T23:25:00-04:00,23658.75,23664,23658.5,23661,0,0,0,0,0,0,0,NaN,23664,23658.5,23661
2025-08-11T23:30:00-04:00,23661.5,23663,23658.5,23660.25,0,0,0,0,0,0,0,NaN,23663,23658.5,23660.25
2025-08-11T23:35:00-04:00,23660.75,23663,23659.25,23661,0,0,0,0,0,0,0,NaN,23663,23659.25,23661
2025-08-11T23:40:00-04:00,23661,23661.5,23656.5,23657,0,0,0,0,0,0,0,NaN,23661.5,23656.5,23657
2025-08-11T23:45:00-04:00,23657.75,23658.5,23653,23655.75,0,0,0,0,0,0,0,NaN,23658.5,23653,23655.75
2025-08-11T23:50:00-04:00,23655,23657.5,23653.5,23657.5,0,0,0,0,0,0,0,NaN,23657.5,23653.5,23657.5
2025-08-11T23:55:00-04:00,23657.75,23658.5,23656,23657.5,0,0,0,0,0,0,0,NaN,23658.5,23656,23657.5
2025-08-12T00:00:00-04:00,23656,23656,23652.25,23652.75,0,0,1,0,0,0,0,NaN,23656,23652.25,23652.75
2025-08-12T00:05:00-04:00,23653.25,23656,23650,23654,0,0,0,0,0,0,0,NaN,23656,23650,23654
2025-08-12T00:10:00-04:00,23654.5,23655.25,23653.25,23653.25,0,0,0,0,0,0,0,NaN,23655.25,23653.25,23653.25
2025-08-12T00:15:00-04:00,23654.75,23656.5,23652.75,23653,0,0,0,0,0,0,0,NaN,23656.5,23652.75,23653
2025-08-12T00:20:00-04:00,23653,23655.5,23651.75,23655.5,0,0,0,0,0,0,0,NaN,23655.5,23651.75,23655.5
2025-08-12T00:25:00-04:00,23656.25,23657.25,23653,23655.75,0,0,0,0,0,0,0,NaN,23657.25,23653,23655.75
2025-08-12T00:30:00-04:00,23655,23658.5,23650.25,23656.75,0,0,0,0,0,0,0,NaN,23658.5,23650.25,23656.75
2025-08-12T00:35:00-04:00,23656.5,23669.25,23656.5,23667,0,0,0,0,0,0,0,NaN,23669.25,23656.5,23667
2025-08-12T00:40:00-04:00,23666.5,23673,23664,23668.25,0,0,0,0,0,0,0,NaN,23673,23664,23668.25
2025-08-12T00:45:00-04:00,23668.5,23671,23665.5,23669.5,0,0,0,0,0,0,0,NaN,23671,23665.5,23669.5
2025-08-12T00:50:00-04:00,23670.25,23676.75,23668.5,23672.75,0,0,0,0,0,0,0,NaN,23676.75,23668.5,23672.75
2025-08-12T00:55:00-04:00,23673.5,23675.5,23670.25,23671.5,0,0,0,0,0,0,0,NaN,23675.5,23670.25,23671.5
2025-08-12T01:00:00-04:00,23672,23673.25,23601.25,23619,0,0,0,0,0,0,0,NaN,23673.25,23601.25,23619
2025-08-12T01:05:00-04:00,23618.25,23643,23615,23640,0,0,0,0,0,0,0,NaN,23643,23615,23640
2025-08-12T01:10:00-04:00,23639.75,23652.75,23636.25,23648,0,0,0,0,0,0,0,NaN,23652.75,23636.25,23648
2025-08-12T01:15:00-04:00,23648.5,23649,23638,23642,0,0,0,0,0,0,0,NaN,23649,23638,23642
2025-08-12T01:20:00-04:00,23641.5,23647.5,23636.5,23638.25,0,0,0,0,0,0,0,NaN,23647.5,23636.5,23638.25
2025-08-12T01:25:00-04:00,23638.25,23641,23631,23632.25,0,0,0,0,0,0,0,NaN,23641,23631,23632.25
2025-08-12T01:30:00-04:00,23632.25,23632.5,23611.25,23620.25,0,0,0,0,0,0,0,NaN,23632.5,23611.25,23620.25
2025-08-12T01:35:00-04:00,23620,23625.25,23600,23603.5,0,0,0,0,0,0,0,NaN,23625.25,23600,23603.5
2025-08-12T01:40:00-04:00,23604.25,23611.5,23596,23609,0,0,0,0,0,0,0,NaN,23611.5,23596,23609
2025-08-12T01:45:00-04:00,23608,23617,23605.75,23607.5,0,0,0,0,0,0,0,NaN,23617,23605.75,23607.5
2025-08-12T01:50:00-04:00,23608.25,23629.25,23608.25,23625.5,0,0,0,0,0,0,0,NaN,23629.25,23608.25,23625.5
2025-08-12T01:55:00-04:00,23625.25,23633,23624.25,23629.5,0,0,0,0,0,0,0,NaN,23633,23624.25,23629.5
2025-08-12T02:00:00-04:00,23630,23642,23627.5,23639.75,0,0,0,0,0,0,0,NaN,23642,23627.5,23639.75
2025-08-12T02:05:00-04:00,23640.5,23647.5,23633.25,23633.25,0,0,0,0,0,0,0,NaN,23647.5,23633.25,23633.25
2025-08-12T02:10:00-04:00,23634.75,23637.25,23630.75,23635.5,0,0,0,0,0,0,0,NaN,23637.25,23630.75,23635.5
2025-08-12T02:15:00-04:00,23634.25,23635.5,23628,23631.5,0,0,0,0,0,0,0,NaN,23635.5,23628,23631.5
2025-08-12T02:20:00-04:00,23630.75,23646,23628.25,23643,0,0,0,0,0,0,0,NaN,23646,23628.25,23643
2025-08-12T02:25:00-04:00,23642.75,23668.75,23642,23666.75,0,0,0,0,0,0,0,NaN,23668.75,23642,23666.75
2025-08-12T02:30:00-04:00,23667.25,23668.5,23649.25,23650,0,0,0,0,0,0,0,NaN,23668.5,23649.25,23650
2025-08-12T02:35:00-04:00,23649.75,23655,23645.25,23651.75,0,0,0,0,0,0,0,NaN,23655,23645.25,23651.75
2025-08-12T02:40:00-04:00,23652.75,23657,23646,23655.5,0,0,0,0,0,0,0,NaN,23657,23646,23655.5
2025-08-12T02:45:00-04:00,23655.75,23661,23651.5,23658.25,0,0,0,0,0,0,0,NaN,23661,23651.5,23658.25
2025-08-12T02:50:00-04:00,23657.75,23661,23654,23654,0,0,0,0,0,0,0,NaN,23661,23654,23654
2025-08-12T02:55:00-04:00,23654.75,23655,23647.75,23648.75,0,0,0,0,0,0,0,NaN,23655,23647.75,23648.75
2025-08-12T03:00:00-04:00,23648.75,23654,23644.25,23650.25,0,0,0,0,0,0,0,NaN,23654,23644.25,23650.25
2025-08-12T03:05:00-04:00,23649.5,23675.5,23648.75,23669.75,0,0,0,0,0,0,0,NaN,23675.5,23648.75,23669.75
2025-08-12T03:10:00-04:00,23670.25,23674.25,23664.5,23667,0,0,0,0,0,0,0,NaN,23674.25,23664.5,23667
2025-08-12T03:15:00-04:00,23667,23667,23658.25,23658.25,0,0,0,0,0,0,0,NaN,23667,23658.25,23658.25
2025-08-12T03:20:00-04:00,23658.5,23664.5,23647.5,23660.75,0,0,0,0,0,0,0,NaN,23664.5,23647.5,23660.75
2025-08-12T03:25:00-04:00,23660.5,23674,23656.25,23663.75,0,0,0,0,0,0,0,NaN,23674,23656.25,23663.75
2025-08-12T03:30:00-04:00,23664.5,23666.75,23639.5,23642,0,0,0,0,0,0,0,NaN,23666.75,23639.5,23642
2025-08-12T03:35:00-04:00,23641.5,23647.25,23638.5,23642.25,0,0,0,0,0,0,0,NaN,23647.25,23638.5,23642.25
2025-08-12T03:40:00-04:00,23642.25,23652.5,23639.5,23650.5,0,0,0,0,0,0,0,NaN,23652.5,23639.5,23650.5
2025-08-12T03:45:00-04:00,23650.5,23659.5,23650.25,23659.5,0,0,0,0,0,0,0,NaN,23659.5,23650.25,23659.5
2025-08-12T03:50:00-04:00,23660,23669.25,23660,23669.25,0,0,0,0,0,0,0,NaN,23669.25,23660,23669.25
2025-08-12T03:55:00-04:00,23669.25,23670.25,23663.75,23666,0,0,0,0,0,0,0,NaN,23670.25,23663.75,23666
2025-08-12T04:00:00-04:00,23665.75,23672.5,23659.75,23668.75,0,0,0,0,0,0,0,NaN,23672.5,23659.75,23668.75
2025-08-12T04:05:00-04:00,23668,23670.5,23659.25,23660,0,0,0,0,0,0,0,NaN,23670.5,23659.25,23660
2025-08-12T04:10:00-04:00,23660,23661.75,23651.5,23651.5,0,0,0,0,0,0,0,NaN,23661.75,23651.5,23651.5
2025-08-12T04:15:00-04:00,23651.5,23660.75,23650,23657.5,0,0,0,0,0,0,0,NaN,23660.75,23650,23657.5
2025-08-12T04:20:00-04:00,23658,23661,23652.25,23656.5,0,0,0,0,0,0,0,NaN,23661,23652.25,23656.5
2025-08-12T04:25:00-04:00,23656.25,23656.25,23647.75,23650.5,0,0,0,0,0,0,0,NaN,23656.25,23647.75,23650.5
2025-08-12T04:30:00-04:00,23651.25,23656.75,23648.25,23649.75,0,0,0,0,0,0,0,NaN,23656.75,23648.25,23649.75
2025-08-12T04:35:00-04:00,23650.25,23651.5,23642.75,23646.75,0,0,0,0,0,0,0,NaN,23651.5,23642.75,23646.75
2025-08-12T04:40:00-04:00,23646,23648.5,23640,23644,0,0,0,0,0,0,0,NaN,23648.5,23640,23644
2025-08-12T04:45:00-04:00,23644,23646,23636,23640.5,0,0,0,0,0,0,0,NaN,23646,23636,23640.5
2025-08-12T04:50:00-04:00,23639.5,23641.75,23637.25,23637.25,0,0,0,0,0,0,0,NaN,23641.75,23637.25,23637.25
2025-08-12T04:55:00-04:00,23637,23642.75,23634.75,23641.25,0,0,0,0,0,0,0,NaN,23642.75,23634.75,23641.25
2025-08-12T05:00:00-04:00,23641.25,23645,23639,23643.75,0,0,0,0,0,0,0,NaN,23645,23639,23643.75
2025-08-12T05:05:00-04:00,23643.75,23645.5,23641.75,23644.75,0,0,0,0,0,0,0,NaN,23645.5,23641.75,23644.75
2025-08-12T05:10:00-04:00,23644.5,23646,23638.75,23642.5,0,0,0,0,0,0,0,NaN,23646,23638.75,23642.5
2025-08-12T05:15:00-04:00,23641.75,23646.25,23640.75,23645.25,0,0,0,0,0,0,0,NaN,23646.25,23640.75,23645.25
2025-08-12T05:20:00-04:00,23644.75,23649.75,23636,23637,0,0,0,0,0,0,0,NaN,23649.75,23636,23637
2025-08-12T05:25:00-04:00,23637.25,23645.25,23636.25,23645.25,0,0,0,0,0,0,0,NaN,23645.25,23636.25,23645.25
2025-08-12T05:30:00-04:00,23645.5,23646.25,23638.5,23640.25,0,0,0,0,0,0,0,NaN,23646.25,23638.5,23640.25
2025-08-12T05:35:00-04:00,23640.75,23648.25,23640.75,23645.25,0,0,0,0,0,0,0,NaN,23648.25,23640.75,23645.25
2025-08-12T05:40:00-04:00,23646.25,23646.25,23638,23641.5,0,0,0,0,0,0,0,NaN,23646.25,23638,23641.5
2025-08-12T05:45:00-04:00,23640,23649.25,23639.75,23646.25,0,0,0,0,0,0,0,NaN,23649.25,23639.75,23646.25
2025-08-12T05:50:00-04:00,23646,23652.5,23643.5,23644.25,0,0,0,0,0,0,0,NaN,23652.5,23643.5,23644.25
2025-08-12T05:55:00-04:00,23644,23644,23634,23636,0,0,0,0,0,0,0,NaN,23644,23634,23636
2025-08-12T06:00:00-04:00,23636,23637.75,23629,23632.25,0,0,0,0,0,0,0,NaN,23637.75,23629,23632.25
2025-08-12T06:05:00-04:00,23632.5,23634.25,23626,23628.25,0,0,0,0,0,0,0,NaN,23634.25,23626,23628.25
2025-08-12T06:10:00-04:00,23628.75,23645,23628,23644.25,0,0,0,0,0,0,0,NaN,23645,23628,23644.25
2025-08-12T06:15:00-04:00,23644.75,23645.25,23637.5,23641.75,0,0,0,0,0,0,0,NaN,23645.25,23637.5,23641.75
2025-08-12T06:20:00-04:00,23641,23644.5,23639.75,23643.5,0,0,0,0,0,0,0,NaN,23644.5,23639.75,23643.5
2025-08-12T06:25:00-04:00,23643.25,23645.25,23632.75,23634.5,0,0,0,0,0,0,0,NaN,23645.25,23632.75,23634.5
2025-08-12T06:30:00-04:00,23634.5,23642,23634.5,23637.5,0,0,0,0,0,0,0,NaN,23642,23634.5,23637.5
2025-08-12T06:35:00-04:00,23637,23637.75,23629.75,23631.75,0,0,0,0,0,0,0,NaN,23637.75,23629.75,23631.75
2025-08-12T06:40:00-04:00,23633.25,23641,23632.5,23636.5,0,0,0,0,0,0,0,NaN,23641,23632.5,23636.5
2025-08-12T06:45:00-04:00,23637.25,23638.25,23631.5,23635.75,0,0,0,0,0,0,0,NaN,23638.25,23631.5,23635.75
2025-08-12T06:50:00-04:00,23636.5,23639.5,23633.5,23633.5,0,0,0,0,0,0,0,NaN,23639.5,23633.5,23633.5
2025-08-12T06:55:00-04:00,23633.5,23638,23631.5,23635.25,0,0,0,0,0,0,0,NaN,23638,23631.5,23635.25
2025-08-12T07:00:00-04:00,23635.5,23636.25,23627.5,23631.5,0,0,0,0,0,0,0,NaN,23636.25,23627.5,23631.5
2025-08-12T07:05:00-04:00,23630.25,23631.25,23619.75,23620.25,0,0,0,0,0,0,0,NaN,23631.25,23619.75,23620.25
2025-08-12T07:10:00-04:00,23620.5,23620.75,23608.5,23611.5,0,0,0,0,0,0,0,NaN,23620.75,23608.5,23611.5
2025-08-12T07:15:00-04:00,23610.5,23628,23609,23627.5,0,0,0,0,0,0,0,NaN,23628,23609,23627.5
2025-08-12T07:20:00-04:00,23628,23631.5,23622.75,23623.75,0,0,0,0,0,0,0,NaN,23631.5,23622.75,23623.75
2025-08-12T07:25:00-04:00,23625.25,23625.5,23618.5,23624,0,0,0,0,0,0,0,NaN,23625.5,23618.5,23624
2025-08-12T07:30:00-04:00,23624,23635.5,23621.5,23631.5,0,0,0,0,0,0,0,NaN,23635.5,23621.5,23631.5
2025-08-12T07:35:00-04:00,23631,23637.5,23629.5,23630.75,0,0,0,0,0,0,0,NaN,23637.5,23629.5,23630.75
2025-08-12T07:40:00-04:00,23630,23632.25,23623,23623,0,0,0,0,0,0,0,NaN,23632.25,23623,23623
2025-08-12T07:45:00-04:00,23623.75,23626.25,23615.75,23616.25,0,0,0,0,0,0,0,NaN,23626.25,23615.75,23616.25
2025-08-12T07:50:00-04:00,23616,23632,23610.5,23630.25,0,0,0,0,0,0,0,NaN,23632,23610.5,23630.25
2025-08-12T07:55:00-04:00,23630,23642.25,23630,23640.5,0,0,0,0,0,0,0,NaN,23642.25,23630,23640.5
2025-08-12T08:00:00-04:00,23641,23650.5,23639.5,23647.25,0,0,0,0,0,0,0,NaN,23650.5,23639.5,23647.25
2025-08-12T08:05:00-04:00,23648,23650,23638.75,23643,0,0,0,0,0,0,0,NaN,23650,23638.75,23643
2025-08-12T08:10:00-04:00,23642.75,23658.25,23640.5,23655.75,0,0,0,0,0,0,0,NaN,23658.25,23640.5,23655.75
2025-08-12T08:15:00-04:00,23654.25,23654.75,23647.75,23650.75,0,0,0,0,0,0,0,NaN,23654.75,23647.75,23650.75
2025-08-12T08:20:00-04:00,23651.75,23661.5,23639.25,23660.75,0,0,0,0,0,0,0,NaN,23661.5,23639.25,23660.75
2025-08-12T08:25:00-04:00,23660.5,23679,23656,23668.75,0,0,0,0,0,0,0,NaN,23679,23656,23668.75
2025-08-12T08:30:00-04:00,23662.75,23764,23662.5,23758.25,0,0,0,0,0,0,0,NaN,23764,23662.5,23758.25
2025-08-12T08:35:00-04:00,23758,23805.75,23756,23793,0,0,0,0,0,0,0,NaN,23805.75,23756,23793
2025-08-12T08:40:00-04:00,23792.5,23822.25,23779.25,23786,0,0,0,0,0,0,0,NaN,23822.25,23779.25,23786
2025-08-12T08:45:00-04:00,23786.25,23803.5,23777.75,23798.25,0,0,0,0,0,0,0,NaN,23803.5,23777.75,23798.25
2025-08-12T08:50:00-04:00,23798.5,23799.25,23784.75,23794.75,0,0,0,0,0,0,0,NaN,23799.25,23784.75,23794.75
2025-08-12T08:55:00-04:00,23795.25,23800.25,23767.5,23773.25,0,0,0,0,0,0,0,NaN,23800.25,23767.5,23773.25
2025-08-12T09:00:00-04:00,23772.5,23784,23741.5,23745.25,0,0,0,0,0,0,0,NaN,23784,23741.5,23745.25
2025-08-12T09:05:00-04:00,23745.5,23749.25,23726.5,23736.5,0,0,0,0,0,0,0,NaN,23749.25,23726.5,23736.5
2025-08-12T09:10:00-04:00,23736.75,23747.25,23731,23738.75,0,0,0,0,0,0,0,NaN,23747.25,23731,23738.75
2025-08-12T09:15:00-04:00,23737.75,23743,23727.75,23739,0,0,0,0,0,0,0,NaN,23743,23727.75,23739
2025-08-12T09:20:00-04:00,23738.5,23738.75,23722.75,23725.5,0,0,0,0,0,0,0,NaN,23738.75,23722.75,23725.5
2025-08-12T09:25:00-04:00,23726,23741.25,23726,23732.75,0,0,0,0,0,0,0,NaN,23741.25,23726,23732.75
2025-08-12T09:30:00-04:00,23733,23782,23710.25,23780.5,0,0,0,0,0,0,0,NaN,23782,23710.25,23780.5
2025-08-12T09:35:00-04:00,23780.25,23798,23755.25,23794,0,0,0,0,0,0,0,NaN,23798,23755.25,23794
2025-08-12T09:40:00-04:00,23794.25,23808.25,23724.25,23737,0,0,0,0,0,0,0,NaN,23808.25,23724.25,23737
2025-08-12T09:45:00-04:00,23737.5,23763.25,23682.5,23700,0,0,0,0,0,0,0,NaN,23763.25,23682.5,23700
2025-08-12T09:50:00-04:00,23699.25,23713.5,23666.25,23712.25,0,0,0,0,0,0,0,NaN,23713.5,23666.25,23712.25
2025-08-12T09:55:00-04:00,23712,23725,23649.25,23653,0,0,0,0,0,0,0,NaN,23725,23649.25,23653
2025-08-12T10:00:00-04:00,23653.75,23666.5,23622,23662.75,0,0,0,0,0,0,0,NaN,23666.5,23622,23662.75
2025-08-12T10:05:00-04:00,23663.5,23717.25,23658.25,23692.5,0,0,0,0,0,0,0,NaN,23717.25,23658.25,23692.5
2025-08-12T10:10:00-04:00,23692.5,23724.5,23670.25,23721.5,0,0,0,0,0,0,0,NaN,23724.5,23670.25,23721.5
2025-08-12T10:15:00-04:00,23721.75,23745.75,23714.5,23735.5,0,0,0,0,0,0,0,NaN,23745.75,23714.5,23735.5
2025-08-12T10:20:00-04:00,23734.5,23761.25,23727.25,23743.75,0,0,0,0,0,0,0,NaN,23761.25,23727.25,23743.75
2025-08-12T10:25:00-04:00,23744,23761.75,23739,23752.75,0,0,0,0,0,0,0,NaN,23761.75,23739,23752.75
2025-08-12T10:30:00-04:00,23752.75,23764.25,23743,23747,0,0,0,0,0,0,0,NaN,23764.25,23743,23747
2025-08-12T10:35:00-04:00,23746.75,23767,23744.25,23763,0,0,0,0,0,0,0,NaN,23767,23744.25,23763
2025-08-12T10:40:00-04:00,23763.25,23766,23744.25,23756,0,0,0,0,0,0,0,NaN,23766,23744.25,23756
2025-08-12T10:45:00-04:00,23755.75,23761.75,23732.5,23758.75,0,0,0,0,0,0,0,NaN,23761.75,23732.5,23758.75
2025-08-12T10:50:00-04:00,23759.5,23781.75,23753.5,23764,0,0,0,0,0,0,0,NaN,23781.75,23753.5,23764
2025-08-12T10:55:00-04:00,23763.75,23777.25,23744,23776.75,0,0,0,0,0,0,0,NaN,23777.25,23744,23776.75
2025-08-12T11:00:00-04:00,23776.75,23795,23773,23791.25,0,0,0,0,0,0,0,NaN,23795,23773,23791.25
2025-08-12T11:05:00-04:00,23790.5,23815,23790.25,23810,0,0,0,0,0,0,0,NaN,23815,23790.25,23810
2025-08-12T11:10:00-04:00,23810.25,23835,23810,23825,0,0,0,0,0,0,0,NaN,23835,23810,23825
2025-08-12T11:15:00-04:00,23825,23861.25,23825,23848.25,0,0,0,0,0,0,0,NaN,23861.25,23825,23848.25
2025-08-12T11:20:00-04:00,23848,23858.25,23843,23850.75,0,0,0,0,0,0,0,NaN,23858.25,23843,23850.75
2025-08-12T11:25:00-04:00,23850.75,23857,23826,23833.5,0,0,0,0,0,0,0,NaN,23857,23826,23833.5
2025-08-12T11:30:00-04:00,23833.25,23849.5,23821.25,23847.5,0,0,0,0,0,0,0,NaN,23849.5,23821.25,23847.5
2025-08-12T11:35:00-04:00,23847,23856,23839.5,23855.5,0,0,0,0,0,0,0,NaN,23856,23839.5,23855.5
2025-08-12T11:40:00-04:00,23855.5,23859.5,23848.75,23854.5,0,0,0,0,0,0,0,NaN,23859.5,23848.75,23854.5
2025-08-12T11:45:00-04:00,23854,23859.5,23844.25,23846,0,0,0,0,0,0,0,NaN,23859.5,23844.25,23846
2025-08-12T11:50:00-04:00,23846.5,23856,23842.75,23854.75,0,0,0,0,0,0,0,NaN,23856,23842.75,23854.75
2025-08-12T11:55:00-04:00,23855,23871,23853.5,23868,0,0,0,0,0,0,0,NaN,23871,23853.5,23868
2025-08-12T12:00:00-04:00,23867.5,23868.25,23846.75,23853.5,0,0,0,0,0,0,0,NaN,23868.25,23846.75,23853.5
2025-08-12T12:05:00-04:00,23853,23859.25,23847,23849.75,0,0,0,0,0,0,0,NaN,23859.25,23847,23849.75
2025-08-12T12:10:00-04:00,23850.25,23859.25,23846.25,23857.25,0,0,0,0,0,0,0,NaN,23859.25,23846.25,23857.25
2025-08-12T12:15:00-04:00,23856.75,23869.5,23855.25,23864.25,0,0,0,0,0,0,0,NaN,23869.5,23855.25,23864.25
2025-08-12T12:20:00-04:00,23864.5,23877.5,23863.25,23876.5,0,0,0,0,0,0,0,NaN,23877.5,23863.25,23876.5
2025-08-12T12:25:00-04:00,23876.5,23883.25,23873.75,23878.75,0,0,0,0,0,0,0,NaN,23883.25,23873.75,23878.75
2025-08-12T12:30:00-04:00,23879.25,23884.25,23874.5,23882.5,0,0,0,0,0,0,0,NaN,23884.25,23874.5,23882.5
2025-08-12T12:35:00-04:00,23882.5,23888,23879,23880.5,0,0,0,0,0,0,0,NaN,23888,23879,23880.5
2025-08-12T12:40:00-04:00,23880,23884.25,23877.5,23879.25,0,0,0,0,0,0,0,NaN,23884.25,23877.5,23879.25
2025-08-12T12:45:00-04:00,23879.5,23900,23878.5,23895.5,0,0,0,0,0,0,0,NaN,23900,23878.5,23895.5
2025-08-12T12:50:00-04:00,23895.5,23904.75,23892.75,23902.25,0,0,0,0,0,0,0,NaN,23904.75,23892.75,23902.25
2025-08-12T12:55:00-04:00,23902.25,23910.75,23899,23899.75,0,0,0,0,0,0,0,NaN,23910.75,23899,23899.75
2025-08-12T13:00:00-04:00,23900.25,23905.5,23892.75,23900.25,0,0,0,0,0,0,0,NaN,23905.5,23892.75,23900.25
2025-08-12T13:05:00-04:00,23900,23905.5,23893.75,23894,0,0,0,0,0,0,0,NaN,23905.5,23893.75,23894
2025-08-12T13:10:00-04:00,23893.75,23903.75,23891,23899,0,0,0,0,0,0,0,NaN,23903.75,23891,23899
2025-08-12T13:15:00-04:00,23898.25,23906,23897.75,23899.25,0,0,0,0,0,0,0,NaN,23906,23897.75,23899.25
2025-08-12T13:20:00-04:00,23899.25,23906,23894.25,23898.25,0,0,0,0,0,0,0,NaN,23906,23894.25,23898.25
2025-08-12T13:25:00-04:00,23898,23901.75,23886.25,23888,0,0,0,0,0,0,0,NaN,23901.75,23886.25,23888
2025-08-12T13:30:00-04:00,23888,23908.25,23885.5,23906.5,0,0,0,0,0,0,0,NaN,23908.25,23885.5,23906.5
2025-08-12T13:35:00-04:00,23906,23908,23897.5,23902,0,0,0,0,0,0,0,NaN,23908,23897.5,23902
2025-08-12T13:40:00-04:00,23902.25,23908.25,23897,23901.5,0,0,0,0,0,0,0,NaN,23908.25,23897,23901.5
2025-08-12T13:45:00-04:00,23902,23915,23901.5,23912.25,0,0,0,0,0,0,0,NaN,23915,23901.5,23912.25
2025-08-12T13:50:00-04:00,23912.75,23914.5,23909.25,23912.75,0,0,0,0,0,0,0,NaN,23914.5,23909.25,23912.75
2025-08-12T13:55:00-04:00,23912.75,23916,23908.75,23914.5,0,0,0,0,0,0,0,NaN,23916,23908.75,23914.5
2025-08-12T14:00:00-04:00,23914.25,23921.75,23911.25,23913.5,0,0,0,0,0,0,0,NaN,23921.75,23911.25,23913.5
2025-08-12T14:05:00-04:00,23913.25,23918.5,23909.75,23915.75,0,0,0,0,0,0,0,NaN,23918.5,23909.75,23915.75
2025-08-12T14:10:00-04:00,23915.75,23919.5,23908,23918,0,0,0,0,0,0,0,NaN,23919.5,23908,23918
2025-08-12T14:15:00-04:00,23918.25,23927.75,23913.75,23924.5,0,0,0,0,0,0,0,NaN,23927.75,23913.75,23924.5
2025-08-12T14:20:00-04:00,23925,23932.75,23914.5,23920.75,0,0,0,0,0,0,0,NaN,23932.75,23914.5,23920.75
2025-08-12T14:25:00-04:00,23920.25,23922.5,23915,23919.75,0,0,0,0,0,0,0,NaN,23922.5,23915,23919.75
2025-08-12T14:30:00-04:00,23920,23922.5,23909.5,23914.75,0,0,0,0,0,0,0,NaN,23922.5,23909.5,23914.75
2025-08-12T14:35:00-04:00,23915,23921.5,23910.75,23911,0,0,0,0,0,0,0,NaN,23921.5,23910.75,23911
2025-08-12T14:40:00-04:00,23910.75,23914.25,23906.75,23912.5,0,0,0,0,0,0,0,NaN,23914.25,23906.75,23912.5
2025-08-12T14:45:00-04:00,23912,23917,23905.75,23911.25,0,0,0,0,0,0,0,NaN,23917,23905.75,23911.25
2025-08-12T14:50:00-04:00,23911,23914.75,23907.75,23912.25,0,0,0,0,0,0,0,NaN,23914.75,23907.75,23912.25
2025-08-12T14:55:00-04:00,23911.5,23916.75,23905.5,23907,0,0,0,0,0,0,0,NaN,23916.75,23905.5,23907
2025-08-12T15:00:00-04:00,23907,23912.75,23905.25,23907.25,0,0,0,0,0,0,0,NaN,23912.75,23905.25,23907.25
2025-08-12T15:05:00-04:00,23907.5,23917.5,23907,23911.5,0,0,0,0,0,0,0,NaN,23917.5,23907,23911.5
2025-08-12T15:10:00-04:00,23911.5,23911.75,23902.25,23906,0,0,0,0,0,0,0,NaN,23911.75,23902.25,23906
2025-08-12T15:15:00-04:00,23906.5,23917.75,23905.25,23915.75,0,0,0,0,0,0,0,NaN,23917.75,23905.25,23915.75
2025-08-12T15:20:00-04:00,23916.5,23921,23912.5,23920.25,0,0,0,0,0,0,0,NaN,23921,23912.5,23920.25
2025-08-12T15:25:00-04:00,23920,23925.5,23915.75,23923.25,0,0,0,0,0,0,0,NaN,23925.5,23915.75,23923.25
2025-08-12T15:30:00-04:00,23923.5,23930.75,23922.25,23929.25,0,0,0,0,0,0,0,NaN,23930.75,23922.25,23929.25
2025-08-12T15:35:00-04:00,23929,23943.75,23925.5,23936.75,0,0,0,0,0,0,0,NaN,23943.75,23925.5,23936.75
2025-08-12T15:40:00-04:00,23936.75,23936.75,23917,23921,0,0,0,0,0,0,0,NaN,23936.75,23917,23921
2025-08-12T15:45:00-04:00,23920.5,23928.5,23917.75,23927.75,0,0,0,0,0,0,0,NaN,23928.5,23917.75,23927.75
2025-08-12T15:50:00-04:00,23928.25,23950,23910.75,23940.25,0,0,0,0,0,0,0,NaN,23950,23910.75,23940.25
2025-08-12T15:55:00-04:00,23940.25,23946,23933.5,23934.5,0,0,0,0,0,0,0,NaN,23946,23933.5,23934.5
2025-08-12T16:00:00-04:00,23934,23940.25,23926,23926.5,0,0,0,0,0,0,0,NaN,23940.25,23926,23926.5
2025-08-12T16:05:00-04:00,23926,23936,23924.25,23934.5,0,0,0,0,0,0,0,NaN,23936,23924.25,23934.5
2025-08-12T16:10:00-04:00,23934.25,23935,23928.5,23931.75,0,0,0,0,0,0,0,NaN,23935,23928.5,23931.75
2025-08-12T16:15:00-04:00,23931.75,23935.5,23931.25,23933.75,0,0,0,0,0,0,0,NaN,23935.5,23931.25,23933.75
2025-08-12T16:20:00-04:00,23933.5,23938,23932.25,23936,0,0,0,0,0,0,0,NaN,23938,23932.25,23936
2025-08-12T16:25:00-04:00,23935.5,23938.5,23935.25,23937.75,0,0,0,0,0,0,0,NaN,23938.5,23935.25,23937.75
2025-08-12T16:30:00-04:00,23937.5,23939.5,23936,23939.25,0,0,0,0,0,0,0,NaN,23939.5,23936,23939.25
2025-08-12T16:35:00-04:00,23939.25,23940,23934.75,23935.5,0,0,0,0,0,0,0,NaN,23940,23934.75,23935.5
2025-08-12T16:40:00-04:00,23935.5,23936,23934,23934.75,0,0,0,0,0,0,0,NaN,23936,23934,23934.75
2025-08-12T16:45:00-04:00,23934.75,23939.75,23934.25,23937.75,0,0,0,0,0,0,0,NaN,23939.75,23934.25,23937.75
2025-08-12T16:50:00-04:00,23937.5,23942.25,23937,23941.75,0,0,0,0,0,0,0,NaN,23942.25,23937,23941.75
2025-08-12T16:55:00-04:00,23941.75,23953.5,23940.75,23949.5,0,0,0,0,0,0,0,NaN,23953.5,23940.75,23949.5
2025-08-12T18:00:00-04:00,23945,23945,23930,23935.75,0,0,0,0,0,0,0,NaN,23945,23930,23935.75
2025-08-12T18:05:00-04:00,23936.5,23937.5,23928,23929.5,0,0,0,0,0,0,0,NaN,23937.5,23928,23929.5
2025-08-12T18:10:00-04:00,23929.75,23936.5,23929,23932.5,0,0,0,0,0,0,0,NaN,23936.5,23929,23932.5
2025-08-12T18:15:00-04:00,23933.25,23935.25,23925.5,23928.75,0,0,0,0,0,0,0,NaN,23935.25,23925.5,23928.75
2025-08-12T18:20:00-04:00,23928.75,23932,23926.25,23931.75,0,0,0,0,0,0,0,NaN,23932,23926.25,23931.75
2025-08-12T18:25:00-04:00,23931,23933,23927.75,23930.25,0,0,0,0,0,0,0,NaN,23933,23927.75,23930.25
2025-08-12T18:30:00-04:00,23930.5,23931,23926.75,23927.25,0,0,0,0,0,0,0,NaN,23931,23926.75,23927.25
2025-08-12T18:35:00-04:00,23927.5,23929,23927,23928.25,0,0,0,0,0,0,0,NaN,23929,23927,23928.25
2025-08-12T18:40:00-04:00,23928.25,23931,23927.25,23930.25,0,0,0,0,0,0,0,NaN,23931,23927.25,23930.25
2025-08-12T18:45:00-04:00,23930.25,23931,23926.5,23927,0,0,0,0,0,0,0,NaN,23931,23926.5,23927
2025-08-12T18:50:00-04:00,23927.75,23930,23927.25,23928.5,0,0,0,0,0,0,0,NaN,23930,23927.25,23928.5
2025-08-12T18:55:00-04:00,23928.75,23931,23928.5,23930,0,0,0,0,0,0,0,NaN,23931,23928.5,23930
2025-08-12T19:00:00-04:00,23930,23936.5,23927.5,23933.5,0,0,0,0,0,0,0,NaN,23936.5,23927.5,23933.5
2025-08-12T19:05:00-04:00,23933.25,23942,23933,23940,0,0,0,0,0,0,0,NaN,23942,23933,23940
2025-08-12T19:10:00-04:00,23940,23942.25,23939.25,23940.5,0,0,0,0,0,0,0,NaN,23942.25,23939.25,23940.5
2025-08-12T19:15:00-04:00,23941,23942.25,23933.5,23935,0,0,0,0,0,0,0,NaN,23942.25,23933.5,23935
2025-08-12T19:20:00-04:00,23935,23941,23935,23938.25,0,0,0,0,0,0,0,NaN,23941,23935,23938.25
2025-08-12T19:25:00-04:00,23938,23943.25,23938,23941.25,0,0,0,0,0,0,0,NaN,23943.25,23938,23941.25
2025-08-12T19:30:00-04:00,23941.75,23941.75,23934.25,23937,0,0,0,0,0,0,0,NaN,23941.75,23934.25,23937
2025-08-12T19:35:00-04:00,23937.5,23939.5,23936.5,23938.5,0,0,0,0,0,0,0,NaN,23939.5,23936.5,23938.5
2025-08-12T19:40:00-04:00,23938,23947,23937.25,23945.75,0,0,0,0,0,0,0,NaN,23947,23937.25,23945.75
2025-08-12T19:45:00-04:00,23945.25,23970,23940.75,23955.75,0,0,0,0,0,0,0,NaN,23970,23940.75,23955.75
2025-08-12T19:50:00-04:00,23955.5,23964.5,23937.75,23957.75,0,0,0,0,0,0,0,NaN,23964.5,23937.75,23957.75
2025-08-12T19:55:00-04:00,23958.5,23962.75,23952,23960.25,0,0,0,0,0,0,0,NaN,23962.75,23952,23960.25
2025-08-12T20:00:00-04:00,23959.5,23962,23950.25,23950.25,0,0,0,0,0,0,0,NaN,23962,23950.25,23950.25
2025-08-12T20:05:00-04:00,23950.25,23967.25,23942,23959.25,0,0,0,0,0,0,0,NaN,23967.25,23942,23959.25
2025-08-12T20:10:00-04:00,23960,23960,23951.25,23952.5,0,0,0,0,0,0,0,NaN,23960,23951.25,23952.5
2025-08-12T20:15:00-04:00,23952,23958.5,23947.25,23950.5,0,0,0,0,0,0,0,NaN,23958.5,23947.25,23950.5
2025-08-12T20:20:00-04:00,23950.25,23951.75,23946.75,23949,0,0,0,0,0,0,0,NaN,23951.75,23946.75,23949
2025-08-12T20:25:00-04:00,23949.25,23949.25,23945,23946.25,0,0,0,0,0,0,0,NaN,23949.25,23945,23946.25
2025-08-12T20:30:00-04:00,23946,23948.25,23940,23942,0,0,0,0,0,0,0,NaN,23948.25,23940,23942
2025-08-12T20:35:00-04:00,23940,23944.25,23937,23942.25,0,0,0,0,0,0,0,NaN,23944.25,23937,23942.25
2025-08-12T20:40:00-04:00,23942.25,23942.75,23937.25,23938,0,0,0,0,0,0,0,NaN,23942.75,23937.25,23938
2025-08-12T20:45:00-04:00,23937.5,23961,23936.75,23948.5,0,0,0,0,0,0,0,NaN,23961,23936.75,23948.5
2025-08-12T20:50:00-04:00,23948.75,23955,23945,23945,0,0,0,0,0,0,0,NaN,23955,23945,23945
2025-08-12T20:55:00-04:00,23947,23947,23941,23941.75,0,0,0,0,0,0,0,NaN,23947,23941,23941.75
2025-08-12T21:00:00-04:00,23941.25,23946.5,23939.25,23945.75,0,0,0,0,0,0,0,NaN,23946.5,23939.25,23945.75
2025-08-12T21:05:00-04:00,23946,23948,23943,23945.75,0,0,0,0,0,0,0,NaN,23948,23943,23945.75
2025-08-12T21:10:00-04:00,23946.25,23947,23938.75,23938.75,0,0,0,0,0,0,0,NaN,23947,23938.75,23938.75
2025-08-12T21:15:00-04:00,23939.5,23942.5,23937,23938.25,0,0,0,0,0,0,0,NaN,23942.5,23937,23938.25
2025-08-12T21:20:00-04:00,23937.75,23941,23936.25,23937.5,0,0,0,0,0,0,0,NaN,23941,23936.25,23937.5
2025-08-12T21:25:00-04:00,23937.75,23938,23933,23935.5,0,0,0,0,0,0,0,NaN,23938,23933,23935.5
2025-08-12T21:30:00-04:00,23935.25,23937.5,23930,23934,0,0,0,0,0,0,0,NaN,23937.5,23930,23934
2025-08-12T21:35:00-04:00,23934.75,23936,23930,23931.5,0,0,0,0,0,0,0,NaN,23936,23930,23931.5
2025-08-12T21:40:00-04:00,23930.25,23933,23928.5,23930,0,0,0,0,0,0,0,NaN,23933,23928.5,23930
2025-08-12T21:45:00-04:00,23931.25,23932.25,23925.25,23927.25,0,0,0,0,0,0,0,NaN,23932.25,23925.25,23927.25
2025-08-12T21:50:00-04:00,23927.5,23934,23927,23932.5,0,0,0,0,0,0,0,NaN,23934,23927,23932.5
2025-08-12T21:55:00-04:00,23933,23933.5,23927.5,23928.5,0,0,0,0,0,0,0,NaN,23933.5,23927.5,23928.5
2025-08-12T22:00:00-04:00,23928.5,23929.75,23923,23926.25,0,0,0,0,0,0,0,NaN,23929.75,23923,23926.25
2025-08-12T22:05:00-04:00,23926.75,23926.75,23921.75,23925.25,0,0,0,0,0,0,0,NaN,23926.75,23921.75,23925.25
2025-08-12T22:10:00-04:00,23925.75,23928.75,23925.5,23928.75,0,0,0,0,0,0,0,NaN,23928.75,23925.5,23928.75
2025-08-12T22:15:00-04:00,23929,23935.75,23929,23934.5,0,0,0,0,0,0,0,NaN,23935.75,23929,23934.5
2025-08-12T22:20:00-04:00,23934.5,23945.5,23934,23944,0,0,0,0,0,0,0,NaN,23945.5,23934,23944
2025-08-12T22:25:00-04:00,23945,23946.75,23939,23946.75,0,0,0,0,0,0,0,NaN,23946.75,23939,23946.75
2025-08-12T22:30:00-04:00,23946.5,23949,23940.25,23947.75,0,0,0,0,0,0,0,NaN,23949,23940.25,23947.75
2025-08-12T22:35:00-04:00,23947.25,23951.5,23947.25,23949.5,0,0,0,0,0,0,0,NaN,23951.5,23947.25,23949.5
2025-08-12T22:40:00-04:00,23949.5,23951.5,23943.5,23943.5,0,0,0,0,0,0,0,NaN,23951.5,23943.5,23943.5
2025-08-12T22:45:00-04:00,23943.75,23946.25,23942,23945.25,0,0,0,0,0,0,0,NaN,23946.25,23942,23945.25
2025-08-12T22:50:00-04:00,23944.5,23948,23944.25,23946.25,0,0,0,0,0,0,0,NaN,23948,23944.25,23946.25
2025-08-12T22:55:00-04:00,23946.5,23947.5,23944,23945.5,0,0,0,0,0,0,0,NaN,23947.5,23944,23945.5
2025-08-12T23:00:00-04:00,23945.5,23949.25,23945.25,23947.75,0,0,0,0,0,0,0,NaN,23949.25,23945.25,23947.75
2025-08-12T23:05:00-04:00,23948,23948,23942.25,23947.5,0,0,0,0,0,0,0,NaN,23948,23942.25,23947.5
2025-08-12T23:10:00-04:00,23946.5,23949.25,23945.25,23948,0,0,0,0,0,0,0,NaN,23949.25,23945.25,23948
2025-08-12T23:15:00-04:00,23948.25,23954,23947.75,23950.75,0,0,0,0,0,0,0,NaN,23954,23947.75,23950.75
2025-08-12T23:20:00-04:00,23951,23958.75,23948.75,23952.25,0,0,0,0,0,0,0,NaN,23958.75,23948.75,23952.25
2025-08-12T23:25:00-04:00,23952.5,23952.75,23942.25,23942.75,0,0,0,0,0,0,0,NaN,23952.75,23942.25,23942.75
2025-08-12T23:30:00-04:00,23942.5,23947.25,23940.75,23942.75,0,0,0,0,0,0,0,NaN,23947.25,23940.75,23942.75
2025-08-12T23:35:00-04:00,23943.5,23945.25,23940.75,23943.25,0,0,0,0,0,0,0,NaN,23945.25,23940.75,23943.25
2025-08-12T23:40:00-04:00,23942.75,23946.25,23942.5,23946,0,0,0,0,0,0,0,NaN,23946.25,23942.5,23946
2025-08-12T23:45:00-04:00,23945.5,23946.25,23943.5,23946,0,0,0,0,0,0,0,NaN,23946.25,23943.5,23946
2025-08-12T23:50:00-04:00,23944.5,23948,23942,23943.75,0,0,0,0,0,0,0,NaN,23948,23942,23943.75
2025-08-12T23:55:00-04:00,23943.5,23944.25,23941.75,23942.5,0,0,0,0,0,0,0,NaN,23944.25,23941.75,23942.5
2025-08-13T00:00:00-04:00,23942.25,23945,23942,23943,0,0,0,1,0,0,0,NaN,23945,23942,23943
2025-08-13T00:05:00-04:00,23944.25,23950.5,23944,23948.25,0,0,0,0,0,0,0,NaN,23950.5,23944,23948.25
2025-08-13T00:10:00-04:00,23948.5,23950.5,23947.5,23949.5,0,0,0,0,0,0,0,NaN,23950.5,23947.5,23949.5
2025-08-13T00:15:00-04:00,23950.5,23955.25,23950.5,23953.75,0,0,0,0,0,0,0,NaN,23955.25,23950.5,23953.75
2025-08-13T00:20:00-04:00,23954.25,23955.25,23950.5,23953.25,0,0,0,0,0,0,0,NaN,23955.25,23950.5,23953.25
2025-08-13T00:25:00-04:00,23953.75,23957.75,23953.25,23955,0,0,0,0,0,0,0,NaN,23957.75,23953.25,23955
2025-08-13T00:30:00-04:00,23955.75,23961.5,23954.5,23961.5,0,0,0,0,0,0,0,NaN,23961.5,23954.5,23961.5
2025-08-13T00:35:00-04:00,23960.75,23962.25,23956.5,23958.25,0,0,0,0,0,0,0,NaN,23962.25,23956.5,23958.25
2025-08-13T00:40:00-04:00,23958,23960.75,23957,23958.5,0,0,0,0,0,0,0,NaN,23960.75,23957,23958.5
2025-08-13T00:45:00-04:00,23958.75,23961.5,23957.25,23961.5,0,0,0,0,0,0,0,NaN,23961.5,23957.25,23961.5
2025-08-13T00:50:00-04:00,23961.5,23963,23957.25,23957.75,0,0,0,0,0,0,0,NaN,23963,23957.25,23957.75
2025-08-13T00:55:00-04:00,23957,23957.5,23954.5,23956,0,0,0,0,0,0,0,NaN,23957.5,23954.5,23956
2025-08-13T01:00:00-04:00,23956.25,23960.25,23954.5,23959.25,0,0,0,0,0,0,0,NaN,23960.25,23954.5,23959.25
2025-08-13T01:05:00-04:00,23959.5,23959.75,23956.5,23958.5,0,0,0,0,0,0,0,NaN,23959.75,23956.5,23958.5
2025-08-13T01:10:00-04:00,23958.75,23959.75,23950,23950.75,0,0,0,0,0,0,0,NaN,23959.75,23950,23950.75
2025-08-13T01:15:00-04:00,23950.5,23953.5,23949.25,23951.75,0,0,0,0,0,0,0,NaN,23953.5,23949.25,23951.75
2025-08-13T01:20:00-04:00,23951.75,23953,23949,23951.75,0,0,0,0,0,0,0,NaN,23953,23949,23951.75
2025-08-13T01:25:00-04:00,23951.25,23956.25,23951.25,23955,0,0,0,0,0,0,0,NaN,23956.25,23951.25,23955
2025-08-13T01:30:00-04:00,23954.5,23955,23951.75,23954.25,0,0,0,0,0,0,0,NaN,23955,23951.75,23954.25
2025-08-13T01:35:00-04:00,23954.25,23956.5,23953.25,23954.5,0,0,0,0,0,0,0,NaN,23956.5,23953.25,23954.5
2025-08-13T01:40:00-04:00,23955.25,23955.25,23953.25,23954.25,0,0,0,0,0,0,0,NaN,23955.25,23953.25,23954.25
2025-08-13T01:45:00-04:00,23953.5,23954,23951.5,23953,0,0,0,0,0,0,0,NaN,23954,23951.5,23953
2025-08-13T01:50:00-04:00,23953.25,23955.5,23947.5,23948.25,0,0,0,0,0,0,0,NaN,23955.5,23947.5,23948.25
2025-08-13T01:55:00-04:00,23948,23948.25,23942.75,23945,0,0,0,0,0,0,0,NaN,23948.25,23942.75,23945
2025-08-13T02:00:00-04:00,23946,23952.25,23946,23948.25,0,0,0,0,0,0,0,NaN,23952.25,23946,23948.25
2025-08-13T02:05:00-04:00,23948,23950.25,23942,23944.75,0,0,0,0,0,0,0,NaN,23950.25,23942,23944.75
2025-08-13T02:10:00-04:00,23945.75,23947,23942.75,23943.75,0,0,0,0,0,0,0,NaN,23947,23942.75,23943.75
2025-08-13T02:15:00-04:00,23944.5,23949.25,23934.25,23946.5,0,0,0,0,0,0,0,NaN,23949.25,23934.25,23946.5
2025-08-13T02:20:00-04:00,23946.5,23948.25,23941.75,23945.75,0,0,0,0,0,0,0,NaN,23948.25,23941.75,23945.75
2025-08-13T02:25:00-04:00,23945.5,23947.75,23944,23947,0,0,0,0,0,0,0,NaN,23947.75,23944,23947
2025-08-13T02:30:00-04:00,23946.25,23961.25,23945.75,23959,0,0,0,0,0,0,0,NaN,23961.25,23945.75,23959
2025-08-13T02:35:00-04:00,23959.5,23964.25,23959.5,23962.75,0,0,0,0,0,0,0,NaN,23964.25,23959.5,23962.75
2025-08-13T02:40:00-04:00,23963.25,23972.75,23962.5,23968,0,0,0,0,0,0,0,NaN,23972.75,23962.5,23968
2025-08-13T02:45:00-04:00,23968,23968.25,23961.25,23962,0,0,0,0,0,0,0,NaN,23968.25,23961.25,23962
2025-08-13T02:50:00-04:00,23962.25,23963,23956.5,23958.5,0,0,0,0,0,0,0,NaN,23963,23956.5,23958.5
2025-08-13T02:55:00-04:00,23958,23959,23956,23959,0,0,0,0,0,0,0,NaN,23959,23956,23959
2025-08-13T03:00:00-04:00,23959.5,23977.5,23957.5,23976.25,0,0,0,0,0,0,0,NaN,23977.5,23957.5,23976.25
2025-08-13T03:05:00-04:00,23977,23977.25,23963.5,23966,0,0,0,0,0,0,0,NaN,23977.25,23963.5,23966
2025-08-13T03:10:00-04:00,23966.25,23982.75,23965.25,23977.25,0,0,0,0,0,0,0,NaN,23982.75,23965.25,23977.25
2025-08-13T03:15:00-04:00,23977,23985,23975.25,23982.5,0,0,0,0,0,0,0,NaN,23985,23975.25,23982.5
2025-08-13T03:20:00-04:00,23983.25,23986.25,23981,23984.75,0,0,0,0,0,0,0,NaN,23986.25,23981,23984.75
2025-08-13T03:25:00-04:00,23984.75,23988,23982.5,23986.25,0,0,0,0,0,0,0,NaN,23988,23982.5,23986.25
2025-08-13T03:30:00-04:00,23986.75,23987.25,23974,23979.25,0,0,0,0,0,0,0,NaN,23987.25,23974,23979.25
2025-08-13T03:35:00-04:00,23978.5,23983.5,23976,23980.75,0,0,0,0,0,0,0,NaN,23983.5,23976,23980.75
2025-08-13T03:40:00-04:00,23981,23984.75,23975.75,23982.75,0,0,0,0,0,0,0,NaN,23984.75,23975.75,23982.75
2025-08-13T03:45:00-04:00,23983.5,23986.5,23981.25,23985.5,0,0,0,0,0,0,0,NaN,23986.5,23981.25,23985.5
2025-08-13T03:50:00-04:00,23985.5,23987,23980,23980.5,0,0,0,0,0,0,0,NaN,23987,23980,23980.5
2025-08-13T03:55:00-04:00,23981,23991,23980.75,23989.5,0,0,0,0,0,0,0,NaN,23991,23980.75,23989.5
2025-08-13T04:00:00-04:00,23989.75,23997,23977,23996.25,0,0,0,0,0,0,0,NaN,23997,23977,23996.25
2025-08-13T04:05:00-04:00,23996.75,23998.75,23991,23997.5,0,0,0,0,0,0,0,NaN,23998.75,23991,23997.5
2025-08-13T04:10:00-04:00,23998,24000.75,23995.75,23996.25,0,0,0,0,0,0,0,NaN,24000.75,23995.75,23996.25
2025-08-13T04:15:00-04:00,23996.5,24001.5,23993,23998.75,0,0,0,0,0,0,0,NaN,24001.5,23993,23998.75
2025-08-13T04:20:00-04:00,23999,24009.75,23998.25,24003.75,0,0,0,0,0,0,0,NaN,24009.75,23998.25,24003.75
2025-08-13T04:25:00-04:00,24003,24004.5,23998,24003.75,0,0,0,0,0,0,0,NaN,24004.5,23998,24003.75
2025-08-13T04:30:00-04:00,24003.25,24012,24001.5,24011.75,0,0,0,0,0,0,0,NaN,24012,24001.5,24011.75
2025-08-13T04:35:00-04:00,24010.5,24016.5,24002,24002.25,0,0,0,0,0,0,0,NaN,24016.5,24002,24002.25
2025-08-13T04:40:00-04:00,24003,24004.5,23993.75,24000,0,0,0,0,0,0,0,NaN,24004.5,23993.75,24000
2025-08-13T04:45:00-04:00,23999.25,23999.75,23992.25,23992.75,0,0,0,0,0,0,0,NaN,23999.75,23992.25,23992.75
2025-08-13T04:50:00-04:00,23993.25,24001.25,23991.25,23995.5,0,0,0,0,0,0,0,NaN,24001.25,23991.25,23995.5
2025-08-13T04:55:00-04:00,23995.5,23996,23989.5,23994.5,0,0,0,0,0,0,0,NaN,23996,23989.5,23994.5
2025-08-13T05:00:00-04:00,23994.5,23995,23990,23994.25,0,0,0,0,0,0,0,NaN,23995,23990,23994.25
2025-08-13T05:05:00-04:00,23994,23994,23986,23989.25,0,0,0,0,0,0,0,NaN,23994,23986,23989.25
2025-08-13T05:10:00-04:00,23988.5,23995.5,23987,23995.5,0,0,0,0,0,0,0,NaN,23995.5,23987,23995.5
2025-08-13T05:15:00-04:00,23996.25,23996.5,23986.5,23990.5,0,0,0,0,0,0,0,NaN,23996.5,23986.5,23990.5
2025-08-13T05:20:00-04:00,23989.75,23994.25,23989,23989.25,0,0,0,0,0,0,0,NaN,23994.25,23989,23989.25
2025-08-13T05:25:00-04:00,23990.25,23990.75,23984.75,23987.5,0,0,0,0,0,0,0,NaN,23990.75,23984.75,23987.5
2025-08-13T05:30:00-04:00,23988,23993.5,23985,23991.75,0,0,0,0,0,0,0,NaN,23993.5,23985,23991.75
2025-08-13T05:35:00-04:00,23992,23993.75,23990,23992.25,0,0,0,0,0,0,0,NaN,23993.75,23990,23992.25
2025-08-13T05:40:00-04:00,23993.5,23998,23988.5,23989.5,0,0,0,0,0,0,0,NaN,23998,23988.5,23989.5
2025-08-13T05:45:00-04:00,23989.75,23996.5,23989.75,23992.25,0,0,0,0,0,0,0,NaN,23996.5,23989.75,23992.25
2025-08-13T05:50:00-04:00,23991.75,23996.75,23990.5,23996.25,0,0,0,0,0,0,0,NaN,23996.75,23990.5,23996.25
2025-08-13T05:55:00-04:00,23996.5,24009.75,23996,24007,0,0,0,0,0,0,0,NaN,24009.75,23996,24007
2025-08-13T06:00:00-04:00,24006,24009,24000.5,24000.5,0,0,0,0,0,0,0,NaN,24009,24000.5,24000.5
2025-08-13T06:05:00-04:00,24000.25,24011.75,24000.25,24007.5,0,0,0,0,0,0,0,NaN,24011.75,24000.25,24007.5
2025-08-13T06:10:00-04:00,24007.75,24008,24002,24007,0,0,0,0,0,0,0,NaN,24008,24002,24007
2025-08-13T06:15:00-04:00,24007,24013.25,24006.5,24010,0,0,0,0,0,0,0,NaN,24013.25,24006.5,24010
2025-08-13T06:20:00-04:00,24010,24011.25,24006.5,24007.25,0,0,0,0,0,0,0,NaN,24011.25,24006.5,24007.25
2025-08-13T06:25:00-04:00,24007,24007,23997.75,24001,0,0,0,0,0,0,0,NaN,24007,23997.75,24001
2025-08-13T06:30:00-04:00,24001.5,24004.25,23999,24001.25,0,0,0,0,0,0,0,NaN,24004.25,23999,24001.25
2025-08-13T06:35:00-04:00,24001.25,24007,23998.25,23998.75,0,0,0,0,0,0,0,NaN,24007,23998.25,23998.75
2025-08-13T06:40:00-04:00,23998.75,23999.25,23991.25,23992.25,0,0,0,0,0,0,0,NaN,23999.25,23991.25,23992.25
2025-08-13T06:45:00-04:00,23992,23993.25,23987.25,23991,0,0,0,0,0,0,0,NaN,23993.25,23987.25,23991
2025-08-13T06:50:00-04:00,23990.5,23996,23989.5,23992,0,0,0,0,0,0,0,NaN,23996,23989.5,23992
2025-08-13T06:55:00-04:00,23993.25,23994,23988.25,23993,0,0,0,0,0,0,0,NaN,23994,23988.25,23993
2025-08-13T07:00:00-04:00,23992.75,23996,23990.5,23993.5,0,0,0,0,0,0,0,NaN,23996,23990.5,23993.5
2025-08-13T07:05:00-04:00,23993.5,23996,23992.25,23993.75,0,0,0,0,0,0,0,NaN,23996,23992.25,23993.75
2025-08-13T07:10:00-04:00,23994.5,23999.75,23990.75,23992,0,0,0,0,0,0,0,NaN,23999.75,23990.75,23992
2025-08-13T07:15:00-04:00,23992.25,23994.25,23990.5,23991.25,0,0,0,0,0,0,0,NaN,23994.25,23990.5,23991.25
2025-08-13T07:20:00-04:00,23991.25,23994.5,23987.5,23992.75,0,0,0,0,0,0,0,NaN,23994.5,23987.5,23992.75
2025-08-13T07:25:00-04:00,23992.5,24000.75,23991.5,23993.5,0,0,0,0,0,0,0,NaN,24000.75,23991.5,23993.5
2025-08-13T07:30:00-04:00,23993.5,23994.5,23984.25,23993.75,0,0,0,0,0,0,0,NaN,23994.5,23984.25,23993.75
2025-08-13T07:35:00-04:00,23993.5,23997.5,23989.75,23993.5,0,0,0,0,0,0,0,NaN,23997.5,23989.75,23993.5
2025-08-13T07:40:00-04:00,23993.5,23999.5,23990.5,23992.75,0,0,0,0,0,0,0,NaN,23999.5,23990.5,23992.75
2025-08-13T07:45:00-04:00,23992.25,24003.75,23986.25,23994.75,0,0,0,0,0,0,0,NaN,24003.75,23986.25,23994.75
2025-08-13T07:50:00-04:00,23994.25,23997.75,23986.75,23991.75,0,0,0,0,0,0,0,NaN,23997.75,23986.75,23991.75
2025-08-13T07:55:00-04:00,23991.75,23995,23990.75,23993.75,0,0,0,0,0,0,0,NaN,23995,23990.75,23993.75
2025-08-13T08:00:00-04:00,23993.5,24001.25,23993.5,24000.75,0,0,0,0,0,0,0,NaN,24001.25,23993.5,24000.75
2025-08-13T08:05:00-04:00,24000.5,24003.75,23996.25,23999.25,0,0,0,0,0,0,0,NaN,24003.75,23996.25,23999.25
2025-08-13T08:10:00-04:00,23999.75,24001.25,23988.75,23992.75,0,0,0,0,0,0,0,NaN,24001.25,23988.75,23992.75
2025-08-13T08:15:00-04:00,23993,24001,23993,24001,0,0,0,0,0,0,0,NaN,24001,23993,24001
2025-08-13T08:20:00-04:00,24000.75,24002.25,23995.5,23998,0,0,0,0,0,0,0,NaN,24002.25,23995.5,23998
2025-08-13T08:25:00-04:00,23998,24008.5,23997.5,24005.75,0,0,0,0,0,0,0,NaN,24008.5,23997.5,24005.75
2025-08-13T08:30:00-04:00,24005.5,24015.75,24003.25,24014.75,0,0,0,0,0,0,0,NaN,24015.75,24003.25,24014.75
2025-08-13T08:35:00-04:00,24014.25,24021.75,24011.25,24016.5,0,0,0,0,0,0,0,NaN,24021.75,24011.25,24016.5
2025-08-13T08:40:00-04:00,24015.75,24025.25,24014.75,24024,0,0,0,0,0,0,0,NaN,24025.25,24014.75,24024
2025-08-13T08:45:00-04:00,24023.5,24027.5,24020.5,24026.5,0,0,0,0,0,0,0,NaN,24027.5,24020.5,24026.5
2025-08-13T08:50:00-04:00,24026.75,24033.25,24024.25,24029.75,0,0,0,0,0,0,0,NaN,24033.25,24024.25,24029.75
2025-08-13T08:55:00-04:00,24029.75,24031,24017.75,24019,0,0,0,0,0,0,0,NaN,24031,24017.75,24019
2025-08-13T09:00:00-04:00,24019.75,24028,24018.25,24027.5,0,0,0,0,0,0,0,NaN,24028,24018.25,24027.5
2025-08-13T09:05:00-04:00,24027.75,24029.75,24020.5,24028.25,0,0,0,0,0,0,0,NaN,24029.75,24020.5,24028.25
2025-08-13T09:10:00-04:00,24028.75,24034.75,24026.75,24033.75,0,0,0,0,0,0,0,NaN,24034.75,24026.75,24033.75
2025-08-13T09:15:00-04:00,24033.75,24034.75,24025.5,24031.5,0,0,0,0,0,0,0,NaN,24034.75,24025.5,24031.5
2025-08-13T09:20:00-04:00,24031.5,24036,24029.5,24035,0,0,0,0,0,0,0,NaN,24036,24029.5,24035
2025-08-13T09:25:00-04:00,24034.5,24046.25,24033,24044.5,0,0,0,0,0,0,0,NaN,24046.25,24033,24044.5
2025-08-13T09:30:00-04:00,24044.5,24067.25,24028.75,24058.25,0,0,0,0,0,0,0,NaN,24067.25,24028.75,24058.25
2025-08-13T09:35:00-04:00,24058,24068.5,24042.75,24051.5,0,0,0,0,0,0,0,NaN,24068.5,24042.75,24051.5
2025-08-13T09:40:00-04:00,24051,24057.75,24033,24045.5,0,0,0,0,0,0,0,NaN,24057.75,24033,24045.5
2025-08-13T09:45:00-04:00,24045.5,24047.5,24027.25,24041.5,0,0,0,0,0,0,0,NaN,24047.5,24027.25,24041.5
2025-08-13T09:50:00-04:00,24040.5,24061,24039.75,24053,0,0,0,0,0,0,0,NaN,24061,24039.75,24053
2025-08-13T09:55:00-04:00,24053.5,24053.75,24005,24017.25,0,0,0,0,0,0,0,NaN,24053.75,24005,24017.25
2025-08-13T10:00:00-04:00,24017.25,24018.5,23990.25,23992,0,0,0,0,0,0,0,NaN,24018.5,23990.25,23992
2025-08-13T10:05:00-04:00,23992.5,24014,23987,24005.5,0,0,0,0,0,0,0,NaN,24014,23987,24005.5
2025-08-13T10:10:00-04:00,24005.25,24006.5,23977,23995,0,0,0,0,0,0,0,NaN,24006.5,23977,23995
2025-08-13T10:15:00-04:00,23994.5,24003.25,23984.5,23994,0,0,0,0,0,0,0,NaN,24003.25,23984.5,23994
2025-08-13T10:20:00-04:00,23994.5,24004.75,23970.5,23972.25,0,0,0,0,0,0,0,NaN,24004.75,23970.5,23972.25
2025-08-13T10:25:00-04:00,23974,23977.75,23947,23956.5,0,0,0,0,0,0,0,NaN,23977.75,23947,23956.5
2025-08-13T10:30:00-04:00,23957,23968.5,23946,23954.5,0,0,0,0,0,0,0,NaN,23968.5,23946,23954.5
2025-08-13T10:35:00-04:00,23953.75,23969,23942.25,23959.25,0,0,0,0,0,0,0,NaN,23969,23942.25,23959.25
2025-08-13T10:40:00-04:00,23959.75,23973.25,23946.25,23967.5,0,0,0,0,0,0,0,NaN,23973.25,23946.25,23967.5
2025-08-13T10:45:00-04:00,23967,23969,23932.5,23959.25,0,0,0,0,0,0,0,NaN,23969,23932.5,23959.25
2025-08-13T10:50:00-04:00,23958.75,23961,23945.5,23957.25,0,0,0,0,0,0,0,NaN,23961,23945.5,23957.25
2025-08-13T10:55:00-04:00,23957,23970,23955,23959.25,0,0,0,0,0,0,0,NaN,23970,23955,23959.25
2025-08-13T11:00:00-04:00,23959,23961,23930.75,23935.75,0,0,0,0,0,0,0,NaN,23961,23930.75,23935.75
2025-08-13T11:05:00-04:00,23936.25,23945,23916,23916.5,0,0,0,0,0,0,0,NaN,23945,23916,23916.5
2025-08-13T11:10:00-04:00,23916.75,23929.75,23905.5,23911.5,0,0,0,0,0,0,0,NaN,23929.75,23905.5,23911.5
2025-08-13T11:15:00-04:00,23910.75,23926,23892.25,23924.75,0,0,0,0,0,0,0,NaN,23926,23892.25,23924.75
2025-08-13T11:20:00-04:00,23924.25,23950.75,23920.5,23941.75,0,0,0,0,0,0,0,NaN,23950.75,23920.5,23941.75
2025-08-13T11:25:00-04:00,23942,23948.75,23918.25,23925,0,0,0,0,0,0,0,NaN,23948.75,23918.25,23925
2025-08-13T11:30:00-04:00,23925.25,23946.5,23916.75,23937.25,0,0,0,0,0,0,0,NaN,23946.5,23916.75,23937.25
2025-08-13T11:35:00-04:00,23938,23941.75,23921.75,23931,0,0,0,0,0,0,0,NaN,23941.75,23921.75,23931
2025-08-13T11:40:00-04:00,23931,23958.25,23929.75,23954.25,0,0,0,0,0,0,0,NaN,23958.25,23929.75,23954.25
2025-08-13T11:45:00-04:00,23954,23954.75,23940.75,23949.5,0,0,0,0,0,0,0,NaN,23954.75,23940.75,23949.5
2025-08-13T11:50:00-04:00,23949.5,23951,23917.75,23925.25,0,0,0,0,0,0,0,NaN,23951,23917.75,23925.25
2025-08-13T11:55:00-04:00,23925.5,23933,23919,23925,0,0,0,0,0,0,0,NaN,23933,23919,23925
2025-08-13T12:00:00-04:00,23925.5,23940,23918.5,23936.75,0,0,0,0,0,0,0,NaN,23940,23918.5,23936.75
2025-08-13T12:05:00-04:00,23935.5,23936.5,23925,23934.25,0,0,0,0,0,0,0,NaN,23936.5,23925,23934.25
2025-08-13T12:10:00-04:00,23934.25,23936.5,23925.5,23931,0,0,0,0,0,0,0,NaN,23936.5,23925.5,23931
2025-08-13T12:15:00-04:00,23930.5,23939.75,23921,23922,0,0,0,0,0,0,0,NaN,23939.75,23921,23922
2025-08-13T12:20:00-04:00,23921.5,23926.75,23907.75,23922.75,0,0,0,0,0,0,0,NaN,23926.75,23907.75,23922.75
2025-08-13T12:25:00-04:00,23922.5,23932.5,23920,23921,0,0,0,0,0,0,0,NaN,23932.5,23920,23921
2025-08-13T12:30:00-04:00,23920.75,23925.75,23898.75,23919.25,0,0,0,0,0,0,0,NaN,23925.75,23898.75,23919.25
2025-08-13T12:35:00-04:00,23919.75,23926.5,23917,23918,0,0,0,0,0,0,0,NaN,23926.5,23917,23918
2025-08-13T12:40:00-04:00,23917.75,23921.25,23905.5,23913.75,0,0,0,0,0,0,0,NaN,23921.25,23905.5,23913.75
2025-08-13T12:45:00-04:00,23914.25,23916.5,23899.5,23903.5,0,0,0,0,0,0,0,NaN,23916.5,23899.5,23903.5
2025-08-13T12:50:00-04:00,23903,23912.5,23886,23906.25,0,0,0,0,0,0,0,NaN,23912.5,23886,23906.25
2025-08-13T12:55:00-04:00,23906,23906.75,23889.5,23899.25,0,0,0,0,0,0,0,NaN,23906.75,23889.5,23899.25
2025-08-13T13:00:00-04:00,23899.25,23930.75,23895.5,23919.75,0,0,0,0,0,0,0,NaN,23930.75,23895.5,23919.75
2025-08-13T13:05:00-04:00,23919.75,23920,23901.75,23904,0,0,0,0,0,0,0,NaN,23920,23901.75,23904
2025-08-13T13:10:00-04:00,23904.25,23910.75,23897.25,23906.25,0,0,0,0,0,0,0,NaN,23910.75,23897.25,23906.25
2025-08-13T13:15:00-04:00,23905.5,23923,23901,23923,0,0,0,0,0,0,0,NaN,23923,23901,23923
2025-08-13T13:20:00-04:00,23922.5,23939.75,23922,23939.5,0,0,0,0,0,0,0,NaN,23939.75,23922,23939.5
2025-08-13T13:25:00-04:00,23939.75,23946,23935.25,23943.5,0,0,0,0,0,0,0,NaN,23946,23935.25,23943.5
2025-08-13T13:30:00-04:00,23943.5,23947.75,23903.25,23903.75,0,0,0,0,0,0,0,NaN,23947.75,23903.25,23903.75
2025-08-13T13:35:00-04:00,23903.5,23914.5,23903,23912,0,0,0,0,0,0,0,NaN,23914.5,23903,23912
2025-08-13T13:40:00-04:00,23911.75,23916.25,23900.75,23904.75,0,0,0,0,0,0,0,NaN,23916.25,23900.75,23904.75
2025-08-13T13:45:00-04:00,23905,23915.5,23902.25,23912,0,0,0,0,0,0,0,NaN,23915.5,23902.25,23912
2025-08-13T13:50:00-04:00,23912,23924.5,23908.5,23924,0,0,0,0,0,0,0,NaN,23924.5,23908.5,23924
2025-08-13T13:55:00-04:00,23924.25,23943.25,23921,23939,0,0,0,0,0,0,0,NaN,23943.25,23921,23939
2025-08-13T14:00:00-04:00,23938.75,23941.75,23929.5,23939.5,0,0,0,0,0,0,0,NaN,23941.75,23929.5,23939.5
2025-08-13T14:05:00-04:00,23939.75,23940.25,23930.5,23935,0,0,0,0,0,0,0,NaN,23940.25,23930.5,23935
2025-08-13T14:10:00-04:00,23934.5,23954.25,23930.25,23950.75,0,0,0,0,0,0,0,NaN,23954.25,23930.25,23950.75
2025-08-13T14:15:00-04:00,23950.25,23950.25,23935.25,23936.25,0,0,0,0,0,0,0,NaN,23950.25,23935.25,23936.25
2025-08-13T14:20:00-04:00,23936,23939,23926.25,23933.5,0,0,0,0,0,0,0,NaN,23939,23926.25,23933.5
2025-08-13T14:25:00-04:00,23933.25,23937,23924.75,23925.75,0,0,0,0,0,0,0,NaN,23937,23924.75,23925.75
2025-08-13T14:30:00-04:00,23926,23936.5,23923.75,23931.5,0,0,0,0,0,0,0,NaN,23936.5,23923.75,23931.5
2025-08-13T14:35:00-04:00,23931.75,23933,23887.25,23916.25,0,0,0,0,0,0,0,NaN,23933,23887.25,23916.25
2025-08-13T14:40:00-04:00,23915.5,23931,23903.5,23927.5,0,0,0,0,0,0,0,NaN,23931,23903.5,23927.5
2025-08-13T14:45:00-04:00,23927,23932.5,23923,23927.25,0,0,0,0,0,0,0,NaN,23932.5,23923,23927.25
2025-08-13T14:50:00-04:00,23926.75,23933.75,23922.5,23931.75,0,0,0,0,0,0,0,NaN,23933.75,23922.5,23931.75
2025-08-13T14:55:00-04:00,23931.75,23947.5,23930,23933.75,0,0,0,0,0,0,0,NaN,23947.5,23930,23933.75
2025-08-13T15:00:00-04:00,23934,23938.25,23922,23932.75,0,0,0,0,0,0,0,NaN,23938.25,23922,23932.75
2025-08-13T15:05:00-04:00,23932.25,23937.25,23922.5,23924.75,0,0,0,0,0,0,0,NaN,23937.25,23922.5,23924.75
2025-08-13T15:10:00-04:00,23925.25,23939,23924.5,23939,0,0,0,0,0,0,0,NaN,23939,23924.5,23939
2025-08-13T15:15:00-04:00,23938.5,23942,23934.25,23938.25,0,0,0,0,0,0,0,NaN,23942,23934.25,23938.25
2025-08-13T15:20:00-04:00,23937.25,23954,23937.25,23941,0,0,0,0,0,0,0,NaN,23954,23937.25,23941
2025-08-13T15:25:00-04:00,23941.25,23941.75,23933.5,23935.75,0,0,0,0,0,0,0,NaN,23941.75,23933.5,23935.75
2025-08-13T15:30:00-04:00,23936.25,23939.75,23923.25,23926.5,0,0,0,0,0,0,0,NaN,23939.75,23923.25,23926.5
2025-08-13T15:35:00-04:00,23926,23932.75,23915.75,23918.25,0,0,0,0,0,0,0,NaN,23932.75,23915.75,23918.25
2025-08-13T15:40:00-04:00,23917.75,23926,23911.5,23914.75,0,0,0,0,0,0,0,NaN,23926,23911.5,23914.75
2025-08-13T15:45:00-04:00,23915.25,23924.75,23912.25,23923,0,0,0,0,0,0,0,NaN,23924.75,23912.25,23923
2025-08-13T15:50:00-04:00,23922.75,23949.75,23922.75,23944,0,0,0,0,0,0,0,NaN,23949.75,23922.75,23944
2025-08-13T15:55:00-04:00,23943.75,23958.5,23936,23943,0,0,0,0,0,0,0,NaN,23958.5,23936,23943
2025-08-13T16:00:00-04:00,23943,23960,23942.75,23949.25,0,0,0,0,0,0,0,NaN,23960,23942.75,23949.25
2025-08-13T16:05:00-04:00,23949.25,23949.25,23931.25,23931.25,0,0,0,0,0,0,0,NaN,23949.25,23931.25,23931.25
2025-08-13T16:10:00-04:00,23931,23935.25,23929,23932.5,0,0,0,0,0,0,0,NaN,23935.25,23929,23932.5
2025-08-13T16:15:00-04:00,23932.25,23933.5,23927,23929,0,0,0,0,0,0,0,NaN,23933.5,23927,23929
2025-08-13T16:20:00-04:00,23928.75,23930,23924.5,23927.75,0,0,0,0,0,0,0,NaN,23930,23924.5,23927.75
2025-08-13T16:25:00-04:00,23927.75,23928,23922,23926,0,0,0,0,0,0,0,NaN,23928,23922,23926
2025-08-13T16:30:00-04:00,23926.25,23928,23923.5,23924.75,0,0,0,0,0,0,0,NaN,23928,23923.5,23924.75
2025-08-13T16:35:00-04:00,23924.75,23929.25,23922.75,23926.75,0,0,0,0,0,0,0,NaN,23929.25,23922.75,23926.75
2025-08-13T16:40:00-04:00,23926.75,23928,23922,23923.25,0,0,0,0,0,0,0,NaN,23928,23922,23923.25
2025-08-13T16:45:00-04:00,23922.75,23928.75,23922,23928.25,0,0,0,0,0,0,0,NaN,23928.75,23922,23928.25
2025-08-13T16:50:00-04:00,23928.5,23931.5,23926.25,23929,0,0,0,0,0,0,0,NaN,23931.5,23926.25,23929
2025-08-13T16:55:00-04:00,23929,23929.75,23925.75,23927.75,0,0,0,0,0,0,0,NaN,23929.75,23925.75,23927.75
2025-08-13T18:00:00-04:00,23927.75,23938.25,23920,23922.25,0,0,0,0,0,0,0,NaN,23938.25,23920,23922.25
2025-08-13T18:05:00-04:00,23921.5,23924.75,23911.75,23912.25,0,0,0,0,0,0,0,NaN,23924.75,23911.75,23912.25
2025-08-13T18:10:00-04:00,23913,23923,23912,23917.25,0,0,0,0,0,0,0,NaN,23923,23912,23917.25
2025-08-13T18:15:00-04:00,23918,23923,23917,23921,0,0,0,0,0,0,0,NaN,23923,23917,23921
2025-08-13T18:20:00-04:00,23921.5,23927.25,23921.5,23926.25,0,0,0,0,0,0,0,NaN,23927.25,23921.5,23926.25
2025-08-13T18:25:00-04:00,23926.5,23935.75,23925.75,23933.5,0,0,0,0,0,0,0,NaN,23935.75,23925.75,23933.5
2025-08-13T18:30:00-04:00,23932.75,23934.25,23930.25,23931.75,0,0,0,0,0,0,0,NaN,23934.25,23930.25,23931.75
2025-08-13T18:35:00-04:00,23932,23936,23931.25,23933,0,0,0,0,0,0,0,NaN,23936,23931.25,23933
2025-08-13T18:40:00-04:00,23933.75,23940.25,23933,23939.75,0,0,0,0,0,0,0,NaN,23940.25,23933,23939.75
2025-08-13T18:45:00-04:00,23939,23947,23938.25,23945,0,0,0,0,0,0,0,NaN,23947,23938.25,23945
2025-08-13T18:50:00-04:00,23945.75,23951.5,23945.25,23946.75,0,0,0,0,0,0,0,NaN,23951.5,23945.25,23946.75
2025-08-13T18:55:00-04:00,23947,23949.75,23946,23949,0,0,0,0,0,0,0,NaN,23949.75,23946,23949
2025-08-13T19:00:00-04:00,23948.75,23954,23947.5,23950.25,0,0,0,0,0,0,0,NaN,23954,23947.5,23950.25
2025-08-13T19:05:00-04:00,23951,23951.25,23945.5,23949,0,0,0,0,0,0,0,NaN,23951.25,23945.5,23949
2025-08-13T19:10:00-04:00,23948,23951.25,23941.75,23942.25,0,0,0,0,0,0,0,NaN,23951.25,23941.75,23942.25
2025-08-13T19:15:00-04:00,23942.5,23945.5,23938.25,23942.75,0,0,0,0,0,0,0,NaN,23945.5,23938.25,23942.75
2025-08-13T19:20:00-04:00,23942.5,23947.5,23942.5,23944.5,0,0,0,0,0,0,0,NaN,23947.5,23942.5,23944.5
2025-08-13T19:25:00-04:00,23944.5,23946.75,23943.5,23945.5,0,0,0,0,0,0,0,NaN,23946.75,23943.5,23945.5
2025-08-13T19:30:00-04:00,23946,23950.75,23945.75,23950,0,0,0,0,0,0,0,NaN,23950.75,23945.75,23950
2025-08-13T19:35:00-04:00,23951,23955.75,23948.25,23953,0,0,0,0,0,0,0,NaN,23955.75,23948.25,23953
2025-08-13T19:40:00-04:00,23953,23964.25,23953,23963.5,0,0,0,0,0,0,0,NaN,23964.25,23953,23963.5
2025-08-13T19:45:00-04:00,23962.5,23963.5,23951.75,23955.75,0,0,0,0,0,0,0,NaN,23963.5,23951.75,23955.75
2025-08-13T19:50:00-04:00,23955.75,23957.5,23951,23952.25,0,0,0,0,0,0,0,NaN,23957.5,23951,23952.25
2025-08-13T19:55:00-04:00,23952.5,23953.5,23948.75,23949.25,0,0,0,0,0,0,0,NaN,23953.5,23948.75,23949.25
2025-08-13T20:00:00-04:00,23950,23952.5,23943.25,23949.5,0,0,0,0,0,0,0,NaN,23952.5,23943.25,23949.5
2025-08-13T20:05:00-04:00,23949.5,23957.75,23949,23955.75,0,0,0,0,0,0,0,NaN,23957.75,23949,23955.75
2025-08-13T20:10:00-04:00,23956,23959,23952,23957.75,0,0,0,0,0,0,0,NaN,23959,23952,23957.75
2025-08-13T20:15:00-04:00,23957.25,23957.25,23952.25,23953.25,0,0,0,0,0,0,0,NaN,23957.25,23952.25,23953.25
2025-08-13T20:20:00-04:00,23953.5,23956.25,23950.25,23952,0,0,0,0,0,0,0,NaN,23956.25,23950.25,23952
2025-08-13T20:25:00-04:00,23953,23957.5,23951.5,23955.25,0,0,0,0,0,0,0,NaN,23957.5,23951.5,23955.25
2025-08-13T20:30:00-04:00,23955.5,23958,23951.25,23951.25,0,0,0,0,0,0,0,NaN,23958,23951.25,23951.25
2025-08-13T20:35:00-04:00,23952.75,23953.5,23941.75,23945.75,0,0,0,0,0,0,0,NaN,23953.5,23941.75,23945.75
2025-08-13T20:40:00-04:00,23945.25,23947.5,23933.5,23935.75,0,0,0,0,0,0,0,NaN,23947.5,23933.5,23935.75
2025-08-13T20:45:00-04:00,23935.25,23936,23932,23933.75,0,0,0,0,0,0,0,NaN,23936,23932,23933.75
2025-08-13T20:50:00-04:00,23934.25,23938,23930.25,23937.25,0,0,0,0,0,0,0,NaN,23938,23930.25,23937.25
2025-08-13T20:55:00-04:00,23937.5,23937.75,23930,23932.5,0,0,0,0,0,0,0,NaN,23937.75,23930,23932.5
2025-08-13T21:00:00-04:00,23932,23934.5,23921.25,23922.25,0,0,0,0,0,0,0,NaN,23934.5,23921.25,23922.25
2025-08-13T21:05:00-04:00,23922,23932.25,23921.25,23925.25,0,0,0,0,0,0,0,NaN,23932.25,23921.25,23925.25
2025-08-13T21:10:00-04:00,23926.25,23936,23926,23932.5,0,0,0,0,0,0,0,NaN,23936,23926,23932.5
2025-08-13T21:15:00-04:00,23930,23931.25,23923.5,23924.5,0,0,0,0,0,0,0,NaN,23931.25,23923.5,23924.5
2025-08-13T21:20:00-04:00,23924.75,23928.75,23924.5,23925.25,0,0,0,0,0,0,0,NaN,23928.75,23924.5,23925.25
2025-08-13T21:25:00-04:00,23926,23929.5,23923.25,23926,0,0,0,0,0,0,0,NaN,23929.5,23923.25,23926
2025-08-13T21:30:00-04:00,23924.5,23927.5,23923,23924.75,0,0,0,0,0,0,0,NaN,23927.5,23923,23924.75
2025-08-13T21:35:00-04:00,23925,23927.5,23920.5,23925.5,0,0,0,0,0,0,0,NaN,23927.5,23920.5,23925.5
2025-08-13T21:40:00-04:00,23925,23925.75,23917.75,23918.75,0,0,0,0,0,0,0,NaN,23925.75,23917.75,23918.75
2025-08-13T21:45:00-04:00,23918,23929,23917,23928,0,0,0,0,0,0,0,NaN,23929,23917,23928
2025-08-13T21:50:00-04:00,23928,23935,23927.25,23933.25,0,0,0,0,0,0,0,NaN,23935,23927.25,23933.25
2025-08-13T21:55:00-04:00,23932.75,23935.25,23930.75,23931.5,0,0,0,0,0,0,0,NaN,23935.25,23930.75,23931.5
2025-08-13T22:00:00-04:00,23931.25,23934.5,23927.75,23933.25,0,0,0,0,0,0,0,NaN,23934.5,23927.75,23933.25
2025-08-13T22:05:00-04:00,23933.5,23940.75,23932.25,23937.75,0,0,0,0,0,0,0,NaN,23940.75,23932.25,23937.75
2025-08-13T22:10:00-04:00,23938,23938,23931.25,23932.75,0,0,0,0,0,0,0,NaN,23938,23931.25,23932.75
2025-08-13T22:15:00-04:00,23932.25,23935,23930.75,23932,0,0,0,0,0,0,0,NaN,23935,23930.75,23932
2025-08-13T22:20:00-04:00,23932,23934.5,23930,23931.5,0,0,0,0,0,0,0,NaN,23934.5,23930,23931.5
2025-08-13T22:25:00-04:00,23931.5,23933,23929.75,23931,0,0,0,0,0,0,0,NaN,23933,23929.75,23931
2025-08-13T22:30:00-04:00,23931,23931.75,23926.25,23928.5,0,0,0,0,0,0,0,NaN,23931.75,23926.25,23928.5
2025-08-13T22:35:00-04:00,23929,23930,23924,23927,0,0,0,0,0,0,0,NaN,23930,23924,23927
2025-08-13T22:40:00-04:00,23927.75,23935,23926,23934,0,0,0,0,0,0,0,NaN,23935,23926,23934
2025-08-13T22:45:00-04:00,23933.5,23933.75,23926.25,23929,0,0,0,0,0,0,0,NaN,23933.75,23926.25,23929
2025-08-13T22:50:00-04:00,23929,23932.25,23928.5,23932,0,0,0,0,0,0,0,NaN,23932.25,23928.5,23932
2025-08-13T22:55:00-04:00,23931.25,23940.75,23931,23940,0,0,0,0,0,0,0,NaN,23940.75,23931,23940
2025-08-13T23:00:00-04:00,23939.25,23945,23938.75,23945,0,0,0,0,0,0,0,NaN,23945,23938.75,23945
2025-08-13T23:05:00-04:00,23945,23945.25,23937.25,23938.25,0,0,0,0,0,0,0,NaN,23945.25,23937.25,23938.25
2025-08-13T23:10:00-04:00,23938.25,23939,23932,23935.25,0,0,0,0,0,0,0,NaN,23939,23932,23935.25
2025-08-13T23:15:00-04:00,23935.25,23935.25,23930.75,23931.25,0,0,0,0,0,0,0,NaN,23935.25,23930.75,23931.25
2025-08-13T23:20:00-04:00,23931.25,23932.75,23929,23930.75,0,0,0,0,0,0,0,NaN,23932.75,23929,23930.75
2025-08-13T23:25:00-04:00,23930.75,23935,23930.25,23931.25,0,0,0,0,0,0,0,NaN,23935,23930.25,23931.25
2025-08-13T23:30:00-04:00,23931.25,23931.25,23927,23929.5,0,0,0,0,0,0,0,NaN,23931.25,23927,23929.5
2025-08-13T23:35:00-04:00,23929.5,23931,23928.25,23929.25,0,0,0,0,0,0,0,NaN,23931,23928.25,23929.25
2025-08-13T23:40:00-04:00,23929,23934,23928.5,23929.25,0,0,0,0,0,0,0,NaN,23934,23928.5,23929.25
2025-08-13T23:45:00-04:00,23929,23930.75,23926.5,23926.5,0,0,0,0,0,0,0,NaN,23930.75,23926.5,23926.5
2025-08-13T23:50:00-04:00,23927,23929.5,23924.5,23926,0,0,0,0,0,0,0,NaN,23929.5,23924.5,23926
2025-08-13T23:55:00-04:00,23926.25,23928,23921.75,23926,0,0,0,0,0,0,0,NaN,23928,23921.75,23926
2025-08-14T00:00:00-04:00,23926,23929.25,23925,23927,0,0,0,0,1,0,0,NaN,23929.25,23925,23927
2025-08-14T00:05:00-04:00,23927.25,23930,23927,23928.5,0,0,0,0,0,0,0,NaN,23930,23927,23928.5
2025-08-14T00:10:00-04:00,23929.25,23932.25,23926.75,23930.25,0,0,0,0,0,0,0,NaN,23932.25,23926.75,23930.25
2025-08-14T00:15:00-04:00,23930.25,23932.75,23930.25,23931,0,0,0,0,0,0,0,NaN,23932.75,23930.25,23931
2025-08-14T00:20:00-04:00,23931,23931,23922.5,23922.75,0,0,0,0,0,0,0,NaN,23931,23922.5,23922.75
2025-08-14T00:25:00-04:00,23923,23924.75,23922,23923.25,0,0,0,0,0,0,0,NaN,23924.75,23922,23923.25
2025-08-14T00:30:00-04:00,23923,23929,23920.25,23928,0,0,0,0,0,0,0,NaN,23929,23920.25,23928
2025-08-14T00:35:00-04:00,23927.75,23934,23927.75,23932.5,0,0,0,0,0,0,0,NaN,23934,23927.75,23932.5
2025-08-14T00:40:00-04:00,23932.5,23934.5,23931.75,23932.5,0,0,0,0,0,0,0,NaN,23934.5,23931.75,23932.5
2025-08-14T00:45:00-04:00,23932.75,23935.25,23932,23933.75,0,0,0,0,0,0,0,NaN,23935.25,23932,23933.75
2025-08-14T00:50:00-04:00,23933.25,23935.75,23932.5,23935.5,0,0,0,0,0,0,0,NaN,23935.75,23932.5,23935.5
2025-08-14T00:55:00-04:00,23935,23935.5,23932.75,23933.25,0,0,0,0,0,0,0,NaN,23935.5,23932.75,23933.25
2025-08-14T01:00:00-04:00,23933.5,23934.25,23931.25,23932.75,0,0,0,0,0,0,0,NaN,23934.25,23931.25,23932.75
2025-08-14T01:05:00-04:00,23932.5,23934.5,23925,23925,0,0,0,0,0,0,0,NaN,23934.5,23925,23925
2025-08-14T01:10:00-04:00,23924.75,23926.5,23923.5,23924,0,0,0,0,0,0,0,NaN,23926.5,23923.5,23924
2025-08-14T01:15:00-04:00,23924.75,23926.5,23924,23926.25,0,0,0,0,0,0,0,NaN,23926.5,23924,23926.25
2025-08-14T01:20:00-04:00,23926.25,23927,23923.75,23925.25,0,0,0,0,0,0,0,NaN,23927,23923.75,23925.25
2025-08-14T01:25:00-04:00,23924,23928,23919.25,23928,0,0,0,0,0,0,0,NaN,23928,23919.25,23928
2025-08-14T01:30:00-04:00,23928.5,23930.75,23925.75,23929.25,0,0,0,0,0,0,0,NaN,23930.75,23925.75,23929.25
2025-08-14T01:35:00-04:00,23930.25,23930.25,23922.25,23922.25,0,0,0,0,0,0,0,NaN,23930.25,23922.25,23922.25
2025-08-14T01:40:00-04:00,23923.25,23924,23912.25,23915.5,0,0,0,0,0,0,0,NaN,23924,23912.25,23915.5
2025-08-14T01:45:00-04:00,23915.75,23918.75,23901.75,23904,0,0,0,0,0,0,0,NaN,23918.75,23901.75,23904
2025-08-14T01:50:00-04:00,23904.75,23907.75,23897.75,23904.25,0,0,0,0,0,0,0,NaN,23907.75,23897.75,23904.25
2025-08-14T01:55:00-04:00,23904.75,23910.25,23904.75,23909.75,0,0,0,0,0,0,0,NaN,23910.25,23904.75,23909.75
2025-08-14T02:00:00-04:00,23909.25,23914.5,23904,23912.25,0,0,0,0,0,0,0,NaN,23914.5,23904,23912.25
2025-08-14T02:05:00-04:00,23911.75,23916.75,23911.25,23911.25,0,0,0,0,0,0,0,NaN,23916.75,23911.25,23911.25
2025-08-14T02:10:00-04:00,23911.5,23911.5,23902.25,23903.5,0,0,0,0,0,0,0,NaN,23911.5,23902.25,23903.5
2025-08-14T02:15:00-04:00,23903,23911,23899.25,23908.25,0,0,0,0,0,0,0,NaN,23911,23899.25,23908.25
2025-08-14T02:20:00-04:00,23908.5,23908.5,23901,23902.5,0,0,0,0,0,0,0,NaN,23908.5,23901,23902.5
2025-08-14T02:25:00-04:00,23903,23912.75,23903,23906.5,0,0,0,0,0,0,0,NaN,23912.75,23903,23906.5
2025-08-14T02:30:00-04:00,23905.75,23913.5,23905,23910.25,0,0,0,0,0,0,0,NaN,23913.5,23905,23910.25
2025-08-14T02:35:00-04:00,23909.25,23914.25,23907.5,23913.75,0,0,0,0,0,0,0,NaN,23914.25,23907.5,23913.75
2025-08-14T02:40:00-04:00,23914,23915.5,23910,23910.5,0,0,0,0,0,0,0,NaN,23915.5,23910,23910.5
2025-08-14T02:45:00-04:00,23909.5,23918,23908.75,23915,0,0,0,0,0,0,0,NaN,23918,23908.75,23915
2025-08-14T02:50:00-04:00,23914.75,23916.25,23910.75,23911.75,0,0,0,0,0,0,0,NaN,23916.25,23910.75,23911.75
2025-08-14T02:55:00-04:00,23911,23916.75,23908.5,23915.5,0,0,0,0,0,0,0,NaN,23916.75,23908.5,23915.5
2025-08-14T03:00:00-04:00,23915.25,23925,23914.5,23917.75,0,0,0,0,0,0,0,NaN,23925,23914.5,23917.75
2025-08-14T03:05:00-04:00,23918.25,23924.5,23912.5,23914.5,0,0,0,0,0,0,0,NaN,23924.5,23912.5,23914.5
2025-08-14T03:10:00-04:00,23914.25,23920.25,23911.75,23916.25,0,0,0,0,0,0,0,NaN,23920.25,23911.75,23916.25
2025-08-14T03:15:00-04:00,23917,23928.25,23914.25,23925.75,0,0,0,0,0,0,0,NaN,23928.25,23914.25,23925.75
2025-08-14T03:20:00-04:00,23925.25,23927.25,23921.5,23925.25,0,0,0,0,0,0,0,NaN,23927.25,23921.5,23925.25
2025-08-14T03:25:00-04:00,23924.5,23926,23921,23923.25,0,0,0,0,0,0,0,NaN,23926,23921,23923.25
2025-08-14T03:30:00-04:00,23923.75,23929.5,23921,23926.75,0,0,0,0,0,0,0,NaN,23929.5,23921,23926.75
2025-08-14T03:35:00-04:00,23926.75,23928.5,23923.5,23925.25,0,0,0,0,0,0,0,NaN,23928.5,23923.5,23925.25
2025-08-14T03:40:00-04:00,23925.25,23928.25,23924.5,23925.75,0,0,0,0,0,0,0,NaN,23928.25,23924.5,23925.75
2025-08-14T03:45:00-04:00,23926,23928.75,23916.5,23916.5,0,0,0,0,0,0,0,NaN,23928.75,23916.5,23916.5
2025-08-14T03:50:00-04:00,23916.75,23928,23913,23926.75,0,0,0,0,0,0,0,NaN,23928,23913,23926.75
2025-08-14T03:55:00-04:00,23926,23933.75,23925.25,23933.25,0,0,0,0,0,0,0,NaN,23933.75,23925.25,23933.25
2025-08-14T04:00:00-04:00,23933.75,23937.25,23929.5,23934.75,0,0,0,0,0,0,0,NaN,23937.25,23929.5,23934.75
2025-08-14T04:05:00-04:00,23935,23937.75,23929.5,23932.25,0,0,0,0,0,0,0,NaN,23937.75,23929.5,23932.25
2025-08-14T04:10:00-04:00,23932.25,23935.5,23930.5,23931.75,0,0,0,0,0,0,0,NaN,23935.5,23930.5,23931.75
2025-08-14T04:15:00-04:00,23931.5,23934.75,23930.75,23933.5,0,0,0,0,0,0,0,NaN,23934.75,23930.75,23933.5
2025-08-14T04:20:00-04:00,23933,23937,23933,23936.5,0,0,0,0,0,0,0,NaN,23937,23933,23936.5
2025-08-14T04:25:00-04:00,23936.5,23938.75,23934.25,23936.75,0,0,0,0,0,0,0,NaN,23938.75,23934.25,23936.75
2025-08-14T04:30:00-04:00,23936.75,23942,23936,23938.5,0,0,0,0,0,0,0,NaN,23942,23936,23938.5
2025-08-14T04:35:00-04:00,23938.75,23938.75,23928,23928.5,0,0,0,0,0,0,0,NaN,23938.75,23928,23928.5
2025-08-14T04:40:00-04:00,23928,23931,23923.5,23924.5,0,0,0,0,0,0,0,NaN,23931,23923.5,23924.5
2025-08-14T04:45:00-04:00,23924,23927,23923,23925,0,0,0,0,0,0,0,NaN,23927,23923,23925
2025-08-14T04:50:00-04:00,23925.25,23926.75,23920.75,23922.25,0,0,0,0,0,0,0,NaN,23926.75,23920.75,23922.25
2025-08-14T04:55:00-04:00,23922.25,23925.5,23921.5,23924.25,0,0,0,0,0,0,0,NaN,23925.5,23921.5,23924.25
2025-08-14T05:00:00-04:00,23923.75,23926.5,23917,23919.25,0,0,0,0,0,0,0,NaN,23926.5,23917,23919.25
2025-08-14T05:05:00-04:00,23919.5,23927,23919.5,23924.5,0,0,0,0,0,0,0,NaN,23927,23919.5,23924.5
2025-08-14T05:10:00-04:00,23925.25,23926.75,23923,23923,0,0,0,0,0,0,0,NaN,23926.75,23923,23923
2025-08-14T05:15:00-04:00,23923.25,23930.5,23922.25,23929.5,0,0,0,0,0,0,0,NaN,23930.5,23922.25,23929.5
2025-08-14T05:20:00-04:00,23929.5,23929.75,23925,23925.25,0,0,0,0,0,0,0,NaN,23929.75,23925,23925.25
2025-08-14T05:25:00-04:00,23925.75,23935.25,23924,23934.25,0,0,0,0,0,0,0,NaN,23935.25,23924,23934.25
2025-08-14T05:30:00-04:00,23934.25,23937.5,23932.5,23935.5,0,0,0,0,0,0,0,NaN,23937.5,23932.5,23935.5
2025-08-14T05:35:00-04:00,23934.75,23937.75,23932.75,23934,0,0,0,0,0,0,0,NaN,23937.75,23932.75,23934
2025-08-14T05:40:00-04:00,23934,23935,23927.5,23931.25,0,0,0,0,0,0,0,NaN,23935,23927.5,23931.25
2025-08-14T05:45:00-04:00,23931.5,23934.5,23929.25,23929.25,0,0,0,0,0,0,0,NaN,23934.5,23929.25,23929.25
2025-08-14T05:50:00-04:00,23930,23931,23926,23927.5,0,0,0,0,0,0,0,NaN,23931,23926,23927.5
2025-08-14T05:55:00-04:00,23927.25,23927.25,23923.5,23926.25,0,0,0,0,0,0,0,NaN,23927.25,23923.5,23926.25
2025-08-14T06:00:00-04:00,23926.25,23930,23924.75,23926.5,0,0,0,0,0,0,0,NaN,23930,23924.75,23926.5
2025-08-14T06:05:00-04:00,23927.25,23927.25,23921,23922,0,0,0,0,0,0,0,NaN,23927.25,23921,23922
2025-08-14T06:10:00-04:00,23922.5,23927,23918.75,23924,0,0,0,0,0,0,0,NaN,23927,23918.75,23924
2025-08-14T06:15:00-04:00,23924.25,23929.25,23924.25,23925.25,0,0,0,0,0,0,0,NaN,23929.25,23924.25,23925.25
2025-08-14T06:20:00-04:00,23925.25,23931.25,23922.25,23929.75,0,0,0,0,0,0,0,NaN,23931.25,23922.25,23929.75
2025-08-14T06:25:00-04:00,23929.25,23932,23926,23927,0,0,0,0,0,0,0,NaN,23932,23926,23927
2025-08-14T06:30:00-04:00,23927,23934,23926.25,23933.75,0,0,0,0,0,0,0,NaN,23934,23926.25,23933.75
2025-08-14T06:35:00-04:00,23934,23936.5,23932.5,23934,0,0,0,0,0,0,0,NaN,23936.5,23932.5,23934
2025-08-14T06:40:00-04:00,23934,23934.75,23927,23927.5,0,0,0,0,0,0,0,NaN,23934.75,23927,23927.5
2025-08-14T06:45:00-04:00,23928.25,23930.75,23926.25,23927.25,0,0,0,0,0,0,0,NaN,23930.75,23926.25,23927.25
2025-08-14T06:50:00-04:00,23926.5,23934.25,23925.75,23933,0,0,0,0,0,0,0,NaN,23934.25,23925.75,23933
2025-08-14T06:55:00-04:00,23933,23935.75,23926.75,23935,0,0,0,0,0,0,0,NaN,23935.75,23926.75,23935
2025-08-14T07:00:00-04:00,23934.25,23934.25,23926.75,23931.25,0,0,0,0,0,0,0,NaN,23934.25,23926.75,23931.25
2025-08-14T07:05:00-04:00,23931.5,23935.5,23930,23930,0,0,0,0,0,0,0,NaN,23935.5,23930,23930
2025-08-14T07:10:00-04:00,23929.5,23934.75,23929.5,23933.75,0,0,0,0,0,0,0,NaN,23934.75,23929.5,23933.75
2025-08-14T07:15:00-04:00,23933.75,23938.25,23931.75,23936.75,0,0,0,0,0,0,0,NaN,23938.25,23931.75,23936.75
2025-08-14T07:20:00-04:00,23936.75,23947.75,23936,23945.25,0,0,0,0,0,0,0,NaN,23947.75,23936,23945.25
2025-08-14T07:25:00-04:00,23945.5,23949,23941,23946.5,0,0,0,0,0,0,0,NaN,23949,23941,23946.5
2025-08-14T07:30:00-04:00,23946.5,23949.75,23946.5,23948,0,0,0,0,0,0,0,NaN,23949.75,23946.5,23948
2025-08-14T07:35:00-04:00,23948.25,23949.5,23942,23944.5,0,0,0,0,0,0,0,NaN,23949.5,23942,23944.5
2025-08-14T07:40:00-04:00,23943.5,23946.5,23940.25,23943.75,0,0,0,0,0,0,0,NaN,23946.5,23940.25,23943.75
2025-08-14T07:45:00-04:00,23943,23946.5,23941.25,23945.5,0,0,0,0,0,0,0,NaN,23946.5,23941.25,23945.5
2025-08-14T07:50:00-04:00,23945,23951.5,23945,23949,0,0,0,0,0,0,0,NaN,23951.5,23945,23949
2025-08-14T07:55:00-04:00,23948.75,23957,23947.25,23955.5,0,0,0,0,0,0,0,NaN,23957,23947.25,23955.5
2025-08-14T08:00:00-04:00,23955,23962.75,23953.75,23956,0,0,0,0,0,0,0,NaN,23962.75,23953.75,23956
2025-08-14T08:05:00-04:00,23955.5,23955.5,23945.5,23947.75,0,0,0,0,0,0,0,NaN,23955.5,23945.5,23947.75
2025-08-14T08:10:00-04:00,23947.25,23961.25,23947,23959.5,0,0,0,0,0,0,0,NaN,23961.25,23947,23959.5
2025-08-14T08:15:00-04:00,23960.25,23965,23958,23962.75,0,0,0,0,0,0,0,NaN,23965,23958,23962.75
2025-08-14T08:20:00-04:00,23962.5,23964,23952.5,23956,0,0,0,0,0,0,0,NaN,23964,23952.5,23956
2025-08-14T08:25:00-04:00,23955.75,23958.25,23944.75,23956.25,0,0,0,0,0,0,0,NaN,23958.25,23944.75,23956.25
2025-08-14T08:30:00-04:00,23956.5,23966.75,23817.5,23821.5,0,0,0,0,0,0,0,NaN,23966.75,23817.5,23821.5
2025-08-14T08:35:00-04:00,23821.25,23826.25,23793.25,23818.5,0,0,0,0,0,0,0,NaN,23826.25,23793.25,23818.5
2025-08-14T08:40:00-04:00,23818.5,23850,23816,23848,0,0,0,0,0,0,0,NaN,23850,23816,23848
2025-08-14T08:45:00-04:00,23848.25,23856.25,23829.5,23843.5,0,0,0,0,0,0,0,NaN,23856.25,23829.5,23843.5
2025-08-14T08:50:00-04:00,23843.5,23871,23834.5,23835,0,0,0,0,0,0,0,NaN,23871,23834.5,23835
2025-08-14T08:55:00-04:00,23835.5,23846.5,23828.75,23844.5,0,0,0,0,0,0,0,NaN,23846.5,23828.75,23844.5
2025-08-14T09:00:00-04:00,23843.75,23844.5,23820,23824.5,0,0,0,0,0,0,0,NaN,23844.5,23820,23824.5
2025-08-14T09:05:00-04:00,23823.75,23838.25,23816.5,23837,0,0,0,0,0,0,0,NaN,23838.25,23816.5,23837
2025-08-14T09:10:00-04:00,23836.5,23850.5,23827,23848,0,0,0,0,0,0,0,NaN,23850.5,23827,23848
2025-08-14T09:15:00-04:00,23847.75,23849.5,23827.75,23827.75,0,0,0,0,0,0,0,NaN,23849.5,23827.75,23827.75
2025-08-14T09:20:00-04:00,23828.25,23834.5,23824.75,23826.25,0,0,0,0,0,0,0,NaN,23834.5,23824.75,23826.25
2025-08-14T09:25:00-04:00,23826.25,23860.75,23825.75,23858.25,0,0,0,0,0,0,0,NaN,23860.75,23825.75,23858.25
2025-08-14T09:30:00-04:00,23857.75,23905.5,23841.25,23902.75,0,0,0,0,0,0,0,NaN,23905.5,23841.25,23902.75
2025-08-14T09:35:00-04:00,23902.75,23920.25,23896,23915,0,0,0,0,0,0,0,NaN,23920.25,23896,23915
2025-08-14T09:40:00-04:00,23914.25,23924,23896.25,23922.75,0,0,0,0,0,0,0,NaN,23924,23896.25,23922.75
2025-08-14T09:45:00-04:00,23922,23937.25,23907.75,23931.25,0,0,0,0,0,0,0,NaN,23937.25,23907.75,23931.25
2025-08-14T09:50:00-04:00,23931,23960.25,23918.75,23919,0,0,0,0,0,0,0,NaN,23960.25,23918.75,23919
2025-08-14T09:55:00-04:00,23919.25,23939.75,23897.75,23936,0,0,0,0,0,0,0,NaN,23939.75,23897.75,23936
2025-08-14T10:00:00-04:00,23935.75,23942.75,23921.75,23923.25,0,0,0,0,0,0,0,NaN,23942.75,23921.75,23923.25
2025-08-14T10:05:00-04:00,23923.25,23937.25,23907.75,23919,0,0,0,0,0,0,0,NaN,23937.25,23907.75,23919
2025-08-14T10:10:00-04:00,23918.75,23932.5,23904.75,23910.25,0,0,0,0,0,0,0,NaN,23932.5,23904.75,23910.25
2025-08-14T10:15:00-04:00,23911.5,23953.75,23909.25,23946.5,0,0,0,0,0,0,0,NaN,23953.75,23909.25,23946.5
2025-08-14T10:20:00-04:00,23945.75,23954.75,23929.25,23938.25,0,0,0,0,0,0,0,NaN,23954.75,23929.25,23938.25
2025-08-14T10:25:00-04:00,23938.25,23956,23926.5,23951.75,0,0,0,0,0,0,0,NaN,23956,23926.5,23951.75
2025-08-14T10:30:00-04:00,23951.5,23980,23950.75,23973,0,0,0,0,0,0,0,NaN,23980,23950.75,23973
2025-08-14T10:35:00-04:00,23972.5,23985,23962.25,23984.5,0,0,0,0,0,0,0,NaN,23985,23962.25,23984.5
2025-08-14T10:40:00-04:00,23984,23989.5,23973.25,23982.75,0,0,0,0,0,0,0,NaN,23989.5,23973.25,23982.75
2025-08-14T10:45:00-04:00,23982.25,24007.75,23977.25,23999,0,0,0,0,0,0,0,NaN,24007.75,23977.25,23999
2025-08-14T10:50:00-04:00,23999,23999.5,23973.75,23974.75,0,0,0,0,0,0,0,NaN,23999.5,23973.75,23974.75
2025-08-14T10:55:00-04:00,23974.75,23980,23940.5,23955.5,0,0,0,0,0,0,0,NaN,23980,23940.5,23955.5
2025-08-14T11:00:00-04:00,23955.75,23960.75,23945.75,23948,0,0,0,0,0,0,0,NaN,23960.75,23945.75,23948
2025-08-14T11:05:00-04:00,23948.25,23955.5,23939.25,23943.25,0,0,0,0,0,0,0,NaN,23955.5,23939.25,23943.25
2025-08-14T11:10:00-04:00,23943.25,23946.25,23927.25,23936.25,0,0,0,0,0,0,0,NaN,23946.25,23927.25,23936.25
2025-08-14T11:15:00-04:00,23936.25,23951,23931.75,23933.5,0,0,0,0,0,0,0,NaN,23951,23931.75,23933.5
2025-08-14T11:20:00-04:00,23933.75,23934.25,23910.5,23910.75,0,0,0,0,0,0,0,NaN,23934.25,23910.5,23910.75
2025-08-14T11:25:00-04:00,23910.25,23910.25,23863,23888,0,0,0,0,0,0,0,NaN,23910.25,23863,23888
2025-08-14T11:30:00-04:00,23888,23906,23878.5,23885.75,0,0,0,0,0,0,0,NaN,23906,23878.5,23885.75
2025-08-14T11:35:00-04:00,23886.25,23894,23876.5,23879.25,0,0,0,0,0,0,0,NaN,23894,23876.5,23879.25
2025-08-14T11:40:00-04:00,23879.5,23891,23872,23887.25,0,0,0,0,0,0,0,NaN,23891,23872,23887.25
2025-08-14T11:45:00-04:00,23887.25,23926.25,23880.75,23922,0,0,0,0,0,0,0,NaN,23926.25,23880.75,23922
2025-08-14T11:50:00-04:00,23922.5,23934,23917.25,23925.5,0,0,0,0,0,0,0,NaN,23934,23917.25,23925.5
2025-08-14T11:55:00-04:00,23925.25,23942.75,23917.25,23931.25,0,0,0,0,0,0,0,NaN,23942.75,23917.25,23931.25
2025-08-14T12:00:00-04:00,23931.5,23933.75,23909.25,23911.5,0,0,0,0,0,0,0,NaN,23933.75,23909.25,23911.5
2025-08-14T12:05:00-04:00,23911.25,23917,23895.25,23901,0,0,0,0,0,0,0,NaN,23917,23895.25,23901
2025-08-14T12:10:00-04:00,23901,23903.25,23864.75,23867,0,0,0,0,0,0,0,NaN,23903.25,23864.75,23867
2025-08-14T12:15:00-04:00,23867,23897.75,23864.75,23886,0,0,0,0,0,0,0,NaN,23897.75,23864.75,23886
2025-08-14T12:20:00-04:00,23885.75,23910.75,23875.5,23899,0,0,0,0,0,0,0,NaN,23910.75,23875.5,23899
2025-08-14T12:25:00-04:00,23899.5,23904.75,23879,23883.75,0,0,0,0,0,0,0,NaN,23904.75,23879,23883.75
2025-08-14T12:30:00-04:00,23883.5,23911.75,23883.25,23907.25,0,0,0,0,0,0,0,NaN,23911.75,23883.25,23907.25
2025-08-14T12:35:00-04:00,23907.25,23918.25,23893.75,23908,0,0,0,0,0,0,0,NaN,23918.25,23893.75,23908
2025-08-14T12:40:00-04:00,23908.25,23913,23888,23906.25,0,0,0,0,0,0,0,NaN,23913,23888,23906.25
2025-08-14T12:45:00-04:00,23905.25,23922.75,23899.75,23917.75,0,0,0,0,0,0,0,NaN,23922.75,23899.75,23917.75
2025-08-14T12:50:00-04:00,23918,23943.5,23917.5,23942.25,0,0,0,0,0,0,0,NaN,23943.5,23917.5,23942.25
2025-08-14T12:55:00-04:00,23942.25,23951.25,23932.75,23947.5,0,0,0,0,0,0,0,NaN,23951.25,23932.75,23947.5
2025-08-14T13:00:00-04:00,23947.5,23953.25,23942,23948.5,0,0,0,0,0,0,0,NaN,23953.25,23942,23948.5
2025-08-14T13:05:00-04:00,23949,23955,23942,23953.25,0,0,0,0,0,0,0,NaN,23955,23942,23953.25
2025-08-14T13:10:00-04:00,23953.25,23962,23950.5,23962,0,0,0,0,0,0,0,NaN,23962,23950.5,23962
2025-08-14T13:15:00-04:00,23962,23972.5,23958,23962.75,0,0,0,0,0,0,0,NaN,23972.5,23958,23962.75
2025-08-14T13:20:00-04:00,23962.75,23963.75,23954,23961.75,0,0,0,0,0,0,0,NaN,23963.75,23954,23961.75
2025-08-14T13:25:00-04:00,23961.5,23980,23961.5,23976,0,0,0,0,0,0,0,NaN,23980,23961.5,23976
2025-08-14T13:30:00-04:00,23976.25,23977.75,23964.75,23965.75,0,0,0,0,0,0,0,NaN,23977.75,23964.75,23965.75
2025-08-14T13:35:00-04:00,23966,23966,23956.75,23958,0,0,0,0,0,0,0,NaN,23966,23956.75,23958
2025-08-14T13:40:00-04:00,23958,23959.75,23939.25,23953,0,0,0,0,0,0,0,NaN,23959.75,23939.25,23953
2025-08-14T13:45:00-04:00,23952.5,23963.25,23941.5,23946.75,0,0,0,0,0,0,0,NaN,23963.25,23941.5,23946.75
2025-08-14T13:50:00-04:00,23946,23952.75,23937.5,23952.75,0,0,0,0,0,0,0,NaN,23952.75,23937.5,23952.75
2025-08-14T13:55:00-04:00,23952,23967.5,23945.75,23962.25,0,0,0,0,0,0,0,NaN,23967.5,23945.75,23962.25
2025-08-14T14:00:00-04:00,23963,23963,23938.75,23939.5,0,0,0,0,0,0,0,NaN,23963,23938.75,23939.5
2025-08-14T14:05:00-04:00,23939.25,23942.25,23927,23932.25,0,0,0,0,0,0,0,NaN,23942.25,23927,23932.25
2025-08-14T14:10:00-04:00,23932.25,23934.75,23908,23910.5,0,0,0,0,0,0,0,NaN,23934.75,23908,23910.5
2025-08-14T14:15:00-04:00,23910.75,23920.75,23897.5,23918.75,0,0,0,0,0,0,0,NaN,23920.75,23897.5,23918.75
2025-08-14T14:20:00-04:00,23918.25,23926,23910.25,23923.5,0,0,0,0,0,0,0,NaN,23926,23910.25,23923.5
2025-08-14T14:25:00-04:00,23923.25,23924,23896.75,23904,0,0,0,0,0,0,0,NaN,23924,23896.75,23904
2025-08-14T14:30:00-04:00,23904.25,23908.25,23893.5,23906,0,0,0,0,0,0,0,NaN,23908.25,23893.5,23906
2025-08-14T14:35:00-04:00,23906,23912,23897.25,23908.75,0,0,0,0,0,0,0,NaN,23912,23897.25,23908.75
2025-08-14T14:40:00-04:00,23908.25,23918.25,23905.5,23917.5,0,0,0,0,0,0,0,NaN,23918.25,23905.5,23917.5
2025-08-14T14:45:00-04:00,23917.25,23927.5,23912.25,23926.5,0,0,0,0,0,0,0,NaN,23927.5,23912.25,23926.5
2025-08-14T14:50:00-04:00,23926.75,23938.25,23921.75,23923,0,0,0,0,0,0,0,NaN,23938.25,23921.75,23923
2025-08-14T14:55:00-04:00,23923,23927.75,23912.25,23923.5,0,0,0,0,0,0,0,NaN,23927.75,23912.25,23923.5
2025-08-14T15:00:00-04:00,23924,23930.75,23918.5,23924.5,0,0,0,0,0,0,0,NaN,23930.75,23918.5,23924.5
2025-08-14T15:05:00-04:00,23925.25,23934.25,23917,23932.75,0,0,0,0,0,0,0,NaN,23934.25,23917,23932.75
2025-08-14T15:10:00-04:00,23932.25,23932.75,23918,23927.25,0,0,0,0,0,0,0,NaN,23932.75,23918,23927.25
2025-08-14T15:15:00-04:00,23927.25,23942.25,23918.5,23942,0,0,0,0,0,0,0,NaN,23942.25,23918.5,23942
2025-08-14T15:20:00-04:00,23941.75,23945.25,23927,23929.5,0,0,0,0,0,0,0,NaN,23945.25,23927,23929.5
2025-08-14T15:25:00-04:00,23929,23932,23920.5,23927.75,0,0,0,0,0,0,0,NaN,23932,23920.5,23927.75
2025-08-14T15:30:00-04:00,23928,23930.75,23920.75,23923.25,0,0,0,0,0,0,0,NaN,23930.75,23920.75,23923.25
2025-08-14T15:35:00-04:00,23923.5,23943,23920.5,23936.75,0,0,0,0,0,0,0,NaN,23943,23920.5,23936.75
2025-08-14T15:40:00-04:00,23937,23948,23928.75,23943.25,0,0,0,0,0,0,0,NaN,23948,23928.75,23943.25
2025-08-14T15:45:00-04:00,23942.75,23956,23941.5,23943.25,0,0,0,0,0,0,0,NaN,23956,23941.5,23943.25
2025-08-14T15:50:00-04:00,23942.75,23958.5,23940.5,23953.5,0,0,0,0,0,0,0,NaN,23958.5,23940.5,23953.5
2025-08-14T15:55:00-04:00,23953.5,23953.5,23919.75,23922,0,0,0,0,0,0,0,NaN,23953.5,23919.75,23922
2025-08-14T16:00:00-04:00,23922,23923,23883,23884,0,0,0,0,0,0,0,NaN,23923,23883,23884
2025-08-14T16:05:00-04:00,23883.5,23894.75,23881.25,23885.75,0,0,0,0,0,0,0,NaN,23894.75,23881.25,23885.75
2025-08-14T16:10:00-04:00,23886,23887.25,23870,23870.25,0,0,0,0,0,0,0,NaN,23887.25,23870,23870.25
2025-08-14T16:15:00-04:00,23870.5,23890.5,23870.5,23890,0,0,0,0,0,0,0,NaN,23890.5,23870.5,23890
2025-08-14T16:20:00-04:00,23889.5,23890.25,23880.5,23882.25,0,0,0,0,0,0,0,NaN,23890.25,23880.5,23882.25
2025-08-14T16:25:00-04:00,23882,23890.25,23878.75,23883.25,0,0,0,0,0,0,0,NaN,23890.25,23878.75,23883.25
2025-08-14T16:30:00-04:00,23882.75,23889.25,23879.5,23889.25,0,0,0,0,0,0,0,NaN,23889.25,23879.5,23889.25
2025-08-14T16:35:00-04:00,23889,23898.75,23887.25,23890,0,0,0,0,0,0,0,NaN,23898.75,23887.25,23890
2025-08-14T16:40:00-04:00,23889.75,23890,23883,23886,0,0,0,0,0,0,0,NaN,23890,23883,23886
2025-08-14T16:45:00-04:00,23886.25,23890,23884,23884.75,0,0,0,0,0,0,0,NaN,23890,23884,23884.75
2025-08-14T16:50:00-04:00,23884.75,23890,23883.5,23885.25,0,0,0,0,0,0,0,NaN,23890,23883.5,23885.25
2025-08-14T16:55:00-04:00,23885.75,23894.75,23881.75,23891.5,0,0,0,0,0,0,0,NaN,23894.75,23881.75,23891.5
2025-08-14T18:00:00-04:00,23888.75,23889.5,23871,23884.25,0,0,0,0,0,0,0,NaN,23889.5,23871,23884.25
2025-08-14T18:05:00-04:00,23883.5,23896,23882.75,23896,0,0,0,0,0,0,0,NaN,23896,23882.75,23896
2025-08-14T18:10:00-04:00,23896,23899.25,23892.25,23893.5,0,0,0,0,0,0,0,NaN,23899.25,23892.25,23893.5
2025-08-14T18:15:00-04:00,23894.5,23894.5,23879,23883.75,0,0,0,0,0,0,0,NaN,23894.5,23879,23883.75
2025-08-14T18:20:00-04:00,23883.5,23890.5,23883,23884.75,0,0,0,0,0,0,0,NaN,23890.5,23883,23884.75
2025-08-14T18:25:00-04:00,23884,23889.75,23882,23886,0,0,0,0,0,0,0,NaN,23889.75,23882,23886
2025-08-14T18:30:00-04:00,23886.25,23888.75,23879.75,23883.75,0,0,0,0,0,0,0,NaN,23888.75,23879.75,23883.75
2025-08-14T18:35:00-04:00,23884.5,23890.75,23882,23882.75,0,0,0,0,0,0,0,NaN,23890.75,23882,23882.75
2025-08-14T18:40:00-04:00,23883.25,23887,23882,23886.25,0,0,0,0,0,0,0,NaN,23887,23882,23886.25
2025-08-14T18:45:00-04:00,23887.25,23892.25,23883.75,23886.5,0,0,0,0,0,0,0,NaN,23892.25,23883.75,23886.5
2025-08-14T18:50:00-04:00,23887,23891.25,23885.75,23890.75,0,0,0,0,0,0,0,NaN,23891.25,23885.75,23890.75
2025-08-14T18:55:00-04:00,23890.25,23897,23889.75,23895.5,0,0,0,0,0,0,0,NaN,23897,23889.75,23895.5
2025-08-14T19:00:00-04:00,23896.5,23907.5,23895.5,23903,0,0,0,0,0,0,0,NaN,23907.5,23895.5,23903
2025-08-14T19:05:00-04:00,23903,23908.5,23900.75,23905.75,0,0,0,0,0,0,0,NaN,23908.5,23900.75,23905.75
2025-08-14T19:10:00-04:00,23906,23908.5,23900.25,23901.5,0,0,0,0,0,0,0,NaN,23908.5,23900.25,23901.5
2025-08-14T19:15:00-04:00,23901.5,23906,23901,23906,0,0,0,0,0,0,0,NaN,23906,23901,23906
2025-08-14T19:20:00-04:00,23905.25,23910.75,23901.25,23903.75,0,0,0,0,0,0,0,NaN,23910.75,23901.25,23903.75
2025-08-14T19:25:00-04:00,23904.5,23904.75,23900.75,23903,0,0,0,0,0,0,0,NaN,23904.75,23900.75,23903
2025-08-14T19:30:00-04:00,23901.75,23903.5,23897,23897,0,0,0,0,0,0,0,NaN,23903.5,23897,23897
2025-08-14T19:35:00-04:00,23897.5,23903.75,23897.25,23903,0,0,0,0,0,0,0,NaN,23903.75,23897.25,23903
2025-08-14T19:40:00-04:00,23902,23908.25,23901.75,23904.25,0,0,0,0,0,0,0,NaN,23908.25,23901.75,23904.25
2025-08-14T19:45:00-04:00,23904.75,23911,23899.75,23900.5,0,0,0,0,0,0,0,NaN,23911,23899.75,23900.5
2025-08-14T19:50:00-04:00,23899.75,23901.5,23890.25,23896,0,0,0,0,0,0,0,NaN,23901.5,23890.25,23896
2025-08-14T19:55:00-04:00,23895,23896.5,23888.25,23888.5,0,0,0,0,0,0,0,NaN,23896.5,23888.25,23888.5
2025-08-14T20:00:00-04:00,23889.25,23894.25,23884.75,23889.25,0,0,0,0,0,0,0,NaN,23894.25,23884.75,23889.25
2025-08-14T20:05:00-04:00,23890,23890,23880.25,23880.5,0,0,0,0,0,0,0,NaN,23890,23880.25,23880.5
2025-08-14T20:10:00-04:00,23880,23887,23873.75,23887,0,0,0,0,0,0,0,NaN,23887,23873.75,23887
2025-08-14T20:15:00-04:00,23885.5,23889,23880.5,23883.5,0,0,0,0,0,0,0,NaN,23889,23880.5,23883.5
2025-08-14T20:20:00-04:00,23884.25,23886,23874.25,23885.5,0,0,0,0,0,0,0,NaN,23886,23874.25,23885.5
2025-08-14T20:25:00-04:00,23886,23889.75,23881.75,23889.75,0,0,0,0,0,0,0,NaN,23889.75,23881.75,23889.75
2025-08-14T20:30:00-04:00,23889.25,23895.25,23888.25,23892.25,0,0,0,0,0,0,0,NaN,23895.25,23888.25,23892.25
2025-08-14T20:35:00-04:00,23892,23905.75,23892,23903.5,0,0,0,0,0,0,0,NaN,23905.75,23892,23903.5
2025-08-14T20:40:00-04:00,23905,23913.5,23904.75,23906.75,0,0,0,0,0,0,0,NaN,23913.5,23904.75,23906.75
2025-08-14T20:45:00-04:00,23907,23909.75,23893.75,23896,0,0,0,0,0,0,0,NaN,23909.75,23893.75,23896
2025-08-14T20:50:00-04:00,23896.5,23897.5,23890.5,23893.25,0,0,0,0,0,0,0,NaN,23897.5,23890.5,23893.25
2025-08-14T20:55:00-04:00,23893.75,23895,23890,23892,0,0,0,0,0,0,0,NaN,23895,23890,23892
2025-08-14T21:00:00-04:00,23892.25,23899.5,23890.25,23896.25,0,0,0,0,0,0,0,NaN,23899.5,23890.25,23896.25
2025-08-14T21:05:00-04:00,23897,23899.5,23895.5,23897.5,0,0,0,0,0,0,0,NaN,23899.5,23895.5,23897.5
2025-08-14T21:10:00-04:00,23898.25,23900,23893,23894.25,0,0,0,0,0,0,0,NaN,23900,23893,23894.25
2025-08-14T21:15:00-04:00,23894,23898,23891.25,23896,0,0,0,0,0,0,0,NaN,23898,23891.25,23896
2025-08-14T21:20:00-04:00,23896,23900,23890.5,23898.75,0,0,0,0,0,0,0,NaN,23900,23890.5,23898.75
2025-08-14T21:25:00-04:00,23898.5,23898.5,23893.25,23897.25,0,0,0,0,0,0,0,NaN,23898.5,23893.25,23897.25
2025-08-14T21:30:00-04:00,23897,23901.5,23896,23901,0,0,0,0,0,0,0,NaN,23901.5,23896,23901
2025-08-14T21:35:00-04:00,23901.75,23907.75,23901.25,23906.25,0,0,0,0,0,0,0,NaN,23907.75,23901.25,23906.25
2025-08-14T21:40:00-04:00,23906.5,23910.75,23905.75,23908.25,0,0,0,0,0,0,0,NaN,23910.75,23905.75,23908.25
2025-08-14T21:45:00-04:00,23908.75,23911.5,23904,23906,0,0,0,0,0,0,0,NaN,23911.5,23904,23906
2025-08-14T21:50:00-04:00,23906,23906.5,23900.75,23903.5,0,0,0,0,0,0,0,NaN,23906.5,23900.75,23903.5
2025-08-14T21:55:00-04:00,23904,23907.75,23902.75,23902.75,0,0,0,0,0,0,0,NaN,23907.75,23902.75,23902.75
2025-08-14T22:00:00-04:00,23903,23907,23903,23906.75,0,0,0,0,0,0,0,NaN,23907,23903,23906.75
2025-08-14T22:05:00-04:00,23907.25,23921,23904.75,23919.75,0,0,0,0,0,0,0,NaN,23921,23904.75,23919.75
2025-08-14T22:10:00-04:00,23920,23923,23916,23917.75,0,0,0,0,0,0,0,NaN,23923,23916,23917.75
2025-08-14T22:15:00-04:00,23918.25,23923.25,23915.25,23922,0,0,0,0,0,0,0,NaN,23923.25,23915.25,23922
2025-08-14T22:20:00-04:00,23922.75,23927,23921.25,23926.5,0,0,0,0,0,0,0,NaN,23927,23921.25,23926.5
2025-08-14T22:25:00-04:00,23926.25,23926.5,23917,23920.5,0,0,0,0,0,0,0,NaN,23926.5,23917,23920.5
2025-08-14T22:30:00-04:00,23921,23921.5,23912.75,23915.75,0,0,0,0,0,0,0,NaN,23921.5,23912.75,23915.75
2025-08-14T22:35:00-04:00,23915.75,23921.5,23915.25,23916.25,0,0,0,0,0,0,0,NaN,23921.5,23915.25,23916.25
2025-08-14T22:40:00-04:00,23917.25,23917.5,23910,23910.5,0,0,0,0,0,0,0,NaN,23917.5,23910,23910.5
2025-08-14T22:45:00-04:00,23910.75,23916.5,23908,23916.5,0,0,0,0,0,0,0,NaN,23916.5,23908,23916.5
2025-08-14T22:50:00-04:00,23916.25,23919.25,23914.75,23918.5,0,0,0,0,0,0,0,NaN,23919.25,23914.75,23918.5
2025-08-14T22:55:00-04:00,23917.75,23923.25,23917,23918.5,0,0,0,0,0,0,0,NaN,23923.25,23917,23918.5
2025-08-14T23:00:00-04:00,23917,23922.25,23915.5,23920.75,0,0,0,0,0,0,0,NaN,23922.25,23915.5,23920.75
2025-08-14T23:05:00-04:00,23921,23923.25,23919.5,23919.75,0,0,0,0,0,0,0,NaN,23923.25,23919.5,23919.75
2025-08-14T23:10:00-04:00,23920,23920,23915,23916.75,0,0,0,0,0,0,0,NaN,23920,23915,23916.75
2025-08-14T23:15:00-04:00,23917.25,23925,23913,23921.5,0,0,0,0,0,0,0,NaN,23925,23913,23921.5
2025-08-14T23:20:00-04:00,23921.75,23922.25,23915.25,23915.75,0,0,0,0,0,0,0,NaN,23922.25,23915.25,23915.75
2025-08-14T23:25:00-04:00,23915,23919.75,23914,23918,0,0,0,0,0,0,0,NaN,23919.75,23914,23918
2025-08-14T23:30:00-04:00,23917.5,23923,23915,23916.75,0,0,0,0,0,0,0,NaN,23923,23915,23916.75
2025-08-14T23:35:00-04:00,23916,23916.5,23911.25,23914.5,0,0,0,0,0,0,0,NaN,23916.5,23911.25,23914.5
2025-08-14T23:40:00-04:00,23914,23914.25,23910,23912.75,0,0,0,0,0,0,0,NaN,23914.25,23910,23912.75
2025-08-14T23:45:00-04:00,23913.5,23921.75,23912.25,23920.25,0,0,0,0,0,0,0,NaN,23921.75,23912.25,23920.25
2025-08-14T23:50:00-04:00,23920.75,23925,23918.75,23922.75,0,0,0,0,0,0,0,NaN,23925,23918.75,23922.75
2025-08-14T23:55:00-04:00,23922.5,23929.5,23922.25,23929,0,0,0,0,0,0,0,NaN,23929.5,23922.25,23929
2025-08-15T00:00:00-04:00,23929.25,23938.75,23929,23936.25,0,0,0,0,0,1,0,NaN,23938.75,23929,23936.25
2025-08-15T00:05:00-04:00,23936.25,23942.25,23932.5,23940,0,0,0,0,0,0,0,NaN,23942.25,23932.5,23940
2025-08-15T00:10:00-04:00,23940.25,23941.5,23932.25,23935.75,0,0,0,0,0,0,0,NaN,23941.5,23932.25,23935.75
2025-08-15T00:15:00-04:00,23936,23936.5,23931.5,23936,0,0,0,0,0,0,0,NaN,23936.5,23931.5,23936
2025-08-15T00:20:00-04:00,23935.75,23941.75,23935.25,23936.5,0,0,0,0,0,0,0,NaN,23941.75,23935.25,23936.5
2025-08-15T00:25:00-04:00,23936.25,23938,23932.5,23934.75,0,0,0,0,0,0,0,NaN,23938,23932.5,23934.75
2025-08-15T00:30:00-04:00,23934.75,23939.75,23932.5,23938.5,0,0,0,0,0,0,0,NaN,23939.75,23932.5,23938.5
2025-08-15T00:35:00-04:00,23938.25,23946.5,23937.25,23944,0,0,0,0,0,0,0,NaN,23946.5,23937.25,23944
2025-08-15T00:40:00-04:00,23943.5,23946,23943.25,23944,0,0,0,0,0,0,0,NaN,23946,23943.25,23944
2025-08-15T00:45:00-04:00,23944,23944,23940,23940,0,0,0,0,0,0,0,NaN,23944,23940,23940
2025-08-15T00:50:00-04:00,23940.5,23940.5,23934.5,23936.75,0,0,0,0,0,0,0,NaN,23940.5,23934.5,23936.75
2025-08-15T00:55:00-04:00,23937.25,23938,23936,23937.75,0,0,0,0,0,0,0,NaN,23938,23936,23937.75
2025-08-15T01:00:00-04:00,23937.5,23944.75,23934.25,23941.25,0,0,0,0,0,0,0,NaN,23944.75,23934.25,23941.25
2025-08-15T01:05:00-04:00,23941.5,23944.25,23933,23934.25,0,0,0,0,0,0,0,NaN,23944.25,23933,23934.25
2025-08-15T01:10:00-04:00,23933.75,23935.25,23927.5,23928.5,0,0,0,0,0,0,0,NaN,23935.25,23927.5,23928.5
2025-08-15T01:15:00-04:00,23929.25,23931.25,23926,23929,0,0,0,0,0,0,0,NaN,23931.25,23926,23929
2025-08-15T01:20:00-04:00,23928,23929.75,23923.5,23926.5,0,0,0,0,0,0,0,NaN,23929.75,23923.5,23926.5
2025-08-15T01:25:00-04:00,23926.25,23927,23923.75,23926.5,0,0,0,0,0,0,0,NaN,23927,23923.75,23926.5
2025-08-15T01:30:00-04:00,23924.75,23931.75,23924.75,23930.5,0,0,0,0,0,0,0,NaN,23931.75,23924.75,23930.5
2025-08-15T01:35:00-04:00,23931,23939.5,23931,23938.75,0,0,0,0,0,0,0,NaN,23939.5,23931,23938.75
2025-08-15T01:40:00-04:00,23939.75,23944,23938.25,23941.25,0,0,0,0,0,0,0,NaN,23944,23938.25,23941.25
2025-08-15T01:45:00-04:00,23941.75,23943.5,23940.75,23941.75,0,0,0,0,0,0,0,NaN,23943.5,23940.75,23941.75
2025-08-15T01:50:00-04:00,23941.75,23942.5,23939,23940.75,0,0,0,0,0,0,0,NaN,23942.5,23939,23940.75
2025-08-15T01:55:00-04:00,23941,23942.75,23940.5,23941.25,0,0,0,0,0,0,0,NaN,23942.75,23940.5,23941.25
2025-08-15T02:00:00-04:00,23941.25,23945,23937.75,23943,0,0,0,0,0,0,0,NaN,23945,23937.75,23943
2025-08-15T02:05:00-04:00,23942.75,23943.25,23936.25,23938.75,0,0,0,0,0,0,0,NaN,23943.25,23936.25,23938.75
2025-08-15T02:10:00-04:00,23938.5,23942.5,23936,23942.25,0,0,0,0,0,0,0,NaN,23942.5,23936,23942.25
2025-08-15T02:15:00-04:00,23943,23948.25,23943,23946.5,0,0,0,0,0,0,0,NaN,23948.25,23943,23946.5
2025-08-15T02:20:00-04:00,23946,23949,23936,23939.75,0,0,0,0,0,0,0,NaN,23949,23936,23939.75
2025-08-15T02:25:00-04:00,23939.5,23941,23933.5,23938.5,0,0,0,0,0,0,0,NaN,23941,23933.5,23938.5
2025-08-15T02:30:00-04:00,23939.25,23949.25,23938.75,23943,0,0,0,0,0,0,0,NaN,23949.25,23938.75,23943
2025-08-15T02:35:00-04:00,23943.25,23950.5,23942.75,23944,0,0,0,0,0,0,0,NaN,23950.5,23942.75,23944
2025-08-15T02:40:00-04:00,23943.5,23951.75,23942.5,23948.75,0,0,0,0,0,0,0,NaN,23951.75,23942.5,23948.75
2025-08-15T02:45:00-04:00,23949.5,23952.25,23948.25,23951,0,0,0,0,0,0,0,NaN,23952.25,23948.25,23951
2025-08-15T02:50:00-04:00,23951.25,23960.25,23949.25,23959.75,0,0,0,0,0,0,0,NaN,23960.25,23949.25,23959.75
2025-08-15T02:55:00-04:00,23959.5,23959.5,23948.25,23950.25,0,0,0,0,0,0,0,NaN,23959.5,23948.25,23950.25
2025-08-15T03:00:00-04:00,23950.5,23957,23945,23955.75,0,0,0,0,0,0,0,NaN,23957,23945,23955.75
2025-08-15T03:05:00-04:00,23956.5,23963,23953.75,23958,0,0,0,0,0,0,0,NaN,23963,23953.75,23958
2025-08-15T03:10:00-04:00,23957.5,23958.75,23947.5,23948,0,0,0,0,0,0,0,NaN,23958.75,23947.5,23948
2025-08-15T03:15:00-04:00,23949,23953.5,23942.5,23949.5,0,0,0,0,0,0,0,NaN,23953.5,23942.5,23949.5
2025-08-15T03:20:00-04:00,23949.25,23952,23944,23949.5,0,0,0,0,0,0,0,NaN,23952,23944,23949.5
2025-08-15T03:25:00-04:00,23949.25,23950,23945,23946.5,0,0,0,0,0,0,0,NaN,23950,23945,23946.5
2025-08-15T03:30:00-04:00,23946.75,23947.75,23940.25,23945.5,0,0,0,0,0,0,0,NaN,23947.75,23940.25,23945.5
2025-08-15T03:35:00-04:00,23946.25,23949.75,23945,23948.5,0,0,0,0,0,0,0,NaN,23949.75,23945,23948.5
2025-08-15T03:40:00-04:00,23948,23948,23937.5,23941.75,0,0,0,0,0,0,0,NaN,23948,23937.5,23941.75
2025-08-15T03:45:00-04:00,23941.25,23943.75,23934.75,23935.25,0,0,0,0,0,0,0,NaN,23943.75,23934.75,23935.25
2025-08-15T03:50:00-04:00,23935.25,23938,23928.75,23934.5,0,0,0,0,0,0,0,NaN,23938,23928.75,23934.5
2025-08-15T03:55:00-04:00,23935.25,23941,23933.75,23940.25,0,0,0,0,0,0,0,NaN,23941,23933.75,23940.25
2025-08-15T04:00:00-04:00,23940.25,23951,23938.75,23951,0,0,0,0,0,0,0,NaN,23951,23938.75,23951
2025-08-15T04:05:00-04:00,23951,23953.75,23945.5,23947.5,0,0,0,0,0,0,0,NaN,23953.75,23945.5,23947.5
2025-08-15T04:10:00-04:00,23947.25,23951.25,23940.5,23944.25,0,0,0,0,0,0,0,NaN,23951.25,23940.5,23944.25
2025-08-15T04:15:00-04:00,23945,23947.5,23942,23945,0,0,0,0,0,0,0,NaN,23947.5,23942,23945
2025-08-15T04:20:00-04:00,23944.75,23946,23935,23937.5,0,0,0,0,0,0,0,NaN,23946,23935,23937.5
2025-08-15T04:25:00-04:00,23937.25,23939.75,23932.75,23934.75,0,0,0,0,0,0,0,NaN,23939.75,23932.75,23934.75
2025-08-15T04:30:00-04:00,23934.75,23936.25,23925.75,23930.25,0,0,0,0,0,0,0,NaN,23936.25,23925.75,23930.25
2025-08-15T04:35:00-04:00,23930.25,23930.5,23914.75,23916,0,0,0,0,0,0,0,NaN,23930.5,23914.75,23916
2025-08-15T04:40:00-04:00,23916.75,23916.75,23906.75,23915.75,0,0,0,0,0,0,0,NaN,23916.75,23906.75,23915.75
2025-08-15T04:45:00-04:00,23914.75,23914.75,23879,23879.5,0,0,0,0,0,0,0,NaN,23914.75,23879,23879.5
2025-08-15T04:50:00-04:00,23878.75,23891,23876,23886,0,0,0,0,0,0,0,NaN,23891,23876,23886
2025-08-15T04:55:00-04:00,23886,23893.5,23881,23883.5,0,0,0,0,0,0,0,NaN,23893.5,23881,23883.5
2025-08-15T05:00:00-04:00,23883.25,23891.25,23880.5,23884.25,0,0,0,0,0,0,0,NaN,23891.25,23880.5,23884.25
2025-08-15T05:05:00-04:00,23883.5,23891.75,23878.5,23887.5,0,0,0,0,0,0,0,NaN,23891.75,23878.5,23887.5
2025-08-15T05:10:00-04:00,23888,23896.75,23887.75,23894.5,0,0,0,0,0,0,0,NaN,23896.75,23887.75,23894.5
2025-08-15T05:15:00-04:00,23894.5,23896.25,23884,23889.75,0,0,0,0,0,0,0,NaN,23896.25,23884,23889.75
2025-08-15T05:20:00-04:00,23888.75,23893,23880.5,23884.5,0,0,0,0,0,0,0,NaN,23893,23880.5,23884.5
2025-08-15T05:25:00-04:00,23884,23893,23881.5,23892.75,0,0,0,0,0,0,0,NaN,23893,23881.5,23892.75
2025-08-15T05:30:00-04:00,23892.25,23892.25,23880,23882.25,0,0,0,0,0,0,0,NaN,23892.25,23880,23882.25
2025-08-15T05:35:00-04:00,23882,23888.75,23878,23884,0,0,0,0,0,0,0,NaN,23888.75,23878,23884
2025-08-15T05:40:00-04:00,23883.75,23887,23881.5,23885.75,0,0,0,0,0,0,0,NaN,23887,23881.5,23885.75
2025-08-15T05:45:00-04:00,23886.5,23893.5,23886,23893,0,0,0,0,0,0,0,NaN,23893.5,23886,23893
2025-08-15T05:50:00-04:00,23891.25,23893.75,23884.25,23888.75,0,0,0,0,0,0,0,NaN,23893.75,23884.25,23888.75
2025-08-15T05:55:00-04:00,23889.25,23891,23878,23879.75,0,0,0,0,0,0,0,NaN,23891,23878,23879.75
2025-08-15T06:00:00-04:00,23880.25,23882.75,23875,23877.5,0,0,0,0,0,0,0,NaN,23882.75,23875,23877.5
2025-08-15T06:05:00-04:00,23878,23887.5,23872,23885,0,0,0,0,0,0,0,NaN,23887.5,23872,23885
2025-08-15T06:10:00-04:00,23885.5,23889,23885,23887.75,0,0,0,0,0,0,0,NaN,23889,23885,23887.75
2025-08-15T06:15:00-04:00,23887.5,23888.25,23884,23884.75,0,0,0,0,0,0,0,NaN,23888.25,23884,23884.75
2025-08-15T06:20:00-04:00,23885.25,23895,23883.25,23890.75,0,0,0,0,0,0,0,NaN,23895,23883.25,23890.75
2025-08-15T06:25:00-04:00,23890.25,23894.5,23889.25,23894.5,0,0,0,0,0,0,0,NaN,23894.5,23889.25,23894.5
2025-08-15T06:30:00-04:00,23894.25,23910,23893.5,23908.5,0,0,0,0,0,0,0,NaN,23910,23893.5,23908.5
2025-08-15T06:35:00-04:00,23908.75,23909.25,23899.25,23903.25,0,0,0,0,0,0,0,NaN,23909.25,23899.25,23903.25
2025-08-15T06:40:00-04:00,23902.5,23908.75,23900.25,23905.5,0,0,0,0,0,0,0,NaN,23908.75,23900.25,23905.5
2025-08-15T06:45:00-04:00,23906,23908,23899,23904.75,0,0,0,0,0,0,0,NaN,23908,23899,23904.75
2025-08-15T06:50:00-04:00,23904.75,23906,23904,23906,0,0,0,0,0,0,0,NaN,23906,23904,23906
2025-08-15T06:55:00-04:00,23905.5,23919.25,23905.5,23907.5,0,0,0,0,0,0,0,NaN,23919.25,23905.5,23907.5
2025-08-15T07:00:00-04:00,23907.25,23916.75,23905,23914.75,0,0,0,0,0,0,0,NaN,23916.75,23905,23914.75
2025-08-15T07:05:00-04:00,23914.75,23915,23909.75,23911.5,0,0,0,0,0,0,0,NaN,23915,23909.75,23911.5
2025-08-15T07:10:00-04:00,23911.75,23915.25,23909,23912.5,0,0,0,0,0,0,0,NaN,23915.25,23909,23912.5
2025-08-15T07:15:00-04:00,23911.75,23915.75,23909,23913.5,0,0,0,0,0,0,0,NaN,23915.75,23909,23913.5
2025-08-15T07:20:00-04:00,23913.5,23920,23912.25,23919.5,0,0,0,0,0,0,0,NaN,23920,23912.25,23919.5
2025-08-15T07:25:00-04:00,23919.5,23925.25,23917,23919.75,0,0,0,0,0,0,0,NaN,23925.25,23917,23919.75
2025-08-15T07:30:00-04:00,23919,23921.5,23913.5,23916.75,0,0,0,0,0,0,0,NaN,23921.5,23913.5,23916.75
2025-08-15T07:35:00-04:00,23915.25,23921,23912.5,23920.75,0,0,0,0,0,0,0,NaN,23921,23912.5,23920.75
2025-08-15T07:40:00-04:00,23920.5,23923,23918,23921.25,0,0,0,0,0,0,0,NaN,23923,23918,23921.25
2025-08-15T07:45:00-04:00,23921,23925,23915.75,23923.25,0,0,0,0,0,0,0,NaN,23925,23915.75,23923.25
2025-08-15T07:50:00-04:00,23922.75,23927.25,23922.5,23923.75,0,0,0,0,0,0,0,NaN,23927.25,23922.5,23923.75
2025-08-15T07:55:00-04:00,23923.25,23923.5,23915,23920.25,0,0,0,0,0,0,0,NaN,23923.5,23915,23920.25
2025-08-15T08:00:00-04:00,23920.5,23921.25,23904.5,23909.75,0,0,0,0,0,0,0,NaN,23921.25,23904.5,23909.75
2025-08-15T08:05:00-04:00,23910.25,23913.75,23907.75,23913,0,0,0,0,0,0,0,NaN,23913.75,23907.75,23913
2025-08-15T08:10:00-04:00,23913.25,23917.25,23906,23907.5,0,0,0,0,0,0,0,NaN,23917.25,23906,23907.5
2025-08-15T08:15:00-04:00,23908.25,23911.25,23904.75,23908.5,0,0,0,0,0,0,0,NaN,23911.25,23904.75,23908.5
2025-08-15T08:20:00-04:00,23908.75,23911,23886.25,23894,0,0,0,0,0,0,0,NaN,23911,23886.25,23894
2025-08-15T08:25:00-04:00,23894,23903,23889,23902.25,0,0,0,0,0,0,0,NaN,23903,23889,23902.25
2025-08-15T08:30:00-04:00,23897.25,23915,23885,23907,0,0,0,0,0,0,0,NaN,23915,23885,23907
2025-08-15T08:35:00-04:00,23906,23914.5,23892.75,23901,0,0,0,0,0,0,0,NaN,23914.5,23892.75,23901
2025-08-15T08:40:00-04:00,23901,23911.5,23896.25,23900.5,0,0,0,0,0,0,0,NaN,23911.5,23896.25,23900.5
2025-08-15T08:45:00-04:00,23901.25,23911.5,23901.25,23906.5,0,0,0,0,0,0,0,NaN,23911.5,23901.25,23906.5
2025-08-15T08:50:00-04:00,23907,23911,23901.5,23907.5,0,0,0,0,0,0,0,NaN,23911,23901.5,23907.5
2025-08-15T08:55:00-04:00,23907.75,23911,23902,23905.25,0,0,0,0,0,0,0,NaN,23911,23902,23905.25
2025-08-15T09:00:00-04:00,23904.5,23907.5,23896,23903.5,0,0,0,0,0,0,0,NaN,23907.5,23896,23903.5
2025-08-15T09:05:00-04:00,23903.5,23910.25,23894.25,23898.25,0,0,0,0,0,0,0,NaN,23910.25,23894.25,23898.25
2025-08-15T09:10:00-04:00,23898.25,23899,23892.5,23897.25,0,0,0,0,0,0,0,NaN,23899,23892.5,23897.25
2025-08-15T09:15:00-04:00,23896.5,23908,23895.5,23907.25,0,0,0,0,0,0,0,NaN,23908,23895.5,23907.25
2025-08-15T09:20:00-04:00,23907.5,23914.5,23902.25,23905,0,0,0,0,0,0,0,NaN,23914.5,23902.25,23905
2025-08-15T09:25:00-04:00,23905.25,23924.25,23888,23909,0,0,0,0,0,0,0,NaN,23924.25,23888,23909
2025-08-15T09:30:00-04:00,23909.25,23911,23850,23856.5,0,0,0,0,0,0,0,NaN,23911,23850,23856.5
2025-08-15T09:35:00-04:00,23857,23886.5,23851.25,23853,0,0,0,0,0,0,0,NaN,23886.5,23851.25,23853
2025-08-15T09:40:00-04:00,23852.5,23864,23835,23852.5,0,0,0,0,0,0,0,NaN,23864,23835,23852.5
2025-08-15T09:45:00-04:00,23853,23854,23776.75,23783.5,0,0,0,0,0,0,0,NaN,23854,23776.75,23783.5
2025-08-15T09:50:00-04:00,23784,23806,23770.25,23785.5,0,0,0,0,0,0,0,NaN,23806,23770.25,23785.5
2025-08-15T09:55:00-04:00,23786,23814.25,23785,23807,0,0,0,0,0,0,0,NaN,23814.25,23785,23807
2025-08-15T10:00:00-04:00,23801,23859,23770.25,23853.5,0,0,0,0,0,0,0,NaN,23859,23770.25,23853.5
2025-08-15T10:05:00-04:00,23854,23867.75,23841,23866,0,0,0,0,0,0,0,NaN,23867.75,23841,23866
2025-08-15T10:10:00-04:00,23865.75,23875,23848.75,23871.75,0,0,0,0,0,0,0,NaN,23875,23848.75,23871.75
2025-08-15T10:15:00-04:00,23872.25,23881,23856.75,23864.5,0,0,0,0,0,0,0,NaN,23881,23856.75,23864.5
2025-08-15T10:20:00-04:00,23865.25,23871.5,23846.5,23854.5,0,0,0,0,0,0,0,NaN,23871.5,23846.5,23854.5
2025-08-15T10:25:00-04:00,23855.25,23876.75,23839.25,23855.75,0,0,0,0,0,0,0,NaN,23876.75,23839.25,23855.75
2025-08-15T10:30:00-04:00,23855.5,23862.5,23835.75,23840,0,0,0,0,0,0,0,NaN,23862.5,23835.75,23840
2025-08-15T10:35:00-04:00,23839,23854,23829,23848.25,0,0,0,0,0,0,0,NaN,23854,23829,23848.25
2025-08-15T10:40:00-04:00,23848.25,23855.5,23827.5,23832.5,0,0,0,0,0,0,0,NaN,23855.5,23827.5,23832.5
2025-08-15T10:45:00-04:00,23832.75,23834,23803,23816,0,0,0,0,0,0,0,NaN,23834,23803,23816
2025-08-15T10:50:00-04:00,23815.25,23818.25,23801.5,23808,0,0,0,0,0,0,0,NaN,23818.25,23801.5,23808
2025-08-15T10:55:00-04:00,23808.25,23817,23785.25,23800.5,0,0,0,0,0,0,0,NaN,23817,23785.25,23800.5
2025-08-15T11:00:00-04:00,23800.25,23808.5,23790.25,23801,0,0,0,0,0,0,0,NaN,23808.5,23790.25,23801
2025-08-15T11:05:00-04:00,23800.75,23805.75,23787.75,23801.75,0,0,0,0,0,0,0,NaN,23805.75,23787.75,23801.75
2025-08-15T11:10:00-04:00,23801.5,23814.5,23795.75,23810.75,0,0,0,0,0,0,0,NaN,23814.5,23795.75,23810.75
2025-08-15T11:15:00-04:00,23810.5,23836.5,23807.75,23824,0,0,0,0,0,0,0,NaN,23836.5,23807.75,23824
2025-08-15T11:20:00-04:00,23824.25,23833,23801.5,23804.25,0,0,0,0,0,0,0,NaN,23833,23801.5,23804.25
2025-08-15T11:25:00-04:00,23803.75,23815.25,23800,23802.5,0,0,0,0,0,0,0,NaN,23815.25,23800,23802.5
2025-08-15T11:30:00-04:00,23802.25,23819.25,23798.25,23812.25,0,0,0,0,0,0,0,NaN,23819.25,23798.25,23812.25
2025-08-15T11:35:00-04:00,23812.75,23813.25,23774.25,23774.75,0,0,0,0,0,0,0,NaN,23813.25,23774.25,23774.75
2025-08-15T11:40:00-04:00,23774.75,23779,23734.5,23741.75,0,0,0,0,0,0,0,NaN,23779,23734.5,23741.75
2025-08-15T11:45:00-04:00,23741.75,23780.5,23741.5,23779.25,0,0,0,0,0,0,0,NaN,23780.5,23741.5,23779.25
2025-08-15T11:50:00-04:00,23779,23817,23775,23812.25,0,0,0,0,0,0,0,NaN,23817,23775,23812.25
2025-08-15T11:55:00-04:00,23812,23819,23782.75,23787.75,0,0,0,0,0,0,0,NaN,23819,23782.75,23787.75
2025-08-15T12:00:00-04:00,23787.75,23792.75,23767.75,23776.75,0,0,0,0,0,0,0,NaN,23792.75,23767.75,23776.75
2025-08-15T12:05:00-04:00,23776.75,23797,23774,23795.25,0,0,0,0,0,0,0,NaN,23797,23774,23795.25
2025-08-15T12:10:00-04:00,23794.75,23810,23791.75,23809.25,0,0,0,0,0,0,0,NaN,23810,23791.75,23809.25
2025-08-15T12:15:00-04:00,23809.5,23809.75,23777.75,23783,0,0,0,0,0,0,0,NaN,23809.75,23777.75,23783
2025-08-15T12:20:00-04:00,23783.25,23785.75,23772.25,23776.25,0,0,0,0,0,0,0,NaN,23785.75,23772.25,23776.25
2025-08-15T12:25:00-04:00,23776,23789,23763.75,23767.75,0,0,0,0,0,0,0,NaN,23789,23763.75,23767.75
2025-08-15T12:30:00-04:00,23767.75,23786.75,23763.75,23784.5,0,0,0,0,0,0,0,NaN,23786.75,23763.75,23784.5
2025-08-15T12:35:00-04:00,23784.5,23785.5,23770,23782.5,0,0,0,0,0,0,0,NaN,23785.5,23770,23782.5
2025-08-15T12:40:00-04:00,23782.5,23797.25,23776.5,23790.5,0,0,0,0,0,0,0,NaN,23797.25,23776.5,23790.5
2025-08-15T12:45:00-04:00,23791.25,23806,23783.5,23805.25,0,0,0,0,0,0,0,NaN,23806,23783.5,23805.25
2025-08-15T12:50:00-04:00,23805.5,23818.25,23803,23813,0,0,0,0,0,0,0,NaN,23818.25,23803,23813
2025-08-15T12:55:00-04:00,23812.5,23826,23806.75,23819,0,0,0,0,0,0,0,NaN,23826,23806.75,23819
2025-08-15T13:00:00-04:00,23818.5,23824,23811.75,23814.75,0,0,0,0,0,0,0,NaN,23824,23811.75,23814.75
2025-08-15T13:05:00-04:00,23814.25,23824.5,23807.5,23811.25,0,0,0,0,0,0,0,NaN,23824.5,23807.5,23811.25
2025-08-15T13:10:00-04:00,23811.75,23813.25,23797,23803.5,0,0,0,0,0,0,0,NaN,23813.25,23797,23803.5
2025-08-15T13:15:00-04:00,23803.5,23809.5,23788.25,23790.25,0,0,0,0,0,0,0,NaN,23809.5,23788.25,23790.25
2025-08-15T13:20:00-04:00,23789.5,23796.75,23786,23792.5,0,0,0,0,0,0,0,NaN,23796.75,23786,23792.5
2025-08-15T13:25:00-04:00,23792.5,23808,23788,23806.25,0,0,0,0,0,0,0,NaN,23808,23788,23806.25
2025-08-15T13:30:00-04:00,23805.75,23827.75,23804.75,23818.25,0,0,0,0,0,0,0,NaN,23827.75,23804.75,23818.25
2025-08-15T13:35:00-04:00,23819,23819,23806.25,23810.5,0,0,0,0,0,0,0,NaN,23819,23806.25,23810.5
2025-08-15T13:40:00-04:00,23810.5,23817.5,23806,23810,0,0,0,0,0,0,0,NaN,23817.5,23806,23810
2025-08-15T13:45:00-04:00,23810,23812.25,23801.75,23807.75,0,0,0,0,0,0,0,NaN,23812.25,23801.75,23807.75
2025-08-15T13:50:00-04:00,23807.75,23812.5,23802.75,23809.5,0,0,0,0,0,0,0,NaN,23812.5,23802.75,23809.5
2025-08-15T13:55:00-04:00,23809,23843.25,23808.5,23839.75,0,0,0,0,0,0,0,NaN,23843.25,23808.5,23839.75
2025-08-15T14:00:00-04:00,23839.75,23847.5,23811.25,23830.75,0,0,0,0,0,0,0,NaN,23847.5,23811.25,23830.75
2025-08-15T14:05:00-04:00,23831,23834,23819.75,23830.75,0,0,0,0,0,0,0,NaN,23834,23819.75,23830.75
2025-08-15T14:10:00-04:00,23830.5,23833.25,23818.25,23821,0,0,0,0,0,0,0,NaN,23833.25,23818.25,23821
2025-08-15T14:15:00-04:00,23820.5,23822,23806.5,23809.5,0,0,0,0,0,0,0,NaN,23822,23806.5,23809.5
2025-08-15T14:20:00-04:00,23809.5,23815.25,23802,23814.25,0,0,0,0,0,0,0,NaN,23815.25,23802,23814.25
2025-08-15T14:25:00-04:00,23813.25,23827.75,23809.5,23824.5,0,0,0,0,0,0,0,NaN,23827.75,23809.5,23824.5
2025-08-15T14:30:00-04:00,23823.75,23830.5,23819.5,23823.25,0,0,0,0,0,0,0,NaN,23830.5,23819.5,23823.25
2025-08-15T14:35:00-04:00,23823.75,23825.25,23810.25,23813,0,0,0,0,0,0,0,NaN,23825.25,23810.25,23813
2025-08-15T14:40:00-04:00,23813.25,23818.25,23806.5,23808,0,0,0,0,0,0,0,NaN,23818.25,23806.5,23808
2025-08-15T14:45:00-04:00,23808.5,23814.25,23797.25,23800.75,0,0,0,0,0,0,0,NaN,23814.25,23797.25,23800.75
2025-08-15T14:50:00-04:00,23801,23819,23800.75,23816.75,0,0,0,0,0,0,0,NaN,23819,23800.75,23816.75
2025-08-15T14:55:00-04:00,23816.5,23821,23790,23811.5,0,0,0,0,0,0,0,NaN,23821,23790,23811.5
2025-08-15T15:00:00-04:00,23811,23812.75,23775.75,23789.5,0,0,0,0,0,0,0,NaN,23812.75,23775.75,23789.5
2025-08-15T15:05:00-04:00,23789.25,23801.5,23777.5,23800.5,0,0,0,0,0,0,0,NaN,23801.5,23777.5,23800.5
2025-08-15T15:10:00-04:00,23801,23809.5,23801,23807.25,0,0,0,0,0,0,0,NaN,23809.5,23801,23807.25
2025-08-15T15:15:00-04:00,23807.75,23814,23788.5,23802.25,0,0,0,0,0,0,0,NaN,23814,23788.5,23802.25
2025-08-15T15:20:00-04:00,23802.75,23814.5,23801,23806.5,0,0,0,0,0,0,0,NaN,23814.5,23801,23806.5
2025-08-15T15:25:00-04:00,23806.25,23812.75,23801.75,23807.25,0,0,0,0,0,0,0,NaN,23812.75,23801.75,23807.25
2025-08-15T15:30:00-04:00,23807.25,23815,23803.25,23811,0,0,0,0,0,0,0,NaN,23815,23803.25,23811
2025-08-15T15:35:00-04:00,23811,23819.5,23808.75,23809.5,0,0,0,0,0,0,0,NaN,23819.5,23808.75,23809.5
2025-08-15T15:40:00-04:00,23809.5,23827,23809.5,23821.5,0,0,0,0,0,0,0,NaN,23827,23809.5,23821.5
2025-08-15T15:45:00-04:00,23821.75,23826.25,23819,23823.75,0,0,0,0,0,0,0,NaN,23826.25,23819,23823.75
2025-08-15T15:50:00-04:00,23823.25,23830.5,23801,23805.75,0,0,0,0,0,0,0,NaN,23830.5,23801,23805.75
2025-08-15T15:55:00-04:00,23805.5,23810.5,23792.25,23806,0,0,0,0,0,0,0,NaN,23810.5,23792.25,23806
2025-08-15T16:00:00-04:00,23805.75,23811.25,23777.75,23789.5,0,0,0,0,0,0,0,NaN,23811.25,23777.75,23789.5
2025-08-15T16:05:00-04:00,23789.75,23796.75,23787.25,23793.5,0,0,0,0,0,0,0,NaN,23796.75,23787.25,23793.5
2025-08-15T16:10:00-04:00,23793.5,23811.25,23790,23809.25,0,0,0,0,0,0,0,NaN,23811.25,23790,23809.25
2025-08-15T16:15:00-04:00,23809,23811.25,23799,23802.25,0,0,0,0,0,0,0,NaN,23811.25,23799,23802.25
2025-08-15T16:20:00-04:00,23802.25,23805,23792.75,23795.5,0,0,0,0,0,0,0,NaN,23805,23792.75,23795.5
2025-08-15T16:25:00-04:00,23795.5,23797.25,23791.75,23795.25,0,0,0,0,0,0,0,NaN,23797.25,23791.75,23795.25
2025-08-15T16:30:00-04:00,23795.5,23798.5,23793.25,23798.5,0,0,0,0,0,0,0,NaN,23798.5,23793.25,23798.5
2025-08-15T16:35:00-04:00,23798.5,23798.5,23790.5,23792.25,0,0,0,0,0,0,0,NaN,23798.5,23790.5,23792.25
2025-08-15T16:40:00-04:00,23791.25,23794.5,23790.5,23793.25,0,0,0,0,0,0,0,NaN,23794.5,23790.5,23793.25
2025-08-15T16:45:00-04:00,23793.75,23794.5,23790.5,23792.25,0,0,0,0,0,0,0,NaN,23794.5,23790.5,23792.25
2025-08-15T16:50:00-04:00,23792,23796.5,23791.75,23795.5,0,0,0,0,0,0,0,NaN,23796.5,23791.75,23795.5
2025-08-15T16:55:00-04:00,23795.25,23798,23791.75,23796.75,0,0,0,0,0,0,0,NaN,23798,23791.75,23796.75
2025-08-17T18:00:00-04:00,23795,23828.25,23795,23825.75,0,0,0,0,0,0,0,NaN,23828.25,23795,23825.75
2025-08-17T18:05:00-04:00,23826,23841.75,23825.75,23838.5,0,0,0,0,0,0,0,NaN,23841.75,23825.75,23838.5
2025-08-17T18:10:00-04:00,23839,23845,23838.75,23842,0,0,0,0,0,0,0,NaN,23845,23838.75,23842
2025-08-17T18:15:00-04:00,23842.5,23849.5,23833.25,23837.75,0,0,0,0,0,0,0,NaN,23849.5,23833.25,23837.75
2025-08-17T18:20:00-04:00,23838,23844.5,23835,23844.25,0,0,0,0,0,0,0,NaN,23844.5,23835,23844.25
2025-08-17T18:25:00-04:00,23841.75,23848.25,23841.75,23844.25,0,0,0,0,0,0,0,NaN,23848.25,23841.75,23844.25
2025-08-17T18:30:00-04:00,23844.5,23848.5,23842.75,23848.5,0,0,0,0,0,0,0,NaN,23848.5,23842.75,23848.5
2025-08-17T18:35:00-04:00,23848.5,23850,23844,23846.25,0,0,0,0,0,0,0,NaN,23850,23844,23846.25
2025-08-17T18:40:00-04:00,23846.25,23849.75,23844.5,23848.75,0,0,0,0,0,0,0,NaN,23849.75,23844.5,23848.75
2025-08-17T18:45:00-04:00,23849.5,23850,23845.25,23849.25,0,0,0,0,0,0,0,NaN,23850,23845.25,23849.25
2025-08-17T18:50:00-04:00,23848.5,23853.5,23847.25,23849,0,0,0,0,0,0,0,NaN,23853.5,23847.25,23849
2025-08-17T18:55:00-04:00,23849.5,23849.5,23846,23847.75,0,0,0,0,0,0,0,NaN,23849.5,23846,23847.75
2025-08-17T19:00:00-04:00,23848,23850.75,23843.5,23845.75,0,0,0,0,0,0,0,NaN,23850.75,23843.5,23845.75
2025-08-17T19:05:00-04:00,23844.75,23847.25,23840.5,23847.25,0,0,0,0,0,0,0,NaN,23847.25,23840.5,23847.25
2025-08-17T19:10:00-04:00,23847.75,23850.25,23845.25,23845.5,0,0,0,0,0,0,0,NaN,23850.25,23845.25,23845.5
2025-08-17T19:15:00-04:00,23845.75,23849,23845,23848.25,0,0,0,0,0,0,0,NaN,23849,23845,23848.25
2025-08-17T19:20:00-04:00,23848.5,23848.5,23843.25,23843.75,0,0,0,0,0,0,0,NaN,23848.5,23843.25,23843.75
2025-08-17T19:25:00-04:00,23843.75,23847.5,23842.5,23846,0,0,0,0,0,0,0,NaN,23847.5,23842.5,23846
2025-08-17T19:30:00-04:00,23845.75,23852.5,23845.25,23849,0,0,0,0,0,0,0,NaN,23852.5,23845.25,23849
2025-08-17T19:35:00-04:00,23849,23853,23848,23851,0,0,0,0,0,0,0,NaN,23853,23848,23851
2025-08-17T19:40:00-04:00,23850.75,23860,23850.75,23858,0,0,0,0,0,0,0,NaN,23860,23850.75,23858
2025-08-17T19:45:00-04:00,23857.75,23858.25,23845,23845,0,0,0,0,0,0,0,NaN,23858.25,23845,23845
2025-08-17T19:50:00-04:00,23845.25,23848.75,23843,23847.5,0,0,0,0,0,0,0,NaN,23848.75,23843,23847.5
2025-08-17T19:55:00-04:00,23848,23851.5,23845.25,23851,0,0,0,0,0,0,0,NaN,23851.5,23845.25,23851
2025-08-17T20:00:00-04:00,23850.75,23856,23845.75,23854.75,0,0,0,0,0,0,0,NaN,23856,23845.75,23854.75
2025-08-17T20:05:00-04:00,23855.25,23865,23853,23865,0,0,0,0,0,0,0,NaN,23865,23853,23865
2025-08-17T20:10:00-04:00,23865,23867,23862.5,23864.75,0,0,0,0,0,0,0,NaN,23867,23862.5,23864.75
2025-08-17T20:15:00-04:00,23864,23864.5,23857.5,23858.25,0,0,0,0,0,0,0,NaN,23864.5,23857.5,23858.25
2025-08-17T20:20:00-04:00,23858.5,23861.75,23857,23857.75,0,0,0,0,0,0,0,NaN,23861.75,23857,23857.75
2025-08-17T20:25:00-04:00,23857,23862,23857,23861.25,0,0,0,0,0,0,0,NaN,23862,23857,23861.25
2025-08-17T20:30:00-04:00,23861,23862.25,23858.5,23859.5,0,0,0,0,0,0,0,NaN,23862.25,23858.5,23859.5
2025-08-17T20:35:00-04:00,23860,23865.25,23859.75,23863,0,0,0,0,0,0,0,NaN,23865.25,23859.75,23863
2025-08-17T20:40:00-04:00,23862,23865.25,23861,23861.5,0,0,0,0,0,0,0,NaN,23865.25,23861,23861.5
2025-08-17T20:45:00-04:00,23862,23862.5,23856,23859.5,0,0,0,0,0,0,0,NaN,23862.5,23856,23859.5
2025-08-17T20:50:00-04:00,23860.75,23861.25,23856.25,23859.75,0,0,0,0,0,0,0,NaN,23861.25,23856.25,23859.75
2025-08-17T20:55:00-04:00,23860.5,23860.5,23854.25,23857,0,0,0,0,0,0,0,NaN,23860.5,23854.25,23857
2025-08-17T21:00:00-04:00,23857.25,23860.75,23855.25,23859.5,0,0,0,0,0,0,0,NaN,23860.75,23855.25,23859.5
2025-08-17T21:05:00-04:00,23858.5,23861,23857.5,23857.75,0,0,0,0,0,0,0,NaN,23861,23857.5,23857.75
2025-08-17T21:10:00-04:00,23858.75,23862.5,23858.25,23862.5,0,0,0,0,0,0,0,NaN,23862.5,23858.25,23862.5
2025-08-17T21:15:00-04:00,23862.75,23865.75,23861.25,23861.25,0,0,0,0,0,0,0,NaN,23865.75,23861.25,23861.25
2025-08-17T21:20:00-04:00,23862,23865.75,23862,23864.5,0,0,0,0,0,0,0,NaN,23865.75,23862,23864.5
2025-08-17T21:25:00-04:00,23864.75,23873.75,23863.5,23871.25,0,0,0,0,0,0,0,NaN,23873.75,23863.5,23871.25
2025-08-17T21:30:00-04:00,23871.75,23874.5,23870,23873.75,0,0,0,0,0,0,0,NaN,23874.5,23870,23873.75
2025-08-17T21:35:00-04:00,23873.5,23875,23872,23874.25,0,0,0,0,0,0,0,NaN,23875,23872,23874.25
2025-08-17T21:40:00-04:00,23874.75,23876.5,23873,23874.75,0,0,0,0,0,0,0,NaN,23876.5,23873,23874.75
2025-08-17T21:45:00-04:00,23874.5,23877.5,23874,23876.5,0,0,0,0,0,0,0,NaN,23877.5,23874,23876.5
2025-08-17T21:50:00-04:00,23877.5,23879.25,23875.75,23879,0,0,0,0,0,0,0,NaN,23879.25,23875.75,23879
2025-08-17T21:55:00-04:00,23879.25,23881.5,23876.5,23881.5,0,0,0,0,0,0,0,NaN,23881.5,23876.5,23881.5
2025-08-17T22:00:00-04:00,23881,23881.75,23876,23878.25,0,0,0,0,0,0,0,NaN,23881.75,23876,23878.25
2025-08-17T22:05:00-04:00,23878,23879.25,23875.25,23877.5,0,0,0,0,0,0,0,NaN,23879.25,23875.25,23877.5
2025-08-17T22:10:00-04:00,23877.25,23879,23876.25,23878.75,0,0,0,0,0,0,0,NaN,23879,23876.25,23878.75
2025-08-17T22:15:00-04:00,23879,23880,23877.25,23877.25,0,0,0,0,0,0,0,NaN,23880,23877.25,23877.25
2025-08-17T22:20:00-04:00,23877.5,23877.75,23867.75,23869.75,0,0,0,0,0,0,0,NaN,23877.75,23867.75,23869.75
2025-08-17T22:25:00-04:00,23869.75,23878,23868.75,23874.75,0,0,0,0,0,0,0,NaN,23878,23868.75,23874.75
2025-08-17T22:30:00-04:00,23874,23876.5,23873.5,23875.75,0,0,0,0,0,0,0,NaN,23876.5,23873.5,23875.75
2025-08-17T22:35:00-04:00,23876.5,23878,23875.25,23876.5,0,0,0,0,0,0,0,NaN,23878,23875.25,23876.5
2025-08-17T22:40:00-04:00,23876.75,23879,23873.75,23875.5,0,0,0,0,0,0,0,NaN,23879,23873.75,23875.5
2025-08-17T22:45:00-04:00,23875.25,23877.25,23874,23874.5,0,0,0,0,0,0,0,NaN,23877.25,23874,23874.5
2025-08-17T22:50:00-04:00,23874.75,23876.5,23872.75,23875.25,0,0,0,0,0,0,0,NaN,23876.5,23872.75,23875.25
2025-08-17T22:55:00-04:00,23875.5,23877.5,23875.5,23877.5,0,0,0,0,0,0,0,NaN,23877.5,23875.5,23877.5
2025-08-17T23:00:00-04:00,23877.25,23877.75,23875.75,23877,0,0,0,0,0,0,0,NaN,23877.75,23875.75,23877
2025-08-17T23:05:00-04:00,23877,23878,23876.25,23876.5,0,0,0,0,0,0,0,NaN,23878,23876.25,23876.5
2025-08-17T23:10:00-04:00,23876.5,23878.75,23876.5,23878,0,0,0,0,0,0,0,NaN,23878.75,23876.5,23878
2025-08-17T23:15:00-04:00,23878.5,23879.5,23873.75,23874,0,0,0,0,0,0,0,NaN,23879.5,23873.75,23874
2025-08-17T23:20:00-04:00,23873.5,23874.25,23870.75,23872.75,0,0,0,0,0,0,0,NaN,23874.25,23870.75,23872.75
2025-08-17T23:25:00-04:00,23872.75,23874,23869,23869.25,0,0,0,0,0,0,0,NaN,23874,23869,23869.25
2025-08-17T23:30:00-04:00,23869.75,23869.75,23861,23861,0,0,0,0,0,0,0,NaN,23869.75,23861,23861
2025-08-17T23:35:00-04:00,23861.25,23864.75,23859.25,23860.5,0,0,0,0,0,0,0,NaN,23864.75,23859.25,23860.5
2025-08-17T23:40:00-04:00,23860.25,23860.25,23856,23857.75,0,0,0,0,0,0,0,NaN,23860.25,23856,23857.75
2025-08-17T23:45:00-04:00,23857.25,23865.25,23856.5,23862.5,0,0,0,0,0,0,0,NaN,23865.25,23856.5,23862.5
2025-08-17T23:50:00-04:00,23862.75,23863.5,23859,23859.5,0,0,0,0,0,0,0,NaN,23863.5,23859,23859.5
2025-08-17T23:55:00-04:00,23859.75,23863,23857.75,23857.75,0,0,0,0,0,0,0,NaN,23863,23857.75,23857.75
2025-08-18T00:00:00-04:00,23857.25,23859,23855.25,23858,0,1,0,0,0,0,0,NaN,23859,23855.25,23858
2025-08-18T00:05:00-04:00,23857.5,23857.75,23853,23855.5,0,0,0,0,0,0,0,NaN,23857.75,23853,23855.5
2025-08-18T00:10:00-04:00,23855.5,23855.75,23846,23849.25,0,0,0,0,0,0,0,NaN,23855.75,23846,23849.25
2025-08-18T00:15:00-04:00,23847.75,23852.25,23845.25,23849.5,0,0,0,0,0,0,0,NaN,23852.25,23845.25,23849.5
2025-08-18T00:20:00-04:00,23849.25,23854.25,23847.25,23853.25,0,0,0,0,0,0,0,NaN,23854.25,23847.25,23853.25
2025-08-18T00:25:00-04:00,23853,23857.25,23852.75,23855.5,0,0,0,0,0,0,0,NaN,23857.25,23852.75,23855.5
2025-08-18T00:30:00-04:00,23855.5,23857.5,23854.25,23857,0,0,0,0,0,0,0,NaN,23857.5,23854.25,23857
2025-08-18T00:35:00-04:00,23857.5,23860,23856.75,23858.25,0,0,0,0,0,0,0,NaN,23860,23856.75,23858.25
2025-08-18T00:40:00-04:00,23858.25,23858.5,23852.25,23853.25,0,0,0,0,0,0,0,NaN,23858.5,23852.25,23853.25
2025-08-18T00:45:00-04:00,23853,23855.75,23849.25,23854.25,0,0,0,0,0,0,0,NaN,23855.75,23849.25,23854.25
2025-08-18T00:50:00-04:00,23855.25,23855.5,23852.75,23854.25,0,0,0,0,0,0,0,NaN,23855.5,23852.75,23854.25
2025-08-18T00:55:00-04:00,23854.5,23854.5,23848.25,23848.75,0,0,0,0,0,0,0,NaN,23854.5,23848.25,23848.75
2025-08-18T01:00:00-04:00,23849.25,23852.5,23849.25,23851,0,0,0,0,0,0,0,NaN,23852.5,23849.25,23851
2025-08-18T01:05:00-04:00,23850.5,23858.5,23849.5,23850.5,0,0,0,0,0,0,0,NaN,23858.5,23849.5,23850.5
2025-08-18T01:10:00-04:00,23850,23851.5,23847,23848.25,0,0,0,0,0,0,0,NaN,23851.5,23847,23848.25
2025-08-18T01:15:00-04:00,23848.5,23852.25,23847.75,23851.5,0,0,0,0,0,0,0,NaN,23852.25,23847.75,23851.5
2025-08-18T01:20:00-04:00,23852,23853.25,23842,23842.75,0,0,0,0,0,0,0,NaN,23853.25,23842,23842.75
2025-08-18T01:25:00-04:00,23843.25,23847,23841.75,23844.25,0,0,0,0,0,0,0,NaN,23847,23841.75,23844.25
2025-08-18T01:30:00-04:00,23845.25,23846.5,23843.5,23845,0,0,0,0,0,0,0,NaN,23846.5,23843.5,23845
2025-08-18T01:35:00-04:00,23845,23850.75,23845,23847.5,0,0,0,0,0,0,0,NaN,23850.75,23845,23847.5
2025-08-18T01:40:00-04:00,23848,23851.5,23847.75,23848.25,0,0,0,0,0,0,0,NaN,23851.5,23847.75,23848.25
2025-08-18T01:45:00-04:00,23848,23850.5,23848,23849.5,0,0,0,0,0,0,0,NaN,23850.5,23848,23849.5
2025-08-18T01:50:00-04:00,23850,23853,23849,23851.75,0,0,0,0,0,0,0,NaN,23853,23849,23851.75
2025-08-18T01:55:00-04:00,23852,23856.25,23849.5,23852,0,0,0,0,0,0,0,NaN,23856.25,23849.5,23852
2025-08-18T02:00:00-04:00,23852,23854.75,23842.25,23843.25,0,0,0,0,0,0,0,NaN,23854.75,23842.25,23843.25
2025-08-18T02:05:00-04:00,23843,23848.75,23837.75,23839.75,0,0,0,0,0,0,0,NaN,23848.75,23837.75,23839.75
2025-08-18T02:10:00-04:00,23839.5,23839.5,23828.25,23828.5,0,0,0,0,0,0,0,NaN,23839.5,23828.25,23828.5
2025-08-18T02:15:00-04:00,23828,23829.5,23816.25,23817.5,0,0,0,0,0,0,0,NaN,23829.5,23816.25,23817.5
2025-08-18T02:20:00-04:00,23817.25,23819.25,23811,23812.5,0,0,0,0,0,0,0,NaN,23819.25,23811,23812.5
2025-08-18T02:25:00-04:00,23811.75,23816,23800,23804.75,0,0,0,0,0,0,0,NaN,23816,23800,23804.75
2025-08-18T02:30:00-04:00,23804.25,23822,23802.5,23821.75,0,0,0,0,0,0,0,NaN,23822,23802.5,23821.75
2025-08-18T02:35:00-04:00,23820.75,23823.5,23813,23813.5,0,0,0,0,0,0,0,NaN,23823.5,23813,23813.5
2025-08-18T02:40:00-04:00,23814.75,23815.75,23771.25,23783.75,0,0,0,0,0,0,0,NaN,23815.75,23771.25,23783.75
2025-08-18T02:45:00-04:00,23784.25,23800,23777.5,23799,0,0,0,0,0,0,0,NaN,23800,23777.5,23799
2025-08-18T02:50:00-04:00,23798.75,23804,23788.25,23790.5,0,0,0,0,0,0,0,NaN,23804,23788.25,23790.5
2025-08-18T02:55:00-04:00,23790.25,23805,23789.5,23802.5,0,0,0,0,0,0,0,NaN,23805,23789.5,23802.5
2025-08-18T03:00:00-04:00,23803,23816.25,23800.75,23816.25,0,0,0,0,0,0,0,NaN,23816.25,23800.75,23816.25
2025-08-18T03:05:00-04:00,23815.75,23815.75,23782.75,23797.25,0,0,0,0,0,0,0,NaN,23815.75,23782.75,23797.25
2025-08-18T03:10:00-04:00,23798,23804.25,23790.25,23797.5,0,0,0,0,0,0,0,NaN,23804.25,23790.25,23797.5
2025-08-18T03:15:00-04:00,23797.75,23806.75,23794,23800,0,0,0,0,0,0,0,NaN,23806.75,23794,23800
2025-08-18T03:20:00-04:00,23800.25,23814.75,23794.75,23810,0,0,0,0,0,0,0,NaN,23814.75,23794.75,23810
2025-08-18T03:25:00-04:00,23811,23813,23796.75,23799.25,0,0,0,0,0,0,0,NaN,23813,23796.75,23799.25
2025-08-18T03:30:00-04:00,23799.75,23800.25,23780.75,23782.5,0,0,0,0,0,0,0,NaN,23800.25,23780.75,23782.5
2025-08-18T03:35:00-04:00,23783.25,23800,23780.5,23797.75,0,0,0,0,0,0,0,NaN,23800,23780.5,23797.75
2025-08-18T03:40:00-04:00,23797.25,23807,23795.5,23802.75,0,0,0,0,0,0,0,NaN,23807,23795.5,23802.75
2025-08-18T03:45:00-04:00,23802.5,23809.5,23792.25,23801.75,0,0,0,0,0,0,0,NaN,23809.5,23792.25,23801.75
2025-08-18T03:50:00-04:00,23801.75,23807.5,23797.25,23804.25,0,0,0,0,0,0,0,NaN,23807.5,23797.25,23804.25
2025-08-18T03:55:00-04:00,23805,23807,23800.75,23806.25,0,0,0,0,0,0,0,NaN,23807,23800.75,23806.25
2025-08-18T04:00:00-04:00,23805.5,23811.75,23796,23796.75,0,0,0,0,0,0,0,NaN,23811.75,23796,23796.75
2025-08-18T04:05:00-04:00,23796.5,23805,23782.75,23784.25,0,0,0,0,0,0,0,NaN,23805,23782.75,23784.25
2025-08-18T04:10:00-04:00,23783,23788.25,23767,23770.25,0,0,0,0,0,0,0,NaN,23788.25,23767,23770.25
2025-08-18T04:15:00-04:00,23768.75,23775.5,23762,23774.5,0,0,0,0,0,0,0,NaN,23775.5,23762,23774.5
2025-08-18T04:20:00-04:00,23774,23780.75,23759.5,23760.75,0,0,0,0,0,0,0,NaN,23780.75,23759.5,23760.75
2025-08-18T04:25:00-04:00,23762.25,23767,23743.5,23765.75,0,0,0,0,0,0,0,NaN,23767,23743.5,23765.75
2025-08-18T04:30:00-04:00,23766,23785,23759,23784.5,0,0,0,0,0,0,0,NaN,23785,23759,23784.5
2025-08-18T04:35:00-04:00,23784,23787.5,23781,23787.25,0,0,0,0,0,0,0,NaN,23787.5,23781,23787.25
2025-08-18T04:40:00-04:00,23787.25,23796.25,23786.25,23791.5,0,0,0,0,0,0,0,NaN,23796.25,23786.25,23791.5
2025-08-18T04:45:00-04:00,23791.25,23791.75,23781.5,23788.75,0,0,0,0,0,0,0,NaN,23791.75,23781.5,23788.75
2025-08-18T04:50:00-04:00,23788.75,23792.5,23775.75,23783,0,0,0,0,0,0,0,NaN,23792.5,23775.75,23783
2025-08-18T04:55:00-04:00,23784,23786.5,23775.75,23778.5,0,0,0,0,0,0,0,NaN,23786.5,23775.75,23778.5
2025-08-18T05:00:00-04:00,23779,23781,23767.25,23776,0,0,0,0,0,0,0,NaN,23781,23767.25,23776
2025-08-18T05:05:00-04:00,23774.75,23775.75,23767,23771.25,0,0,0,0,0,0,0,NaN,23775.75,23767,23771.25
2025-08-18T05:10:00-04:00,23770.25,23776.5,23766.75,23768,0,0,0,0,0,0,0,NaN,23776.5,23766.75,23768
2025-08-18T05:15:00-04:00,23767.5,23768.25,23756.5,23759.75,0,0,0,0,0,0,0,NaN,23768.25,23756.5,23759.75
2025-08-18T05:20:00-04:00,23761,23766.5,23745.5,23749,0,0,0,0,0,0,0,NaN,23766.5,23745.5,23749
2025-08-18T05:25:00-04:00,23747.5,23755.75,23739.5,23750.25,0,0,0,0,0,0,0,NaN,23755.75,23739.5,23750.25
2025-08-18T05:30:00-04:00,23750,23761.5,23749.75,23761.5,0,0,0,0,0,0,0,NaN,23761.5,23749.75,23761.5
2025-08-18T05:35:00-04:00,23760.25,23766.75,23755.75,23757.25,0,0,0,0,0,0,0,NaN,23766.75,23755.75,23757.25
2025-08-18T05:40:00-04:00,23758.25,23765.25,23758.25,23762.25,0,0,0,0,0,0,0,NaN,23765.25,23758.25,23762.25
2025-08-18T05:45:00-04:00,23761,23763.5,23755.5,23757.5,0,0,0,0,0,0,0,NaN,23763.5,23755.5,23757.5
2025-08-18T05:50:00-04:00,23757.5,23758.25,23754.25,23757.25,0,0,0,0,0,0,0,NaN,23758.25,23754.25,23757.25
2025-08-18T05:55:00-04:00,23757.5,23765.25,23757.5,23759.5,0,0,0,0,0,0,0,NaN,23765.25,23757.5,23759.5
2025-08-18T06:00:00-04:00,23758.75,23772.25,23757.25,23770,0,0,0,0,0,0,0,NaN,23772.25,23757.25,23770
2025-08-18T06:05:00-04:00,23770,23774.25,23766,23769.5,0,0,0,0,0,0,0,NaN,23774.25,23766,23769.5
2025-08-18T06:10:00-04:00,23769.25,23769.25,23764.75,23768.75,0,0,0,0,0,0,0,NaN,23769.25,23764.75,23768.75
2025-08-18T06:15:00-04:00,23768.5,23770.5,23756.75,23762,0,0,0,0,0,0,0,NaN,23770.5,23756.75,23762
2025-08-18T06:20:00-04:00,23762.25,23769,23761.75,23768.5,0,0,0,0,0,0,0,NaN,23769,23761.75,23768.5
2025-08-18T06:25:00-04:00,23770,23770.5,23762.5,23764.25,0,0,0,0,0,0,0,NaN,23770.5,23762.5,23764.25
2025-08-18T06:30:00-04:00,23764.75,23774.75,23764.5,23772,0,0,0,0,0,0,0,NaN,23774.75,23764.5,23772
2025-08-18T06:35:00-04:00,23770.5,23776.75,23769,23776.75,0,0,0,0,0,0,0,NaN,23776.75,23769,23776.75
2025-08-18T06:40:00-04:00,23776.25,23787.75,23775.75,23787.25,0,0,0,0,0,0,0,NaN,23787.75,23775.75,23787.25
2025-08-18T06:45:00-04:00,23786.75,23788.75,23784.5,23786,0,0,0,0,0,0,0,NaN,23788.75,23784.5,23786
2025-08-18T06:50:00-04:00,23786.25,23791.5,23786,23789,0,0,0,0,0,0,0,NaN,23791.5,23786,23789
2025-08-18T06:55:00-04:00,23789.5,23792,23786.75,23788,0,0,0,0,0,0,0,NaN,23792,23786.75,23788
2025-08-18T07:00:00-04:00,23788.25,23791,23778,23788.5,0,0,0,0,0,0,0,NaN,23791,23778,23788.5
2025-08-18T07:05:00-04:00,23788,23789.75,23779.75,23782.5,0,0,0,0,0,0,0,NaN,23789.75,23779.75,23782.5
2025-08-18T07:10:00-04:00,23782.75,23785.5,23775.75,23777.75,0,0,0,0,0,0,0,NaN,23785.5,23775.75,23777.75
2025-08-18T07:15:00-04:00,23777.25,23779.5,23768.5,23771,0,0,0,0,0,0,0,NaN,23779.5,23768.5,23771
2025-08-18T07:20:00-04:00,23771,23771.5,23762.75,23763,0,0,0,0,0,0,0,NaN,23771.5,23762.75,23763
2025-08-18T07:25:00-04:00,23762.75,23769,23759.75,23764.75,0,0,0,0,0,0,0,NaN,23769,23759.75,23764.75
2025-08-18T07:30:00-04:00,23764,23765,23754.25,23754.25,0,0,0,0,0,0,0,NaN,23765,23754.25,23754.25
2025-08-18T07:35:00-04:00,23754.75,23759.75,23746.75,23752.5,0,0,0,0,0,0,0,NaN,23759.75,23746.75,23752.5
2025-08-18T07:40:00-04:00,23753,23755.75,23747.25,23751.25,0,0,0,0,0,0,0,NaN,23755.75,23747.25,23751.25
2025-08-18T07:45:00-04:00,23751.5,23761.5,23751,23760.75,0,0,0,0,0,0,0,NaN,23761.5,23751,23760.75
2025-08-18T07:50:00-04:00,23760.5,23763.5,23753,23763,0,0,0,0,0,0,0,NaN,23763.5,23753,23763
2025-08-18T07:55:00-04:00,23762.5,23773.75,23760.75,23770.75,0,0,0,0,0,0,0,NaN,23773.75,23760.75,23770.75
2025-08-18T08:00:00-04:00,23770.25,23770.75,23750,23750.5,0,0,0,0,0,0,0,NaN,23770.75,23750,23750.5
2025-08-18T08:05:00-04:00,23750.75,23756.5,23746.25,23755.75,0,0,0,0,0,0,0,NaN,23756.5,23746.25,23755.75
2025-08-18T08:10:00-04:00,23756.25,23764,23752,23760,0,0,0,0,0,0,0,NaN,23764,23752,23760
2025-08-18T08:15:00-04:00,23759.75,23763.5,23757.5,23761,0,0,0,0,0,0,0,NaN,23763.5,23757.5,23761
2025-08-18T08:20:00-04:00,23762,23768.25,23759.5,23765.25,0,0,0,0,0,0,0,NaN,23768.25,23759.5,23765.25
2025-08-18T08:25:00-04:00,23765.5,23771.75,23761.75,23771.25,0,0,0,0,0,0,0,NaN,23771.75,23761.75,23771.25
2025-08-18T08:30:00-04:00,23770.5,23771.25,23754.75,23755.75,0,0,0,0,0,0,0,NaN,23771.25,23754.75,23755.75
2025-08-18T08:35:00-04:00,23755.5,23767.25,23753.25,23760.5,0,0,0,0,0,0,0,NaN,23767.25,23753.25,23760.5
2025-08-18T08:40:00-04:00,23760.25,23768.25,23756.25,23765.5,0,0,0,0,0,0,0,NaN,23768.25,23756.25,23765.5
2025-08-18T08:45:00-04:00,23766.25,23772.5,23765.25,23769.5,0,0,0,0,0,0,0,NaN,23772.5,23765.25,23769.5
2025-08-18T08:50:00-04:00,23770.5,23774.25,23767.75,23773.75,0,0,0,0,0,0,0,NaN,23774.25,23767.75,23773.75
2025-08-18T08:55:00-04:00,23773.75,23777,23769.5,23775.5,0,0,0,0,0,0,0,NaN,23777,23769.5,23775.5
2025-08-18T09:00:00-04:00,23775,23788.5,23772.25,23785,0,0,0,0,0,0,0,NaN,23788.5,23772.25,23785
2025-08-18T09:05:00-04:00,23785.25,23788.5,23777.5,23778.25,0,0,0,0,0,0,0,NaN,23788.5,23777.5,23778.25
2025-08-18T09:10:00-04:00,23778.5,23779.25,23757.25,23762.25,0,0,0,0,0,0,0,NaN,23779.25,23757.25,23762.25
2025-08-18T09:15:00-04:00,23761.5,23773.5,23760.25,23770.75,0,0,0,0,0,0,0,NaN,23773.5,23760.25,23770.75
2025-08-18T09:20:00-04:00,23771.25,23773.25,23766,23769.25,0,0,0,0,0,0,0,NaN,23773.25,23766,23769.25
2025-08-18T09:25:00-04:00,23768.75,23778,23761.5,23768.25,0,0,0,0,0,0,0,NaN,23778,23761.5,23768.25
2025-08-18T09:30:00-04:00,23768.25,23816.75,23768,23815,0,0,0,0,0,0,0,NaN,23816.75,23768,23815
2025-08-18T09:35:00-04:00,23815.5,23817.25,23787.25,23805.75,0,0,0,0,0,0,0,NaN,23817.25,23787.25,23805.75
2025-08-18T09:40:00-04:00,23805.75,23809.75,23771,23776.5,0,0,0,0,0,0,0,NaN,23809.75,23771,23776.5
2025-08-18T09:45:00-04:00,23776.5,23804.75,23772.25,23791.5,0,0,0,0,0,0,0,NaN,23804.75,23772.25,23791.5
2025-08-18T09:50:00-04:00,23791.5,23791.5,23744.5,23757.5,0,0,0,0,0,0,0,NaN,23791.5,23744.5,23757.5
2025-08-18T09:55:00-04:00,23757.75,23769,23735,23749,0,0,0,0,0,0,0,NaN,23769,23735,23749
2025-08-18T10:00:00-04:00,23749,23788.5,23745.75,23782.25,0,0,0,0,0,0,0,NaN,23788.5,23745.75,23782.25
2025-08-18T10:05:00-04:00,23782.5,23788.25,23767.25,23768.75,0,0,0,0,0,0,0,NaN,23788.25,23767.25,23768.75
2025-08-18T10:10:00-04:00,23768.75,23777.25,23758.75,23773.25,0,0,0,0,0,0,0,NaN,23777.25,23758.75,23773.25
2025-08-18T10:15:00-04:00,23773,23784.75,23761,23771.25,0,0,0,0,0,0,0,NaN,23784.75,23761,23771.25
2025-08-18T10:20:00-04:00,23771.5,23819.75,23769,23817,0,0,0,0,0,0,0,NaN,23819.75,23769,23817
2025-08-18T10:25:00-04:00,23817.25,23824.25,23776,23776,0,0,0,0,0,0,0,NaN,23824.25,23776,23776
2025-08-18T10:30:00-04:00,23775.75,23789,23754.75,23778.75,0,0,0,0,0,0,0,NaN,23789,23754.75,23778.75
2025-08-18T10:35:00-04:00,23779.25,23788,23761.5,23763,0,0,0,0,0,0,0,NaN,23788,23761.5,23763
2025-08-18T10:40:00-04:00,23763,23775,23751.5,23752,0,0,0,0,0,0,0,NaN,23775,23751.5,23752
2025-08-18T10:45:00-04:00,23751.75,23755.5,23719,23749,0,0,0,0,0,0,0,NaN,23755.5,23719,23749
2025-08-18T10:50:00-04:00,23748.75,23779.25,23745.25,23774,0,0,0,0,0,0,0,NaN,23779.25,23745.25,23774
2025-08-18T10:55:00-04:00,23774.25,23781.5,23762.75,23778,0,0,0,0,0,0,0,NaN,23781.5,23762.75,23778
2025-08-18T11:00:00-04:00,23777.5,23784.25,23771.75,23775.5,0,0,0,0,0,0,0,NaN,23784.25,23771.75,23775.5
2025-08-18T11:05:00-04:00,23775.25,23782.5,23764.5,23780.25,0,0,0,0,0,0,0,NaN,23782.5,23764.5,23780.25
2025-08-18T11:10:00-04:00,23780.5,23781,23758,23758.75,0,0,0,0,0,0,0,NaN,23781,23758,23758.75
2025-08-18T11:15:00-04:00,23758.75,23763.5,23745,23755.25,0,0,0,0,0,0,0,NaN,23763.5,23745,23755.25
2025-08-18T11:20:00-04:00,23755.25,23771,23754.25,23761.75,0,0,0,0,0,0,0,NaN,23771,23754.25,23761.75
2025-08-18T11:25:00-04:00,23762,23762,23738.5,23744.25,0,0,0,0,0,0,0,NaN,23762,23738.5,23744.25
2025-08-18T11:30:00-04:00,23744.5,23746.75,23731,23738,0,0,0,0,0,0,0,NaN,23746.75,23731,23738
2025-08-18T11:35:00-04:00,23737.75,23754.75,23728.75,23749.75,0,0,0,0,0,0,0,NaN,23754.75,23728.75,23749.75
2025-08-18T11:40:00-04:00,23749,23752.5,23740.5,23744.5,0,0,0,0,0,0,0,NaN,23752.5,23740.5,23744.5
2025-08-18T11:45:00-04:00,23744.5,23759.5,23744.5,23755.75,0,0,0,0,0,0,0,NaN,23759.5,23744.5,23755.75
2025-08-18T11:50:00-04:00,23755.75,23758,23745.25,23751.25,0,0,0,0,0,0,0,NaN,23758,23745.25,23751.25
2025-08-18T11:55:00-04:00,23751,23751.5,23740,23747.75,0,0,0,0,0,0,0,NaN,23751.5,23740,23747.75
2025-08-18T12:00:00-04:00,23747.25,23759.5,23744.5,23753.75,0,0,0,0,0,0,0,NaN,23759.5,23744.5,23753.75
2025-08-18T12:05:00-04:00,23753.5,23764.25,23750,23759.75,0,0,0,0,0,0,0,NaN,23764.25,23750,23759.75
2025-08-18T12:10:00-04:00,23759.5,23771.75,23750.5,23754.75,0,0,0,0,0,0,0,NaN,23771.75,23750.5,23754.75
2025-08-18T12:15:00-04:00,23754.75,23768.75,23751,23768.25,0,0,0,0,0,0,0,NaN,23768.75,23751,23768.25
2025-08-18T12:20:00-04:00,23768.25,23777.75,23766,23775.75,0,0,0,0,0,0,0,NaN,23777.75,23766,23775.75
2025-08-18T12:25:00-04:00,23776.5,23777,23767.5,23770.25,0,0,0,0,0,0,0,NaN,23777,23767.5,23770.25
2025-08-18T12:30:00-04:00,23770,23780.5,23761.25,23765.5,0,0,0,0,0,0,0,NaN,23780.5,23761.25,23765.5
2025-08-18T12:35:00-04:00,23765.25,23766.5,23735.25,23741,0,0,0,0,0,0,0,NaN,23766.5,23735.25,23741
2025-08-18T12:40:00-04:00,23740.75,23750.75,23737,23741.5,0,0,0,0,0,0,0,NaN,23750.75,23737,23741.5
2025-08-18T12:45:00-04:00,23741.5,23745,23722.5,23736.25,0,0,0,0,0,0,0,NaN,23745,23722.5,23736.25
2025-08-18T12:50:00-04:00,23735.75,23748.25,23728.75,23739.5,0,0,0,0,0,0,0,NaN,23748.25,23728.75,23739.5
2025-08-18T12:55:00-04:00,23739.25,23744.5,23731.5,23735,0,0,0,0,0,0,0,NaN,23744.5,23731.5,23735
2025-08-18T13:00:00-04:00,23735.25,23754.5,23733,23752.25,0,0,0,0,0,0,0,NaN,23754.5,23733,23752.25
2025-08-18T13:05:00-04:00,23752,23754,23742,23747.75,0,0,0,0,0,0,0,NaN,23754,23742,23747.75
2025-08-18T13:10:00-04:00,23747.5,23761.25,23745.5,23758.75,0,0,0,0,0,0,0,NaN,23761.25,23745.5,23758.75
2025-08-18T13:15:00-04:00,23759,23766.25,23757,23764.25,0,0,0,0,0,0,0,NaN,23766.25,23757,23764.25
2025-08-18T13:20:00-04:00,23764.5,23765,23752.75,23756.75,0,0,0,0,0,0,0,NaN,23765,23752.75,23756.75
2025-08-18T13:25:00-04:00,23756.75,23770,23755.75,23768.75,0,0,0,0,0,0,0,NaN,23770,23755.75,23768.75
2025-08-18T13:30:00-04:00,23769,23800,23768.5,23782.5,0,0,0,0,0,0,0,NaN,23800,23768.5,23782.5
2025-08-18T13:35:00-04:00,23783,23787.75,23758.75,23760,0,0,0,0,0,0,0,NaN,23787.75,23758.75,23760
2025-08-18T13:40:00-04:00,23759.75,23764.5,23750.5,23758.75,0,0,0,0,0,0,0,NaN,23764.5,23750.5,23758.75
2025-08-18T13:45:00-04:00,23758.75,23761.5,23751.5,23758.5,0,0,0,0,0,0,0,NaN,23761.5,23751.5,23758.5
2025-08-18T13:50:00-04:00,23758.25,23763.75,23752.25,23762,0,0,0,0,0,0,0,NaN,23763.75,23752.25,23762
2025-08-18T13:55:00-04:00,23761.75,23765.5,23754.25,23760,0,0,0,0,0,0,0,NaN,23765.5,23754.25,23760
2025-08-18T14:00:00-04:00,23761.25,23761.25,23748.25,23758,0,0,0,0,0,0,0,NaN,23761.25,23748.25,23758
2025-08-18T14:05:00-04:00,23757.75,23770.5,23755.75,23768,0,0,0,0,0,0,0,NaN,23770.5,23755.75,23768
2025-08-18T14:10:00-04:00,23767.5,23773.75,23759.5,23760.75,0,0,0,0,0,0,0,NaN,23773.75,23759.5,23760.75
2025-08-18T14:15:00-04:00,23760.5,23765.5,23752.25,23761.25,0,0,0,0,0,0,0,NaN,23765.5,23752.25,23761.25
2025-08-18T14:20:00-04:00,23761.25,23769.75,23756.5,23769.25,0,0,0,0,0,0,0,NaN,23769.75,23756.5,23769.25
2025-08-18T14:25:00-04:00,23769,23775,23761.5,23767,0,0,0,0,0,0,0,NaN,23775,23761.5,23767
2025-08-18T14:30:00-04:00,23767,23782.25,23766,23775.5,0,0,0,0,0,0,0,NaN,23782.25,23766,23775.5
2025-08-18T14:35:00-04:00,23775.5,23781.5,23770.5,23774,0,0,0,0,0,0,0,NaN,23781.5,23770.5,23774
2025-08-18T14:40:00-04:00,23774,23785,23768.25,23783,0,0,0,0,0,0,0,NaN,23785,23768.25,23783
2025-08-18T14:45:00-04:00,23783.5,23789.5,23777.25,23782.75,0,0,0,0,0,0,0,NaN,23789.5,23777.25,23782.75
2025-08-18T14:50:00-04:00,23782.75,23796.25,23781.75,23795.5,0,0,0,0,0,0,0,NaN,23796.25,23781.75,23795.5
2025-08-18T14:55:00-04:00,23795.5,23802,23791.5,23795.5,0,0,0,0,0,0,0,NaN,23802,23791.5,23795.5
2025-08-18T15:00:00-04:00,23795.5,23804.5,23790.25,23801,0,0,0,0,0,0,0,NaN,23804.5,23790.25,23801
2025-08-18T15:05:00-04:00,23801,23812,23797.5,23803.25,0,0,0,0,0,0,0,NaN,23812,23797.5,23803.25
2025-08-18T15:10:00-04:00,23802.75,23805,23787.5,23789.5,0,0,0,0,0,0,0,NaN,23805,23787.5,23789.5
2025-08-18T15:15:00-04:00,23789.75,23803.5,23784.5,23799.75,0,0,0,0,0,0,0,NaN,23803.5,23784.5,23799.75
2025-08-18T15:20:00-04:00,23799.75,23800.75,23789.75,23791.75,0,0,0,0,0,0,0,NaN,23800.75,23789.75,23791.75
2025-08-18T15:25:00-04:00,23792.25,23793.5,23787,23792,0,0,0,0,0,0,0,NaN,23793.5,23787,23792
2025-08-18T15:30:00-04:00,23791.5,23792.25,23786,23789.5,0,0,0,0,0,0,0,NaN,23792.25,23786,23789.5
2025-08-18T15:35:00-04:00,23790,23803.75,23788.75,23791,0,0,0,0,0,0,0,NaN,23803.75,23788.75,23791
2025-08-18T15:40:00-04:00,23791,23797,23788.25,23795.75,0,0,0,0,0,0,0,NaN,23797,23788.25,23795.75
2025-08-18T15:45:00-04:00,23795.5,23808.5,23795.5,23804.5,0,0,0,0,0,0,0,NaN,23808.5,23795.5,23804.5
2025-08-18T15:50:00-04:00,23805,23814.75,23792,23812.75,0,0,0,0,0,0,0,NaN,23814.75,23792,23812.75
2025-08-18T15:55:00-04:00,23812.75,23816.25,23793.5,23797,0,0,0,0,0,0,0,NaN,23816.25,23793.5,23797
2025-08-18T16:00:00-04:00,23797,23800,23788.75,23793.5,0,0,0,0,0,0,0,NaN,23800,23788.75,23793.5
2025-08-18T16:05:00-04:00,23793.5,23806.25,23793,23799,0,0,0,0,0,0,0,NaN,23806.25,23793,23799
2025-08-18T16:10:00-04:00,23799.5,23800.75,23794.5,23797.5,0,0,0,0,0,0,0,NaN,23800.75,23794.5,23797.5
2025-08-18T16:15:00-04:00,23797.5,23798.75,23792.5,23794.75,0,0,0,0,0,0,0,NaN,23798.75,23792.5,23794.75
2025-08-18T16:20:00-04:00,23794.5,23794.5,23783.75,23787.5,0,0,0,0,0,0,0,NaN,23794.5,23783.75,23787.5
2025-08-18T16:25:00-04:00,23787.75,23792.25,23787,23791,0,0,0,0,0,0,0,NaN,23792.25,23787,23791
2025-08-18T16:30:00-04:00,23790.5,23793.25,23785,23792.75,0,0,0,0,0,0,0,NaN,23793.25,23785,23792.75
2025-08-18T16:35:00-04:00,23792.5,23795.75,23786.75,23787.5,0,0,0,0,0,0,0,NaN,23795.75,23786.75,23787.5
2025-08-18T16:40:00-04:00,23787.5,23789.75,23787,23789.25,0,0,0,0,0,0,0,NaN,23789.75,23787,23789.25
2025-08-18T16:45:00-04:00,23789,23793.75,23786.75,23792.25,0,0,0,0,0,0,0,NaN,23793.75,23786.75,23792.25
2025-08-18T16:50:00-04:00,23792.25,23795,23792,23793.5,0,0,0,0,0,0,0,NaN,23795,23792,23793.5
2025-08-18T16:55:00-04:00,23793,23795.5,23788,23788,0,0,0,0,0,0,0,NaN,23795.5,23788,23788
2025-08-18T18:00:00-04:00,23800.75,23821.75,23792.25,23819.5,0,0,0,0,0,0,0,NaN,23821.75,23792.25,23819.5
2025-08-18T18:05:00-04:00,23819.75,23838,23819.75,23828.5,0,0,0,0,0,0,0,NaN,23838,23819.75,23828.5
2025-08-18T18:10:00-04:00,23828.25,23829.5,23822.5,23828.5,0,0,0,0,0,0,0,NaN,23829.5,23822.5,23828.5
2025-08-18T18:15:00-04:00,23827.5,23829.25,23820,23821.25,0,0,0,0,0,0,0,NaN,23829.25,23820,23821.25
2025-08-18T18:20:00-04:00,23821,23822.75,23813.5,23814,0,0,0,0,0,0,0,NaN,23822.75,23813.5,23814
2025-08-18T18:25:00-04:00,23813.75,23815.5,23811.25,23813,0,0,0,0,0,0,0,NaN,23815.5,23811.25,23813
2025-08-18T18:30:00-04:00,23813.25,23816.5,23811,23812.75,0,0,0,0,0,0,0,NaN,23816.5,23811,23812.75
2025-08-18T18:35:00-04:00,23813.75,23819.5,23807.5,23809.75,0,0,0,0,0,0,0,NaN,23819.5,23807.5,23809.75
2025-08-18T18:40:00-04:00,23810.25,23812.75,23807.75,23812.25,0,0,0,0,0,0,0,NaN,23812.75,23807.75,23812.25
2025-08-18T18:45:00-04:00,23812.25,23817,23812.25,23814,0,0,0,0,0,0,0,NaN,23817,23812.25,23814
2025-08-18T18:50:00-04:00,23814.5,23824.75,23814.5,23822,0,0,0,0,0,0,0,NaN,23824.75,23814.5,23822
2025-08-18T18:55:00-04:00,23823,23823.25,23818.75,23820.25,0,0,0,0,0,0,0,NaN,23823.25,23818.75,23820.25
2025-08-18T19:00:00-04:00,23820.25,23824.5,23810,23813.5,0,0,0,0,0,0,0,NaN,23824.5,23810,23813.5
2025-08-18T19:05:00-04:00,23813.5,23816.25,23811.5,23815.25,0,0,0,0,0,0,0,NaN,23816.25,23811.5,23815.25
2025-08-18T19:10:00-04:00,23815,23816,23809.5,23812.75,0,0,0,0,0,0,0,NaN,23816,23809.5,23812.75
2025-08-18T19:15:00-04:00,23813,23818.5,23812.75,23818,0,0,0,0,0,0,0,NaN,23818.5,23812.75,23818
2025-08-18T19:20:00-04:00,23816.25,23817.75,23813,23817.25,0,0,0,0,0,0,0,NaN,23817.75,23813,23817.25
2025-08-18T19:25:00-04:00,23816,23817,23815.25,23816.5,0,0,0,0,0,0,0,NaN,23817,23815.25,23816.5
2025-08-18T19:30:00-04:00,23815.5,23815.5,23802,23807,0,0,0,0,0,0,0,NaN,23815.5,23802,23807
2025-08-18T19:35:00-04:00,23807.25,23807.75,23803.25,23806,0,0,0,0,0,0,0,NaN,23807.75,23803.25,23806
2025-08-18T19:40:00-04:00,23807,23808.5,23803.5,23803.5,0,0,0,0,0,0,0,NaN,23808.5,23803.5,23803.5
2025-08-18T19:45:00-04:00,23803.75,23813.5,23803.75,23811.75,0,0,0,0,0,0,0,NaN,23813.5,23803.75,23811.75
2025-08-18T19:50:00-04:00,23811.25,23812,23808.25,23811.25,0,0,0,0,0,0,0,NaN,23812,23808.25,23811.25
2025-08-18T19:55:00-04:00,23810,23813,23803.5,23804.75,0,0,0,0,0,0,0,NaN,23813,23803.5,23804.75
2025-08-18T20:00:00-04:00,23805.5,23805.5,23793.25,23802.25,0,0,0,0,0,0,0,NaN,23805.5,23793.25,23802.25
2025-08-18T20:05:00-04:00,23802,23802.5,23791.5,23797.75,0,0,0,0,0,0,0,NaN,23802.5,23791.5,23797.75
2025-08-18T20:10:00-04:00,23797,23799.75,23794.5,23798.75,0,0,0,0,0,0,0,NaN,23799.75,23794.5,23798.75
2025-08-18T20:15:00-04:00,23798.5,23802.5,23796.5,23798,0,0,0,0,0,0,0,NaN,23802.5,23796.5,23798
2025-08-18T20:20:00-04:00,23798,23799.5,23794,23797.5,0,0,0,0,0,0,0,NaN,23799.5,23794,23797.5
2025-08-18T20:25:00-04:00,23797,23797.5,23781,23783,0,0,0,0,0,0,0,NaN,23797.5,23781,23783
2025-08-18T20:30:00-04:00,23782.25,23784.75,23765.75,23773,0,0,0,0,0,0,0,NaN,23784.75,23765.75,23773
2025-08-18T20:35:00-04:00,23772,23780,23769.75,23777,0,0,0,0,0,0,0,NaN,23780,23769.75,23777
2025-08-18T20:40:00-04:00,23777.75,23779.5,23761,23772,0,0,0,0,0,0,0,NaN,23779.5,23761,23772
2025-08-18T20:45:00-04:00,23771,23784,23770.5,23777.5,0,0,0,0,0,0,0,NaN,23784,23770.5,23777.5
2025-08-18T20:50:00-04:00,23778.25,23784,23778.25,23780,0,0,0,0,0,0,0,NaN,23784,23778.25,23780
2025-08-18T20:55:00-04:00,23780,23784.75,23778.5,23780.75,0,0,0,0,0,0,0,NaN,23784.75,23778.5,23780.75
2025-08-18T21:00:00-04:00,23782.75,23792.25,23780,23791,0,0,0,0,0,0,0,NaN,23792.25,23780,23791
2025-08-18T21:05:00-04:00,23790.75,23792.25,23780.5,23786.25,0,0,0,0,0,0,0,NaN,23792.25,23780.5,23786.25
2025-08-18T21:10:00-04:00,23786.75,23789.5,23776.25,23780.5,0,0,0,0,0,0,0,NaN,23789.5,23776.25,23780.5
2025-08-18T21:15:00-04:00,23779.25,23786.25,23778,23783.75,0,0,0,0,0,0,0,NaN,23786.25,23778,23783.75
2025-08-18T21:20:00-04:00,23783.25,23787,23777.75,23782,0,0,0,0,0,0,0,NaN,23787,23777.75,23782
2025-08-18T21:25:00-04:00,23781.75,23788,23778.75,23779,0,0,0,0,0,0,0,NaN,23788,23778.75,23779
2025-08-18T21:30:00-04:00,23779.25,23782.5,23773.5,23780,0,0,0,0,0,0,0,NaN,23782.5,23773.5,23780
2025-08-18T21:35:00-04:00,23779.25,23779.5,23770.5,23774,0,0,0,0,0,0,0,NaN,23779.5,23770.5,23774
2025-08-18T21:40:00-04:00,23774.25,23785,23773,23784.25,0,0,0,0,0,0,0,NaN,23785,23773,23784.25
2025-08-18T21:45:00-04:00,23783,23785.75,23775.5,23777.75,0,0,0,0,0,0,0,NaN,23785.75,23775.5,23777.75
2025-08-18T21:50:00-04:00,23778.75,23779.75,23773,23775,0,0,0,0,0,0,0,NaN,23779.75,23773,23775
2025-08-18T21:55:00-04:00,23775.75,23778,23770.75,23771,0,0,0,0,0,0,0,NaN,23778,23770.75,23771
2025-08-18T22:00:00-04:00,23770.75,23777.5,23768.5,23777.25,0,0,0,0,0,0,0,NaN,23777.5,23768.5,23777.25
2025-08-18T22:05:00-04:00,23777.25,23779.75,23769.5,23777.5,0,0,0,0,0,0,0,NaN,23779.75,23769.5,23777.5
2025-08-18T22:10:00-04:00,23777.75,23784.75,23775.5,23779.75,0,0,0,0,0,0,0,NaN,23784.75,23775.5,23779.75
2025-08-18T22:15:00-04:00,23779.5,23780.5,23770.75,23772.75,0,0,0,0,0,0,0,NaN,23780.5,23770.75,23772.75
2025-08-18T22:20:00-04:00,23773.25,23775.75,23771.75,23772.25,0,0,0,0,0,0,0,NaN,23775.75,23771.75,23772.25
2025-08-18T22:25:00-04:00,23772.25,23776.5,23764.5,23774.25,0,0,0,0,0,0,0,NaN,23776.5,23764.5,23774.25
2025-08-18T22:30:00-04:00,23774,23778.75,23773.25,23777,0,0,0,0,0,0,0,NaN,23778.75,23773.25,23777
2025-08-18T22:35:00-04:00,23777.25,23783,23776.5,23781.5,0,0,0,0,0,0,0,NaN,23783,23776.5,23781.5
2025-08-18T22:40:00-04:00,23780.75,23781.75,23774.5,23775.5,0,0,0,0,0,0,0,NaN,23781.75,23774.5,23775.5
2025-08-18T22:45:00-04:00,23775,23775.25,23766.75,23772.75,0,0,0,0,0,0,0,NaN,23775.25,23766.75,23772.75
2025-08-18T22:50:00-04:00,23773.5,23776,23769.5,23772.5,0,0,0,0,0,0,0,NaN,23776,23769.5,23772.5
2025-08-18T22:55:00-04:00,23771.75,23772,23762.25,23764,0,0,0,0,0,0,0,NaN,23772,23762.25,23764
2025-08-18T23:00:00-04:00,23764.25,23766.75,23761.5,23763.25,0,0,0,0,0,0,0,NaN,23766.75,23761.5,23763.25
2025-08-18T23:05:00-04:00,23762.25,23764.75,23761.25,23763.75,0,0,0,0,0,0,0,NaN,23764.75,23761.25,23763.75
2025-08-18T23:10:00-04:00,23763.75,23763.75,23755.75,23763.5,0,0,0,0,0,0,0,NaN,23763.75,23755.75,23763.5
2025-08-18T23:15:00-04:00,23763.5,23765.5,23761,23765.25,0,0,0,0,0,0,0,NaN,23765.5,23761,23765.25
2025-08-18T23:20:00-04:00,23766,23777.25,23766,23777,0,0,0,0,0,0,0,NaN,23777.25,23766,23777
2025-08-18T23:25:00-04:00,23777.5,23787.5,23775,23784,0,0,0,0,0,0,0,NaN,23787.5,23775,23784
2025-08-18T23:30:00-04:00,23784,23784,23769.5,23770,0,0,0,0,0,0,0,NaN,23784,23769.5,23770
2025-08-18T23:35:00-04:00,23771.25,23771.25,23752.5,23755,0,0,0,0,0,0,0,NaN,23771.25,23752.5,23755
2025-08-18T23:40:00-04:00,23754.5,23759,23753.5,23755.25,0,0,0,0,0,0,0,NaN,23759,23753.5,23755.25
2025-08-18T23:45:00-04:00,23755,23756.5,23750.5,23753.75,0,0,0,0,0,0,0,NaN,23756.5,23750.5,23753.75
2025-08-18T23:50:00-04:00,23753.25,23756.5,23751.25,23754.25,0,0,0,0,0,0,0,NaN,23756.5,23751.25,23754.25
2025-08-18T23:55:00-04:00,23755,23759.25,23753,23753.75,0,0,0,0,0,0,0,NaN,23759.25,23753,23753.75
2025-08-19T00:00:00-04:00,23754.25,23755,23747.25,23749.5,0,0,1,0,0,0,0,NaN,23755,23747.25,23749.5
2025-08-19T00:05:00-04:00,23748.5,23750.5,23746.25,23749.25,0,0,0,0,0,0,0,NaN,23750.5,23746.25,23749.25
2025-08-19T00:10:00-04:00,23750.25,23751.75,23745.5,23750,0,0,0,0,0,0,0,NaN,23751.75,23745.5,23750
2025-08-19T00:15:00-04:00,23750,23751.5,23745,23748.75,0,0,0,0,0,0,0,NaN,23751.5,23745,23748.75
2025-08-19T00:20:00-04:00,23748.75,23748.75,23744,23744.75,0,0,0,0,0,0,0,NaN,23748.75,23744,23744.75
2025-08-19T00:25:00-04:00,23744.5,23744.5,23738.5,23740.75,0,0,0,0,0,0,0,NaN,23744.5,23738.5,23740.75
2025-08-19T00:30:00-04:00,23740.25,23747.5,23739.75,23747.5,0,0,0,0,0,0,0,NaN,23747.5,23739.75,23747.5
2025-08-19T00:35:00-04:00,23747,23747.25,23741.5,23747,0,0,0,0,0,0,0,NaN,23747.25,23741.5,23747
2025-08-19T00:40:00-04:00,23747.5,23756,23747,23751.75,0,0,0,0,0,0,0,NaN,23756,23747,23751.75
2025-08-19T00:45:00-04:00,23751.5,23754,23750.5,23753.75,0,0,0,0,0,0,0,NaN,23754,23750.5,23753.75
2025-08-19T00:50:00-04:00,23754,23761.25,23752.75,23758.75,0,0,0,0,0,0,0,NaN,23761.25,23752.75,23758.75
2025-08-19T00:55:00-04:00,23758.75,23759.75,23755.75,23757.75,0,0,0,0,0,0,0,NaN,23759.75,23755.75,23757.75
2025-08-19T01:00:00-04:00,23757.75,23763.75,23754.25,23756.75,0,0,0,0,0,0,0,NaN,23763.75,23754.25,23756.75
2025-08-19T01:05:00-04:00,23756.25,23759,23741.75,23742.5,0,0,0,0,0,0,0,NaN,23759,23741.75,23742.5
2025-08-19T01:10:00-04:00,23743.5,23744,23738,23739.25,0,0,0,0,0,0,0,NaN,23744,23738,23739.25
2025-08-19T01:15:00-04:00,23739.75,23743,23739,23741.25,0,0,0,0,0,0,0,NaN,23743,23739,23741.25
2025-08-19T01:20:00-04:00,23741.75,23743.25,23730.75,23734,0,0,0,0,0,0,0,NaN,23743.25,23730.75,23734
2025-08-19T01:25:00-04:00,23734.25,23738.75,23733.5,23738,0,0,0,0,0,0,0,NaN,23738.75,23733.5,23738
2025-08-19T01:30:00-04:00,23738.25,23748.75,23736.5,23745.25,0,0,0,0,0,0,0,NaN,23748.75,23736.5,23745.25
2025-08-19T01:35:00-04:00,23745,23745,23734.75,23738.5,0,0,0,0,0,0,0,NaN,23745,23734.75,23738.5
2025-08-19T01:40:00-04:00,23738,23743.75,23737.75,23741.25,0,0,0,0,0,0,0,NaN,23743.75,23737.75,23741.25
2025-08-19T01:45:00-04:00,23741.5,23743.5,23732.25,23740,0,0,0,0,0,0,0,NaN,23743.5,23732.25,23740
2025-08-19T01:50:00-04:00,23741,23741.25,23733.5,23735,0,0,0,0,0,0,0,NaN,23741.25,23733.5,23735
2025-08-19T01:55:00-04:00,23735,23736.5,23731,23736.25,0,0,0,0,0,0,0,NaN,23736.5,23731,23736.25
2025-08-19T02:00:00-04:00,23735.5,23746.25,23734,23745.25,0,0,0,0,0,0,0,NaN,23746.25,23734,23745.25
2025-08-19T02:05:00-04:00,23745.5,23748.5,23742,23747.75,0,0,0,0,0,0,0,NaN,23748.5,23742,23747.75
2025-08-19T02:10:00-04:00,23747.25,23750.75,23745,23746,0,0,0,0,0,0,0,NaN,23750.75,23745,23746
2025-08-19T02:15:00-04:00,23745.25,23750,23737.25,23748,0,0,0,0,0,0,0,NaN,23750,23737.25,23748
2025-08-19T02:20:00-04:00,23748,23752.25,23746.25,23750.5,0,0,0,0,0,0,0,NaN,23752.25,23746.25,23750.5
2025-08-19T02:25:00-04:00,23751.75,23754.25,23748.75,23751.5,0,0,0,0,0,0,0,NaN,23754.25,23748.75,23751.5
2025-08-19T02:30:00-04:00,23751.75,23754.5,23749,23753.5,0,0,0,0,0,0,0,NaN,23754.5,23749,23753.5
2025-08-19T02:35:00-04:00,23754.25,23757.25,23753,23754,0,0,0,0,0,0,0,NaN,23757.25,23753,23754
2025-08-19T02:40:00-04:00,23753.25,23754.5,23751,23753.25,0,0,0,0,0,0,0,NaN,23754.5,23751,23753.25
2025-08-19T02:45:00-04:00,23753.25,23755,23751.75,23754.25,0,0,0,0,0,0,0,NaN,23755,23751.75,23754.25
2025-08-19T02:50:00-04:00,23753.75,23761,23753.75,23761,0,0,0,0,0,0,0,NaN,23761,23753.75,23761
2025-08-19T02:55:00-04:00,23760.25,23767,23758,23763.25,0,0,0,0,0,0,0,NaN,23767,23758,23763.25
2025-08-19T03:00:00-04:00,23763,23771.25,23760.25,23769.25,0,0,0,0,0,0,0,NaN,23771.25,23760.25,23769.25
2025-08-19T03:05:00-04:00,23768.5,23768.5,23759.5,23761.5,0,0,0,0,0,0,0,NaN,23768.5,23759.5,23761.5
2025-08-19T03:10:00-04:00,23762.25,23762.25,23756,23758.25,0,0,0,0,0,0,0,NaN,23762.25,23756,23758.25
2025-08-19T03:15:00-04:00,23758,23765.75,23758,23764.75,0,0,0,0,0,0,0,NaN,23765.75,23758,23764.75
2025-08-19T03:20:00-04:00,23764.5,23765.5,23756.25,23758,0,0,0,0,0,0,0,NaN,23765.5,23756.25,23758
2025-08-19T03:25:00-04:00,23758.25,23760.5,23755.25,23757.75,0,0,0,0,0,0,0,NaN,23760.5,23755.25,23757.75
2025-08-19T03:30:00-04:00,23757.5,23757.5,23748.75,23750.75,0,0,0,0,0,0,0,NaN,23757.5,23748.75,23750.75
2025-08-19T03:35:00-04:00,23751.25,23757.75,23747.75,23756.5,0,0,0,0,0,0,0,NaN,23757.75,23747.75,23756.5
2025-08-19T03:40:00-04:00,23756.75,23766.75,23756,23766,0,0,0,0,0,0,0,NaN,23766.75,23756,23766
2025-08-19T03:45:00-04:00,23766.25,23772.25,23763.25,23767.75,0,0,0,0,0,0,0,NaN,23772.25,23763.25,23767.75
2025-08-19T03:50:00-04:00,23769,23771.25,23766.25,23769.25,0,0,0,0,0,0,0,NaN,23771.25,23766.25,23769.25
2025-08-19T03:55:00-04:00,23769.25,23771,23767,23770.5,0,0,0,0,0,0,0,NaN,23771,23767,23770.5
2025-08-19T04:00:00-04:00,23770,23784.25,23769,23771.75,0,0,0,0,0,0,0,NaN,23784.25,23769,23771.75
2025-08-19T04:05:00-04:00,23771.5,23771.5,23760.75,23763.5,0,0,0,0,0,0,0,NaN,23771.5,23760.75,23763.5
2025-08-19T04:10:00-04:00,23764,23764,23745.5,23753.75,0,0,0,0,0,0,0,NaN,23764,23745.5,23753.75
2025-08-19T04:15:00-04:00,23754.25,23757,23749,23756,0,0,0,0,0,0,0,NaN,23757,23749,23756
2025-08-19T04:20:00-04:00,23756.5,23764.25,23753.5,23762.25,0,0,0,0,0,0,0,NaN,23764.25,23753.5,23762.25
2025-08-19T04:25:00-04:00,23762.75,23770,23762,23770,0,0,0,0,0,0,0,NaN,23770,23762,23770
2025-08-19T04:30:00-04:00,23769.75,23771.75,23767,23769.25,0,0,0,0,0,0,0,NaN,23771.75,23767,23769.25
2025-08-19T04:35:00-04:00,23769.25,23770,23763,23765.75,0,0,0,0,0,0,0,NaN,23770,23763,23765.75
2025-08-19T04:40:00-04:00,23766,23776.5,23765.25,23773.25,0,0,0,0,0,0,0,NaN,23776.5,23765.25,23773.25
2025-08-19T04:45:00-04:00,23773.75,23783.75,23773.5,23782.5,0,0,0,0,0,0,0,NaN,23783.75,23773.5,23782.5
2025-08-19T04:50:00-04:00,23783,23787,23780,23786,0,0,0,0,0,0,0,NaN,23787,23780,23786
2025-08-19T04:55:00-04:00,23786.75,23787.75,23784.25,23786.75,0,0,0,0,0,0,0,NaN,23787.75,23784.25,23786.75
2025-08-19T05:00:00-04:00,23786.5,23787.25,23782,23782.25,0,0,0,0,0,0,0,NaN,23787.25,23782,23782.25
2025-08-19T05:05:00-04:00,23782,23790,23781.75,23789.25,0,0,0,0,0,0,0,NaN,23790,23781.75,23789.25
2025-08-19T05:10:00-04:00,23790.25,23792.5,23783.5,23788.25,0,0,0,0,0,0,0,NaN,23792.5,23783.5,23788.25
2025-08-19T05:15:00-04:00,23788.25,23794,23787,23793,0,0,0,0,0,0,0,NaN,23794,23787,23793
2025-08-19T05:20:00-04:00,23793,23804.75,23792.75,23800.5,0,0,0,0,0,0,0,NaN,23804.75,23792.75,23800.5
2025-08-19T05:25:00-04:00,23800.5,23802.75,23796.5,23800.25,0,0,0,0,0,0,0,NaN,23802.75,23796.5,23800.25
2025-08-19T05:30:00-04:00,23800.75,23803.5,23797.25,23801,0,0,0,0,0,0,0,NaN,23803.5,23797.25,23801
2025-08-19T05:35:00-04:00,23800,23800.75,23795.75,23795.75,0,0,0,0,0,0,0,NaN,23800.75,23795.75,23795.75
2025-08-19T05:40:00-04:00,23795.5,23795.75,23790.25,23791.75,0,0,0,0,0,0,0,NaN,23795.75,23790.25,23791.75
2025-08-19T05:45:00-04:00,23791.5,23795.5,23790.5,23791.25,0,0,0,0,0,0,0,NaN,23795.5,23790.5,23791.25
2025-08-19T05:50:00-04:00,23790.75,23792.25,23785.75,23788.75,0,0,0,0,0,0,0,NaN,23792.25,23785.75,23788.75
2025-08-19T05:55:00-04:00,23788,23791.5,23784.25,23787.25,0,0,0,0,0,0,0,NaN,23791.5,23784.25,23787.25
2025-08-19T06:00:00-04:00,23787.75,23790,23772.75,23784.75,0,0,0,0,0,0,0,NaN,23790,23772.75,23784.75
2025-08-19T06:05:00-04:00,23785.25,23790.75,23783.75,23785.5,0,0,0,0,0,0,0,NaN,23790.75,23783.75,23785.5
2025-08-19T06:10:00-04:00,23785.5,23789.75,23780.75,23781.75,0,0,0,0,0,0,0,NaN,23789.75,23780.75,23781.75
2025-08-19T06:15:00-04:00,23782,23786.5,23777.25,23779.25,0,0,0,0,0,0,0,NaN,23786.5,23777.25,23779.25
2025-08-19T06:20:00-04:00,23779.5,23781.5,23773.75,23774,0,0,0,0,0,0,0,NaN,23781.5,23773.75,23774
2025-08-19T06:25:00-04:00,23774.25,23781.5,23773.5,23779.25,0,0,0,0,0,0,0,NaN,23781.5,23773.5,23779.25
2025-08-19T06:30:00-04:00,23778.75,23780.25,23771.5,23772,0,0,0,0,0,0,0,NaN,23780.25,23771.5,23772
2025-08-19T06:35:00-04:00,23771.75,23778.5,23769.5,23772.75,0,0,0,0,0,0,0,NaN,23778.5,23769.5,23772.75
2025-08-19T06:40:00-04:00,23773,23776,23760,23773.75,0,0,0,0,0,0,0,NaN,23776,23760,23773.75
2025-08-19T06:45:00-04:00,23773.5,23774.75,23762.5,23768.75,0,0,0,0,0,0,0,NaN,23774.75,23762.5,23768.75
2025-08-19T06:50:00-04:00,23768.5,23769.5,23751,23761.75,0,0,0,0,0,0,0,NaN,23769.5,23751,23761.75
2025-08-19T06:55:00-04:00,23760.75,23766.25,23757,23763.75,0,0,0,0,0,0,0,NaN,23766.25,23757,23763.75
2025-08-19T07:00:00-04:00,23763.5,23770.25,23758.75,23763.25,0,0,0,0,0,0,0,NaN,23770.25,23758.75,23763.25
2025-08-19T07:05:00-04:00,23763.25,23764.5,23755.5,23760.25,0,0,0,0,0,0,0,NaN,23764.5,23755.5,23760.25
2025-08-19T07:10:00-04:00,23761.25,23768,23759.75,23765.75,0,0,0,0,0,0,0,NaN,23768,23759.75,23765.75
2025-08-19T07:15:00-04:00,23765.75,23768.25,23761,23765.5,0,0,0,0,0,0,0,NaN,23768.25,23761,23765.5
2025-08-19T07:20:00-04:00,23766.25,23768.75,23764,23764.75,0,0,0,0,0,0,0,NaN,23768.75,23764,23764.75
2025-08-19T07:25:00-04:00,23764.5,23769,23763,23763.75,0,0,0,0,0,0,0,NaN,23769,23763,23763.75
2025-08-19T07:30:00-04:00,23763,23765,23757,23757.25,0,0,0,0,0,0,0,NaN,23765,23757,23757.25
2025-08-19T07:35:00-04:00,23757.75,23764.5,23756.75,23758.25,0,0,0,0,0,0,0,NaN,23764.5,23756.75,23758.25
2025-08-19T07:40:00-04:00,23758.25,23762.75,23754.5,23760.5,0,0,0,0,0,0,0,NaN,23762.75,23754.5,23760.5
2025-08-19T07:45:00-04:00,23760.75,23776.75,23760.25,23776,0,0,0,0,0,0,0,NaN,23776.75,23760.25,23776
2025-08-19T07:50:00-04:00,23775.75,23777.5,23771.5,23772.5,0,0,0,0,0,0,0,NaN,23777.5,23771.5,23772.5
2025-08-19T07:55:00-04:00,23772.5,23777.75,23772.25,23775.25,0,0,0,0,0,0,0,NaN,23777.75,23772.25,23775.25
2025-08-19T08:00:00-04:00,23774.5,23775,23764.25,23764.25,0,0,0,0,0,0,0,NaN,23775,23764.25,23764.25
2025-08-19T08:05:00-04:00,23764,23771.5,23752.75,23756.75,0,0,0,0,0,0,0,NaN,23771.5,23752.75,23756.75
2025-08-19T08:10:00-04:00,23756.75,23767,23756,23763.75,0,0,0,0,0,0,0,NaN,23767,23756,23763.75
2025-08-19T08:15:00-04:00,23764.25,23767,23760.75,23765.25,0,0,0,0,0,0,0,NaN,23767,23760.75,23765.25
2025-08-19T08:20:00-04:00,23764.75,23773.5,23761.75,23772,0,0,0,0,0,0,0,NaN,23773.5,23761.75,23772
2025-08-19T08:25:00-04:00,23772.5,23782.5,23771.25,23778,0,0,0,0,0,0,0,NaN,23782.5,23771.25,23778
2025-08-19T08:30:00-04:00,23778.75,23783,23769,23770.75,0,0,0,0,0,0,0,NaN,23783,23769,23770.75
2025-08-19T08:35:00-04:00,23771.25,23776.5,23770.5,23775.25,0,0,0,0,0,0,0,NaN,23776.5,23770.5,23775.25
2025-08-19T08:40:00-04:00,23775,23775.75,23766.5,23768,0,0,0,0,0,0,0,NaN,23775.75,23766.5,23768
2025-08-19T08:45:00-04:00,23767.5,23767.5,23749.25,23750.5,0,0,0,0,0,0,0,NaN,23767.5,23749.25,23750.5
2025-08-19T08:50:00-04:00,23750,23750,23739,23749,0,0,0,0,0,0,0,NaN,23750,23739,23749
2025-08-19T08:55:00-04:00,23749.25,23755,23741.75,23744,0,0,0,0,0,0,0,NaN,23755,23741.75,23744
2025-08-19T09:00:00-04:00,23744,23752.5,23740,23751.75,0,0,0,0,0,0,0,NaN,23752.5,23740,23751.75
2025-08-19T09:05:00-04:00,23751.75,23751.75,23736.75,23741.5,0,0,0,0,0,0,0,NaN,23751.75,23736.75,23741.5
2025-08-19T09:10:00-04:00,23741.5,23743.25,23735.5,23740,0,0,0,0,0,0,0,NaN,23743.25,23735.5,23740
2025-08-19T09:15:00-04:00,23740.25,23747,23740,23740.5,0,0,0,0,0,0,0,NaN,23747,23740,23740.5
2025-08-19T09:20:00-04:00,23740.5,23753.75,23740.25,23752,0,0,0,0,0,0,0,NaN,23753.75,23740.25,23752
2025-08-19T09:25:00-04:00,23751.5,23762.75,23747.5,23762.25,0,0,0,0,0,0,0,NaN,23762.75,23747.5,23762.25
2025-08-19T09:30:00-04:00,23762.5,23770.5,23664,23667.5,0,0,0,0,0,0,0,NaN,23770.5,23664,23667.5
2025-08-19T09:35:00-04:00,23666.75,23704.25,23660,23692.75,0,0,0,0,0,0,0,NaN,23704.25,23660,23692.75
2025-08-19T09:40:00-04:00,23693,23731.25,23682,23682.5,0,0,0,0,0,0,0,NaN,23731.25,23682,23682.5
2025-08-19T09:45:00-04:00,23683,23685,23638.5,23651,0,0,0,0,0,0,0,NaN,23685,23638.5,23651
2025-08-19T09:50:00-04:00,23650.75,23695.75,23640.25,23693,0,0,0,0,0,0,0,NaN,23695.75,23640.25,23693
2025-08-19T09:55:00-04:00,23692.5,23700,23674.25,23678.75,0,0,0,0,0,0,0,NaN,23700,23674.25,23678.75
2025-08-19T10:00:00-04:00,23678.25,23722.25,23672.25,23721.75,0,0,0,0,0,0,0,NaN,23722.25,23672.25,23721.75
2025-08-19T10:05:00-04:00,23721,23728.75,23707,23725.25,0,0,0,0,0,0,0,NaN,23728.75,23707,23725.25
2025-08-19T10:10:00-04:00,23725.25,23727.75,23699.5,23707.5,0,0,0,0,0,0,0,NaN,23727.75,23699.5,23707.5
2025-08-19T10:15:00-04:00,23707.5,23711,23682.5,23699,0,0,0,0,0,0,0,NaN,23711,23682.5,23699
2025-08-19T10:20:00-04:00,23698.5,23710,23684.25,23691.75,0,0,0,0,0,0,0,NaN,23710,23684.25,23691.75
2025-08-19T10:25:00-04:00,23691.5,23699,23623,23627.25,0,0,0,0,0,0,0,NaN,23699,23623,23627.25
2025-08-19T10:30:00-04:00,23627.25,23659.5,23613,23641.75,0,0,0,0,0,0,0,NaN,23659.5,23613,23641.75
2025-08-19T10:35:00-04:00,23642.25,23645.25,23598,23606.25,0,0,0,0,0,0,0,NaN,23645.25,23598,23606.25
2025-08-19T10:40:00-04:00,23606,23621.5,23561.25,23583.25,0,0,0,0,0,0,0,NaN,23621.5,23561.25,23583.25
2025-08-19T10:45:00-04:00,23584,23597,23558.25,23574.25,0,0,0,0,0,0,0,NaN,23597,23558.25,23574.25
2025-08-19T10:50:00-04:00,23574.25,23592,23567.25,23587.75,0,0,0,0,0,0,0,NaN,23592,23567.25,23587.75
2025-08-19T10:55:00-04:00,23587.75,23600,23540,23540.75,0,0,0,0,0,0,0,NaN,23600,23540,23540.75
2025-08-19T11:00:00-04:00,23541,23551.25,23514.5,23548,0,0,0,0,0,0,0,NaN,23551.25,23514.5,23548
2025-08-19T11:05:00-04:00,23548.25,23555.75,23536.75,23548,0,0,0,0,0,0,0,NaN,23555.75,23536.75,23548
2025-08-19T11:10:00-04:00,23548.5,23564.5,23525.5,23562,0,0,0,0,0,0,0,NaN,23564.5,23525.5,23562
2025-08-19T11:15:00-04:00,23562.25,23573.75,23551.25,23571.5,0,0,0,0,0,0,0,NaN,23573.75,23551.25,23571.5
2025-08-19T11:20:00-04:00,23570.5,23574.75,23551.5,23556.75,0,0,0,0,0,0,0,NaN,23574.75,23551.5,23556.75
2025-08-19T11:25:00-04:00,23556.25,23586.5,23552,23579.75,0,0,0,0,0,0,0,NaN,23586.5,23552,23579.75
2025-08-19T11:30:00-04:00,23579.75,23587.25,23574.75,23587,0,0,0,0,0,0,0,NaN,23587.25,23574.75,23587
2025-08-19T11:35:00-04:00,23586.5,23588.5,23559,23567,0,0,0,0,0,0,0,NaN,23588.5,23559,23567
2025-08-19T11:40:00-04:00,23567.5,23589.5,23561.5,23578,0,0,0,0,0,0,0,NaN,23589.5,23561.5,23578
2025-08-19T11:45:00-04:00,23578.25,23587.25,23568.75,23572.5,0,0,0,0,0,0,0,NaN,23587.25,23568.75,23572.5
2025-08-19T11:50:00-04:00,23572.25,23573.25,23551.75,23562.5,0,0,0,0,0,0,0,NaN,23573.25,23551.75,23562.5
2025-08-19T11:55:00-04:00,23561.75,23566,23553.5,23559.25,0,0,0,0,0,0,0,NaN,23566,23553.5,23559.25
2025-08-19T12:00:00-04:00,23558.75,23577.75,23557.75,23559,0,0,0,0,0,0,0,NaN,23577.75,23557.75,23559
2025-08-19T12:05:00-04:00,23559.25,23562.75,23534.75,23539.5,0,0,0,0,0,0,0,NaN,23562.75,23534.75,23539.5
2025-08-19T12:10:00-04:00,23540.25,23544,23515,23523,0,0,0,0,0,0,0,NaN,23544,23515,23523
2025-08-19T12:15:00-04:00,23522.75,23550.5,23522.75,23543.75,0,0,0,0,0,0,0,NaN,23550.5,23522.75,23543.75
2025-08-19T12:20:00-04:00,23544.25,23556,23537.25,23546,0,0,0,0,0,0,0,NaN,23556,23537.25,23546
2025-08-19T12:25:00-04:00,23546.25,23551.75,23528,23533.25,0,0,0,0,0,0,0,NaN,23551.75,23528,23533.25
2025-08-19T12:30:00-04:00,23533.75,23539.25,23516.5,23529.75,0,0,0,0,0,0,0,NaN,23539.25,23516.5,23529.75
2025-08-19T12:35:00-04:00,23529.75,23540.25,23505.75,23508.5,0,0,0,0,0,0,0,NaN,23540.25,23505.75,23508.5
2025-08-19T12:40:00-04:00,23508.5,23510.5,23484,23496,0,0,0,0,0,0,0,NaN,23510.5,23484,23496
2025-08-19T12:45:00-04:00,23496,23502.5,23474.5,23495.5,0,0,0,0,0,0,0,NaN,23502.5,23474.5,23495.5
2025-08-19T12:50:00-04:00,23495.5,23511,23487.25,23488.75,0,0,0,0,0,0,0,NaN,23511,23487.25,23488.75
2025-08-19T12:55:00-04:00,23489.25,23494,23472.75,23482.25,0,0,0,0,0,0,0,NaN,23494,23472.75,23482.25
2025-08-19T13:00:00-04:00,23482.75,23489.75,23465.75,23471.75,0,0,0,0,0,0,0,NaN,23489.75,23465.75,23471.75
2025-08-19T13:05:00-04:00,23471.75,23479.25,23452.5,23454.5,0,0,0,0,0,0,0,NaN,23479.25,23452.5,23454.5
2025-08-19T13:10:00-04:00,23454,23475,23450,23474.75,0,0,0,0,0,0,0,NaN,23475,23450,23474.75
2025-08-19T13:15:00-04:00,23475,23476.5,23445,23455.5,0,0,0,0,0,0,0,NaN,23476.5,23445,23455.5
2025-08-19T13:20:00-04:00,23456.25,23478.5,23452.5,23472.5,0,0,0,0,0,0,0,NaN,23478.5,23452.5,23472.5
2025-08-19T13:25:00-04:00,23473,23490.75,23471.75,23485.75,0,0,0,0,0,0,0,NaN,23490.75,23471.75,23485.75
2025-08-19T13:30:00-04:00,23485.75,23497,23483,23494,0,0,0,0,0,0,0,NaN,23497,23483,23494
2025-08-19T13:35:00-04:00,23494,23509.25,23492.25,23499,0,0,0,0,0,0,0,NaN,23509.25,23492.25,23499
2025-08-19T13:40:00-04:00,23498.5,23511.25,23498.5,23502.75,0,0,0,0,0,0,0,NaN,23511.25,23498.5,23502.75
2025-08-19T13:45:00-04:00,23503,23507,23493.5,23496,0,0,0,0,0,0,0,NaN,23507,23493.5,23496
2025-08-19T13:50:00-04:00,23496.5,23505.75,23488,23493,0,0,0,0,0,0,0,NaN,23505.75,23488,23493
2025-08-19T13:55:00-04:00,23493.25,23517.25,23492.25,23507,0,0,0,0,0,0,0,NaN,23517.25,23492.25,23507
2025-08-19T14:00:00-04:00,23507,23508,23461.75,23477,0,0,0,0,0,0,0,NaN,23508,23461.75,23477
2025-08-19T14:05:00-04:00,23477.25,23505.25,23471.25,23503.5,0,0,0,0,0,0,0,NaN,23505.25,23471.25,23503.5
2025-08-19T14:10:00-04:00,23503.25,23506.75,23476.5,23477.5,0,0,0,0,0,0,0,NaN,23506.75,23476.5,23477.5
2025-08-19T14:15:00-04:00,23477.5,23484,23471.5,23475.25,0,0,0,0,0,0,0,NaN,23484,23471.5,23475.25
2025-08-19T14:20:00-04:00,23475,23480.25,23467.5,23471,0,0,0,0,0,0,0,NaN,23480.25,23467.5,23471
2025-08-19T14:25:00-04:00,23470.5,23483.75,23465.5,23473.75,0,0,0,0,0,0,0,NaN,23483.75,23465.5,23473.75
2025-08-19T14:30:00-04:00,23473.5,23479.5,23462,23466.25,0,0,0,0,0,0,0,NaN,23479.5,23462,23466.25
2025-08-19T14:35:00-04:00,23466.5,23472,23456.5,23458.25,0,0,0,0,0,0,0,NaN,23472,23456.5,23458.25
2025-08-19T14:40:00-04:00,23458,23469.5,23447.75,23458.75,0,0,0,0,0,0,0,NaN,23469.5,23447.75,23458.75
2025-08-19T14:45:00-04:00,23459.25,23461.5,23446.5,23447,0,0,0,0,0,0,0,NaN,23461.5,23446.5,23447
2025-08-19T14:50:00-04:00,23447.25,23467.25,23444.25,23467.25,0,0,0,0,0,0,0,NaN,23467.25,23444.25,23467.25
2025-08-19T14:55:00-04:00,23466.75,23471.25,23458.5,23462.25,0,0,0,0,0,0,0,NaN,23471.25,23458.5,23462.25
2025-08-19T15:00:00-04:00,23462,23462.25,23428.75,23438.5,0,0,0,0,0,0,0,NaN,23462.25,23428.75,23438.5
2025-08-19T15:05:00-04:00,23438.75,23439.5,23426,23429.5,0,0,0,0,0,0,0,NaN,23439.5,23426,23429.5
2025-08-19T15:10:00-04:00,23429,23442.25,23426.5,23437.5,0,0,0,0,0,0,0,NaN,23442.25,23426.5,23437.5
2025-08-19T15:15:00-04:00,23437.75,23442.5,23427.75,23435.75,0,0,0,0,0,0,0,NaN,23442.5,23427.75,23435.75
2025-08-19T15:20:00-04:00,23435.75,23463,23431.5,23462.5,0,0,0,0,0,0,0,NaN,23463,23431.5,23462.5
2025-08-19T15:25:00-04:00,23462.25,23462.25,23454.5,23458.75,0,0,0,0,0,0,0,NaN,23462.25,23454.5,23458.75
2025-08-19T15:30:00-04:00,23459.5,23471.5,23458.25,23468,0,0,0,0,0,0,0,NaN,23471.5,23458.25,23468
2025-08-19T15:35:00-04:00,23467.5,23474,23462.25,23466.5,0,0,0,0,0,0,0,NaN,23474,23462.25,23466.5
2025-08-19T15:40:00-04:00,23466.5,23473.5,23459,23473,0,0,0,0,0,0,0,NaN,23473.5,23459,23473
2025-08-19T15:45:00-04:00,23472.75,23474.25,23455.5,23460.25,0,0,0,0,0,0,0,NaN,23474.25,23455.5,23460.25
2025-08-19T15:50:00-04:00,23460.25,23462.75,23436,23442.75,0,0,0,0,0,0,0,NaN,23462.75,23436,23442.75
2025-08-19T15:55:00-04:00,23443.25,23477,23443.25,23470.25,0,0,0,0,0,0,0,NaN,23477,23443.25,23470.25
2025-08-19T16:00:00-04:00,23471,23487.5,23470.5,23482.5,0,0,0,0,0,0,0,NaN,23487.5,23470.5,23482.5
2025-08-19T16:05:00-04:00,23483,23487,23477.25,23481.5,0,0,0,0,0,0,0,NaN,23487,23477.25,23481.5
2025-08-19T16:10:00-04:00,23481,23481.75,23468.75,23470.5,0,0,0,0,0,0,0,NaN,23481.75,23468.75,23470.5
2025-08-19T16:15:00-04:00,23470.75,23474,23467,23471.75,0,0,0,0,0,0,0,NaN,23474,23467,23471.75
2025-08-19T16:20:00-04:00,23472,23474.5,23465.5,23467.5,0,0,0,0,0,0,0,NaN,23474.5,23465.5,23467.5
2025-08-19T16:25:00-04:00,23467.5,23473.75,23466.75,23473,0,0,0,0,0,0,0,NaN,23473.75,23466.75,23473
2025-08-19T16:30:00-04:00,23473,23475,23470.25,23471,0,0,0,0,0,0,0,NaN,23475,23470.25,23471
2025-08-19T16:35:00-04:00,23471.25,23471.25,23465.75,23468.75,0,0,0,0,0,0,0,NaN,23471.25,23465.75,23468.75
2025-08-19T16:40:00-04:00,23469,23469.75,23463.5,23469.5,0,0,0,0,0,0,0,NaN,23469.75,23463.5,23469.5
2025-08-19T16:45:00-04:00,23469.5,23473.75,23465,23473.25,0,0,0,0,0,0,0,NaN,23473.75,23465,23473.25
2025-08-19T16:50:00-04:00,23473,23473.5,23470.25,23471.25,0,0,0,0,0,0,0,NaN,23473.5,23470.25,23471.25
2025-08-19T16:55:00-04:00,23470.75,23473.75,23468.75,23473.5,0,0,0,0,0,0,0,NaN,23473.75,23468.75,23473.5
2025-08-19T18:00:00-04:00,23461,23485.25,23450,23481.5,0,0,0,0,0,0,0,NaN,23485.25,23450,23481.5
2025-08-19T18:05:00-04:00,23482,23485,23473,23480.25,0,0,0,0,0,0,0,NaN,23485,23473,23480.25
2025-08-19T18:10:00-04:00,23481,23485.5,23462.75,23462.75,0,0,0,0,0,0,0,NaN,23485.5,23462.75,23462.75
2025-08-19T18:15:00-04:00,23463.75,23473.75,23460,23473,0,0,0,0,0,0,0,NaN,23473.75,23460,23473
2025-08-19T18:20:00-04:00,23472,23472,23464,23467.5,0,0,0,0,0,0,0,NaN,23472,23464,23467.5
2025-08-19T18:25:00-04:00,23466.5,23466.5,23453,23456.5,0,0,0,0,0,0,0,NaN,23466.5,23453,23456.5
2025-08-19T18:30:00-04:00,23457,23472,23455,23465.5,0,0,0,0,0,0,0,NaN,23472,23455,23465.5
2025-08-19T18:35:00-04:00,23465.25,23469,23461.5,23465,0,0,0,0,0,0,0,NaN,23469,23461.5,23465
2025-08-19T18:40:00-04:00,23465.25,23466,23460.5,23464.5,0,0,0,0,0,0,0,NaN,23466,23460.5,23464.5
2025-08-19T18:45:00-04:00,23464.25,23464.25,23456.75,23460.75,0,0,0,0,0,0,0,NaN,23464.25,23456.75,23460.75
2025-08-19T18:50:00-04:00,23461,23473,23461,23467.25,0,0,0,0,0,0,0,NaN,23473,23461,23467.25
2025-08-19T18:55:00-04:00,23466.75,23466.75,23456,23458.25,0,0,0,0,0,0,0,NaN,23466.75,23456,23458.25
2025-08-19T19:00:00-04:00,23458.25,23465.5,23456.5,23459.25,0,0,0,0,0,0,0,NaN,23465.5,23456.5,23459.25
2025-08-19T19:05:00-04:00,23459,23467.5,23454.75,23458,0,0,0,0,0,0,0,NaN,23467.5,23454.75,23458
2025-08-19T19:10:00-04:00,23458.5,23459.5,23451.25,23454,0,0,0,0,0,0,0,NaN,23459.5,23451.25,23454
2025-08-19T19:15:00-04:00,23454.75,23455.25,23442,23445,0,0,0,0,0,0,0,NaN,23455.25,23442,23445
2025-08-19T19:20:00-04:00,23445.5,23446.75,23413.5,23422.75,0,0,0,0,0,0,0,NaN,23446.75,23413.5,23422.75
2025-08-19T19:25:00-04:00,23423,23438.25,23421,23435,0,0,0,0,0,0,0,NaN,23438.25,23421,23435
2025-08-19T19:30:00-04:00,23435.25,23436.5,23421,23426.75,0,0,0,0,0,0,0,NaN,23436.5,23421,23426.75
2025-08-19T19:35:00-04:00,23427,23430,23424,23426.25,0,0,0,0,0,0,0,NaN,23430,23424,23426.25
2025-08-19T19:40:00-04:00,23427,23432.5,23423.25,23429.75,0,0,0,0,0,0,0,NaN,23432.5,23423.25,23429.75
2025-08-19T19:45:00-04:00,23430.25,23433.75,23422.5,23424.5,0,0,0,0,0,0,0,NaN,23433.75,23422.5,23424.5
2025-08-19T19:50:00-04:00,23425.5,23430.5,23415.75,23427.25,0,0,0,0,0,0,0,NaN,23430.5,23415.75,23427.25
2025-08-19T19:55:00-04:00,23427,23427.25,23416,23422,0,0,0,0,0,0,0,NaN,23427.25,23416,23422
2025-08-19T20:00:00-04:00,23423.25,23423.5,23410.25,23416.25,0,0,0,0,0,0,0,NaN,23423.5,23410.25,23416.25
2025-08-19T20:05:00-04:00,23417,23424,23412,23415.75,0,0,0,0,0,0,0,NaN,23424,23412,23415.75
2025-08-19T20:10:00-04:00,23416,23420.75,23407.25,23411.5,0,0,0,0,0,0,0,NaN,23420.75,23407.25,23411.5
2025-08-19T20:15:00-04:00,23411,23416,23408.25,23413.75,0,0,0,0,0,0,0,NaN,23416,23408.25,23413.75
2025-08-19T20:20:00-04:00,23414.25,23421.5,23406.25,23410.75,0,0,0,0,0,0,0,NaN,23421.5,23406.25,23410.75
2025-08-19T20:25:00-04:00,23411,23414.75,23403.5,23412.5,0,0,0,0,0,0,0,NaN,23414.75,23403.5,23412.5
2025-08-19T20:30:00-04:00,23413.25,23417.25,23409.5,23412.25,0,0,0,0,0,0,0,NaN,23417.25,23409.5,23412.25
2025-08-19T20:35:00-04:00,23412.5,23413.25,23407,23410.25,0,0,0,0,0,0,0,NaN,23413.25,23407,23410.25
2025-08-19T20:40:00-04:00,23409.25,23409.75,23396.75,23402.75,0,0,0,0,0,0,0,NaN,23409.75,23396.75,23402.75
2025-08-19T20:45:00-04:00,23402,23419.5,23402,23414.5,0,0,0,0,0,0,0,NaN,23419.5,23402,23414.5
2025-08-19T20:50:00-04:00,23414.5,23422.75,23414.5,23420.5,0,0,0,0,0,0,0,NaN,23422.75,23414.5,23420.5
2025-08-19T20:55:00-04:00,23420.5,23422.25,23410.25,23415.25,0,0,0,0,0,0,0,NaN,23422.25,23410.25,23415.25
2025-08-19T21:00:00-04:00,23414,23424.75,23414,23419.5,0,0,0,0,0,0,0,NaN,23424.75,23414,23419.5
2025-08-19T21:05:00-04:00,23419,23421,23402.25,23404.5,0,0,0,0,0,0,0,NaN,23421,23402.25,23404.5
2025-08-19T21:10:00-04:00,23404.5,23406,23391.25,23399.25,0,0,0,0,0,0,0,NaN,23406,23391.25,23399.25
2025-08-19T21:15:00-04:00,23398.75,23404,23392.25,23395,0,0,0,0,0,0,0,NaN,23404,23392.25,23395
2025-08-19T21:20:00-04:00,23394.25,23397,23388,23391.75,0,0,0,0,0,0,0,NaN,23397,23388,23391.75
2025-08-19T21:25:00-04:00,23390.75,23393,23382.25,23384.5,0,0,0,0,0,0,0,NaN,23393,23382.25,23384.5
2025-08-19T21:30:00-04:00,23384.25,23389,23374.75,23375.75,0,0,0,0,0,0,0,NaN,23389,23374.75,23375.75
2025-08-19T21:35:00-04:00,23375.75,23379.25,23370.25,23372.25,0,0,0,0,0,0,0,NaN,23379.25,23370.25,23372.25
2025-08-19T21:40:00-04:00,23372,23377.25,23367.75,23372.75,0,0,0,0,0,0,0,NaN,23377.25,23367.75,23372.75
2025-08-19T21:45:00-04:00,23372.5,23381,23370,23376.5,0,0,0,0,0,0,0,NaN,23381,23370,23376.5
2025-08-19T21:50:00-04:00,23375.5,23383.5,23375,23383,0,0,0,0,0,0,0,NaN,23383.5,23375,23383
2025-08-19T21:55:00-04:00,23382.5,23388.5,23373,23377.75,0,0,0,0,0,0,0,NaN,23388.5,23373,23377.75
2025-08-19T22:00:00-04:00,23379.25,23379.5,23368,23373.5,0,0,0,0,0,0,0,NaN,23379.5,23368,23373.5
2025-08-19T22:05:00-04:00,23373.75,23385,23371.25,23381,0,0,0,0,0,0,0,NaN,23385,23371.25,23381
2025-08-19T22:10:00-04:00,23380.75,23386.25,23378.5,23381,0,0,0,0,0,0,0,NaN,23386.25,23378.5,23381
2025-08-19T22:15:00-04:00,23380.75,23386.5,23380.75,23384.5,0,0,0,0,0,0,0,NaN,23386.5,23380.75,23384.5
2025-08-19T22:20:00-04:00,23384,23387.75,23379.25,23381.5,0,0,0,0,0,0,0,NaN,23387.75,23379.25,23381.5
2025-08-19T22:25:00-04:00,23382,23388.75,23382,23386.5,0,0,0,0,0,0,0,NaN,23388.75,23382,23386.5
2025-08-19T22:30:00-04:00,23386.75,23391.5,23384,23386.25,0,0,0,0,0,0,0,NaN,23391.5,23384,23386.25
2025-08-19T22:35:00-04:00,23387.25,23391,23386,23388.25,0,0,0,0,0,0,0,NaN,23391,23386,23388.25
2025-08-19T22:40:00-04:00,23388.25,23390,23385,23388,0,0,0,0,0,0,0,NaN,23390,23385,23388
2025-08-19T22:45:00-04:00,23387.75,23394.25,23387.75,23392.25,0,0,0,0,0,0,0,NaN,23394.25,23387.75,23392.25
2025-08-19T22:50:00-04:00,23392.5,23394.75,23390.5,23394.25,0,0,0,0,0,0,0,NaN,23394.75,23390.5,23394.25
2025-08-19T22:55:00-04:00,23393.5,23394,23388,23392.5,0,0,0,0,0,0,0,NaN,23394,23388,23392.5
2025-08-19T23:00:00-04:00,23392.25,23395.5,23386.5,23388.75,0,0,0,0,0,0,0,NaN,23395.5,23386.5,23388.75
2025-08-19T23:05:00-04:00,23388.25,23389.5,23372,23373.25,0,0,0,0,0,0,0,NaN,23389.5,23372,23373.25
2025-08-19T23:10:00-04:00,23373.5,23373.75,23357.5,23362.75,0,0,0,0,0,0,0,NaN,23373.75,23357.5,23362.75
2025-08-19T23:15:00-04:00,23363.75,23366.25,23357.75,23360.5,0,0,0,0,0,0,0,NaN,23366.25,23357.75,23360.5
2025-08-19T23:20:00-04:00,23359.5,23364.5,23355.5,23360.25,0,0,0,0,0,0,0,NaN,23364.5,23355.5,23360.25
2025-08-19T23:25:00-04:00,23359.5,23366.75,23359.5,23366.75,0,0,0,0,0,0,0,NaN,23366.75,23359.5,23366.75
2025-08-19T23:30:00-04:00,23366.25,23373.25,23366,23366.75,0,0,0,0,0,0,0,NaN,23373.25,23366,23366.75
2025-08-19T23:35:00-04:00,23367,23367.5,23353.25,23357.25,0,0,0,0,0,0,0,NaN,23367.5,23353.25,23357.25
2025-08-19T23:40:00-04:00,23357.5,23358.75,23345.25,23349,0,0,0,0,0,0,0,NaN,23358.75,23345.25,23349
2025-08-19T23:45:00-04:00,23349,23349.5,23339.25,23347.25,0,0,0,0,0,0,0,NaN,23349.5,23339.25,23347.25
2025-08-19T23:50:00-04:00,23347,23348,23336.5,23343.25,0,0,0,0,0,0,0,NaN,23348,23336.5,23343.25
2025-08-19T23:55:00-04:00,23343,23346.75,23342.75,23345.25,0,0,0,0,0,0,0,NaN,23346.75,23342.75,23345.25
2025-08-20T00:00:00-04:00,23344.5,23349.5,23343.25,23348.5,0,0,0,1,0,0,0,NaN,23349.5,23343.25,23348.5
2025-08-20T00:05:00-04:00,23348.75,23353.5,23348.5,23352.5,0,0,0,0,0,0,0,NaN,23353.5,23348.5,23352.5
2025-08-20T00:10:00-04:00,23352.25,23355,23346.75,23353,0,0,0,0,0,0,0,NaN,23355,23346.75,23353
2025-08-20T00:15:00-04:00,23353.75,23366,23350.25,23363,0,0,0,0,0,0,0,NaN,23366,23350.25,23363
2025-08-20T00:20:00-04:00,23362,23362.5,23356.25,23362.5,0,0,0,0,0,0,0,NaN,23362.5,23356.25,23362.5
2025-08-20T00:25:00-04:00,23361.75,23367,23360.5,23366,0,0,0,0,0,0,0,NaN,23367,23360.5,23366
2025-08-20T00:30:00-04:00,23365,23368.75,23360.5,23361.5,0,0,0,0,0,0,0,NaN,23368.75,23360.5,23361.5
2025-08-20T00:35:00-04:00,23361.25,23362.5,23346.75,23354.5,0,0,0,0,0,0,0,NaN,23362.5,23346.75,23354.5
2025-08-20T00:40:00-04:00,23355,23355,23344.75,23351.75,0,0,0,0,0,0,0,NaN,23355,23344.75,23351.75
2025-08-20T00:45:00-04:00,23351.75,23357,23351.25,23355,0,0,0,0,0,0,0,NaN,23357,23351.25,23355
2025-08-20T00:50:00-04:00,23355,23357.25,23348.75,23351,0,0,0,0,0,0,0,NaN,23357.25,23348.75,23351
2025-08-20T00:55:00-04:00,23350.5,23356.5,23348,23352,0,0,0,0,0,0,0,NaN,23356.5,23348,23352
2025-08-20T01:00:00-04:00,23351.75,23352.25,23342.5,23343.75,0,0,0,0,0,0,0,NaN,23352.25,23342.5,23343.75
2025-08-20T01:05:00-04:00,23343.5,23345,23334.25,23338.75,0,0,0,0,0,0,0,NaN,23345,23334.25,23338.75
2025-08-20T01:10:00-04:00,23339,23345.5,23336.5,23344.25,0,0,0,0,0,0,0,NaN,23345.5,23336.5,23344.25
2025-08-20T01:15:00-04:00,23344.25,23348,23339,23339,0,0,0,0,0,0,0,NaN,23348,23339,23339
2025-08-20T01:20:00-04:00,23339.25,23344.25,23337.75,23344,0,0,0,0,0,0,0,NaN,23344.25,23337.75,23344
2025-08-20T01:25:00-04:00,23344.5,23348,23343.25,23346,0,0,0,0,0,0,0,NaN,23348,23343.25,23346
2025-08-20T01:30:00-04:00,23346.75,23356.25,23343.25,23355.5,0,0,0,0,0,0,0,NaN,23356.25,23343.25,23355.5
2025-08-20T01:35:00-04:00,23355.5,23356.5,23351.25,23352.75,0,0,0,0,0,0,0,NaN,23356.5,23351.25,23352.75
2025-08-20T01:40:00-04:00,23352.75,23357.75,23351.5,23352.25,0,0,0,0,0,0,0,NaN,23357.75,23351.5,23352.25
2025-08-20T01:45:00-04:00,23352.25,23357,23347.75,23348.75,0,0,0,0,0,0,0,NaN,23357,23347.75,23348.75
2025-08-20T01:50:00-04:00,23348.75,23359.25,23348,23359.25,0,0,0,0,0,0,0,NaN,23359.25,23348,23359.25
2025-08-20T01:55:00-04:00,23359,23366.75,23357.75,23365.5,0,0,0,0,0,0,0,NaN,23366.75,23357.75,23365.5
2025-08-20T02:00:00-04:00,23365,23372,23363,23365,0,0,0,0,0,0,0,NaN,23372,23363,23365
2025-08-20T02:05:00-04:00,23365,23371,23360.5,23361.75,0,0,0,0,0,0,0,NaN,23371,23360.5,23361.75
2025-08-20T02:10:00-04:00,23361.25,23362.75,23357.25,23361.75,0,0,0,0,0,0,0,NaN,23362.75,23357.25,23361.75
2025-08-20T02:15:00-04:00,23362,23363.5,23352.75,23356.25,0,0,0,0,0,0,0,NaN,23363.5,23352.75,23356.25
2025-08-20T02:20:00-04:00,23357,23359,23344.25,23347.5,0,0,0,0,0,0,0,NaN,23359,23344.25,23347.5
2025-08-20T02:25:00-04:00,23348,23364.75,23344.75,23363.5,0,0,0,0,0,0,0,NaN,23364.75,23344.75,23363.5
2025-08-20T02:30:00-04:00,23362.25,23383.25,23361,23378.5,0,0,0,0,0,0,0,NaN,23383.25,23361,23378.5
2025-08-20T02:35:00-04:00,23376.75,23390.75,23375.25,23388.75,0,0,0,0,0,0,0,NaN,23390.75,23375.25,23388.75
2025-08-20T02:40:00-04:00,23388.25,23392,23383.25,23386,0,0,0,0,0,0,0,NaN,23392,23383.25,23386
2025-08-20T02:45:00-04:00,23385.5,23388.25,23378.25,23378.75,0,0,0,0,0,0,0,NaN,23388.25,23378.25,23378.75
2025-08-20T02:50:00-04:00,23379.25,23390.75,23376.25,23388.25,0,0,0,0,0,0,0,NaN,23390.75,23376.25,23388.25
2025-08-20T02:55:00-04:00,23388.75,23391.25,23384.75,23388.75,0,0,0,0,0,0,0,NaN,23391.25,23384.75,23388.75
2025-08-20T03:00:00-04:00,23388.5,23398.25,23386,23388.25,0,0,0,0,0,0,0,NaN,23398.25,23386,23388.25
2025-08-20T03:05:00-04:00,23388.5,23403,23386,23397.75,0,0,0,0,0,0,0,NaN,23403,23386,23397.75
2025-08-20T03:10:00-04:00,23397,23413,23396.75,23408.25,0,0,0,0,0,0,0,NaN,23413,23396.75,23408.25
2025-08-20T03:15:00-04:00,23407.5,23412.5,23401.5,23409.75,0,0,0,0,0,0,0,NaN,23412.5,23401.5,23409.75
2025-08-20T03:20:00-04:00,23409.25,23421.25,23408.75,23420.75,0,0,0,0,0,0,0,NaN,23421.25,23408.75,23420.75
2025-08-20T03:25:00-04:00,23420,23430.5,23415.5,23417.25,0,0,0,0,0,0,0,NaN,23430.5,23415.5,23417.25
2025-08-20T03:30:00-04:00,23417,23417.25,23395.25,23400.5,0,0,0,0,0,0,0,NaN,23417.25,23395.25,23400.5
2025-08-20T03:35:00-04:00,23400.5,23405,23397.75,23401.75,0,0,0,0,0,0,0,NaN,23405,23397.75,23401.75
2025-08-20T03:40:00-04:00,23402.25,23405.25,23396,23398.75,0,0,0,0,0,0,0,NaN,23405.25,23396,23398.75
2025-08-20T03:45:00-04:00,23399,23405,23395.75,23403.25,0,0,0,0,0,0,0,NaN,23405,23395.75,23403.25
2025-08-20T03:50:00-04:00,23403.25,23408.5,23401,23407.25,0,0,0,0,0,0,0,NaN,23408.5,23401,23407.25
2025-08-20T03:55:00-04:00,23408,23409.75,23398,23399.5,0,0,0,0,0,0,0,NaN,23409.75,23398,23399.5
2025-08-20T04:00:00-04:00,23399.5,23408,23394.75,23407.5,0,0,0,0,0,0,0,NaN,23408,23394.75,23407.5
2025-08-20T04:05:00-04:00,23408.25,23410.5,23398,23398.75,0,0,0,0,0,0,0,NaN,23410.5,23398,23398.75
2025-08-20T04:10:00-04:00,23399.75,23401,23382,23385,0,0,0,0,0,0,0,NaN,23401,23382,23385
2025-08-20T04:15:00-04:00,23385.5,23394.5,23380,23393.5,0,0,0,0,0,0,0,NaN,23394.5,23380,23393.5
2025-08-20T04:20:00-04:00,23394,23397.25,23379.75,23381.5,0,0,0,0,0,0,0,NaN,23397.25,23379.75,23381.5
2025-08-20T04:25:00-04:00,23382.25,23385.75,23372,23378.75,0,0,0,0,0,0,0,NaN,23385.75,23372,23378.75
2025-08-20T04:30:00-04:00,23378.75,23407.25,23371.25,23401.25,0,0,0,0,0,0,0,NaN,23407.25,23371.25,23401.25
2025-08-20T04:35:00-04:00,23402,23421.5,23400.5,23416.75,0,0,0,0,0,0,0,NaN,23421.5,23400.5,23416.75
2025-08-20T04:40:00-04:00,23416.75,23419.75,23412.75,23416.25,0,0,0,0,0,0,0,NaN,23419.75,23412.75,23416.25
2025-08-20T04:45:00-04:00,23415.75,23416.25,23405,23411.5,0,0,0,0,0,0,0,NaN,23416.25,23405,23411.5
2025-08-20T04:50:00-04:00,23411.75,23417,23409.5,23414.75,0,0,0,0,0,0,0,NaN,23417,23409.5,23414.75
2025-08-20T04:55:00-04:00,23414.5,23416,23408.75,23414.25,0,0,0,0,0,0,0,NaN,23416,23408.75,23414.25
2025-08-20T05:00:00-04:00,23414.75,23425.25,23406.75,23416.25,0,0,0,0,0,0,0,NaN,23425.25,23406.75,23416.25
2025-08-20T05:05:00-04:00,23415.75,23426.25,23410,23426,0,0,0,0,0,0,0,NaN,23426.25,23410,23426
2025-08-20T05:10:00-04:00,23425.75,23429.75,23420.75,23425.75,0,0,0,0,0,0,0,NaN,23429.75,23420.75,23425.75
2025-08-20T05:15:00-04:00,23426.25,23432.25,23423.5,23430.5,0,0,0,0,0,0,0,NaN,23432.25,23423.5,23430.5
2025-08-20T05:20:00-04:00,23430.5,23434,23426.25,23429,0,0,0,0,0,0,0,NaN,23434,23426.25,23429
2025-08-20T05:25:00-04:00,23429.5,23430.75,23422.5,23426.25,0,0,0,0,0,0,0,NaN,23430.75,23422.5,23426.25
2025-08-20T05:30:00-04:00,23425.75,23430,23423,23427.25,0,0,0,0,0,0,0,NaN,23430,23423,23427.25
2025-08-20T05:35:00-04:00,23427.75,23435.5,23427,23433,0,0,0,0,0,0,0,NaN,23435.5,23427,23433
2025-08-20T05:40:00-04:00,23433,23435.25,23424.25,23427,0,0,0,0,0,0,0,NaN,23435.25,23424.25,23427
2025-08-20T05:45:00-04:00,23427.5,23437,23426.75,23435.5,0,0,0,0,0,0,0,NaN,23437,23426.75,23435.5
2025-08-20T05:50:00-04:00,23435.25,23439.75,23432.5,23433,0,0,0,0,0,0,0,NaN,23439.75,23432.5,23433
2025-08-20T05:55:00-04:00,23432.75,23434.25,23428.75,23432.5,0,0,0,0,0,0,0,NaN,23434.25,23428.75,23432.5
2025-08-20T06:00:00-04:00,23433.25,23434,23424,23426.75,0,0,0,0,0,0,0,NaN,23434,23424,23426.75
2025-08-20T06:05:00-04:00,23426.5,23434.5,23424.75,23431.5,0,0,0,0,0,0,0,NaN,23434.5,23424.75,23431.5
2025-08-20T06:10:00-04:00,23431,23438.25,23429,23437.25,0,0,0,0,0,0,0,NaN,23438.25,23429,23437.25
2025-08-20T06:15:00-04:00,23437.75,23442,23435.25,23439.75,0,0,0,0,0,0,0,NaN,23442,23435.25,23439.75
2025-08-20T06:20:00-04:00,23440,23440.5,23434,23436,0,0,0,0,0,0,0,NaN,23440.5,23434,23436
2025-08-20T06:25:00-04:00,23435.75,23436.25,23427.25,23427.5,0,0,0,0,0,0,0,NaN,23436.25,23427.25,23427.5
2025-08-20T06:30:00-04:00,23428,23430.25,23413,23413.5,0,0,0,0,0,0,0,NaN,23430.25,23413,23413.5
2025-08-20T06:35:00-04:00,23413.75,23416.5,23403.75,23406,0,0,0,0,0,0,0,NaN,23416.5,23403.75,23406
2025-08-20T06:40:00-04:00,23407.25,23414.75,23404.5,23414,0,0,0,0,0,0,0,NaN,23414.75,23404.5,23414
2025-08-20T06:45:00-04:00,23413.75,23421.25,23411.25,23414.5,0,0,0,0,0,0,0,NaN,23421.25,23411.25,23414.5
2025-08-20T06:50:00-04:00,23415.5,23423.25,23413.75,23421,0,0,0,0,0,0,0,NaN,23423.25,23413.75,23421
2025-08-20T06:55:00-04:00,23420.25,23427.5,23418.75,23425.25,0,0,0,0,0,0,0,NaN,23427.5,23418.75,23425.25
2025-08-20T07:00:00-04:00,23425,23452,23420,23449.25,0,0,0,0,0,0,0,NaN,23452,23420,23449.25
2025-08-20T07:05:00-04:00,23448.75,23449,23439.5,23440,0,0,0,0,0,0,0,NaN,23449,23439.5,23440
2025-08-20T07:10:00-04:00,23440.75,23447.75,23437.5,23444.25,0,0,0,0,0,0,0,NaN,23447.75,23437.5,23444.25
2025-08-20T07:15:00-04:00,23443.75,23444.25,23428.25,23433.5,0,0,0,0,0,0,0,NaN,23444.25,23428.25,23433.5
2025-08-20T07:20:00-04:00,23434.75,23440.75,23427.25,23428.5,0,0,0,0,0,0,0,NaN,23440.75,23427.25,23428.5
2025-08-20T07:25:00-04:00,23428,23430.25,23412,23415,0,0,0,0,0,0,0,NaN,23430.25,23412,23415
2025-08-20T07:30:00-04:00,23415.25,23420.5,23412.25,23413.5,0,0,0,0,0,0,0,NaN,23420.5,23412.25,23413.5
2025-08-20T07:35:00-04:00,23413.5,23416.5,23393.25,23393.25,0,0,0,0,0,0,0,NaN,23416.5,23393.25,23393.25
2025-08-20T07:40:00-04:00,23394,23403.75,23389.75,23401,0,0,0,0,0,0,0,NaN,23403.75,23389.75,23401
2025-08-20T07:45:00-04:00,23400.75,23401.25,23385.75,23399,0,0,0,0,0,0,0,NaN,23401.25,23385.75,23399
2025-08-20T07:50:00-04:00,23398.5,23419.75,23398.5,23409.5,0,0,0,0,0,0,0,NaN,23419.75,23398.5,23409.5
2025-08-20T07:55:00-04:00,23408.75,23417.5,23405.75,23414.25,0,0,0,0,0,0,0,NaN,23417.5,23405.75,23414.25
2025-08-20T08:00:00-04:00,23413.25,23427.75,23411.25,23423.75,0,0,0,0,0,0,0,NaN,23427.75,23411.25,23423.75
2025-08-20T08:05:00-04:00,23424,23428.25,23422,23423,0,0,0,0,0,0,0,NaN,23428.25,23422,23423
2025-08-20T08:10:00-04:00,23423.5,23425.75,23414.5,23418.5,0,0,0,0,0,0,0,NaN,23425.75,23414.5,23418.5
2025-08-20T08:15:00-04:00,23417.75,23424,23414.5,23422.75,0,0,0,0,0,0,0,NaN,23424,23414.5,23422.75
2025-08-20T08:20:00-04:00,23421.75,23427.5,23420.25,23422,0,0,0,0,0,0,0,NaN,23427.5,23420.25,23422
2025-08-20T08:25:00-04:00,23423,23428.75,23408.5,23413.5,0,0,0,0,0,0,0,NaN,23428.75,23408.5,23413.5
2025-08-20T08:30:00-04:00,23412.5,23421.5,23397.75,23404,0,0,0,0,0,0,0,NaN,23421.5,23397.75,23404
2025-08-20T08:35:00-04:00,23404.5,23409.5,23396.5,23407,0,0,0,0,0,0,0,NaN,23409.5,23396.5,23407
2025-08-20T08:40:00-04:00,23407,23425.75,23406.25,23422.5,0,0,0,0,0,0,0,NaN,23425.75,23406.25,23422.5
2025-08-20T08:45:00-04:00,23422.25,23436.25,23418.5,23434.75,0,0,0,0,0,0,0,NaN,23436.25,23418.5,23434.75
2025-08-20T08:50:00-04:00,23434.75,23435.75,23425.5,23427.25,0,0,0,0,0,0,0,NaN,23435.75,23425.5,23427.25
2025-08-20T08:55:00-04:00,23426.75,23429,23420.75,23426.75,0,0,0,0,0,0,0,NaN,23429,23420.75,23426.75
2025-08-20T09:00:00-04:00,23427,23430.5,23419.5,23425.75,0,0,0,0,0,0,0,NaN,23430.5,23419.5,23425.75
2025-08-20T09:05:00-04:00,23425.5,23428,23415.75,23418,0,0,0,0,0,0,0,NaN,23428,23415.75,23418
2025-08-20T09:10:00-04:00,23417.25,23418,23405.75,23408.25,0,0,0,0,0,0,0,NaN,23418,23405.75,23408.25
2025-08-20T09:15:00-04:00,23407.75,23414.75,23404.25,23409,0,0,0,0,0,0,0,NaN,23414.75,23404.25,23409
2025-08-20T09:20:00-04:00,23408.5,23417.75,23405,23413,0,0,0,0,0,0,0,NaN,23417.75,23405,23413
2025-08-20T09:25:00-04:00,23413.25,23430.75,23403.25,23426,0,0,0,0,0,0,0,NaN,23430.75,23403.25,23426
2025-08-20T09:30:00-04:00,23426.25,23432,23362,23371,0,0,0,0,0,0,0,NaN,23432,23362,23371
2025-08-20T09:35:00-04:00,23371.5,23393,23357,23358.75,0,0,0,0,0,0,0,NaN,23393,23357,23358.75
2025-08-20T09:40:00-04:00,23359,23373,23322.25,23322.5,0,0,0,0,0,0,0,NaN,23373,23322.25,23322.5
2025-08-20T09:45:00-04:00,23323,23324.25,23264.25,23264.5,0,0,0,0,0,0,0,NaN,23324.25,23264.25,23264.5
2025-08-20T09:50:00-04:00,23265,23265.25,23167.25,23172,0,0,0,0,0,0,0,NaN,23265.25,23167.25,23172
2025-08-20T09:55:00-04:00,23172.5,23206,23146,23173.25,0,0,0,0,0,0,0,NaN,23206,23146,23173.25
2025-08-20T10:00:00-04:00,23174,23215,23165,23170.75,0,0,0,0,0,0,0,NaN,23215,23165,23170.75
2025-08-20T10:05:00-04:00,23171,23178.5,23096,23111,0,0,0,0,0,0,0,NaN,23178.5,23096,23111
2025-08-20T10:10:00-04:00,23111.25,23129,23089.5,23108.5,0,0,0,0,0,0,0,NaN,23129,23089.5,23108.5
2025-08-20T10:15:00-04:00,23109.75,23125.75,23063.5,23115,0,0,0,0,0,0,0,NaN,23125.75,23063.5,23115
2025-08-20T10:20:00-04:00,23114.5,23157,23103.75,23141.25,0,0,0,0,0,0,0,NaN,23157,23103.75,23141.25
2025-08-20T10:25:00-04:00,23141,23154.5,23093,23095.25,0,0,0,0,0,0,0,NaN,23154.5,23093,23095.25
2025-08-20T10:30:00-04:00,23096,23109.25,23080.25,23098.75,0,0,0,0,0,0,0,NaN,23109.25,23080.25,23098.75
2025-08-20T10:35:00-04:00,23099,23108.5,23081.25,23082.5,0,0,0,0,0,0,0,NaN,23108.5,23081.25,23082.5
2025-08-20T10:40:00-04:00,23083,23087,23057.25,23068.5,0,0,0,0,0,0,0,NaN,23087,23057.25,23068.5
2025-08-20T10:45:00-04:00,23068.25,23089.25,23042.75,23057.75,0,0,0,0,0,0,0,NaN,23089.25,23042.75,23057.75
2025-08-20T10:50:00-04:00,23056.75,23068,23035,23044.75,0,0,0,0,0,0,0,NaN,23068,23035,23044.75
2025-08-20T10:55:00-04:00,23044.25,23061.25,23035.5,23057,0,0,0,0,0,0,0,NaN,23061.25,23035.5,23057
2025-08-20T11:00:00-04:00,23057.5,23077.75,23046,23076.5,0,0,0,0,0,0,0,NaN,23077.75,23046,23076.5
2025-08-20T11:05:00-04:00,23076.5,23128.5,23074,23123.25,0,0,0,0,0,0,0,NaN,23128.5,23074,23123.25
2025-08-20T11:10:00-04:00,23123.5,23136.25,23113.75,23132.5,0,0,0,0,0,0,0,NaN,23136.25,23113.75,23132.5
2025-08-20T11:15:00-04:00,23132.25,23174.75,23131,23173.5,0,0,0,0,0,0,0,NaN,23174.75,23131,23173.5
2025-08-20T11:20:00-04:00,23173.5,23217.25,23172.25,23215.25,0,0,0,0,0,0,0,NaN,23217.25,23172.25,23215.25
2025-08-20T11:25:00-04:00,23215.25,23227.5,23195.75,23224.75,0,0,0,0,0,0,0,NaN,23227.5,23195.75,23224.75
2025-08-20T11:30:00-04:00,23224.25,23257.5,23214.25,23252,0,0,0,0,0,0,0,NaN,23257.5,23214.25,23252
2025-08-20T11:35:00-04:00,23252,23266,23224.5,23225,0,0,0,0,0,0,0,NaN,23266,23224.5,23225
2025-08-20T11:40:00-04:00,23225.5,23258.25,23223.25,23230.75,0,0,0,0,0,0,0,NaN,23258.25,23223.25,23230.75
2025-08-20T11:45:00-04:00,23231.5,23244.25,23213.25,23218.5,0,0,0,0,0,0,0,NaN,23244.25,23213.25,23218.5
2025-08-20T11:50:00-04:00,23218.25,23218.75,23161,23170.25,0,0,0,0,0,0,0,NaN,23218.75,23161,23170.25
2025-08-20T11:55:00-04:00,23170.25,23182.25,23152.5,23171.75,0,0,0,0,0,0,0,NaN,23182.25,23152.5,23171.75
2025-08-20T12:00:00-04:00,23171.25,23216,23168.75,23209.25,0,0,0,0,0,0,0,NaN,23216,23168.75,23209.25
2025-08-20T12:05:00-04:00,23208,23217.75,23196.75,23212.75,0,0,0,0,0,0,0,NaN,23217.75,23196.75,23212.75
2025-08-20T12:10:00-04:00,23213.75,23244,23208.25,23240.5,0,0,0,0,0,0,0,NaN,23244,23208.25,23240.5
2025-08-20T12:15:00-04:00,23240,23264.25,23237.25,23263,0,0,0,0,0,0,0,NaN,23264.25,23237.25,23263
2025-08-20T12:20:00-04:00,23262.75,23280.75,23259.5,23271.25,0,0,0,0,0,0,0,NaN,23280.75,23259.5,23271.25
2025-08-20T12:25:00-04:00,23271.5,23305,23270,23298.5,0,0,0,0,0,0,0,NaN,23305,23270,23298.5
2025-08-20T12:30:00-04:00,23298,23298.75,23270.5,23279.25,0,0,0,0,0,0,0,NaN,23298.75,23270.5,23279.25
2025-08-20T12:35:00-04:00,23278.75,23283.5,23256.5,23274.5,0,0,0,0,0,0,0,NaN,23283.5,23256.5,23274.5
2025-08-20T12:40:00-04:00,23274.5,23278,23246.25,23270.25,0,0,0,0,0,0,0,NaN,23278,23246.25,23270.25
2025-08-20T12:45:00-04:00,23270,23274.75,23242.75,23253.25,0,0,0,0,0,0,0,NaN,23274.75,23242.75,23253.25
2025-08-20T12:50:00-04:00,23253.25,23266.5,23239.25,23252.5,0,0,0,0,0,0,0,NaN,23266.5,23239.25,23252.5
2025-08-20T12:55:00-04:00,23251.5,23251.5,23218.5,23234,0,0,0,0,0,0,0,NaN,23251.5,23218.5,23234
2025-08-20T13:00:00-04:00,23233.5,23266.5,23225.25,23261.5,0,0,0,0,0,0,0,NaN,23266.5,23225.25,23261.5
2025-08-20T13:05:00-04:00,23261.5,23274.5,23238.5,23269.25,0,0,0,0,0,0,0,NaN,23274.5,23238.5,23269.25
2025-08-20T13:10:00-04:00,23269,23270,23234.75,23237,0,0,0,0,0,0,0,NaN,23270,23234.75,23237
2025-08-20T13:15:00-04:00,23237,23261.5,23231,23253.25,0,0,0,0,0,0,0,NaN,23261.5,23231,23253.25
2025-08-20T13:20:00-04:00,23253.5,23269.75,23239.5,23242.25,0,0,0,0,0,0,0,NaN,23269.75,23239.5,23242.25
2025-08-20T13:25:00-04:00,23241.5,23250,23234.75,23246.25,0,0,0,0,0,0,0,NaN,23250,23234.75,23246.25
2025-08-20T13:30:00-04:00,23246,23296.75,23244.75,23292,0,0,0,0,0,0,0,NaN,23296.75,23244.75,23292
2025-08-20T13:35:00-04:00,23291.75,23298.5,23281.75,23291,0,0,0,0,0,0,0,NaN,23298.5,23281.75,23291
2025-08-20T13:40:00-04:00,23291.25,23299.75,23284.5,23297.25,0,0,0,0,0,0,0,NaN,23299.75,23284.5,23297.25
2025-08-20T13:45:00-04:00,23297.5,23315.5,23291,23294,0,0,0,0,0,0,0,NaN,23315.5,23291,23294
2025-08-20T13:50:00-04:00,23293.75,23297.5,23274.25,23282,0,0,0,0,0,0,0,NaN,23297.5,23274.25,23282
2025-08-20T13:55:00-04:00,23281.5,23283.25,23253.25,23264.5,0,0,0,0,0,0,0,NaN,23283.25,23253.25,23264.5
2025-08-20T14:00:00-04:00,23264.5,23272.5,23199.5,23222.75,0,0,0,0,0,0,0,NaN,23272.5,23199.5,23222.75
2025-08-20T14:05:00-04:00,23223.75,23241.75,23209.75,23239.25,0,0,0,0,0,0,0,NaN,23241.75,23209.75,23239.25
2025-08-20T14:10:00-04:00,23239,23248.25,23208.75,23225.5,0,0,0,0,0,0,0,NaN,23248.25,23208.75,23225.5
2025-08-20T14:15:00-04:00,23224.75,23225.75,23200.75,23203.5,0,0,0,0,0,0,0,NaN,23225.75,23200.75,23203.5
2025-08-20T14:20:00-04:00,23203.5,23225.25,23191,23218.5,0,0,0,0,0,0,0,NaN,23225.25,23191,23218.5
2025-08-20T14:25:00-04:00,23218.5,23229.75,23205.5,23210.25,0,0,0,0,0,0,0,NaN,23229.75,23205.5,23210.25
2025-08-20T14:30:00-04:00,23210.75,23234,23208.5,23230.75,0,0,0,0,0,0,0,NaN,23234,23208.5,23230.75
2025-08-20T14:35:00-04:00,23230.5,23251,23216.75,23249.5,0,0,0,0,0,0,0,NaN,23251,23216.75,23249.5
2025-08-20T14:40:00-04:00,23249,23259.25,23240.75,23254.5,0,0,0,0,0,0,0,NaN,23259.25,23240.75,23254.5
2025-08-20T14:45:00-04:00,23254.75,23278.25,23250,23273,0,0,0,0,0,0,0,NaN,23278.25,23250,23273
2025-08-20T14:50:00-04:00,23272.75,23281,23260.5,23262.75,0,0,0,0,0,0,0,NaN,23281,23260.5,23262.75
2025-08-20T14:55:00-04:00,23263,23270.5,23239.75,23243.75,0,0,0,0,0,0,0,NaN,23270.5,23239.75,23243.75
2025-08-20T15:00:00-04:00,23243.75,23264,23243.75,23261,0,0,0,0,0,0,0,NaN,23264,23243.75,23261
2025-08-20T15:05:00-04:00,23260.25,23281.75,23252,23278,0,0,0,0,0,0,0,NaN,23281.75,23252,23278
2025-08-20T15:10:00-04:00,23277.75,23320,23276.25,23311.75,0,0,0,0,0,0,0,NaN,23320,23276.25,23311.75
2025-08-20T15:15:00-04:00,23311.25,23328,23306.25,23318.25,0,0,0,0,0,0,0,NaN,23328,23306.25,23318.25
2025-08-20T15:20:00-04:00,23318.5,23352.75,23315,23348.25,0,0,0,0,0,0,0,NaN,23352.75,23315,23348.25
2025-08-20T15:25:00-04:00,23347.75,23348.5,23311.5,23320.5,0,0,0,0,0,0,0,NaN,23348.5,23311.5,23320.5
2025-08-20T15:30:00-04:00,23320,23342,23314,23339,0,0,0,0,0,0,0,NaN,23342,23314,23339
2025-08-20T15:35:00-04:00,23339.5,23349,23319.5,23321.5,0,0,0,0,0,0,0,NaN,23349,23319.5,23321.5
2025-08-20T15:40:00-04:00,23321.5,23337.25,23318.75,23335,0,0,0,0,0,0,0,NaN,23337.25,23318.75,23335
2025-08-20T15:45:00-04:00,23334.5,23352.25,23331.25,23349.75,0,0,0,0,0,0,0,NaN,23352.25,23331.25,23349.75
2025-08-20T15:50:00-04:00,23350.25,23358.75,23326.25,23351.25,0,0,0,0,0,0,0,NaN,23358.75,23326.25,23351.25
2025-08-20T15:55:00-04:00,23351,23368.75,23319.5,23324.75,0,0,0,0,0,0,0,NaN,23368.75,23319.5,23324.75
2025-08-20T16:00:00-04:00,23325.25,23331,23315,23323.25,0,0,0,0,0,0,0,NaN,23331,23315,23323.25
2025-08-20T16:05:00-04:00,23323.5,23325.25,23316.5,23319.5,0,0,0,0,0,0,0,NaN,23325.25,23316.5,23319.5
2025-08-20T16:10:00-04:00,23319.75,23323.25,23312.25,23316.75,0,0,0,0,0,0,0,NaN,23323.25,23312.25,23316.75
2025-08-20T16:15:00-04:00,23317.25,23318,23307,23309,0,0,0,0,0,0,0,NaN,23318,23307,23309
2025-08-20T16:20:00-04:00,23309.25,23314.25,23307.5,23311.75,0,0,0,0,0,0,0,NaN,23314.25,23307.5,23311.75
2025-08-20T16:25:00-04:00,23311.75,23312,23308,23311,0,0,0,0,0,0,0,NaN,23312,23308,23311
2025-08-20T16:30:00-04:00,23310.75,23315.25,23310,23314,0,0,0,0,0,0,0,NaN,23315.25,23310,23314
2025-08-20T16:35:00-04:00,23313.75,23315.5,23311.75,23314.5,0,0,0,0,0,0,0,NaN,23315.5,23311.75,23314.5
2025-08-20T16:40:00-04:00,23314.25,23316.5,23313.25,23313.75,0,0,0,0,0,0,0,NaN,23316.5,23313.25,23313.75
2025-08-20T16:45:00-04:00,23313.75,23315.25,23308.75,23311.75,0,0,0,0,0,0,0,NaN,23315.25,23308.75,23311.75
2025-08-20T16:50:00-04:00,23311.5,23318.5,23311,23317,0,0,0,0,0,0,0,NaN,23318.5,23311,23317
2025-08-20T16:55:00-04:00,23316.75,23320,23315.25,23319,0,0,0,0,0,0,0,NaN,23320,23315.25,23319
2025-08-20T18:00:00-04:00,23323,23339.75,23319.25,23332.25,0,0,0,0,0,0,0,NaN,23339.75,23319.25,23332.25
2025-08-20T18:05:00-04:00,23331.75,23342.5,23322.5,23329,0,0,0,0,0,0,0,NaN,23342.5,23322.5,23329
2025-08-20T18:10:00-04:00,23329.25,23336.75,23321,23324.5,0,0,0,0,0,0,0,NaN,23336.75,23321,23324.5
2025-08-20T18:15:00-04:00,23324.5,23329.5,23315,23316,0,0,0,0,0,0,0,NaN,23329.5,23315,23316
2025-08-20T18:20:00-04:00,23315,23332.25,23313.5,23331.25,0,0,0,0,0,0,0,NaN,23332.25,23313.5,23331.25
2025-08-20T18:25:00-04:00,23332.5,23337,23326,23334.75,0,0,0,0,0,0,0,NaN,23337,23326,23334.75
2025-08-20T18:30:00-04:00,23334.25,23338.25,23323.25,23323.5,0,0,0,0,0,0,0,NaN,23338.25,23323.25,23323.5
2025-08-20T18:35:00-04:00,23324.25,23325.75,23315.25,23316.25,0,0,0,0,0,0,0,NaN,23325.75,23315.25,23316.25
2025-08-20T18:40:00-04:00,23315.75,23321.75,23313.25,23318.25,0,0,0,0,0,0,0,NaN,23321.75,23313.25,23318.25
2025-08-20T18:45:00-04:00,23318.25,23320,23315,23318,0,0,0,0,0,0,0,NaN,23320,23315,23318
2025-08-20T18:50:00-04:00,23318.25,23321.75,23317.25,23320,0,0,0,0,0,0,0,NaN,23321.75,23317.25,23320
2025-08-20T18:55:00-04:00,23320.5,23322.75,23318,23320,0,0,0,0,0,0,0,NaN,23322.75,23318,23320
2025-08-20T19:00:00-04:00,23319.75,23324.25,23315.25,23316.75,0,0,0,0,0,0,0,NaN,23324.25,23315.25,23316.75
2025-08-20T19:05:00-04:00,23317.25,23330,23306.25,23328,0,0,0,0,0,0,0,NaN,23330,23306.25,23328
2025-08-20T19:10:00-04:00,23327.75,23329.25,23321,23323.25,0,0,0,0,0,0,0,NaN,23329.25,23321,23323.25
2025-08-20T19:15:00-04:00,23323.5,23327.5,23322,23324.75,0,0,0,0,0,0,0,NaN,23327.5,23322,23324.75
2025-08-20T19:20:00-04:00,23325,23325,23318.5,23319.75,0,0,0,0,0,0,0,NaN,23325,23318.5,23319.75
2025-08-20T19:25:00-04:00,23319.75,23322,23314,23316,0,0,0,0,0,0,0,NaN,23322,23314,23316
2025-08-20T19:30:00-04:00,23314.75,23315.75,23306.25,23308.5,0,0,0,0,0,0,0,NaN,23315.75,23306.25,23308.5
2025-08-20T19:35:00-04:00,23307.75,23313.75,23307.25,23313.75,0,0,0,0,0,0,0,NaN,23313.75,23307.25,23313.75
2025-08-20T19:40:00-04:00,23313,23319,23311,23313.25,0,0,0,0,0,0,0,NaN,23319,23311,23313.25
2025-08-20T19:45:00-04:00,23313,23315.75,23306,23306.5,0,0,0,0,0,0,0,NaN,23315.75,23306,23306.5
2025-08-20T19:50:00-04:00,23306,23321.5,23305.75,23320,0,0,0,0,0,0,0,NaN,23321.5,23305.75,23320
2025-08-20T19:55:00-04:00,23320.75,23323.5,23314.75,23318.5,0,0,0,0,0,0,0,NaN,23323.5,23314.75,23318.5
2025-08-20T20:00:00-04:00,23318.5,23319,23304,23312,0,0,0,0,0,0,0,NaN,23319,23304,23312
2025-08-20T20:05:00-04:00,23313,23320.5,23309,23313.75,0,0,0,0,0,0,0,NaN,23320.5,23309,23313.75
2025-08-20T20:10:00-04:00,23314.25,23323.5,23310.75,23314.5,0,0,0,0,0,0,0,NaN,23323.5,23310.75,23314.5
2025-08-20T20:15:00-04:00,23314.25,23316,23297,23297.75,0,0,0,0,0,0,0,NaN,23316,23297,23297.75
2025-08-20T20:20:00-04:00,23297.25,23299.75,23277.25,23279.25,0,0,0,0,0,0,0,NaN,23299.75,23277.25,23279.25
2025-08-20T20:25:00-04:00,23279,23286.5,23268.5,23286,0,0,0,0,0,0,0,NaN,23286.5,23268.5,23286
2025-08-20T20:30:00-04:00,23286,23305.5,23284,23304.75,0,0,0,0,0,0,0,NaN,23305.5,23284,23304.75
2025-08-20T20:35:00-04:00,23305,23312,23300.5,23303.5,0,0,0,0,0,0,0,NaN,23312,23300.5,23303.5
2025-08-20T20:40:00-04:00,23304.75,23311.5,23303.25,23305.5,0,0,0,0,0,0,0,NaN,23311.5,23303.25,23305.5
2025-08-20T20:45:00-04:00,23306.25,23307.75,23285.25,23289.5,0,0,0,0,0,0,0,NaN,23307.75,23285.25,23289.5
2025-08-20T20:50:00-04:00,23290.25,23295.75,23277,23284,0,0,0,0,0,0,0,NaN,23295.75,23277,23284
2025-08-20T20:55:00-04:00,23283.75,23294.25,23283.75,23292.25,0,0,0,0,0,0,0,NaN,23294.25,23283.75,23292.25
2025-08-20T21:00:00-04:00,23291.5,23296.5,23278.25,23283,0,0,0,0,0,0,0,NaN,23296.5,23278.25,23283
2025-08-20T21:05:00-04:00,23283.75,23286.75,23267.75,23280.5,0,0,0,0,0,0,0,NaN,23286.75,23267.75,23280.5
2025-08-20T21:10:00-04:00,23281.5,23286.25,23267.25,23284.5,0,0,0,0,0,0,0,NaN,23286.25,23267.25,23284.5
2025-08-20T21:15:00-04:00,23283.5,23285.75,23274.25,23280.5,0,0,0,0,0,0,0,NaN,23285.75,23274.25,23280.5
2025-08-20T21:20:00-04:00,23279,23298.75,23274.5,23296,0,0,0,0,0,0,0,NaN,23298.75,23274.5,23296
2025-08-20T21:25:00-04:00,23296.75,23298.5,23287.5,23295,0,0,0,0,0,0,0,NaN,23298.5,23287.5,23295
2025-08-20T21:30:00-04:00,23295.25,23303.25,23295,23302.25,0,0,0,0,0,0,0,NaN,23303.25,23295,23302.25
2025-08-20T21:35:00-04:00,23301.5,23303.25,23298,23301.5,0,0,0,0,0,0,0,NaN,23303.25,23298,23301.5
2025-08-20T21:40:00-04:00,23301.5,23309,23299.75,23303.5,0,0,0,0,0,0,0,NaN,23309,23299.75,23303.5
2025-08-20T21:45:00-04:00,23303,23313,23302.75,23310,0,0,0,0,0,0,0,NaN,23313,23302.75,23310
2025-08-20T21:50:00-04:00,23309.75,23335.25,23309.75,23331.25,0,0,0,0,0,0,0,NaN,23335.25,23309.75,23331.25
2025-08-20T21:55:00-04:00,23331.5,23355,23330,23353.5,0,0,0,0,0,0,0,NaN,23355,23330,23353.5
2025-08-20T22:00:00-04:00,23353,23357.5,23350,23353,0,0,0,0,0,0,0,NaN,23357.5,23350,23353
2025-08-20T22:05:00-04:00,23353.25,23356,23341.5,23343,0,0,0,0,0,0,0,NaN,23356,23341.5,23343
2025-08-20T22:10:00-04:00,23342.75,23363,23341.5,23362.25,0,0,0,0,0,0,0,NaN,23363,23341.5,23362.25
2025-08-20T22:15:00-04:00,23361.75,23363.5,23348.75,23363.5,0,0,0,0,0,0,0,NaN,23363.5,23348.75,23363.5
2025-08-20T22:20:00-04:00,23362.25,23369.25,23362,23363.75,0,0,0,0,0,0,0,NaN,23369.25,23362,23363.75
2025-08-20T22:25:00-04:00,23364,23366.5,23360,23363.5,0,0,0,0,0,0,0,NaN,23366.5,23360,23363.5
2025-08-20T22:30:00-04:00,23363.5,23368,23355.5,23357.25,0,0,0,0,0,0,0,NaN,23368,23355.5,23357.25
2025-08-20T22:35:00-04:00,23357,23358.75,23352,23356,0,0,0,0,0,0,0,NaN,23358.75,23352,23356
2025-08-20T22:40:00-04:00,23356.5,23359.5,23350.75,23356.75,0,0,0,0,0,0,0,NaN,23359.5,23350.75,23356.75
2025-08-20T22:45:00-04:00,23356.5,23358,23348.75,23351.5,0,0,0,0,0,0,0,NaN,23358,23348.75,23351.5
2025-08-20T22:50:00-04:00,23351.5,23359.5,23351,23357.25,0,0,0,0,0,0,0,NaN,23359.5,23351,23357.25
2025-08-20T22:55:00-04:00,23357.5,23357.5,23353,23354.5,0,0,0,0,0,0,0,NaN,23357.5,23353,23354.5
2025-08-20T23:00:00-04:00,23354.25,23355.75,23349.75,23352.25,0,0,0,0,0,0,0,NaN,23355.75,23349.75,23352.25
2025-08-20T23:05:00-04:00,23352.5,23360.25,23349.75,23358.75,0,0,0,0,0,0,0,NaN,23360.25,23349.75,23358.75
2025-08-20T23:10:00-04:00,23358.5,23358.5,23351.5,23351.5,0,0,0,0,0,0,0,NaN,23358.5,23351.5,23351.5
2025-08-20T23:15:00-04:00,23351.25,23351.25,23343.75,23345.75,0,0,0,0,0,0,0,NaN,23351.25,23343.75,23345.75
2025-08-20T23:20:00-04:00,23345,23346.5,23336.25,23345.25,0,0,0,0,0,0,0,NaN,23346.5,23336.25,23345.25
2025-08-20T23:25:00-04:00,23345.25,23350.25,23345.25,23347.25,0,0,0,0,0,0,0,NaN,23350.25,23345.25,23347.25
2025-08-20T23:30:00-04:00,23348.75,23349.75,23341.5,23347.75,0,0,0,0,0,0,0,NaN,23349.75,23341.5,23347.75
2025-08-20T23:35:00-04:00,23349,23352,23345,23350.5,0,0,0,0,0,0,0,NaN,23352,23345,23350.5
2025-08-20T23:40:00-04:00,23350.75,23353.25,23346.75,23346.75,0,0,0,0,0,0,0,NaN,23353.25,23346.75,23346.75
2025-08-20T23:45:00-04:00,23348,23351.5,23343.5,23349.75,0,0,0,0,0,0,0,NaN,23351.5,23343.5,23349.75
2025-08-20T23:50:00-04:00,23350.5,23355,23348.25,23349.25,0,0,0,0,0,0,0,NaN,23355,23348.25,23349.25
2025-08-20T23:55:00-04:00,23349,23350.25,23341.5,23342,0,0,0,0,0,0,0,NaN,23350.25,23341.5,23342
2025-08-21T00:00:00-04:00,23341.5,23343,23337,23340,0,0,0,0,1,0,0,NaN,23343,23337,23340
2025-08-21T00:05:00-04:00,23340,23340.25,23334.25,23335.5,0,0,0,0,0,0,0,NaN,23340.25,23334.25,23335.5
2025-08-21T00:10:00-04:00,23335.5,23337.25,23332.5,23334.75,0,0,0,0,0,0,0,NaN,23337.25,23332.5,23334.75
2025-08-21T00:15:00-04:00,23335,23344,23335,23337.25,0,0,0,0,0,0,0,NaN,23344,23335,23337.25
2025-08-21T00:20:00-04:00,23337,23337.5,23332,23336.25,0,0,0,0,0,0,0,NaN,23337.5,23332,23336.25
2025-08-21T00:25:00-04:00,23337.5,23339.75,23334,23336.5,0,0,0,0,0,0,0,NaN,23339.75,23334,23336.5
2025-08-21T00:30:00-04:00,23336,23344.5,23330,23343,0,0,0,0,0,0,0,NaN,23344.5,23330,23343
2025-08-21T00:35:00-04:00,23342.5,23342.5,23336,23337,0,0,0,0,0,0,0,NaN,23342.5,23336,23337
2025-08-21T00:40:00-04:00,23336,23343,23331.75,23342,0,0,0,0,0,0,0,NaN,23343,23331.75,23342
2025-08-21T00:45:00-04:00,23342.25,23346.75,23341.5,23342.5,0,0,0,0,0,0,0,NaN,23346.75,23341.5,23342.5
2025-08-21T00:50:00-04:00,23342.5,23343.75,23340.25,23342.25,0,0,0,0,0,0,0,NaN,23343.75,23340.25,23342.25
2025-08-21T00:55:00-04:00,23342,23344.75,23336.25,23340.25,0,0,0,0,0,0,0,NaN,23344.75,23336.25,23340.25
2025-08-21T01:00:00-04:00,23340,23349,23338.25,23342.5,0,0,0,0,0,0,0,NaN,23349,23338.25,23342.5
2025-08-21T01:05:00-04:00,23342.5,23343.5,23320.75,23324.75,0,0,0,0,0,0,0,NaN,23343.5,23320.75,23324.75
2025-08-21T01:10:00-04:00,23324.25,23326,23319.25,23324.75,0,0,0,0,0,0,0,NaN,23326,23319.25,23324.75
2025-08-21T01:15:00-04:00,23325,23337.5,23324.5,23332.25,0,0,0,0,0,0,0,NaN,23337.5,23324.5,23332.25
2025-08-21T01:20:00-04:00,23331.5,23331.5,23323.5,23325.25,0,0,0,0,0,0,0,NaN,23331.5,23323.5,23325.25
2025-08-21T01:25:00-04:00,23325.5,23327,23317.5,23318.5,0,0,0,0,0,0,0,NaN,23327,23317.5,23318.5
2025-08-21T01:30:00-04:00,23319,23322.25,23316.5,23319,0,0,0,0,0,0,0,NaN,23322.25,23316.5,23319
2025-08-21T01:35:00-04:00,23318.25,23321.5,23313.75,23315.75,0,0,0,0,0,0,0,NaN,23321.5,23313.75,23315.75
2025-08-21T01:40:00-04:00,23316.25,23321.5,23311.25,23319.25,0,0,0,0,0,0,0,NaN,23321.5,23311.25,23319.25
2025-08-21T01:45:00-04:00,23319.5,23324.75,23317.75,23320.75,0,0,0,0,0,0,0,NaN,23324.75,23317.75,23320.75
2025-08-21T01:50:00-04:00,23320.25,23331.5,23315.75,23329.25,0,0,0,0,0,0,0,NaN,23331.5,23315.75,23329.25
2025-08-21T01:55:00-04:00,23329,23341.5,23327.5,23340.75,0,0,0,0,0,0,0,NaN,23341.5,23327.5,23340.75
2025-08-21T02:00:00-04:00,23340.5,23344.5,23334,23337.25,0,0,0,0,0,0,0,NaN,23344.5,23334,23337.25
2025-08-21T02:05:00-04:00,23337.5,23343,23331.75,23341.75,0,0,0,0,0,0,0,NaN,23343,23331.75,23341.75
2025-08-21T02:10:00-04:00,23342.5,23357.25,23342.5,23356.75,0,0,0,0,0,0,0,NaN,23357.25,23342.5,23356.75
2025-08-21T02:15:00-04:00,23356.5,23368.25,23354.5,23366,0,0,0,0,0,0,0,NaN,23368.25,23354.5,23366
2025-08-21T02:20:00-04:00,23365.5,23366.5,23356.25,23358.5,0,0,0,0,0,0,0,NaN,23366.5,23356.25,23358.5
2025-08-21T02:25:00-04:00,23358.25,23358.25,23343.25,23352.75,0,0,0,0,0,0,0,NaN,23358.25,23343.25,23352.75
2025-08-21T02:30:00-04:00,23352,23361.5,23351,23359,0,0,0,0,0,0,0,NaN,23361.5,23351,23359
2025-08-21T02:35:00-04:00,23358.5,23366.75,23354.75,23355.75,0,0,0,0,0,0,0,NaN,23366.75,23354.75,23355.75
2025-08-21T02:40:00-04:00,23355.75,23359,23351.25,23355,0,0,0,0,0,0,0,NaN,23359,23351.25,23355
2025-08-21T02:45:00-04:00,23354.5,23354.5,23346.5,23348,0,0,0,0,0,0,0,NaN,23354.5,23346.5,23348
2025-08-21T02:50:00-04:00,23348.5,23354,23347,23353.5,0,0,0,0,0,0,0,NaN,23354,23347,23353.5
2025-08-21T02:55:00-04:00,23353.75,23357.25,23353,23354.5,0,0,0,0,0,0,0,NaN,23357.25,23353,23354.5
2025-08-21T03:00:00-04:00,23354,23357.75,23336,23348.5,0,0,0,0,0,0,0,NaN,23357.75,23336,23348.5
2025-08-21T03:05:00-04:00,23349.25,23359.5,23340.25,23352.5,0,0,0,0,0,0,0,NaN,23359.5,23340.25,23352.5
2025-08-21T03:10:00-04:00,23351,23351.75,23328.5,23330.5,0,0,0,0,0,0,0,NaN,23351.75,23328.5,23330.5
2025-08-21T03:15:00-04:00,23331,23335.25,23321.75,23332.25,0,0,0,0,0,0,0,NaN,23335.25,23321.75,23332.25
2025-08-21T03:20:00-04:00,23332.75,23338,23329,23332,0,0,0,0,0,0,0,NaN,23338,23329,23332
2025-08-21T03:25:00-04:00,23331.25,23333.25,23324,23329.5,0,0,0,0,0,0,0,NaN,23333.25,23324,23329.5
2025-08-21T03:30:00-04:00,23329.75,23340.5,23326.25,23340.25,0,0,0,0,0,0,0,NaN,23340.5,23326.25,23340.25
2025-08-21T03:35:00-04:00,23340,23344,23336.5,23340.5,0,0,0,0,0,0,0,NaN,23344,23336.5,23340.5
2025-08-21T03:40:00-04:00,23341.25,23347,23335.75,23338.75,0,0,0,0,0,0,0,NaN,23347,23335.75,23338.75
2025-08-21T03:45:00-04:00,23337.25,23345,23332,23345,0,0,0,0,0,0,0,NaN,23345,23332,23345
2025-08-21T03:50:00-04:00,23345.25,23352.25,23342,23347.5,0,0,0,0,0,0,0,NaN,23352.25,23342,23347.5
2025-08-21T03:55:00-04:00,23346.5,23351,23341.25,23343,0,0,0,0,0,0,0,NaN,23351,23341.25,23343
2025-08-21T04:00:00-04:00,23343.5,23355,23338,23353.75,0,0,0,0,0,0,0,NaN,23355,23338,23353.75
2025-08-21T04:05:00-04:00,23353,23357.5,23343.25,23353.25,0,0,0,0,0,0,0,NaN,23357.5,23343.25,23353.25
2025-08-21T04:10:00-04:00,23352.5,23352.75,23331.25,23345.5,0,0,0,0,0,0,0,NaN,23352.75,23331.25,23345.5
2025-08-21T04:15:00-04:00,23345.5,23348,23317.25,23324.75,0,0,0,0,0,0,0,NaN,23348,23317.25,23324.75
2025-08-21T04:20:00-04:00,23324,23341.75,23323.5,23339.75,0,0,0,0,0,0,0,NaN,23341.75,23323.5,23339.75
2025-08-21T04:25:00-04:00,23340.75,23345.5,23335.5,23343,0,0,0,0,0,0,0,NaN,23345.5,23335.5,23343
2025-08-21T04:30:00-04:00,23342.5,23351,23337.75,23342.75,0,0,0,0,0,0,0,NaN,23351,23337.75,23342.75
2025-08-21T04:35:00-04:00,23342.25,23349.5,23340,23347.75,0,0,0,0,0,0,0,NaN,23349.5,23340,23347.75
2025-08-21T04:40:00-04:00,23348,23349.5,23340.75,23343.25,0,0,0,0,0,0,0,NaN,23349.5,23340.75,23343.25
2025-08-21T04:45:00-04:00,23343.25,23343.5,23327,23327.5,0,0,0,0,0,0,0,NaN,23343.5,23327,23327.5
2025-08-21T04:50:00-04:00,23326.75,23326.75,23312.75,23321.25,0,0,0,0,0,0,0,NaN,23326.75,23312.75,23321.25
2025-08-21T04:55:00-04:00,23321,23321.25,23295.25,23298.25,0,0,0,0,0,0,0,NaN,23321.25,23295.25,23298.25
2025-08-21T05:00:00-04:00,23298,23305.5,23292.25,23302,0,0,0,0,0,0,0,NaN,23305.5,23292.25,23302
2025-08-21T05:05:00-04:00,23300.75,23304.75,23290,23296.5,0,0,0,0,0,0,0,NaN,23304.75,23290,23296.5
2025-08-21T05:10:00-04:00,23297.5,23309.25,23296,23305.75,0,0,0,0,0,0,0,NaN,23309.25,23296,23305.75
2025-08-21T05:15:00-04:00,23305.25,23313.25,23301.25,23310.5,0,0,0,0,0,0,0,NaN,23313.25,23301.25,23310.5
2025-08-21T05:20:00-04:00,23309.25,23316,23306.25,23315.25,0,0,0,0,0,0,0,NaN,23316,23306.25,23315.25
2025-08-21T05:25:00-04:00,23315.75,23322,23313.5,23319,0,0,0,0,0,0,0,NaN,23322,23313.5,23319
2025-08-21T05:30:00-04:00,23318.75,23321.5,23315,23316.5,0,0,0,0,0,0,0,NaN,23321.5,23315,23316.5
2025-08-21T05:35:00-04:00,23317.25,23320,23313.75,23316.5,0,0,0,0,0,0,0,NaN,23320,23313.75,23316.5
2025-08-21T05:40:00-04:00,23317,23325.25,23314,23323.75,0,0,0,0,0,0,0,NaN,23325.25,23314,23323.75
2025-08-21T05:45:00-04:00,23324.25,23328.25,23320.75,23328,0,0,0,0,0,0,0,NaN,23328.25,23320.75,23328
2025-08-21T05:50:00-04:00,23328,23328.75,23312.25,23317.25,0,0,0,0,0,0,0,NaN,23328.75,23312.25,23317.25
2025-08-21T05:55:00-04:00,23317.75,23318,23302.25,23304.75,0,0,0,0,0,0,0,NaN,23318,23302.25,23304.75
2025-08-21T06:00:00-04:00,23304.5,23304.75,23286.75,23300.75,0,0,0,0,0,0,0,NaN,23304.75,23286.75,23300.75
2025-08-21T06:05:00-04:00,23301.5,23312.25,23300.75,23307,0,0,0,0,0,0,0,NaN,23312.25,23300.75,23307
2025-08-21T06:10:00-04:00,23307,23307,23291,23292,0,0,0,0,0,0,0,NaN,23307,23291,23292
2025-08-21T06:15:00-04:00,23292.5,23296.75,23277.75,23279.5,0,0,0,0,0,0,0,NaN,23296.75,23277.75,23279.5
2025-08-21T06:20:00-04:00,23279.75,23303.25,23273,23301.75,0,0,0,0,0,0,0,NaN,23303.25,23273,23301.75
2025-08-21T06:25:00-04:00,23301.5,23306.25,23293,23302.5,0,0,0,0,0,0,0,NaN,23306.25,23293,23302.5
2025-08-21T06:30:00-04:00,23302,23304.75,23291.25,23294.5,0,0,0,0,0,0,0,NaN,23304.75,23291.25,23294.5
2025-08-21T06:35:00-04:00,23294.5,23300.75,23293,23299,0,0,0,0,0,0,0,NaN,23300.75,23293,23299
2025-08-21T06:40:00-04:00,23300.25,23307,23299.75,23303.25,0,0,0,0,0,0,0,NaN,23307,23299.75,23303.25
2025-08-21T06:45:00-04:00,23302.5,23305,23300,23302,0,0,0,0,0,0,0,NaN,23305,23300,23302
2025-08-21T06:50:00-04:00,23302,23318.25,23297.75,23316,0,0,0,0,0,0,0,NaN,23318.25,23297.75,23316
2025-08-21T06:55:00-04:00,23316.5,23318,23303.75,23312.5,0,0,0,0,0,0,0,NaN,23318,23303.75,23312.5
2025-08-21T07:00:00-04:00,23312,23334.25,23298.75,23308.25,0,0,0,0,0,0,0,NaN,23334.25,23298.75,23308.25
2025-08-21T07:05:00-04:00,23309.25,23327.25,23309,23314.25,0,0,0,0,0,0,0,NaN,23327.25,23309,23314.25
2025-08-21T07:10:00-04:00,23314.5,23315.25,23296.5,23302.25,0,0,0,0,0,0,0,NaN,23315.25,23296.5,23302.25
2025-08-21T07:15:00-04:00,23302.25,23306.5,23299.25,23299.25,0,0,0,0,0,0,0,NaN,23306.5,23299.25,23299.25
2025-08-21T07:20:00-04:00,23300.25,23311,23296.75,23305.75,0,0,0,0,0,0,0,NaN,23311,23296.75,23305.75
2025-08-21T07:25:00-04:00,23307.5,23310,23300.25,23303.75,0,0,0,0,0,0,0,NaN,23310,23300.25,23303.75
2025-08-21T07:30:00-04:00,23303,23310.75,23294,23295.5,0,0,0,0,0,0,0,NaN,23310.75,23294,23295.5
2025-08-21T07:35:00-04:00,23295.25,23301,23281.5,23287,0,0,0,0,0,0,0,NaN,23301,23281.5,23287
2025-08-21T07:40:00-04:00,23288.25,23297.5,23282,23288.25,0,0,0,0,0,0,0,NaN,23297.5,23282,23288.25
2025-08-21T07:45:00-04:00,23287.25,23287.75,23264.5,23269.75,0,0,0,0,0,0,0,NaN,23287.75,23264.5,23269.75
2025-08-21T07:50:00-04:00,23268.75,23287,23268.75,23279,0,0,0,0,0,0,0,NaN,23287,23268.75,23279
2025-08-21T07:55:00-04:00,23278.75,23287.25,23276,23281,0,0,0,0,0,0,0,NaN,23287.25,23276,23281
2025-08-21T08:00:00-04:00,23281.5,23281.5,23261.25,23266,0,0,0,0,0,0,0,NaN,23281.5,23261.25,23266
2025-08-21T08:05:00-04:00,23266.25,23272.5,23258.5,23263.75,0,0,0,0,0,0,0,NaN,23272.5,23258.5,23263.75
2025-08-21T08:10:00-04:00,23263.25,23263.25,23235.5,23243.75,0,0,0,0,0,0,0,NaN,23263.25,23235.5,23243.75
2025-08-21T08:15:00-04:00,23243.75,23245,23221.75,23231.5,0,0,0,0,0,0,0,NaN,23245,23221.75,23231.5
2025-08-21T08:20:00-04:00,23231.5,23249,23222.75,23246,0,0,0,0,0,0,0,NaN,23249,23222.75,23246
2025-08-21T08:25:00-04:00,23245.25,23247.25,23232.75,23236.75,0,0,0,0,0,0,0,NaN,23247.25,23232.75,23236.75
2025-08-21T08:30:00-04:00,23236.5,23269.25,23226.5,23268.25,0,0,0,0,0,0,0,NaN,23269.25,23226.5,23268.25
2025-08-21T08:35:00-04:00,23268.5,23269,23240.25,23241,0,0,0,0,0,0,0,NaN,23269,23240.25,23241
2025-08-21T08:40:00-04:00,23240.75,23248,23232,23232.25,0,0,0,0,0,0,0,NaN,23248,23232,23232.25
2025-08-21T08:45:00-04:00,23232.5,23234.75,23217.75,23225,0,0,0,0,0,0,0,NaN,23234.75,23217.75,23225
2025-08-21T08:50:00-04:00,23224.5,23229.5,23215.75,23221.5,0,0,0,0,0,0,0,NaN,23229.5,23215.75,23221.5
2025-08-21T08:55:00-04:00,23221.5,23229,23215.25,23224,0,0,0,0,0,0,0,NaN,23229,23215.25,23224
2025-08-21T09:00:00-04:00,23223.5,23231,23208.25,23228.5,0,0,0,0,0,0,0,NaN,23231,23208.25,23228.5
2025-08-21T09:05:00-04:00,23226.75,23248.5,23226.75,23248,0,0,0,0,0,0,0,NaN,23248.5,23226.75,23248
2025-08-21T09:10:00-04:00,23248.5,23250.25,23226,23230.25,0,0,0,0,0,0,0,NaN,23250.25,23226,23230.25
2025-08-21T09:15:00-04:00,23229.75,23238.25,23224,23234.5,0,0,0,0,0,0,0,NaN,23238.25,23224,23234.5
2025-08-21T09:20:00-04:00,23234.25,23248.5,23234,23237.5,0,0,0,0,0,0,0,NaN,23248.5,23234,23237.5
2025-08-21T09:25:00-04:00,23238.75,23262.25,23235.25,23260.25,0,0,0,0,0,0,0,NaN,23262.25,23235.25,23260.25
2025-08-21T09:30:00-04:00,23260.5,23273,23199.25,23241.75,0,0,0,0,0,0,0,NaN,23273,23199.25,23241.75
2025-08-21T09:35:00-04:00,23242.25,23290.25,23224,23276.5,0,0,0,0,0,0,0,NaN,23290.25,23224,23276.5
2025-08-21T09:40:00-04:00,23276.5,23277,23235.25,23253.5,0,0,0,0,0,0,0,NaN,23277,23235.25,23253.5
2025-08-21T09:45:00-04:00,23256.25,23268,23175.75,23267,0,0,0,0,0,0,0,NaN,23268,23175.75,23267
2025-08-21T09:50:00-04:00,23265.75,23268.5,23214.75,23240,0,0,0,0,0,0,0,NaN,23268.5,23214.75,23240
2025-08-21T09:55:00-04:00,23240,23248.25,23183.25,23187.75,0,0,0,0,0,0,0,NaN,23248.25,23183.25,23187.75
2025-08-21T10:00:00-04:00,23184.5,23269,23156,23263,0,0,0,0,0,0,0,NaN,23269,23156,23263
2025-08-21T10:05:00-04:00,23262.25,23289.75,23259.25,23282,0,0,0,0,0,0,0,NaN,23289.75,23259.25,23282
2025-08-21T10:10:00-04:00,23282.5,23303.25,23269.75,23281.5,0,0,0,0,0,0,0,NaN,23303.25,23269.75,23281.5
2025-08-21T10:15:00-04:00,23281.5,23314.5,23272.5,23303.5,0,0,0,0,0,0,0,NaN,23314.5,23272.5,23303.5
2025-08-21T10:20:00-04:00,23301.5,23323.25,23297,23319.5,0,0,0,0,0,0,0,NaN,23323.25,23297,23319.5
2025-08-21T10:25:00-04:00,23319.25,23348.25,23299,23344.75,0,0,0,0,0,0,0,NaN,23348.25,23299,23344.75
2025-08-21T10:30:00-04:00,23344.75,23345.5,23284.5,23294.5,0,0,0,0,0,0,0,NaN,23345.5,23284.5,23294.5
2025-08-21T10:35:00-04:00,23295,23301.25,23257.25,23258.5,0,0,0,0,0,0,0,NaN,23301.25,23257.25,23258.5
2025-08-21T10:40:00-04:00,23257.75,23280,23249.25,23279.25,0,0,0,0,0,0,0,NaN,23280,23249.25,23279.25
2025-08-21T10:45:00-04:00,23278.75,23289.75,23255.25,23257.5,0,0,0,0,0,0,0,NaN,23289.75,23255.25,23257.5
2025-08-21T10:50:00-04:00,23258,23299.75,23258,23298.25,0,0,0,0,0,0,0,NaN,23299.75,23258,23298.25
2025-08-21T10:55:00-04:00,23297.75,23301.5,23284.5,23294.75,0,0,0,0,0,0,0,NaN,23301.5,23284.5,23294.75
2025-08-21T11:00:00-04:00,23295,23312.75,23278.25,23282.5,0,0,0,0,0,0,0,NaN,23312.75,23278.25,23282.5
2025-08-21T11:05:00-04:00,23282.75,23283,23260.5,23267,0,0,0,0,0,0,0,NaN,23283,23260.5,23267
2025-08-21T11:10:00-04:00,23267.5,23270.25,23208,23212,0,0,0,0,0,0,0,NaN,23270.25,23208,23212
2025-08-21T11:15:00-04:00,23212.25,23244.25,23204,23241,0,0,0,0,0,0,0,NaN,23244.25,23204,23241
2025-08-21T11:20:00-04:00,23240,23287.25,23227.75,23276.75,0,0,0,0,0,0,0,NaN,23287.25,23227.75,23276.75
2025-08-21T11:25:00-04:00,23277.25,23280,23243.75,23256.25,0,0,0,0,0,0,0,NaN,23280,23243.75,23256.25
2025-08-21T11:30:00-04:00,23256.25,23291.5,23254.25,23283.5,0,0,0,0,0,0,0,NaN,23291.5,23254.25,23283.5
2025-08-21T11:35:00-04:00,23283,23290.75,23275.5,23278,0,0,0,0,0,0,0,NaN,23290.75,23275.5,23278
2025-08-21T11:40:00-04:00,23278.5,23295.75,23268,23282.75,0,0,0,0,0,0,0,NaN,23295.75,23268,23282.75
2025-08-21T11:45:00-04:00,23283.5,23284,23250.5,23255,0,0,0,0,0,0,0,NaN,23284,23250.5,23255
2025-08-21T11:50:00-04:00,23255,23258,23201,23206.75,0,0,0,0,0,0,0,NaN,23258,23201,23206.75
2025-08-21T11:55:00-04:00,23207.25,23211.75,23191.25,23204.5,0,0,0,0,0,0,0,NaN,23211.75,23191.25,23204.5
2025-08-21T12:00:00-04:00,23204.25,23212.25,23181.25,23186.25,0,0,0,0,0,0,0,NaN,23212.25,23181.25,23186.25
2025-08-21T12:05:00-04:00,23186,23197.25,23177.75,23186.5,0,0,0,0,0,0,0,NaN,23197.25,23177.75,23186.5
2025-08-21T12:10:00-04:00,23186,23208.75,23175.75,23194.25,0,0,0,0,0,0,0,NaN,23208.75,23175.75,23194.25
2025-08-21T12:15:00-04:00,23194,23213.75,23193.5,23212,0,0,0,0,0,0,0,NaN,23213.75,23193.5,23212
2025-08-21T12:20:00-04:00,23212.25,23212.75,23196,23207.25,0,0,0,0,0,0,0,NaN,23212.75,23196,23207.25
2025-08-21T12:25:00-04:00,23207.5,23207.5,23172.75,23182.75,0,0,0,0,0,0,0,NaN,23207.5,23172.75,23182.75
2025-08-21T12:30:00-04:00,23182.25,23204.75,23176.25,23183.75,0,0,0,0,0,0,0,NaN,23204.75,23176.25,23183.75
2025-08-21T12:35:00-04:00,23183.75,23199.25,23174.5,23194.75,0,0,0,0,0,0,0,NaN,23199.25,23174.5,23194.75
2025-08-21T12:40:00-04:00,23195,23203.25,23181,23186.75,0,0,0,0,0,0,0,NaN,23203.25,23181,23186.75
2025-08-21T12:45:00-04:00,23186.5,23195.75,23175.5,23184.75,0,0,0,0,0,0,0,NaN,23195.75,23175.5,23184.75
2025-08-21T12:50:00-04:00,23185,23212.5,23182.75,23204.25,0,0,0,0,0,0,0,NaN,23212.5,23182.75,23204.25
2025-08-21T12:55:00-04:00,23204.25,23210.75,23150.5,23161.25,0,0,0,0,0,0,0,NaN,23210.75,23150.5,23161.25
2025-08-21T13:00:00-04:00,23161.5,23183,23153.25,23180.5,0,0,0,0,0,0,0,NaN,23183,23153.25,23180.5
2025-08-21T13:05:00-04:00,23181,23196,23173.75,23183.5,0,0,0,0,0,0,0,NaN,23196,23173.75,23183.5
2025-08-21T13:10:00-04:00,23182.75,23182.75,23153,23154.5,0,0,0,0,0,0,0,NaN,23182.75,23153,23154.5
2025-08-21T13:15:00-04:00,23154.25,23159.5,23132.25,23136,0,0,0,0,0,0,0,NaN,23159.5,23132.25,23136
2025-08-21T13:20:00-04:00,23135.75,23143.5,23121.75,23127.5,0,0,0,0,0,0,0,NaN,23143.5,23121.75,23127.5
2025-08-21T13:25:00-04:00,23128.25,23151.25,23119,23146.25,0,0,0,0,0,0,0,NaN,23151.25,23119,23146.25
2025-08-21T13:30:00-04:00,23146,23175.5,23140.75,23174.75,0,0,0,0,0,0,0,NaN,23175.5,23140.75,23174.75
2025-08-21T13:35:00-04:00,23174.75,23201.25,23171.75,23195.25,0,0,0,0,0,0,0,NaN,23201.25,23171.75,23195.25
2025-08-21T13:40:00-04:00,23195.5,23208.75,23191.25,23202.75,0,0,0,0,0,0,0,NaN,23208.75,23191.25,23202.75
2025-08-21T13:45:00-04:00,23201.5,23224.25,23200,23210.5,0,0,0,0,0,0,0,NaN,23224.25,23200,23210.5
2025-08-21T13:50:00-04:00,23210.75,23219.5,23190.5,23203.75,0,0,0,0,0,0,0,NaN,23219.5,23190.5,23203.75
2025-08-21T13:55:00-04:00,23203.75,23216,23199.5,23215,0,0,0,0,0,0,0,NaN,23216,23199.5,23215
2025-08-21T14:00:00-04:00,23214.5,23222.75,23205.25,23209,0,0,0,0,0,0,0,NaN,23222.75,23205.25,23209
2025-08-21T14:05:00-04:00,23209.5,23218.5,23191.5,23200,0,0,0,0,0,0,0,NaN,23218.5,23191.5,23200
2025-08-21T14:10:00-04:00,23199.75,23212.75,23188.75,23207,0,0,0,0,0,0,0,NaN,23212.75,23188.75,23207
2025-08-21T14:15:00-04:00,23206.5,23218.75,23197.25,23214.75,0,0,0,0,0,0,0,NaN,23218.75,23197.25,23214.75
2025-08-21T14:20:00-04:00,23215.25,23219.5,23199.25,23213.5,0,0,0,0,0,0,0,NaN,23219.5,23199.25,23213.5
2025-08-21T14:25:00-04:00,23213.75,23216.25,23197.25,23198.5,0,0,0,0,0,0,0,NaN,23216.25,23197.25,23198.5
2025-08-21T14:30:00-04:00,23198.5,23204.5,23179.5,23202.75,0,0,0,0,0,0,0,NaN,23204.5,23179.5,23202.75
2025-08-21T14:35:00-04:00,23203,23221.75,23199.75,23218.5,0,0,0,0,0,0,0,NaN,23221.75,23199.75,23218.5
2025-08-21T14:40:00-04:00,23217.75,23221.75,23196.75,23199,0,0,0,0,0,0,0,NaN,23221.75,23196.75,23199
2025-08-21T14:45:00-04:00,23198.5,23199.5,23182.25,23199,0,0,0,0,0,0,0,NaN,23199.5,23182.25,23199
2025-08-21T14:50:00-04:00,23199.25,23224.25,23193.75,23216.5,0,0,0,0,0,0,0,NaN,23224.25,23193.75,23216.5
2025-08-21T14:55:00-04:00,23216.75,23235,23202.75,23225.5,0,0,0,0,0,0,0,NaN,23235,23202.75,23225.5
2025-08-21T15:00:00-04:00,23225,23242.5,23220.75,23231.5,0,0,0,0,0,0,0,NaN,23242.5,23220.75,23231.5
2025-08-21T15:05:00-04:00,23232,23251.25,23228.5,23244.5,0,0,0,0,0,0,0,NaN,23251.25,23228.5,23244.5
2025-08-21T15:10:00-04:00,23244.75,23252.25,23241.25,23247.5,0,0,0,0,0,0,0,NaN,23252.25,23241.25,23247.5
2025-08-21T15:15:00-04:00,23247.75,23252.75,23238.25,23245,0,0,0,0,0,0,0,NaN,23252.75,23238.25,23245
2025-08-21T15:20:00-04:00,23245.5,23254.5,23240,23252.25,0,0,0,0,0,0,0,NaN,23254.5,23240,23252.25
2025-08-21T15:25:00-04:00,23251.5,23255.25,23234.75,23236.5,0,0,0,0,0,0,0,NaN,23255.25,23234.75,23236.5
2025-08-21T15:30:00-04:00,23236.5,23238.75,23228.25,23229.75,0,0,0,0,0,0,0,NaN,23238.75,23228.25,23229.75
2025-08-21T15:35:00-04:00,23229.75,23233,23213.75,23219,0,0,0,0,0,0,0,NaN,23233,23213.75,23219
2025-08-21T15:40:00-04:00,23219.5,23227.75,23207.5,23216,0,0,0,0,0,0,0,NaN,23227.75,23207.5,23216
2025-08-21T15:45:00-04:00,23216,23223.75,23206.5,23222,0,0,0,0,0,0,0,NaN,23223.75,23206.5,23222
2025-08-21T15:50:00-04:00,23221,23234.5,23210.5,23223.5,0,0,0,0,0,0,0,NaN,23234.5,23210.5,23223.5
2025-08-21T15:55:00-04:00,23223.5,23233,23203.5,23217.5,0,0,0,0,0,0,0,NaN,23233,23203.5,23217.5
2025-08-21T16:00:00-04:00,23217.5,23222.25,23200,23206.5,0,0,0,0,0,0,0,NaN,23222.25,23200,23206.5
2025-08-21T16:05:00-04:00,23207.25,23209,23202,23204.5,0,0,0,0,0,0,0,NaN,23209,23202,23204.5
2025-08-21T16:10:00-04:00,23204.75,23222.25,23203.75,23221.25,0,0,0,0,0,0,0,NaN,23222.25,23203.75,23221.25
2025-08-21T16:15:00-04:00,23221.5,23223.25,23216,23220,0,0,0,0,0,0,0,NaN,23223.25,23216,23220
2025-08-21T16:20:00-04:00,23220,23220.5,23216.25,23219.25,0,0,0,0,0,0,0,NaN,23220.5,23216.25,23219.25
2025-08-21T16:25:00-04:00,23219.5,23221.75,23210.25,23211.25,0,0,0,0,0,0,0,NaN,23221.75,23210.25,23211.25
2025-08-21T16:30:00-04:00,23211.5,23213.5,23207.5,23208.25,0,0,0,0,0,0,0,NaN,23213.5,23207.5,23208.25
2025-08-21T16:35:00-04:00,23208,23217.25,23206.75,23216.5,0,0,0,0,0,0,0,NaN,23217.25,23206.75,23216.5
2025-08-21T16:40:00-04:00,23215.75,23222,23215.5,23218.25,0,0,0,0,0,0,0,NaN,23222,23215.5,23218.25
2025-08-21T16:45:00-04:00,23218.5,23225.75,23216.25,23225.25,0,0,0,0,0,0,0,NaN,23225.75,23216.25,23225.25
2025-08-21T16:50:00-04:00,23225,23226.25,23220.75,23221.25,0,0,0,0,0,0,0,NaN,23226.25,23220.75,23221.25
2025-08-21T16:55:00-04:00,23221.25,23224.25,23218.5,23221.75,0,0,0,0,0,0,0,NaN,23224.25,23218.5,23221.75
2025-08-21T18:00:00-04:00,23225.25,23244.5,23223.25,23232,0,0,0,0,0,0,0,NaN,23244.5,23223.25,23232
2025-08-21T18:05:00-04:00,23233.25,23241.75,23230.5,23238.25,0,0,0,0,0,0,0,NaN,23241.75,23230.5,23238.25
2025-08-21T18:10:00-04:00,23239,23244.75,23237.25,23238,0,0,0,0,0,0,0,NaN,23244.75,23237.25,23238
2025-08-21T18:15:00-04:00,23237.75,23246.25,23235.25,23241.25,0,0,0,0,0,0,0,NaN,23246.25,23235.25,23241.25
2025-08-21T18:20:00-04:00,23241.25,23244.25,23236.25,23236.25,0,0,0,0,0,0,0,NaN,23244.25,23236.25,23236.25
2025-08-21T18:25:00-04:00,23236.25,23237.25,23227.75,23229.75,0,0,0,0,0,0,0,NaN,23237.25,23227.75,23229.75
2025-08-21T18:30:00-04:00,23229.75,23237,23229,23233.25,0,0,0,0,0,0,0,NaN,23237,23229,23233.25
2025-08-21T18:35:00-04:00,23233.75,23241.75,23227,23239.5,0,0,0,0,0,0,0,NaN,23241.75,23227,23239.5
2025-08-21T18:40:00-04:00,23239,23248.5,23235.75,23248.25,0,0,0,0,0,0,0,NaN,23248.5,23235.75,23248.25
2025-08-21T18:45:00-04:00,23247.25,23250.25,23238,23240.25,0,0,0,0,0,0,0,NaN,23250.25,23238,23240.25
2025-08-21T18:50:00-04:00,23241.75,23246,23240.25,23242.5,0,0,0,0,0,0,0,NaN,23246,23240.25,23242.5
2025-08-21T18:55:00-04:00,23243,23249,23243,23244.5,0,0,0,0,0,0,0,NaN,23249,23243,23244.5
2025-08-21T19:00:00-04:00,23244,23244.25,23239.25,23241,0,0,0,0,0,0,0,NaN,23244.25,23239.25,23241
2025-08-21T19:05:00-04:00,23241,23241,23235,23238.25,0,0,0,0,0,0,0,NaN,23241,23235,23238.25
2025-08-21T19:10:00-04:00,23238,23241.25,23235.75,23238,0,0,0,0,0,0,0,NaN,23241.25,23235.75,23238
2025-08-21T19:15:00-04:00,23238.75,23248.25,23238.25,23246.5,0,0,0,0,0,0,0,NaN,23248.25,23238.25,23246.5
2025-08-21T19:20:00-04:00,23246.5,23251.5,23246.5,23249.75,0,0,0,0,0,0,0,NaN,23251.5,23246.5,23249.75
2025-08-21T19:25:00-04:00,23248.75,23250.25,23245.5,23248,0,0,0,0,0,0,0,NaN,23250.25,23245.5,23248
2025-08-21T19:30:00-04:00,23248.75,23251.75,23231,23233.25,0,0,0,0,0,0,0,NaN,23251.75,23231,23233.25
2025-08-21T19:35:00-04:00,23233.75,23241.75,23232.5,23241.75,0,0,0,0,0,0,0,NaN,23241.75,23232.5,23241.75
2025-08-21T19:40:00-04:00,23241,23245.75,23237.5,23237.75,0,0,0,0,0,0,0,NaN,23245.75,23237.5,23237.75
2025-08-21T19:45:00-04:00,23237.5,23244.75,23236.75,23242.75,0,0,0,0,0,0,0,NaN,23244.75,23236.75,23242.75
2025-08-21T19:50:00-04:00,23243.25,23251,23242.25,23245.5,0,0,0,0,0,0,0,NaN,23251,23242.25,23245.5
2025-08-21T19:55:00-04:00,23245.5,23252.5,23245.5,23248.25,0,0,0,0,0,0,0,NaN,23252.5,23245.5,23248.25
2025-08-21T20:00:00-04:00,23249.5,23250,23234,23234,0,0,0,0,0,0,0,NaN,23250,23234,23234
2025-08-21T20:05:00-04:00,23234,23239,23214.75,23229.75,0,0,0,0,0,0,0,NaN,23239,23214.75,23229.75
2025-08-21T20:10:00-04:00,23230,23230,23187,23195.25,0,0,0,0,0,0,0,NaN,23230,23187,23195.25
2025-08-21T20:15:00-04:00,23193.5,23200.5,23181,23200,0,0,0,0,0,0,0,NaN,23200.5,23181,23200
2025-08-21T20:20:00-04:00,23200.75,23213.75,23199.25,23213,0,0,0,0,0,0,0,NaN,23213.75,23199.25,23213
2025-08-21T20:25:00-04:00,23214,23214,23190.75,23200.25,0,0,0,0,0,0,0,NaN,23214,23190.75,23200.25
2025-08-21T20:30:00-04:00,23202,23217.5,23201.25,23211.5,0,0,0,0,0,0,0,NaN,23217.5,23201.25,23211.5
2025-08-21T20:35:00-04:00,23212.25,23220.75,23212.25,23219.5,0,0,0,0,0,0,0,NaN,23220.75,23212.25,23219.5
2025-08-21T20:40:00-04:00,23218.5,23222.5,23213.75,23216.75,0,0,0,0,0,0,0,NaN,23222.5,23213.75,23216.75
2025-08-21T20:45:00-04:00,23214.75,23219,23214.75,23214.75,0,0,0,0,0,0,0,NaN,23219,23214.75,23214.75
2025-08-21T20:50:00-04:00,23215.25,23217.25,23212.25,23214,0,0,0,0,0,0,0,NaN,23217.25,23212.25,23214
2025-08-21T20:55:00-04:00,23213.25,23217,23206.25,23212.5,0,0,0,0,0,0,0,NaN,23217,23206.25,23212.5
2025-08-21T21:00:00-04:00,23214,23221.75,23206.75,23211.75,0,0,0,0,0,0,0,NaN,23221.75,23206.75,23211.75
2025-08-21T21:05:00-04:00,23211,23213.25,23194.25,23196,0,0,0,0,0,0,0,NaN,23213.25,23194.25,23196
2025-08-21T21:10:00-04:00,23195,23204.75,23192.25,23201,0,0,0,0,0,0,0,NaN,23204.75,23192.25,23201
2025-08-21T21:15:00-04:00,23201,23217.75,23196.5,23212.25,0,0,0,0,0,0,0,NaN,23217.75,23196.5,23212.25
2025-08-21T21:20:00-04:00,23210.75,23213.75,23196,23200,0,0,0,0,0,0,0,NaN,23213.75,23196,23200
2025-08-21T21:25:00-04:00,23201.5,23210.25,23196.5,23209.25,0,0,0,0,0,0,0,NaN,23210.25,23196.5,23209.25
2025-08-21T21:30:00-04:00,23208.5,23210,23196.5,23203.25,0,0,0,0,0,0,0,NaN,23210,23196.5,23203.25
2025-08-21T21:35:00-04:00,23203.75,23209,23197.25,23200,0,0,0,0,0,0,0,NaN,23209,23197.25,23200
2025-08-21T21:40:00-04:00,23200.5,23209,23196.25,23206.75,0,0,0,0,0,0,0,NaN,23209,23196.25,23206.75
2025-08-21T21:45:00-04:00,23207.75,23207.75,23199,23200,0,0,0,0,0,0,0,NaN,23207.75,23199,23200
2025-08-21T21:50:00-04:00,23199.5,23203.75,23196.25,23199.25,0,0,0,0,0,0,0,NaN,23203.75,23196.25,23199.25
2025-08-21T21:55:00-04:00,23200.5,23209.75,23200.25,23207,0,0,0,0,0,0,0,NaN,23209.75,23200.25,23207
2025-08-21T22:00:00-04:00,23207,23210,23203,23209.25,0,0,0,0,0,0,0,NaN,23210,23203,23209.25
2025-08-21T22:05:00-04:00,23209.25,23219.75,23209.25,23218,0,0,0,0,0,0,0,NaN,23219.75,23209.25,23218
2025-08-21T22:10:00-04:00,23218,23227.5,23216,23225.75,0,0,0,0,0,0,0,NaN,23227.5,23216,23225.75
2025-08-21T22:15:00-04:00,23226,23228.75,23223,23225.75,0,0,0,0,0,0,0,NaN,23228.75,23223,23225.75
2025-08-21T22:20:00-04:00,23225.75,23230,23225,23226.25,0,0,0,0,0,0,0,NaN,23230,23225,23226.25
2025-08-21T22:25:00-04:00,23226.5,23228,23217.5,23224.25,0,0,0,0,0,0,0,NaN,23228,23217.5,23224.25
2025-08-21T22:30:00-04:00,23224.5,23228,23220.25,23220.5,0,0,0,0,0,0,0,NaN,23228,23220.25,23220.5
2025-08-21T22:35:00-04:00,23220.5,23228.5,23218.75,23225.25,0,0,0,0,0,0,0,NaN,23228.5,23218.75,23225.25
2025-08-21T22:40:00-04:00,23227,23230.75,23221.75,23228.75,0,0,0,0,0,0,0,NaN,23230.75,23221.75,23228.75
2025-08-21T22:45:00-04:00,23229,23233.75,23226,23226.25,0,0,0,0,0,0,0,NaN,23233.75,23226,23226.25
2025-08-21T22:50:00-04:00,23225.75,23226.25,23220,23220.25,0,0,0,0,0,0,0,NaN,23226.25,23220,23220.25
2025-08-21T22:55:00-04:00,23220,23220.25,23206.75,23206.75,0,0,0,0,0,0,0,NaN,23220.25,23206.75,23206.75
2025-08-21T23:00:00-04:00,23207,23210.25,23192.5,23193.25,0,0,0,0,0,0,0,NaN,23210.25,23192.5,23193.25
2025-08-21T23:05:00-04:00,23193.25,23201,23191.75,23199.75,0,0,0,0,0,0,0,NaN,23201,23191.75,23199.75
2025-08-21T23:10:00-04:00,23199.5,23203.25,23193,23195.25,0,0,0,0,0,0,0,NaN,23203.25,23193,23195.25
2025-08-21T23:15:00-04:00,23195.25,23201.25,23194.5,23200,0,0,0,0,0,0,0,NaN,23201.25,23194.5,23200
2025-08-21T23:20:00-04:00,23200.75,23203.75,23198,23199,0,0,0,0,0,0,0,NaN,23203.75,23198,23199
2025-08-21T23:25:00-04:00,23200,23201.75,23198.25,23200,0,0,0,0,0,0,0,NaN,23201.75,23198.25,23200
2025-08-21T23:30:00-04:00,23200,23205.25,23198.75,23204.75,0,0,0,0,0,0,0,NaN,23205.25,23198.75,23204.75
2025-08-21T23:35:00-04:00,23204,23211.25,23204,23208.25,0,0,0,0,0,0,0,NaN,23211.25,23204,23208.25
2025-08-21T23:40:00-04:00,23208.25,23208.25,23200,23201.5,0,0,0,0,0,0,0,NaN,23208.25,23200,23201.5
2025-08-21T23:45:00-04:00,23201.75,23201.75,23196.75,23201.25,0,0,0,0,0,0,0,NaN,23201.75,23196.75,23201.25
2025-08-21T23:50:00-04:00,23200.5,23200.5,23197.25,23198.5,0,0,0,0,0,0,0,NaN,23200.5,23197.25,23198.5
2025-08-21T23:55:00-04:00,23199.25,23201.75,23193.25,23194.75,0,0,0,0,0,0,0,NaN,23201.75,23193.25,23194.75
2025-08-22T00:00:00-04:00,23194.5,23201.5,23193,23198.5,0,0,0,0,0,1,0,NaN,23201.5,23193,23198.5
2025-08-22T00:05:00-04:00,23198.25,23206.75,23198.25,23204.75,0,0,0,0,0,0,0,NaN,23206.75,23198.25,23204.75
2025-08-22T00:10:00-04:00,23206,23208.5,23204.25,23205.5,0,0,0,0,0,0,0,NaN,23208.5,23204.25,23205.5
2025-08-22T00:15:00-04:00,23205.25,23206.75,23201.25,23205.25,0,0,0,0,0,0,0,NaN,23206.75,23201.25,23205.25
2025-08-22T00:20:00-04:00,23205.5,23210.75,23203.5,23210.25,0,0,0,0,0,0,0,NaN,23210.75,23203.5,23210.25
2025-08-22T00:25:00-04:00,23209.75,23212.75,23203.5,23203.5,0,0,0,0,0,0,0,NaN,23212.75,23203.5,23203.5
2025-08-22T00:30:00-04:00,23204.5,23206,23202,23204.75,0,0,0,0,0,0,0,NaN,23206,23202,23204.75
2025-08-22T00:35:00-04:00,23204.25,23209.5,23203.5,23207,0,0,0,0,0,0,0,NaN,23209.5,23203.5,23207
2025-08-22T00:40:00-04:00,23207,23210.75,23206.25,23209,0,0,0,0,0,0,0,NaN,23210.75,23206.25,23209
2025-08-22T00:45:00-04:00,23210.5,23215.75,23210.25,23213.5,0,0,0,0,0,0,0,NaN,23215.75,23210.25,23213.5
2025-08-22T00:50:00-04:00,23213.5,23213.5,23210.25,23211,0,0,0,0,0,0,0,NaN,23213.5,23210.25,23211
2025-08-22T00:55:00-04:00,23211,23211.5,23207.25,23209.5,0,0,0,0,0,0,0,NaN,23211.5,23207.25,23209.5
2025-08-22T01:00:00-04:00,23209.75,23212.25,23208,23210,0,0,0,0,0,0,0,NaN,23212.25,23208,23210
2025-08-22T01:05:00-04:00,23210,23210.75,23193.75,23196,0,0,0,0,0,0,0,NaN,23210.75,23193.75,23196
2025-08-22T01:10:00-04:00,23195,23200.75,23194.75,23197.75,0,0,0,0,0,0,0,NaN,23200.75,23194.75,23197.75
2025-08-22T01:15:00-04:00,23197.5,23199.5,23192,23192.75,0,0,0,0,0,0,0,NaN,23199.5,23192,23192.75
2025-08-22T01:20:00-04:00,23192,23197.5,23187,23191,0,0,0,0,0,0,0,NaN,23197.5,23187,23191
2025-08-22T01:25:00-04:00,23189.75,23191.75,23186.25,23191,0,0,0,0,0,0,0,NaN,23191.75,23186.25,23191
2025-08-22T01:30:00-04:00,23190.5,23196,23188.25,23194.25,0,0,0,0,0,0,0,NaN,23196,23188.25,23194.25
2025-08-22T01:35:00-04:00,23193.25,23195.25,23184.75,23185.75,0,0,0,0,0,0,0,NaN,23195.25,23184.75,23185.75
2025-08-22T01:40:00-04:00,23186,23189,23181,23188,0,0,0,0,0,0,0,NaN,23189,23181,23188
2025-08-22T01:45:00-04:00,23187.75,23197.75,23187.75,23194.75,0,0,0,0,0,0,0,NaN,23197.75,23187.75,23194.75
2025-08-22T01:50:00-04:00,23195,23205.25,23195,23204,0,0,0,0,0,0,0,NaN,23205.25,23195,23204
2025-08-22T01:55:00-04:00,23204.5,23204.75,23189.25,23191.25,0,0,0,0,0,0,0,NaN,23204.75,23189.25,23191.25
2025-08-22T02:00:00-04:00,23190.25,23191.5,23177.75,23178.25,0,0,0,0,0,0,0,NaN,23191.5,23177.75,23178.25
2025-08-22T02:05:00-04:00,23177.75,23182.25,23172.75,23174.5,0,0,0,0,0,0,0,NaN,23182.25,23172.75,23174.5
2025-08-22T02:10:00-04:00,23174,23180.5,23170,23178.5,0,0,0,0,0,0,0,NaN,23180.5,23170,23178.5
2025-08-22T02:15:00-04:00,23178.25,23180.25,23173.25,23173.75,0,0,0,0,0,0,0,NaN,23180.25,23173.25,23173.75
2025-08-22T02:20:00-04:00,23173.25,23178,23169.75,23170.5,0,0,0,0,0,0,0,NaN,23178,23169.75,23170.5
2025-08-22T02:25:00-04:00,23169.5,23170.5,23159.25,23166,0,0,0,0,0,0,0,NaN,23170.5,23159.25,23166
2025-08-22T02:30:00-04:00,23168.25,23173.75,23147,23154,0,0,0,0,0,0,0,NaN,23173.75,23147,23154
2025-08-22T02:35:00-04:00,23153.25,23157.5,23130.75,23134.25,0,0,0,0,0,0,0,NaN,23157.5,23130.75,23134.25
2025-08-22T02:40:00-04:00,23134.5,23134.5,23076.75,23090.25,0,0,0,0,0,0,0,NaN,23134.5,23076.75,23090.25
2025-08-22T02:45:00-04:00,23089,23121.75,23080.5,23119.5,0,0,0,0,0,0,0,NaN,23121.75,23080.5,23119.5
2025-08-22T02:50:00-04:00,23119.5,23142.25,23119.5,23141.5,0,0,0,0,0,0,0,NaN,23142.25,23119.5,23141.5
2025-08-22T02:55:00-04:00,23142,23144.25,23125.5,23139.5,0,0,0,0,0,0,0,NaN,23144.25,23125.5,23139.5
2025-08-22T03:00:00-04:00,23139.25,23167.75,23134.25,23167,0,0,0,0,0,0,0,NaN,23167.75,23134.25,23167
2025-08-22T03:05:00-04:00,23166.5,23172.5,23162.5,23168.75,0,0,0,0,0,0,0,NaN,23172.5,23162.5,23168.75
2025-08-22T03:10:00-04:00,23169.5,23178.75,23166.5,23174.75,0,0,0,0,0,0,0,NaN,23178.75,23166.5,23174.75
2025-08-22T03:15:00-04:00,23175,23182,23167,23173.75,0,0,0,0,0,0,0,NaN,23182,23167,23173.75
2025-08-22T03:20:00-04:00,23173.5,23183.5,23171.5,23178.75,0,0,0,0,0,0,0,NaN,23183.5,23171.5,23178.75
2025-08-22T03:25:00-04:00,23179,23185.5,23170.75,23179,0,0,0,0,0,0,0,NaN,23185.5,23170.75,23179
2025-08-22T03:30:00-04:00,23178.75,23182.75,23173,23176.25,0,0,0,0,0,0,0,NaN,23182.75,23173,23176.25
2025-08-22T03:35:00-04:00,23177.5,23181.75,23173,23176.75,0,0,0,0,0,0,0,NaN,23181.75,23173,23176.75
2025-08-22T03:40:00-04:00,23176.5,23181,23168.25,23176.25,0,0,0,0,0,0,0,NaN,23181,23168.25,23176.25
2025-08-22T03:45:00-04:00,23176.5,23182,23171.75,23178.75,0,0,0,0,0,0,0,NaN,23182,23171.75,23178.75
2025-08-22T03:50:00-04:00,23178.75,23193,23177.75,23188.25,0,0,0,0,0,0,0,NaN,23193,23177.75,23188.25
2025-08-22T03:55:00-04:00,23189.75,23200.25,23189.5,23196.5,0,0,0,0,0,0,0,NaN,23200.25,23189.5,23196.5
2025-08-22T04:00:00-04:00,23196.25,23203,23191,23202,0,0,0,0,0,0,0,NaN,23203,23191,23202
2025-08-22T04:05:00-04:00,23201.75,23226.5,23198.25,23224,0,0,0,0,0,0,0,NaN,23226.5,23198.25,23224
2025-08-22T04:10:00-04:00,23225,23236,23222.75,23232.25,0,0,0,0,0,0,0,NaN,23236,23222.75,23232.25
2025-08-22T04:15:00-04:00,23232.5,23243.5,23225.5,23242.5,0,0,0,0,0,0,0,NaN,23243.5,23225.5,23242.5
2025-08-22T04:20:00-04:00,23243,23250,23233.5,23235.25,0,0,0,0,0,0,0,NaN,23250,23233.5,23235.25
2025-08-22T04:25:00-04:00,23236,23243,23231.5,23233.75,0,0,0,0,0,0,0,NaN,23243,23231.5,23233.75
2025-08-22T04:30:00-04:00,23234,23234,23223.25,23229,0,0,0,0,0,0,0,NaN,23234,23223.25,23229
2025-08-22T04:35:00-04:00,23229.5,23243.5,23227.5,23241.25,0,0,0,0,0,0,0,NaN,23243.5,23227.5,23241.25
2025-08-22T04:40:00-04:00,23241.75,23256.5,23238,23248.25,0,0,0,0,0,0,0,NaN,23256.5,23238,23248.25
2025-08-22T04:45:00-04:00,23248.5,23254.75,23247.5,23248.25,0,0,0,0,0,0,0,NaN,23254.75,23247.5,23248.25
2025-08-22T04:50:00-04:00,23248.25,23255.75,23243.75,23246.5,0,0,0,0,0,0,0,NaN,23255.75,23243.75,23246.5
2025-08-22T04:55:00-04:00,23245.25,23254,23243,23253,0,0,0,0,0,0,0,NaN,23254,23243,23253
2025-08-22T05:00:00-04:00,23253.75,23254,23239.5,23241.75,0,0,0,0,0,0,0,NaN,23254,23239.5,23241.75
2025-08-22T05:05:00-04:00,23242,23250,23240.75,23241.75,0,0,0,0,0,0,0,NaN,23250,23240.75,23241.75
2025-08-22T05:10:00-04:00,23242.5,23248.5,23237.5,23246,0,0,0,0,0,0,0,NaN,23248.5,23237.5,23246
2025-08-22T05:15:00-04:00,23247,23251,23244.25,23247,0,0,0,0,0,0,0,NaN,23251,23244.25,23247
2025-08-22T05:20:00-04:00,23246.5,23249,23241.5,23241.5,0,0,0,0,0,0,0,NaN,23249,23241.5,23241.5
2025-08-22T05:25:00-04:00,23241.25,23247,23232.5,23244.25,0,0,0,0,0,0,0,NaN,23247,23232.5,23244.25
2025-08-22T05:30:00-04:00,23244.75,23249.75,23241.75,23243.5,0,0,0,0,0,0,0,NaN,23249.75,23241.75,23243.5
2025-08-22T05:35:00-04:00,23242,23242,23230.75,23236.25,0,0,0,0,0,0,0,NaN,23242,23230.75,23236.25
2025-08-22T05:40:00-04:00,23236.75,23246.75,23236.75,23241.25,0,0,0,0,0,0,0,NaN,23246.75,23236.75,23241.25
2025-08-22T05:45:00-04:00,23240.75,23248.25,23237.25,23247,0,0,0,0,0,0,0,NaN,23248.25,23237.25,23247
2025-08-22T05:50:00-04:00,23246.75,23251.5,23241.5,23251,0,0,0,0,0,0,0,NaN,23251.5,23241.5,23251
2025-08-22T05:55:00-04:00,23249.75,23254.25,23245.75,23251.75,0,0,0,0,0,0,0,NaN,23254.25,23245.75,23251.75
2025-08-22T06:00:00-04:00,23253,23262.25,23251,23261.75,0,0,0,0,0,0,0,NaN,23262.25,23251,23261.75
2025-08-22T06:05:00-04:00,23261.75,23269.5,23258.5,23269.5,0,0,0,0,0,0,0,NaN,23269.5,23258.5,23269.5
2025-08-22T06:10:00-04:00,23269.5,23273.75,23264.75,23268.75,0,0,0,0,0,0,0,NaN,23273.75,23264.75,23268.75
2025-08-22T06:15:00-04:00,23269,23269.75,23253.5,23259.25,0,0,0,0,0,0,0,NaN,23269.75,23253.5,23259.25
2025-08-22T06:20:00-04:00,23258.5,23260.75,23255.75,23260.5,0,0,0,0,0,0,0,NaN,23260.75,23255.75,23260.5
2025-08-22T06:25:00-04:00,23261,23269.5,23260.5,23268.5,0,0,0,0,0,0,0,NaN,23269.5,23260.5,23268.5
2025-08-22T06:30:00-04:00,23268.25,23274.75,23266.25,23269.25,0,0,0,0,0,0,0,NaN,23274.75,23266.25,23269.25
2025-08-22T06:35:00-04:00,23269,23271,23261.25,23263,0,0,0,0,0,0,0,NaN,23271,23261.25,23263
2025-08-22T06:40:00-04:00,23263,23271,23261.25,23268.25,0,0,0,0,0,0,0,NaN,23271,23261.25,23268.25
2025-08-22T06:45:00-04:00,23269.25,23270.75,23263.75,23264.25,0,0,0,0,0,0,0,NaN,23270.75,23263.75,23264.25
2025-08-22T06:50:00-04:00,23264,23267,23259.5,23264.5,0,0,0,0,0,0,0,NaN,23267,23259.5,23264.5
2025-08-22T06:55:00-04:00,23264.5,23267.5,23261.5,23265.5,0,0,0,0,0,0,0,NaN,23267.5,23261.5,23265.5
2025-08-22T07:00:00-04:00,23265.75,23275.75,23260,23268.75,0,0,0,0,0,0,0,NaN,23275.75,23260,23268.75
2025-08-22T07:05:00-04:00,23269,23280.75,23267.75,23274.5,0,0,0,0,0,0,0,NaN,23280.75,23267.75,23274.5
2025-08-22T07:10:00-04:00,23274.5,23276.25,23255,23256.75,0,0,0,0,0,0,0,NaN,23276.25,23255,23256.75
2025-08-22T07:15:00-04:00,23257.75,23261.75,23251.25,23255.25,0,0,0,0,0,0,0,NaN,23261.75,23251.25,23255.25
2025-08-22T07:20:00-04:00,23254.5,23257.75,23250.25,23255.75,0,0,0,0,0,0,0,NaN,23257.75,23250.25,23255.75
2025-08-22T07:25:00-04:00,23255.25,23256.5,23252,23253.25,0,0,0,0,0,0,0,NaN,23256.5,23252,23253.25
2025-08-22T07:30:00-04:00,23253.75,23259.5,23244.5,23251.25,0,0,0,0,0,0,0,NaN,23259.5,23244.5,23251.25
2025-08-22T07:35:00-04:00,23251,23251,23243.5,23245.5,0,0,0,0,0,0,0,NaN,23251,23243.5,23245.5
2025-08-22T07:40:00-04:00,23246,23250.75,23240.75,23246.25,0,0,0,0,0,0,0,NaN,23250.75,23240.75,23246.25
2025-08-22T07:45:00-04:00,23246.5,23255.5,23246.5,23255.25,0,0,0,0,0,0,0,NaN,23255.5,23246.5,23255.25
2025-08-22T07:50:00-04:00,23255,23260,23253.5,23254.5,0,0,0,0,0,0,0,NaN,23260,23253.5,23254.5
2025-08-22T07:55:00-04:00,23254.75,23256.75,23245.25,23253.25,0,0,0,0,0,0,0,NaN,23256.75,23245.25,23253.25
2025-08-22T08:00:00-04:00,23252.25,23260.75,23247.5,23256,0,0,0,0,0,0,0,NaN,23260.75,23247.5,23256
2025-08-22T08:05:00-04:00,23256.5,23261.5,23252.75,23256,0,0,0,0,0,0,0,NaN,23261.5,23252.75,23256
2025-08-22T08:10:00-04:00,23255,23260,23245.5,23255.25,0,0,0,0,0,0,0,NaN,23260,23245.5,23255.25
2025-08-22T08:15:00-04:00,23254.75,23269,23251.75,23267,0,0,0,0,0,0,0,NaN,23269,23251.75,23267
2025-08-22T08:20:00-04:00,23267.25,23271.25,23263.5,23264.75,0,0,0,0,0,0,0,NaN,23271.25,23263.5,23264.75
2025-08-22T08:25:00-04:00,23265,23275,23259.75,23271.25,0,0,0,0,0,0,0,NaN,23275,23259.75,23271.25
2025-08-22T08:30:00-04:00,23271,23272.25,23256.25,23258,0,0,0,0,0,0,0,NaN,23272.25,23256.25,23258
2025-08-22T08:35:00-04:00,23257.25,23259.75,23244.25,23259.75,0,0,0,0,0,0,0,NaN,23259.75,23244.25,23259.75
2025-08-22T08:40:00-04:00,23259.25,23259.75,23249.25,23255.5,0,0,0,0,0,0,0,NaN,23259.75,23249.25,23255.5
2025-08-22T08:45:00-04:00,23255.25,23262.5,23247.25,23249.5,0,0,0,0,0,0,0,NaN,23262.5,23247.25,23249.5
2025-08-22T08:50:00-04:00,23249,23256.5,23246,23247.5,0,0,0,0,0,0,0,NaN,23256.5,23246,23247.5
2025-08-22T08:55:00-04:00,23248,23249.5,23239.5,23242.75,0,0,0,0,0,0,0,NaN,23249.5,23239.5,23242.75
2025-08-22T09:00:00-04:00,23242,23253.5,23235.5,23253,0,0,0,0,0,0,0,NaN,23253.5,23235.5,23253
2025-08-22T09:05:00-04:00,23253.75,23265.5,23252.25,23256.25,0,0,0,0,0,0,0,NaN,23265.5,23252.25,23256.25
2025-08-22T09:10:00-04:00,23256.5,23258.5,23246.25,23252.5,0,0,0,0,0,0,0,NaN,23258.5,23246.25,23252.5
2025-08-22T09:15:00-04:00,23251.5,23262.25,23247.75,23259.5,0,0,0,0,0,0,0,NaN,23262.25,23247.75,23259.5
2025-08-22T09:20:00-04:00,23260,23265,23254,23254.5,0,0,0,0,0,0,0,NaN,23265,23254,23254.5
2025-08-22T09:25:00-04:00,23254.75,23265.75,23245.5,23265,0,0,0,0,0,0,0,NaN,23265.75,23245.5,23265
2025-08-22T09:30:00-04:00,23264.5,23272.75,23205.5,23233.5,0,0,0,0,0,0,0,NaN,23272.75,23205.5,23233.5
2025-08-22T09:35:00-04:00,23233.5,23285.25,23226,23277,0,0,0,0,0,0,0,NaN,23285.25,23226,23277
2025-08-22T09:40:00-04:00,23277.25,23324,23266.5,23322.25,0,0,0,0,0,0,0,NaN,23324,23266.5,23322.25
2025-08-22T09:45:00-04:00,23322.5,23337.5,23294.25,23333.25,0,0,0,0,0,0,0,NaN,23337.5,23294.25,23333.25
2025-08-22T09:50:00-04:00,23334,23342.25,23306.25,23312,0,0,0,0,0,0,0,NaN,23342.25,23306.25,23312
2025-08-22T09:55:00-04:00,23312,23315.75,23246.25,23268.5,0,0,0,0,0,0,0,NaN,23315.75,23246.25,23268.5
2025-08-22T10:00:00-04:00,23268.75,23537,23268.75,23486.5,0,0,0,0,0,0,0,NaN,23537,23268.75,23486.5
2025-08-22T10:05:00-04:00,23486,23585,23483,23570.75,0,0,0,0,0,0,0,NaN,23585,23483,23570.75
2025-08-22T10:10:00-04:00,23569.5,23596.5,23541.25,23587,0,0,0,0,0,0,0,NaN,23596.5,23541.25,23587
2025-08-22T10:15:00-04:00,23586.75,23633,23553,23567.25,0,0,0,0,0,0,0,NaN,23633,23553,23567.25
2025-08-22T10:20:00-04:00,23565.25,23578,23492,23540.25,0,0,0,0,0,0,0,NaN,23578,23492,23540.25
2025-08-22T10:25:00-04:00,23540,23585,23525,23553.75,0,0,0,0,0,0,0,NaN,23585,23525,23553.75
2025-08-22T10:30:00-04:00,23554.5,23600,23554.5,23590.25,0,0,0,0,0,0,0,NaN,23600,23554.5,23590.25
2025-08-22T10:35:00-04:00,23589.75,23615,23579.5,23586.25,0,0,0,0,0,0,0,NaN,23615,23579.5,23586.25
2025-08-22T10:40:00-04:00,23586.5,23625.5,23586.5,23621,0,0,0,0,0,0,0,NaN,23625.5,23586.5,23621
2025-08-22T10:45:00-04:00,23620.5,23647.5,23608.5,23611.75,0,0,0,0,0,0,0,NaN,23647.5,23608.5,23611.75
2025-08-22T10:50:00-04:00,23613,23627.25,23594.5,23618.75,0,0,0,0,0,0,0,NaN,23627.25,23594.5,23618.75
2025-08-22T10:55:00-04:00,23618,23635,23602.25,23602.75,0,0,0,0,0,0,0,NaN,23635,23602.25,23602.75
2025-08-22T11:00:00-04:00,23603.75,23650,23601.5,23646,0,0,0,0,0,0,0,NaN,23650,23601.5,23646
2025-08-22T11:05:00-04:00,23645.75,23647,23621,23625.25,0,0,0,0,0,0,0,NaN,23647,23621,23625.25
2025-08-22T11:10:00-04:00,23624,23648.5,23618.5,23622,0,0,0,0,0,0,0,NaN,23648.5,23618.5,23622
2025-08-22T11:15:00-04:00,23622.5,23637.25,23617.25,23630.75,0,0,0,0,0,0,0,NaN,23637.25,23617.25,23630.75
2025-08-22T11:20:00-04:00,23630,23636.75,23610.75,23610.75,0,0,0,0,0,0,0,NaN,23636.75,23610.75,23610.75
2025-08-22T11:25:00-04:00,23611,23628.25,23605,23621.25,0,0,0,0,0,0,0,NaN,23628.25,23605,23621.25
2025-08-22T11:30:00-04:00,23621,23645,23620.25,23639.25,0,0,0,0,0,0,0,NaN,23645,23620.25,23639.25
2025-08-22T11:35:00-04:00,23638.75,23645.75,23605.5,23614.25,0,0,0,0,0,0,0,NaN,23645.75,23605.5,23614.25
2025-08-22T11:40:00-04:00,23614.25,23619.75,23606.75,23616,0,0,0,0,0,0,0,NaN,23619.75,23606.75,23616
2025-08-22T11:45:00-04:00,23615.75,23625.5,23585.25,23590.5,0,0,0,0,0,0,0,NaN,23625.5,23585.25,23590.5
2025-08-22T11:50:00-04:00,23590.25,23595.75,23577,23584.5,0,0,0,0,0,0,0,NaN,23595.75,23577,23584.5
2025-08-22T11:55:00-04:00,23585,23595,23565,23569,0,0,0,0,0,0,0,NaN,23595,23565,23569
2025-08-22T12:00:00-04:00,23569.25,23591.5,23566.25,23588,0,0,0,0,0,0,0,NaN,23591.5,23566.25,23588
2025-08-22T12:05:00-04:00,23588.25,23589.25,23570,23572,0,0,0,0,0,0,0,NaN,23589.25,23570,23572
2025-08-22T12:10:00-04:00,23573,23580,23545.25,23555.5,0,0,0,0,0,0,0,NaN,23580,23545.25,23555.5
2025-08-22T12:15:00-04:00,23555,23562.5,23523.75,23543.75,0,0,0,0,0,0,0,NaN,23562.5,23523.75,23543.75
2025-08-22T12:20:00-04:00,23543.75,23566.75,23538.25,23550.25,0,0,0,0,0,0,0,NaN,23566.75,23538.25,23550.25
2025-08-22T12:25:00-04:00,23550.75,23551.25,23525,23533.5,0,0,0,0,0,0,0,NaN,23551.25,23525,23533.5
2025-08-22T12:30:00-04:00,23534.25,23555.75,23531.75,23550.5,0,0,0,0,0,0,0,NaN,23555.75,23531.75,23550.5
2025-08-22T12:35:00-04:00,23551,23561.75,23542.25,23546.5,0,0,0,0,0,0,0,NaN,23561.75,23542.25,23546.5
2025-08-22T12:40:00-04:00,23546.25,23557.5,23537,23545.75,0,0,0,0,0,0,0,NaN,23557.5,23537,23545.75
2025-08-22T12:45:00-04:00,23545.5,23552.5,23540.5,23543.5,0,0,0,0,0,0,0,NaN,23552.5,23540.5,23543.5
2025-08-22T12:50:00-04:00,23544,23550.25,23525,23531,0,0,0,0,0,0,0,NaN,23550.25,23525,23531
2025-08-22T12:55:00-04:00,23531.25,23533,23507.25,23528.5,0,0,0,0,0,0,0,NaN,23533,23507.25,23528.5
2025-08-22T13:00:00-04:00,23528.25,23555.75,23527.75,23554.25,0,0,0,0,0,0,0,NaN,23555.75,23527.75,23554.25
2025-08-22T13:05:00-04:00,23554.5,23571.75,23553,23561.25,0,0,0,0,0,0,0,NaN,23571.75,23553,23561.25
2025-08-22T13:10:00-04:00,23561.5,23586.75,23555.5,23578.5,0,0,0,0,0,0,0,NaN,23586.75,23555.5,23578.5
2025-08-22T13:15:00-04:00,23579,23590,23574.25,23587.75,0,0,0,0,0,0,0,NaN,23590,23574.25,23587.75
2025-08-22T13:20:00-04:00,23587.75,23608.75,23585.5,23601,0,0,0,0,0,0,0,NaN,23608.75,23585.5,23601
2025-08-22T13:25:00-04:00,23600.75,23616.75,23599.75,23616,0,0,0,0,0,0,0,NaN,23616.75,23599.75,23616
2025-08-22T13:30:00-04:00,23615.75,23619,23603,23604.75,0,0,0,0,0,0,0,NaN,23619,23603,23604.75
2025-08-22T13:35:00-04:00,23604.75,23614,23600,23609.25,0,0,0,0,0,0,0,NaN,23614,23600,23609.25
2025-08-22T13:40:00-04:00,23609.5,23616,23604.25,23615.5,0,0,0,0,0,0,0,NaN,23616,23604.25,23615.5
2025-08-22T13:45:00-04:00,23615.75,23622.25,23607.75,23607.75,0,0,0,0,0,0,0,NaN,23622.25,23607.75,23607.75
2025-08-22T13:50:00-04:00,23608.25,23620.25,23608,23619.5,0,0,0,0,0,0,0,NaN,23620.25,23608,23619.5
2025-08-22T13:55:00-04:00,23619.25,23625,23601,23605.75,0,0,0,0,0,0,0,NaN,23625,23601,23605.75
2025-08-22T14:00:00-04:00,23606.25,23616.75,23605,23613.75,0,0,0,0,0,0,0,NaN,23616.75,23605,23613.75
2025-08-22T14:05:00-04:00,23613.5,23615,23594.25,23604.5,0,0,0,0,0,0,0,NaN,23615,23594.25,23604.5
2025-08-22T14:10:00-04:00,23605,23613.25,23601,23603.5,0,0,0,0,0,0,0,NaN,23613.25,23601,23603.5
2025-08-22T14:15:00-04:00,23604.25,23607.25,23595.25,23597,0,0,0,0,0,0,0,NaN,23607.25,23595.25,23597
2025-08-22T14:20:00-04:00,23597.25,23603.5,23587.25,23593.5,0,0,0,0,0,0,0,NaN,23603.5,23587.25,23593.5
2025-08-22T14:25:00-04:00,23593.5,23605.25,23589.5,23594.75,0,0,0,0,0,0,0,NaN,23605.25,23589.5,23594.75
2025-08-22T14:30:00-04:00,23595.5,23608.5,23594.25,23606.25,0,0,0,0,0,0,0,NaN,23608.5,23594.25,23606.25
2025-08-22T14:35:00-04:00,23605.75,23615.5,23600,23603.25,0,0,0,0,0,0,0,NaN,23615.5,23600,23603.25
2025-08-22T14:40:00-04:00,23603.5,23603.75,23589.25,23595.25,0,0,0,0,0,0,0,NaN,23603.75,23589.25,23595.25
2025-08-22T14:45:00-04:00,23595.5,23608.5,23592.5,23601.5,0,0,0,0,0,0,0,NaN,23608.5,23592.5,23601.5
2025-08-22T14:50:00-04:00,23601.75,23604,23591.25,23597.25,0,0,0,0,0,0,0,NaN,23604,23591.25,23597.25
2025-08-22T14:55:00-04:00,23597.25,23597.5,23582.25,23586.5,0,0,0,0,0,0,0,NaN,23597.5,23582.25,23586.5
2025-08-22T15:00:00-04:00,23586,23593.75,23582.5,23589.25,0,0,0,0,0,0,0,NaN,23593.75,23582.5,23589.25
2025-08-22T15:05:00-04:00,23589.25,23590.25,23575.75,23578,0,0,0,0,0,0,0,NaN,23590.25,23575.75,23578
2025-08-22T15:10:00-04:00,23577.5,23585.5,23572,23581.5,0,0,0,0,0,0,0,NaN,23585.5,23572,23581.5
2025-08-22T15:15:00-04:00,23581.25,23583.25,23570,23572,0,0,0,0,0,0,0,NaN,23583.25,23570,23572
2025-08-22T15:20:00-04:00,23572,23584.5,23566.5,23583,0,0,0,0,0,0,0,NaN,23584.5,23566.5,23583
2025-08-22T15:25:00-04:00,23582.25,23585,23573,23575.25,0,0,0,0,0,0,0,NaN,23585,23573,23575.25
2025-08-22T15:30:00-04:00,23575.5,23582.75,23560.5,23569.25,0,0,0,0,0,0,0,NaN,23582.75,23560.5,23569.25
2025-08-22T15:35:00-04:00,23569,23569,23538.25,23543,0,0,0,0,0,0,0,NaN,23569,23538.25,23543
2025-08-22T15:40:00-04:00,23542.5,23555.75,23531.25,23554,0,0,0,0,0,0,0,NaN,23555.75,23531.25,23554
2025-08-22T15:45:00-04:00,23553.75,23572,23551.75,23565.25,0,0,0,0,0,0,0,NaN,23572,23551.75,23565.25
2025-08-22T15:50:00-04:00,23565.5,23582,23555.75,23562.75,0,0,0,0,0,0,0,NaN,23582,23555.75,23562.75
2025-08-22T15:55:00-04:00,23563.25,23576.5,23548.5,23565,0,0,0,0,0,0,0,NaN,23576.5,23548.5,23565
2025-08-22T16:00:00-04:00,23565,23574.25,23549.25,23563.25,0,0,0,0,0,0,0,NaN,23574.25,23549.25,23563.25
2025-08-22T16:05:00-04:00,23563,23576,23560.25,23573.5,0,0,0,0,0,0,0,NaN,23576,23560.25,23573.5
2025-08-22T16:10:00-04:00,23574,23581,23564.75,23577.25,0,0,0,0,0,0,0,NaN,23581,23564.75,23577.25
2025-08-22T16:15:00-04:00,23577.5,23582.25,23574.75,23577.25,0,0,0,0,0,0,0,NaN,23582.25,23574.75,23577.25
2025-08-22T16:20:00-04:00,23577.5,23586.75,23577.5,23586.5,0,0,0,0,0,0,0,NaN,23586.75,23577.5,23586.5
2025-08-22T16:25:00-04:00,23587,23587.5,23577.75,23577.75,0,0,0,0,0,0,0,NaN,23587.5,23577.75,23577.75
2025-08-22T16:30:00-04:00,23578,23581.25,23575,23580.5,0,0,0,0,0,0,0,NaN,23581.25,23575,23580.5
2025-08-22T16:35:00-04:00,23580,23584,23579.75,23583.25,0,0,0,0,0,0,0,NaN,23584,23579.75,23583.25
2025-08-22T16:40:00-04:00,23583.5,23585.5,23578.5,23580,0,0,0,0,0,0,0,NaN,23585.5,23578.5,23580
2025-08-22T16:45:00-04:00,23579.25,23581.5,23575.75,23578.75,0,0,0,0,0,0,0,NaN,23581.5,23575.75,23578.75
2025-08-22T16:50:00-04:00,23579.5,23580.75,23575,23580.25,0,0,0,0,0,0,0,NaN,23580.75,23575,23580.25
2025-08-22T16:55:00-04:00,23580,23583.75,23579.5,23582.75,0,0,0,0,0,0,0,NaN,23583.75,23579.5,23582.75
2025-08-24T18:00:00-04:00,23602,23607.5,23568.75,23572.25,0,0,0,0,0,0,0,NaN,23607.5,23568.75,23572.25
2025-08-24T18:05:00-04:00,23572.75,23575,23548.5,23557,0,0,0,0,0,0,0,NaN,23575,23548.5,23557
2025-08-24T18:10:00-04:00,23556.75,23565.25,23548.25,23562,0,0,0,0,0,0,0,NaN,23565.25,23548.25,23562
2025-08-24T18:15:00-04:00,23561.75,23567.75,23551.75,23553.25,0,0,0,0,0,0,0,NaN,23567.75,23551.75,23553.25
2025-08-24T18:20:00-04:00,23554.75,23560,23551.25,23558.25,0,0,0,0,0,0,0,NaN,23560,23551.25,23558.25
2025-08-24T18:25:00-04:00,23558.5,23559,23548,23549.25,0,0,0,0,0,0,0,NaN,23559,23548,23549.25
2025-08-24T18:30:00-04:00,23549,23551.75,23545,23549.75,0,0,0,0,0,0,0,NaN,23551.75,23545,23549.75
2025-08-24T18:35:00-04:00,23548.75,23555.75,23548.75,23553.25,0,0,0,0,0,0,0,NaN,23555.75,23548.75,23553.25
2025-08-24T18:40:00-04:00,23554.25,23563.5,23552.75,23561.75,0,0,0,0,0,0,0,NaN,23563.5,23552.75,23561.75
2025-08-24T18:45:00-04:00,23562,23566.75,23558.75,23564.5,0,0,0,0,0,0,0,NaN,23566.75,23558.75,23564.5
2025-08-24T18:50:00-04:00,23564.5,23570,23563.5,23569,0,0,0,0,0,0,0,NaN,23570,23563.5,23569
2025-08-24T18:55:00-04:00,23567.5,23574.5,23566.75,23572.5,0,0,0,0,0,0,0,NaN,23574.5,23566.75,23572.5
2025-08-24T19:00:00-04:00,23571.25,23578,23565.25,23572.5,0,0,0,0,0,0,0,NaN,23578,23565.25,23572.5
2025-08-24T19:05:00-04:00,23572.75,23579,23569.75,23575,0,0,0,0,0,0,0,NaN,23579,23569.75,23575
2025-08-24T19:10:00-04:00,23575,23578.5,23569.75,23573.25,0,0,0,0,0,0,0,NaN,23578.5,23569.75,23573.25
2025-08-24T19:15:00-04:00,23573.25,23576,23565.75,23567.75,0,0,0,0,0,0,0,NaN,23576,23565.75,23567.75
2025-08-24T19:20:00-04:00,23568,23576,23565.75,23569.75,0,0,0,0,0,0,0,NaN,23576,23565.75,23569.75
2025-08-24T19:25:00-04:00,23570.25,23576,23568.75,23572,0,0,0,0,0,0,0,NaN,23576,23568.75,23572
2025-08-24T19:30:00-04:00,23572.25,23575.75,23561.25,23574,0,0,0,0,0,0,0,NaN,23575.75,23561.25,23574
2025-08-24T19:35:00-04:00,23575,23586.75,23575,23580.5,0,0,0,0,0,0,0,NaN,23586.75,23575,23580.5
2025-08-24T19:40:00-04:00,23582.25,23589.25,23578.5,23583.75,0,0,0,0,0,0,0,NaN,23589.25,23578.5,23583.75
2025-08-24T19:45:00-04:00,23583,23588,23567,23568.75,0,0,0,0,0,0,0,NaN,23588,23567,23568.75
2025-08-24T19:50:00-04:00,23569.75,23575,23563.25,23573.25,0,0,0,0,0,0,0,NaN,23575,23563.25,23573.25
2025-08-24T19:55:00-04:00,23573.5,23576.75,23565.75,23574.75,0,0,0,0,0,0,0,NaN,23576.75,23565.75,23574.75
2025-08-24T20:00:00-04:00,23575.25,23592,23572.75,23591.25,0,0,0,0,0,0,0,NaN,23592,23572.75,23591.25
2025-08-24T20:05:00-04:00,23592,23598,23584,23586.5,0,0,0,0,0,0,0,NaN,23598,23584,23586.5
2025-08-24T20:10:00-04:00,23586.75,23588.25,23572.25,23575.5,0,0,0,0,0,0,0,NaN,23588.25,23572.25,23575.5
2025-08-24T20:15:00-04:00,23574.5,23582.5,23566.75,23576.25,0,0,0,0,0,0,0,NaN,23582.5,23566.75,23576.25
2025-08-24T20:20:00-04:00,23575.25,23578.25,23570,23570.75,0,0,0,0,0,0,0,NaN,23578.25,23570,23570.75
2025-08-24T20:25:00-04:00,23570.75,23575.5,23564.25,23568.75,0,0,0,0,0,0,0,NaN,23575.5,23564.25,23568.75
2025-08-24T20:30:00-04:00,23568,23569.75,23557,23558.5,0,0,0,0,0,0,0,NaN,23569.75,23557,23558.5
2025-08-24T20:35:00-04:00,23558.5,23564.25,23554.5,23558,0,0,0,0,0,0,0,NaN,23564.25,23554.5,23558
2025-08-24T20:40:00-04:00,23557.25,23564.25,23557.25,23562,0,0,0,0,0,0,0,NaN,23564.25,23557.25,23562
2025-08-24T20:45:00-04:00,23562,23565.25,23557,23559,0,0,0,0,0,0,0,NaN,23565.25,23557,23559
2025-08-24T20:50:00-04:00,23559.5,23560.25,23550,23556.75,0,0,0,0,0,0,0,NaN,23560.25,23550,23556.75
2025-08-24T20:55:00-04:00,23556.5,23561.75,23551.25,23556.25,0,0,0,0,0,0,0,NaN,23561.75,23551.25,23556.25
2025-08-24T21:00:00-04:00,23555.75,23558.5,23548,23549,0,0,0,0,0,0,0,NaN,23558.5,23548,23549
2025-08-24T21:05:00-04:00,23550.25,23553,23545.5,23550.25,0,0,0,0,0,0,0,NaN,23553,23545.5,23550.25
2025-08-24T21:10:00-04:00,23550.25,23551.25,23542.75,23543.75,0,0,0,0,0,0,0,NaN,23551.25,23542.75,23543.75
2025-08-24T21:15:00-04:00,23543.75,23546.75,23541.25,23542.75,0,0,0,0,0,0,0,NaN,23546.75,23541.25,23542.75
2025-08-24T21:20:00-04:00,23543,23550.25,23540.75,23547.5,0,0,0,0,0,0,0,NaN,23550.25,23540.75,23547.5
2025-08-24T21:25:00-04:00,23547,23552.25,23546.25,23549,0,0,0,0,0,0,0,NaN,23552.25,23546.25,23549
2025-08-24T21:30:00-04:00,23548.75,23550.75,23538,23539.75,0,0,0,0,0,0,0,NaN,23550.75,23538,23539.75
2025-08-24T21:35:00-04:00,23539.25,23541.75,23535.25,23540.5,0,0,0,0,0,0,0,NaN,23541.75,23535.25,23540.5
2025-08-24T21:40:00-04:00,23539.75,23541.75,23535.75,23536.5,0,0,0,0,0,0,0,NaN,23541.75,23535.75,23536.5
2025-08-24T21:45:00-04:00,23536.5,23541.25,23534.25,23538.25,0,0,0,0,0,0,0,NaN,23541.25,23534.25,23538.25
2025-08-24T21:50:00-04:00,23537.25,23540.5,23535.25,23537.5,0,0,0,0,0,0,0,NaN,23540.5,23535.25,23537.5
2025-08-24T21:55:00-04:00,23537,23539,23534,23534.25,0,0,0,0,0,0,0,NaN,23539,23534,23534.25
2025-08-24T22:00:00-04:00,23535.75,23538.75,23534.25,23536.25,0,0,0,0,0,0,0,NaN,23538.75,23534.25,23536.25
2025-08-24T22:05:00-04:00,23537,23543,23535.5,23540,0,0,0,0,0,0,0,NaN,23543,23535.5,23540
2025-08-24T22:10:00-04:00,23539.25,23541,23531.25,23539.75,0,0,0,0,0,0,0,NaN,23541,23531.25,23539.75
2025-08-24T22:15:00-04:00,23540.75,23550,23540,23547.25,0,0,0,0,0,0,0,NaN,23550,23540,23547.25
2025-08-24T22:20:00-04:00,23547.25,23548,23543.25,23544.5,0,0,0,0,0,0,0,NaN,23548,23543.25,23544.5
2025-08-24T22:25:00-04:00,23544,23545.5,23537,23543,0,0,0,0,0,0,0,NaN,23545.5,23537,23543
2025-08-24T22:30:00-04:00,23543,23544,23535.5,23542,0,0,0,0,0,0,0,NaN,23544,23535.5,23542
2025-08-24T22:35:00-04:00,23541.5,23546.25,23541.25,23542.75,0,0,0,0,0,0,0,NaN,23546.25,23541.25,23542.75
2025-08-24T22:40:00-04:00,23542,23543.5,23536.5,23538.75,0,0,0,0,0,0,0,NaN,23543.5,23536.5,23538.75
2025-08-24T22:45:00-04:00,23538,23543.75,23537.5,23543,0,0,0,0,0,0,0,NaN,23543.75,23537.5,23543
2025-08-24T22:50:00-04:00,23542.25,23542.75,23522.25,23530,0,0,0,0,0,0,0,NaN,23542.75,23522.25,23530
2025-08-24T22:55:00-04:00,23530.25,23530.5,23522.75,23524.75,0,0,0,0,0,0,0,NaN,23530.5,23522.75,23524.75
2025-08-24T23:00:00-04:00,23523.75,23526.75,23521,23526,0,0,0,0,0,0,0,NaN,23526.75,23521,23526
2025-08-24T23:05:00-04:00,23525.75,23529.5,23520.5,23525.75,0,0,0,0,0,0,0,NaN,23529.5,23520.5,23525.75
2025-08-24T23:10:00-04:00,23526,23532.5,23525,23532,0,0,0,0,0,0,0,NaN,23532.5,23525,23532
2025-08-24T23:15:00-04:00,23532,23535.75,23529.5,23530.75,0,0,0,0,0,0,0,NaN,23535.75,23529.5,23530.75
2025-08-24T23:20:00-04:00,23530.5,23532.75,23528.25,23530,0,0,0,0,0,0,0,NaN,23532.75,23528.25,23530
2025-08-24T23:25:00-04:00,23530.75,23536.5,23530.25,23535.75,0,0,0,0,0,0,0,NaN,23536.5,23530.25,23535.75
2025-08-24T23:30:00-04:00,23536,23536.25,23531,23534.5,0,0,0,0,0,0,0,NaN,23536.25,23531,23534.5
2025-08-24T23:35:00-04:00,23534.75,23544.75,23534,23543.5,0,0,0,0,0,0,0,NaN,23544.75,23534,23543.5
2025-08-24T23:40:00-04:00,23542.25,23551.25,23541.5,23547.25,0,0,0,0,0,0,0,NaN,23551.25,23541.5,23547.25
2025-08-24T23:45:00-04:00,23547.5,23550.75,23545.5,23548.5,0,0,0,0,0,0,0,NaN,23550.75,23545.5,23548.5
2025-08-24T23:50:00-04:00,23548.5,23552.25,23546.75,23547,0,0,0,0,0,0,0,NaN,23552.25,23546.75,23547
2025-08-24T23:55:00-04:00,23547.5,23551,23547,23547.5,0,0,0,0,0,0,0,NaN,23551,23547,23547.5
2025-08-25T00:00:00-04:00,23547.5,23548.5,23545,23546,0,1,0,0,0,0,0,NaN,23548.5,23545,23546
2025-08-25T00:05:00-04:00,23545.75,23549,23543.5,23548.5,0,0,0,0,0,0,0,NaN,23549,23543.5,23548.5
2025-08-25T00:10:00-04:00,23548.25,23549.75,23547,23548.25,0,0,0,0,0,0,0,NaN,23549.75,23547,23548.25
2025-08-25T00:15:00-04:00,23548.25,23558.75,23547.75,23556.75,0,0,0,0,0,0,0,NaN,23558.75,23547.75,23556.75
2025-08-25T00:20:00-04:00,23556.75,23559.5,23555,23556.5,0,0,0,0,0,0,0,NaN,23559.5,23555,23556.5
2025-08-25T00:25:00-04:00,23556.75,23557,23550.5,23554.25,0,0,0,0,0,0,0,NaN,23557,23550.5,23554.25
2025-08-25T00:30:00-04:00,23555,23558,23553.5,23556.75,0,0,0,0,0,0,0,NaN,23558,23553.5,23556.75
2025-08-25T00:35:00-04:00,23555.75,23558.75,23555.75,23557.75,0,0,0,0,0,0,0,NaN,23558.75,23555.75,23557.75
2025-08-25T00:40:00-04:00,23557.5,23559,23556.25,23558,0,0,0,0,0,0,0,NaN,23559,23556.25,23558
2025-08-25T00:45:00-04:00,23557.5,23558,23553.5,23553.75,0,0,0,0,0,0,0,NaN,23558,23553.5,23553.75
2025-08-25T00:50:00-04:00,23553.5,23557.5,23553.5,23554.75,0,0,0,0,0,0,0,NaN,23557.5,23553.5,23554.75
2025-08-25T00:55:00-04:00,23554.75,23557,23554,23554.75,0,0,0,0,0,0,0,NaN,23557,23554,23554.75
2025-08-25T01:00:00-04:00,23554.75,23556,23550.5,23555.5,0,0,0,0,0,0,0,NaN,23556,23550.5,23555.5
2025-08-25T01:05:00-04:00,23555.75,23561.5,23553.25,23559.75,0,0,0,0,0,0,0,NaN,23561.5,23553.25,23559.75
2025-08-25T01:10:00-04:00,23561.25,23565.75,23559,23563.75,0,0,0,0,0,0,0,NaN,23565.75,23559,23563.75
2025-08-25T01:15:00-04:00,23563,23565,23559,23565,0,0,0,0,0,0,0,NaN,23565,23559,23565
2025-08-25T01:20:00-04:00,23565,23568,23559.5,23559.5,0,0,0,0,0,0,0,NaN,23568,23559.5,23559.5
2025-08-25T01:25:00-04:00,23559.75,23561,23556,23559.5,0,0,0,0,0,0,0,NaN,23561,23556,23559.5
2025-08-25T01:30:00-04:00,23558.75,23559,23552.5,23553,0,0,0,0,0,0,0,NaN,23559,23552.5,23553
2025-08-25T01:35:00-04:00,23553.25,23554.75,23551.5,23554.75,0,0,0,0,0,0,0,NaN,23554.75,23551.5,23554.75
2025-08-25T01:40:00-04:00,23554.25,23560.75,23553.25,23560.75,0,0,0,0,0,0,0,NaN,23560.75,23553.25,23560.75
2025-08-25T01:45:00-04:00,23561,23565.25,23559,23560,0,0,0,0,0,0,0,NaN,23565.25,23559,23560
2025-08-25T01:50:00-04:00,23559.75,23564.5,23559.75,23563.25,0,0,0,0,0,0,0,NaN,23564.5,23559.75,23563.25
2025-08-25T01:55:00-04:00,23563.75,23565.5,23559.5,23565.5,0,0,0,0,0,0,0,NaN,23565.5,23559.5,23565.5
2025-08-25T02:00:00-04:00,23565.5,23568.5,23557.75,23560.75,0,0,0,0,0,0,0,NaN,23568.5,23557.75,23560.75
2025-08-25T02:05:00-04:00,23560.5,23561.5,23558.5,23559.5,0,0,0,0,0,0,0,NaN,23561.5,23558.5,23559.5
2025-08-25T02:10:00-04:00,23559.25,23561,23556,23558.25,0,0,0,0,0,0,0,NaN,23561,23556,23558.25
2025-08-25T02:15:00-04:00,23558.75,23562.5,23557.75,23558.5,0,0,0,0,0,0,0,NaN,23562.5,23557.75,23558.5
2025-08-25T02:20:00-04:00,23559,23559.5,23555,23556.25,0,0,0,0,0,0,0,NaN,23559.5,23555,23556.25
2025-08-25T02:25:00-04:00,23555.5,23559.5,23554.75,23559,0,0,0,0,0,0,0,NaN,23559.5,23554.75,23559
2025-08-25T02:30:00-04:00,23558.75,23559.5,23552.5,23556,0,0,0,0,0,0,0,NaN,23559.5,23552.5,23556
2025-08-25T02:35:00-04:00,23555.5,23555.5,23543.25,23543.75,0,0,0,0,0,0,0,NaN,23555.5,23543.25,23543.75
2025-08-25T02:40:00-04:00,23543.75,23547.25,23541,23543.75,0,0,0,0,0,0,0,NaN,23547.25,23541,23543.75
2025-08-25T02:45:00-04:00,23544.25,23544.5,23537.75,23541.5,0,0,0,0,0,0,0,NaN,23544.5,23537.75,23541.5
2025-08-25T02:50:00-04:00,23541,23541.5,23538,23540.25,0,0,0,0,0,0,0,NaN,23541.5,23538,23540.25
2025-08-25T02:55:00-04:00,23540.5,23541,23518.75,23522.25,0,0,0,0,0,0,0,NaN,23541,23518.75,23522.25
2025-08-25T03:00:00-04:00,23522.25,23532,23507.75,23526.75,0,0,0,0,0,0,0,NaN,23532,23507.75,23526.75
2025-08-25T03:05:00-04:00,23526.75,23536.5,23525.5,23534,0,0,0,0,0,0,0,NaN,23536.5,23525.5,23534
2025-08-25T03:10:00-04:00,23533.5,23534.5,23520.75,23522.5,0,0,0,0,0,0,0,NaN,23534.5,23520.75,23522.5
2025-08-25T03:15:00-04:00,23523,23533.75,23521.75,23529.75,0,0,0,0,0,0,0,NaN,23533.75,23521.75,23529.75
2025-08-25T03:20:00-04:00,23528.5,23533.25,23523.25,23524.25,0,0,0,0,0,0,0,NaN,23533.25,23523.25,23524.25
2025-08-25T03:25:00-04:00,23524.75,23529.25,23520.5,23522.5,0,0,0,0,0,0,0,NaN,23529.25,23520.5,23522.5
2025-08-25T03:30:00-04:00,23523.25,23523.5,23517,23519.5,0,0,0,0,0,0,0,NaN,23523.5,23517,23519.5
2025-08-25T03:35:00-04:00,23518.75,23523.75,23515.5,23523,0,0,0,0,0,0,0,NaN,23523.75,23515.5,23523
2025-08-25T03:40:00-04:00,23522.5,23529.25,23522.5,23529.25,0,0,0,0,0,0,0,NaN,23529.25,23522.5,23529.25
2025-08-25T03:45:00-04:00,23529,23534.5,23527.75,23529.25,0,0,0,0,0,0,0,NaN,23534.5,23527.75,23529.25
2025-08-25T03:50:00-04:00,23529.5,23530.5,23521.25,23529,0,0,0,0,0,0,0,NaN,23530.5,23521.25,23529
2025-08-25T03:55:00-04:00,23529.75,23531,23525.25,23526.25,0,0,0,0,0,0,0,NaN,23531,23525.25,23526.25
2025-08-25T04:00:00-04:00,23526.25,23537.75,23524,23534.5,0,0,0,0,0,0,0,NaN,23537.75,23524,23534.5
2025-08-25T04:05:00-04:00,23535,23535.5,23521.75,23525.75,0,0,0,0,0,0,0,NaN,23535.5,23521.75,23525.75
2025-08-25T04:10:00-04:00,23525.25,23529,23522.25,23523.75,0,0,0,0,0,0,0,NaN,23529,23522.25,23523.75
2025-08-25T04:15:00-04:00,23523.75,23529,23519.75,23526.25,0,0,0,0,0,0,0,NaN,23529,23519.75,23526.25
2025-08-25T04:20:00-04:00,23525.5,23525.75,23510.25,23518.5,0,0,0,0,0,0,0,NaN,23525.75,23510.25,23518.5
2025-08-25T04:25:00-04:00,23518.5,23528.5,23517.5,23527,0,0,0,0,0,0,0,NaN,23528.5,23517.5,23527
2025-08-25T04:30:00-04:00,23527.75,23532.25,23527.25,23530.5,0,0,0,0,0,0,0,NaN,23532.25,23527.25,23530.5
2025-08-25T04:35:00-04:00,23531,23535.25,23528,23531.75,0,0,0,0,0,0,0,NaN,23535.25,23528,23531.75
2025-08-25T04:40:00-04:00,23532.5,23532.5,23513.75,23514,0,0,0,0,0,0,0,NaN,23532.5,23513.75,23514
2025-08-25T04:45:00-04:00,23515,23522.75,23512.25,23522.75,0,0,0,0,0,0,0,NaN,23522.75,23512.25,23522.75
2025-08-25T04:50:00-04:00,23522.25,23522.75,23516,23516.25,0,0,0,0,0,0,0,NaN,23522.75,23516,23516.25
2025-08-25T04:55:00-04:00,23515.75,23515.75,23507,23509.5,0,0,0,0,0,0,0,NaN,23515.75,23507,23509.5
2025-08-25T05:00:00-04:00,23509.25,23513.75,23503,23510.25,0,0,0,0,0,0,0,NaN,23513.75,23503,23510.25
2025-08-25T05:05:00-04:00,23510,23512.25,23501,23502.25,0,0,0,0,0,0,0,NaN,23512.25,23501,23502.25
2025-08-25T05:10:00-04:00,23501.25,23503.75,23491.25,23494.5,0,0,0,0,0,0,0,NaN,23503.75,23491.25,23494.5
2025-08-25T05:15:00-04:00,23494.25,23499.75,23493,23494.25,0,0,0,0,0,0,0,NaN,23499.75,23493,23494.25
2025-08-25T05:20:00-04:00,23493.75,23495,23486.5,23489,0,0,0,0,0,0,0,NaN,23495,23486.5,23489
2025-08-25T05:25:00-04:00,23488.25,23492.25,23487,23491.25,0,0,0,0,0,0,0,NaN,23492.25,23487,23491.25
2025-08-25T05:30:00-04:00,23491.5,23499.5,23485.75,23496.75,0,0,0,0,0,0,0,NaN,23499.5,23485.75,23496.75
2025-08-25T05:35:00-04:00,23497.75,23499.25,23494.5,23496.25,0,0,0,0,0,0,0,NaN,23499.25,23494.5,23496.25
2025-08-25T05:40:00-04:00,23496.25,23496.5,23491.75,23493.25,0,0,0,0,0,0,0,NaN,23496.5,23491.75,23493.25
2025-08-25T05:45:00-04:00,23492.75,23493.25,23488.5,23491.25,0,0,0,0,0,0,0,NaN,23493.25,23488.5,23491.25
2025-08-25T05:50:00-04:00,23490.75,23493,23487.5,23490.75,0,0,0,0,0,0,0,NaN,23493,23487.5,23490.75
2025-08-25T05:55:00-04:00,23490.25,23504.5,23490.25,23504,0,0,0,0,0,0,0,NaN,23504.5,23490.25,23504
2025-08-25T06:00:00-04:00,23504,23504.5,23497.75,23500,0,0,0,0,0,0,0,NaN,23504.5,23497.75,23500
2025-08-25T06:05:00-04:00,23499.5,23502,23498.5,23500.25,0,0,0,0,0,0,0,NaN,23502,23498.5,23500.25
2025-08-25T06:10:00-04:00,23500.5,23501,23493.5,23493.75,0,0,0,0,0,0,0,NaN,23501,23493.5,23493.75
2025-08-25T06:15:00-04:00,23493.25,23494.25,23489,23491.25,0,0,0,0,0,0,0,NaN,23494.25,23489,23491.25
2025-08-25T06:20:00-04:00,23490,23490.5,23482.75,23483.75,0,0,0,0,0,0,0,NaN,23490.5,23482.75,23483.75
2025-08-25T06:25:00-04:00,23483.75,23486,23472.5,23477.25,0,0,0,0,0,0,0,NaN,23486,23472.5,23477.25
2025-08-25T06:30:00-04:00,23477,23485.25,23462,23484.25,0,0,0,0,0,0,0,NaN,23485.25,23462,23484.25
2025-08-25T06:35:00-04:00,23484,23487.75,23479.25,23487.75,0,0,0,0,0,0,0,NaN,23487.75,23479.25,23487.75
2025-08-25T06:40:00-04:00,23487.25,23490.25,23482.5,23489,0,0,0,0,0,0,0,NaN,23490.25,23482.5,23489
2025-08-25T06:45:00-04:00,23488.75,23494,23484.25,23492,0,0,0,0,0,0,0,NaN,23494,23484.25,23492
2025-08-25T06:50:00-04:00,23491.5,23492.25,23482.5,23484.5,0,0,0,0,0,0,0,NaN,23492.25,23482.5,23484.5
2025-08-25T06:55:00-04:00,23484,23487.75,23479.25,23480.25,0,0,0,0,0,0,0,NaN,23487.75,23479.25,23480.25
2025-08-25T07:00:00-04:00,23480.75,23485.5,23470,23475.75,0,0,0,0,0,0,0,NaN,23485.5,23470,23475.75
2025-08-25T07:05:00-04:00,23475.5,23485.75,23474.25,23485.75,0,0,0,0,0,0,0,NaN,23485.75,23474.25,23485.75
2025-08-25T07:10:00-04:00,23487,23493.75,23482.25,23493.75,0,0,0,0,0,0,0,NaN,23493.75,23482.25,23493.75
2025-08-25T07:15:00-04:00,23493.5,23498.25,23492,23496.5,0,0,0,0,0,0,0,NaN,23498.25,23492,23496.5
2025-08-25T07:20:00-04:00,23496.75,23497.25,23491.25,23494.25,0,0,0,0,0,0,0,NaN,23497.25,23491.25,23494.25
2025-08-25T07:25:00-04:00,23493.5,23498.25,23493.25,23497.25,0,0,0,0,0,0,0,NaN,23498.25,23493.25,23497.25
2025-08-25T07:30:00-04:00,23497.5,23499.25,23490.5,23494,0,0,0,0,0,0,0,NaN,23499.25,23490.5,23494
2025-08-25T07:35:00-04:00,23493.75,23496.75,23490.75,23493.25,0,0,0,0,0,0,0,NaN,23496.75,23490.75,23493.25
2025-08-25T07:40:00-04:00,23493,23494.5,23490,23491.25,0,0,0,0,0,0,0,NaN,23494.5,23490,23491.25
2025-08-25T07:45:00-04:00,23491.75,23497.75,23490,23491,0,0,0,0,0,0,0,NaN,23497.75,23490,23491
2025-08-25T07:50:00-04:00,23491,23500.25,23490.5,23499.25,0,0,0,0,0,0,0,NaN,23500.25,23490.5,23499.25
2025-08-25T07:55:00-04:00,23499.25,23501,23496,23497.5,0,0,0,0,0,0,0,NaN,23501,23496,23497.5
2025-08-25T08:00:00-04:00,23497.5,23498,23476,23479.75,0,0,0,0,0,0,0,NaN,23498,23476,23479.75
2025-08-25T08:05:00-04:00,23479.5,23480.5,23463.75,23466.5,0,0,0,0,0,0,0,NaN,23480.5,23463.75,23466.5
2025-08-25T08:10:00-04:00,23467.25,23473.75,23465.25,23471,0,0,0,0,0,0,0,NaN,23473.75,23465.25,23471
2025-08-25T08:15:00-04:00,23471.75,23476.75,23466.25,23474.25,0,0,0,0,0,0,0,NaN,23476.75,23466.25,23474.25
2025-08-25T08:20:00-04:00,23473.5,23480.5,23470.25,23477.25,0,0,0,0,0,0,0,NaN,23480.5,23470.25,23477.25
2025-08-25T08:25:00-04:00,23477,23479.5,23469.5,23470,0,0,0,0,0,0,0,NaN,23479.5,23469.5,23470
2025-08-25T08:30:00-04:00,23469.25,23476.75,23462.75,23476,0,0,0,0,0,0,0,NaN,23476.75,23462.75,23476
2025-08-25T08:35:00-04:00,23476,23476.5,23463.5,23470.75,0,0,0,0,0,0,0,NaN,23476.5,23463.5,23470.75
2025-08-25T08:40:00-04:00,23470.25,23485,23470.25,23483,0,0,0,0,0,0,0,NaN,23485,23470.25,23483
2025-08-25T08:45:00-04:00,23483,23484.5,23478.25,23482.5,0,0,0,0,0,0,0,NaN,23484.5,23478.25,23482.5
2025-08-25T08:50:00-04:00,23482.75,23485.25,23479.5,23481.25,0,0,0,0,0,0,0,NaN,23485.25,23479.5,23481.25
2025-08-25T08:55:00-04:00,23480.75,23484.5,23477,23479.25,0,0,0,0,0,0,0,NaN,23484.5,23477,23479.25
2025-08-25T09:00:00-04:00,23479.25,23492,23476,23489.25,0,0,0,0,0,0,0,NaN,23492,23476,23489.25
2025-08-25T09:05:00-04:00,23489.75,23491,23480,23480.75,0,0,0,0,0,0,0,NaN,23491,23480,23480.75
2025-08-25T09:10:00-04:00,23480.75,23485.75,23476.75,23485,0,0,0,0,0,0,0,NaN,23485.75,23476.75,23485
2025-08-25T09:15:00-04:00,23484.5,23489,23480,23484,0,0,0,0,0,0,0,NaN,23489,23480,23484
2025-08-25T09:20:00-04:00,23485.25,23487.75,23483.25,23486.25,0,0,0,0,0,0,0,NaN,23487.75,23483.25,23486.25
2025-08-25T09:25:00-04:00,23486.5,23499.25,23486,23496,0,0,0,0,0,0,0,NaN,23499.25,23486,23496
2025-08-25T09:30:00-04:00,23496,23518.25,23443.25,23469.75,0,0,0,0,0,0,0,NaN,23518.25,23443.25,23469.75
2025-08-25T09:35:00-04:00,23470,23511.75,23468.5,23499.75,0,0,0,0,0,0,0,NaN,23511.75,23468.5,23499.75
2025-08-25T09:40:00-04:00,23500,23501,23468.75,23480.75,0,0,0,0,0,0,0,NaN,23501,23468.75,23480.75
2025-08-25T09:45:00-04:00,23480,23496.75,23448.25,23492.25,0,0,0,0,0,0,0,NaN,23496.75,23448.25,23492.25
2025-08-25T09:50:00-04:00,23491.75,23496.25,23468.75,23487,0,0,0,0,0,0,0,NaN,23496.25,23468.75,23487
2025-08-25T09:55:00-04:00,23487.25,23519.5,23480.75,23519.25,0,0,0,0,0,0,0,NaN,23519.5,23480.75,23519.25
2025-08-25T10:00:00-04:00,23519,23543.25,23505,23542.75,0,0,0,0,0,0,0,NaN,23543.25,23505,23542.75
2025-08-25T10:05:00-04:00,23542.75,23555.25,23531.25,23548.5,0,0,0,0,0,0,0,NaN,23555.25,23531.25,23548.5
2025-08-25T10:10:00-04:00,23548.75,23558.25,23532,23552,0,0,0,0,0,0,0,NaN,23558.25,23532,23552
2025-08-25T10:15:00-04:00,23551.25,23561,23535.25,23535.5,0,0,0,0,0,0,0,NaN,23561,23535.25,23535.5
2025-08-25T10:20:00-04:00,23535.5,23549.75,23519,23545.25,0,0,0,0,0,0,0,NaN,23549.75,23519,23545.25
2025-08-25T10:25:00-04:00,23544.5,23554.25,23532.25,23540.75,0,0,0,0,0,0,0,NaN,23554.25,23532.25,23540.75
2025-08-25T10:30:00-04:00,23540.25,23556.25,23532.5,23545.75,0,0,0,0,0,0,0,NaN,23556.25,23532.5,23545.75
2025-08-25T10:35:00-04:00,23546,23567,23545.25,23550.75,0,0,0,0,0,0,0,NaN,23567,23545.25,23550.75
2025-08-25T10:40:00-04:00,23550.25,23555.25,23533,23540.25,0,0,0,0,0,0,0,NaN,23555.25,23533,23540.25
2025-08-25T10:45:00-04:00,23539.75,23574.25,23532.75,23571.75,0,0,0,0,0,0,0,NaN,23574.25,23532.75,23571.75
2025-08-25T10:50:00-04:00,23571.5,23573.75,23554.5,23559,0,0,0,0,0,0,0,NaN,23573.75,23554.5,23559
2025-08-25T10:55:00-04:00,23558.5,23572.75,23544.75,23571,0,0,0,0,0,0,0,NaN,23572.75,23544.75,23571
2025-08-25T11:00:00-04:00,23570.75,23581.5,23564.25,23580.75,0,0,0,0,0,0,0,NaN,23581.5,23564.25,23580.75
2025-08-25T11:05:00-04:00,23580.5,23586.5,23570.5,23576.75,0,0,0,0,0,0,0,NaN,23586.5,23570.5,23576.75
2025-08-25T11:10:00-04:00,23577.75,23590.5,23568.25,23586.5,0,0,0,0,0,0,0,NaN,23590.5,23568.25,23586.5
2025-08-25T11:15:00-04:00,23585.75,23593.75,23580.75,23584.25,0,0,0,0,0,0,0,NaN,23593.75,23580.75,23584.25
2025-08-25T11:20:00-04:00,23584.25,23602.75,23583.5,23598.75,0,0,0,0,0,0,0,NaN,23602.75,23583.5,23598.75
2025-08-25T11:25:00-04:00,23598.5,23601.75,23595.25,23598.5,0,0,0,0,0,0,0,NaN,23601.75,23595.25,23598.5
2025-08-25T11:30:00-04:00,23598.75,23607,23591.5,23594,0,0,0,0,0,0,0,NaN,23607,23591.5,23594
2025-08-25T11:35:00-04:00,23594,23599,23578.5,23592,0,0,0,0,0,0,0,NaN,23599,23578.5,23592
2025-08-25T11:40:00-04:00,23592,23595.25,23582.5,23593,0,0,0,0,0,0,0,NaN,23595.25,23582.5,23593
2025-08-25T11:45:00-04:00,23593.25,23597.75,23584.25,23589.5,0,0,0,0,0,0,0,NaN,23597.75,23584.25,23589.5
2025-08-25T11:50:00-04:00,23589.5,23616.25,23588.5,23604.5,0,0,0,0,0,0,0,NaN,23616.25,23588.5,23604.5
2025-08-25T11:55:00-04:00,23604.25,23609.5,23596,23601.25,0,0,0,0,0,0,0,NaN,23609.5,23596,23601.25
2025-08-25T12:00:00-04:00,23600.75,23607.75,23597.5,23601.75,0,0,0,0,0,0,0,NaN,23607.75,23597.5,23601.75
2025-08-25T12:05:00-04:00,23601.5,23613.75,23599.25,23605.5,0,0,0,0,0,0,0,NaN,23613.75,23599.25,23605.5
2025-08-25T12:10:00-04:00,23605.5,23611.25,23598.5,23608.5,0,0,0,0,0,0,0,NaN,23611.25,23598.5,23608.5
2025-08-25T12:15:00-04:00,23609.5,23611,23593,23596.25,0,0,0,0,0,0,0,NaN,23611,23593,23596.25
2025-08-25T12:20:00-04:00,23596.25,23606.5,23595.75,23603.5,0,0,0,0,0,0,0,NaN,23606.5,23595.75,23603.5
2025-08-25T12:25:00-04:00,23603,23605.5,23596.5,23598.25,0,0,0,0,0,0,0,NaN,23605.5,23596.5,23598.25
2025-08-25T12:30:00-04:00,23597.75,23600,23588.75,23596,0,0,0,0,0,0,0,NaN,23600,23588.75,23596
2025-08-25T12:35:00-04:00,23596,23603.75,23588.75,23601.25,0,0,0,0,0,0,0,NaN,23603.75,23588.75,23601.25
2025-08-25T12:40:00-04:00,23600.75,23610.5,23596.25,23606.75,0,0,0,0,0,0,0,NaN,23610.5,23596.25,23606.75
2025-08-25T12:45:00-04:00,23606.75,23612.75,23601.25,23604.25,0,0,0,0,0,0,0,NaN,23612.75,23601.25,23604.25
2025-08-25T12:50:00-04:00,23603.75,23606.5,23591.75,23597.5,0,0,0,0,0,0,0,NaN,23606.5,23591.75,23597.5
2025-08-25T12:55:00-04:00,23597.5,23602,23590,23596.25,0,0,0,0,0,0,0,NaN,23602,23590,23596.25
2025-08-25T13:00:00-04:00,23596.25,23598,23571.75,23578,0,0,0,0,0,0,0,NaN,23598,23571.75,23578
2025-08-25T13:05:00-04:00,23578,23591,23575,23589,0,0,0,0,0,0,0,NaN,23591,23575,23589
2025-08-25T13:10:00-04:00,23589,23595.5,23584,23584,0,0,0,0,0,0,0,NaN,23595.5,23584,23584
2025-08-25T13:15:00-04:00,23584.5,23590,23580,23588.75,0,0,0,0,0,0,0,NaN,23590,23580,23588.75
2025-08-25T13:20:00-04:00,23588.75,23592.25,23581.5,23587.5,0,0,0,0,0,0,0,NaN,23592.25,23581.5,23587.5
2025-08-25T13:25:00-04:00,23587,23587.25,23573.5,23584.25,0,0,0,0,0,0,0,NaN,23587.25,23573.5,23584.25
2025-08-25T13:30:00-04:00,23584,23590.5,23577.5,23578,0,0,0,0,0,0,0,NaN,23590.5,23577.5,23578
2025-08-25T13:35:00-04:00,23577.75,23580.25,23571,23573.75,0,0,0,0,0,0,0,NaN,23580.25,23571,23573.75
2025-08-25T13:40:00-04:00,23573.5,23575,23557.25,23572.5,0,0,0,0,0,0,0,NaN,23575,23557.25,23572.5
2025-08-25T13:45:00-04:00,23572.5,23580.25,23572.25,23579.5,0,0,0,0,0,0,0,NaN,23580.25,23572.25,23579.5
2025-08-25T13:50:00-04:00,23579,23587.25,23577.75,23583,0,0,0,0,0,0,0,NaN,23587.25,23577.75,23583
2025-08-25T13:55:00-04:00,23583.25,23587.5,23576,23578,0,0,0,0,0,0,0,NaN,23587.5,23576,23578
2025-08-25T14:00:00-04:00,23578.5,23580.5,23569.5,23576,0,0,0,0,0,0,0,NaN,23580.5,23569.5,23576
2025-08-25T14:05:00-04:00,23575.5,23579.75,23568,23576.75,0,0,0,0,0,0,0,NaN,23579.75,23568,23576.75
2025-08-25T14:10:00-04:00,23577,23582.75,23572.75,23581.75,0,0,0,0,0,0,0,NaN,23582.75,23572.75,23581.75
2025-08-25T14:15:00-04:00,23582,23583.75,23565,23565.5,0,0,0,0,0,0,0,NaN,23583.75,23565,23565.5
2025-08-25T14:20:00-04:00,23565.75,23574,23556.25,23567.5,0,0,0,0,0,0,0,NaN,23574,23556.25,23567.5
2025-08-25T14:25:00-04:00,23567.5,23572.5,23563.25,23565,0,0,0,0,0,0,0,NaN,23572.5,23563.25,23565
2025-08-25T14:30:00-04:00,23565,23571.75,23562.5,23564.5,0,0,0,0,0,0,0,NaN,23571.75,23562.5,23564.5
2025-08-25T14:35:00-04:00,23564.25,23569.25,23561.5,23562.75,0,0,0,0,0,0,0,NaN,23569.25,23561.5,23562.75
2025-08-25T14:40:00-04:00,23562.25,23564.25,23552.75,23553.25,0,0,0,0,0,0,0,NaN,23564.25,23552.75,23553.25
2025-08-25T14:45:00-04:00,23553.5,23563.75,23549.25,23561.5,0,0,0,0,0,0,0,NaN,23563.75,23549.25,23561.5
2025-08-25T14:50:00-04:00,23561.75,23566,23557,23557.75,0,0,0,0,0,0,0,NaN,23566,23557,23557.75
2025-08-25T14:55:00-04:00,23558,23565,23552,23552.5,0,0,0,0,0,0,0,NaN,23565,23552,23552.5
2025-08-25T15:00:00-04:00,23552.25,23558.5,23548.5,23553,0,0,0,0,0,0,0,NaN,23558.5,23548.5,23553
2025-08-25T15:05:00-04:00,23553,23568.75,23550.5,23568.25,0,0,0,0,0,0,0,NaN,23568.75,23550.5,23568.25
2025-08-25T15:10:00-04:00,23568,23573.5,23565.75,23565.75,0,0,0,0,0,0,0,NaN,23573.5,23565.75,23565.75
2025-08-25T15:15:00-04:00,23566.25,23567.5,23547,23554,0,0,0,0,0,0,0,NaN,23567.5,23547,23554
2025-08-25T15:20:00-04:00,23554,23559.5,23551.25,23553,0,0,0,0,0,0,0,NaN,23559.5,23551.25,23553
2025-08-25T15:25:00-04:00,23553.25,23556.75,23548.25,23552.5,0,0,0,0,0,0,0,NaN,23556.75,23548.25,23552.5
2025-08-25T15:30:00-04:00,23552.5,23557.5,23545.5,23547,0,0,0,0,0,0,0,NaN,23557.5,23545.5,23547
2025-08-25T15:35:00-04:00,23547,23553.25,23545.25,23551.25,0,0,0,0,0,0,0,NaN,23553.25,23545.25,23551.25
2025-08-25T15:40:00-04:00,23550.75,23554.25,23541.25,23545,0,0,0,0,0,0,0,NaN,23554.25,23541.25,23545
2025-08-25T15:45:00-04:00,23544.75,23549.25,23539.5,23546.5,0,0,0,0,0,0,0,NaN,23549.25,23539.5,23546.5
2025-08-25T15:50:00-04:00,23547,23555.25,23533.25,23540.25,0,0,0,0,0,0,0,NaN,23555.25,23533.25,23540.25
2025-08-25T15:55:00-04:00,23540.25,23540.5,23489,23495.5,0,0,0,0,0,0,0,NaN,23540.5,23489,23495.5
2025-08-25T16:00:00-04:00,23495.25,23512.5,23485.75,23509.25,0,0,0,0,0,0,0,NaN,23512.5,23485.75,23509.25
2025-08-25T16:05:00-04:00,23509.75,23517.25,23506.25,23510.5,0,0,0,0,0,0,0,NaN,23517.25,23506.25,23510.5
2025-08-25T16:10:00-04:00,23510.75,23514.75,23508.5,23511.75,0,0,0,0,0,0,0,NaN,23514.75,23508.5,23511.75
2025-08-25T16:15:00-04:00,23512,23513.25,23509,23512.75,0,0,0,0,0,0,0,NaN,23513.25,23509,23512.75
2025-08-25T16:20:00-04:00,23512.5,23513.25,23507.75,23511.5,0,0,0,0,0,0,0,NaN,23513.25,23507.75,23511.5
2025-08-25T16:25:00-04:00,23511.75,23516,23511.25,23515.75,0,0,0,0,0,0,0,NaN,23516,23511.25,23515.75
2025-08-25T16:30:00-04:00,23515.25,23518.5,23510,23511.75,0,0,0,0,0,0,0,NaN,23518.5,23510,23511.75
2025-08-25T16:35:00-04:00,23511.5,23512,23505.5,23505.75,0,0,0,0,0,0,0,NaN,23512,23505.5,23505.75
2025-08-25T16:40:00-04:00,23505.75,23509.5,23505,23508.75,0,0,0,0,0,0,0,NaN,23509.5,23505,23508.75
2025-08-25T16:45:00-04:00,23508.5,23509,23500,23500.5,0,0,0,0,0,0,0,NaN,23509,23500,23500.5
2025-08-25T16:50:00-04:00,23500.75,23504,23499.25,23504,0,0,0,0,0,0,0,NaN,23504,23499.25,23504
2025-08-25T16:55:00-04:00,23504.25,23505,23502,23502.25,0,0,0,0,0,0,0,NaN,23505,23502,23502.25
2025-08-25T18:00:00-04:00,23505.75,23515,23499,23512.75,0,0,0,0,0,0,0,NaN,23515,23499,23512.75
2025-08-25T18:05:00-04:00,23511.5,23516.25,23508.5,23512.25,0,0,0,0,0,0,0,NaN,23516.25,23508.5,23512.25
2025-08-25T18:10:00-04:00,23512.75,23516.5,23511.75,23514,0,0,0,0,0,0,0,NaN,23516.5,23511.75,23514
2025-08-25T18:15:00-04:00,23514.5,23518,23512.75,23514.5,0,0,0,0,0,0,0,NaN,23518,23512.75,23514.5
2025-08-25T18:20:00-04:00,23514,23517.75,23511.75,23516.25,0,0,0,0,0,0,0,NaN,23517.75,23511.75,23516.25
2025-08-25T18:25:00-04:00,23517,23520.25,23516,23517.25,0,0,0,0,0,0,0,NaN,23520.25,23516,23517.25
2025-08-25T18:30:00-04:00,23516.75,23517,23511.5,23513,0,0,0,0,0,0,0,NaN,23517,23511.5,23513
2025-08-25T18:35:00-04:00,23513,23514.75,23511.25,23513.5,0,0,0,0,0,0,0,NaN,23514.75,23511.25,23513.5
2025-08-25T18:40:00-04:00,23513.5,23517,23512.75,23517,0,0,0,0,0,0,0,NaN,23517,23512.75,23517
2025-08-25T18:45:00-04:00,23517.25,23517.75,23510.5,23512,0,0,0,0,0,0,0,NaN,23517.75,23510.5,23512
2025-08-25T18:50:00-04:00,23513.25,23514.25,23511.25,23512.5,0,0,0,0,0,0,0,NaN,23514.25,23511.25,23512.5
2025-08-25T18:55:00-04:00,23513.5,23513.75,23509,23511.75,0,0,0,0,0,0,0,NaN,23513.75,23509,23511.75
2025-08-25T19:00:00-04:00,23512.25,23516.25,23511.75,23515,0,0,0,0,0,0,0,NaN,23516.25,23511.75,23515
2025-08-25T19:05:00-04:00,23514.75,23515.75,23506,23511.5,0,0,0,0,0,0,0,NaN,23515.75,23506,23511.5
2025-08-25T19:10:00-04:00,23511,23511,23508.25,23510,0,0,0,0,0,0,0,NaN,23511,23508.25,23510
2025-08-25T19:15:00-04:00,23509,23513.25,23506.25,23512.5,0,0,0,0,0,0,0,NaN,23513.25,23506.25,23512.5
2025-08-25T19:20:00-04:00,23512.5,23512.5,23501.5,23505,0,0,0,0,0,0,0,NaN,23512.5,23501.5,23505
2025-08-25T19:25:00-04:00,23504.75,23506.75,23497.25,23504,0,0,0,0,0,0,0,NaN,23506.75,23497.25,23504
2025-08-25T19:30:00-04:00,23504,23508,23500.75,23507,0,0,0,0,0,0,0,NaN,23508,23500.75,23507
2025-08-25T19:35:00-04:00,23506.5,23506.5,23500.25,23502,0,0,0,0,0,0,0,NaN,23506.5,23500.25,23502
2025-08-25T19:40:00-04:00,23501.25,23503,23495,23498.25,0,0,0,0,0,0,0,NaN,23503,23495,23498.25
2025-08-25T19:45:00-04:00,23498.25,23500.75,23491.25,23494.25,0,0,0,0,0,0,0,NaN,23500.75,23491.25,23494.25
2025-08-25T19:50:00-04:00,23494,23499,23488.25,23496.25,0,0,0,0,0,0,0,NaN,23499,23488.25,23496.25
2025-08-25T19:55:00-04:00,23496.75,23498,23490,23496.5,0,0,0,0,0,0,0,NaN,23498,23490,23496.5
2025-08-25T20:00:00-04:00,23496,23503.25,23410,23464.5,0,0,0,0,0,0,0,NaN,23503.25,23410,23464.5
2025-08-25T20:05:00-04:00,23464.75,23495,23449.75,23479.5,0,0,0,0,0,0,0,NaN,23495,23449.75,23479.5
2025-08-25T20:10:00-04:00,23479,23487.25,23466.75,23483.75,0,0,0,0,0,0,0,NaN,23487.25,23466.75,23483.75
2025-08-25T20:15:00-04:00,23484.5,23509.75,23478.25,23486.5,0,0,0,0,0,0,0,NaN,23509.75,23478.25,23486.5
2025-08-25T20:20:00-04:00,23486.5,23490.25,23466,23469.75,0,0,0,0,0,0,0,NaN,23490.25,23466,23469.75
2025-08-25T20:25:00-04:00,23470,23471.75,23456,23460.25,0,0,0,0,0,0,0,NaN,23471.75,23456,23460.25
2025-08-25T20:30:00-04:00,23460.5,23476.5,23433,23457.75,0,0,0,0,0,0,0,NaN,23476.5,23433,23457.75
2025-08-25T20:35:00-04:00,23458.25,23461.75,23421.5,23426.5,0,0,0,0,0,0,0,NaN,23461.75,23421.5,23426.5
2025-08-25T20:40:00-04:00,23427.75,23429,23375.75,23388,0,0,0,0,0,0,0,NaN,23429,23375.75,23388
2025-08-25T20:45:00-04:00,23387.75,23396.5,23371.5,23390.5,0,0,0,0,0,0,0,NaN,23396.5,23371.5,23390.5
2025-08-25T20:50:00-04:00,23391.5,23409.75,23391,23404.75,0,0,0,0,0,0,0,NaN,23409.75,23391,23404.75
2025-08-25T20:55:00-04:00,23403.5,23420,23403.25,23417,0,0,0,0,0,0,0,NaN,23420,23403.25,23417
2025-08-25T21:00:00-04:00,23417.5,23439.75,23410,23437.25,0,0,0,0,0,0,0,NaN,23439.75,23410,23437.25
2025-08-25T21:05:00-04:00,23437.75,23453.75,23431.25,23450,0,0,0,0,0,0,0,NaN,23453.75,23431.25,23450
2025-08-25T21:10:00-04:00,23450,23455.75,23441.5,23445.5,0,0,0,0,0,0,0,NaN,23455.75,23441.5,23445.5
2025-08-25T21:15:00-04:00,23446.75,23450.25,23440.75,23445.75,0,0,0,0,0,0,0,NaN,23450.25,23440.75,23445.75
2025-08-25T21:20:00-04:00,23444.75,23452.75,23442,23448,0,0,0,0,0,0,0,NaN,23452.75,23442,23448
2025-08-25T21:25:00-04:00,23447.75,23455.25,23446.25,23452.25,0,0,0,0,0,0,0,NaN,23455.25,23446.25,23452.25
2025-08-25T21:30:00-04:00,23451.5,23456.25,23442,23445.5,0,0,0,0,0,0,0,NaN,23456.25,23442,23445.5
2025-08-25T21:35:00-04:00,23445.5,23449.75,23429.25,23435.75,0,0,0,0,0,0,0,NaN,23449.75,23429.25,23435.75
2025-08-25T21:40:00-04:00,23436.5,23441,23431.25,23437.5,0,0,0,0,0,0,0,NaN,23441,23431.25,23437.5
2025-08-25T21:45:00-04:00,23438,23441.5,23434,23438.25,0,0,0,0,0,0,0,NaN,23441.5,23434,23438.25
2025-08-25T21:50:00-04:00,23438.75,23440,23415.5,23417.75,0,0,0,0,0,0,0,NaN,23440,23415.5,23417.75
2025-08-25T21:55:00-04:00,23418.25,23433.5,23416,23425.25,0,0,0,0,0,0,0,NaN,23433.5,23416,23425.25
2025-08-25T22:00:00-04:00,23425.25,23454.25,23423,23445.75,0,0,0,0,0,0,0,NaN,23454.25,23423,23445.75
2025-08-25T22:05:00-04:00,23445.75,23454,23445.75,23453.5,0,0,0,0,0,0,0,NaN,23454,23445.75,23453.5
2025-08-25T22:10:00-04:00,23453,23460,23447.5,23457,0,0,0,0,0,0,0,NaN,23460,23447.5,23457
2025-08-25T22:15:00-04:00,23456.5,23461,23448.5,23448.5,0,0,0,0,0,0,0,NaN,23461,23448.5,23448.5
2025-08-25T22:20:00-04:00,23450.5,23458.75,23449.5,23456.25,0,0,0,0,0,0,0,NaN,23458.75,23449.5,23456.25
2025-08-25T22:25:00-04:00,23455.75,23459,23450,23457.25,0,0,0,0,0,0,0,NaN,23459,23450,23457.25
2025-08-25T22:30:00-04:00,23457.75,23461.75,23450.5,23455.5,0,0,0,0,0,0,0,NaN,23461.75,23450.5,23455.5
2025-08-25T22:35:00-04:00,23456,23475.5,23454,23466.5,0,0,0,0,0,0,0,NaN,23475.5,23454,23466.5
2025-08-25T22:40:00-04:00,23466,23468,23453.25,23460.5,0,0,0,0,0,0,0,NaN,23468,23453.25,23460.5
2025-08-25T22:45:00-04:00,23461.25,23465,23456.75,23456.75,0,0,0,0,0,0,0,NaN,23465,23456.75,23456.75
2025-08-25T22:50:00-04:00,23456.75,23460,23448,23448.5,0,0,0,0,0,0,0,NaN,23460,23448,23448.5
2025-08-25T22:55:00-04:00,23449.25,23452,23446.75,23448.75,0,0,0,0,0,0,0,NaN,23452,23446.75,23448.75
2025-08-25T23:00:00-04:00,23449.25,23456,23444.75,23447.25,0,0,0,0,0,0,0,NaN,23456,23444.75,23447.25
2025-08-25T23:05:00-04:00,23447,23450.5,23442,23442,0,0,0,0,0,0,0,NaN,23450.5,23442,23442
2025-08-25T23:10:00-04:00,23443,23447.5,23440.75,23443,0,0,0,0,0,0,0,NaN,23447.5,23440.75,23443
2025-08-25T23:15:00-04:00,23443.5,23446,23440.25,23445.25,0,0,0,0,0,0,0,NaN,23446,23440.25,23445.25
2025-08-25T23:20:00-04:00,23445.75,23449,23442.5,23447.75,0,0,0,0,0,0,0,NaN,23449,23442.5,23447.75
2025-08-25T23:25:00-04:00,23447.5,23449.25,23445,23445.75,0,0,0,0,0,0,0,NaN,23449.25,23445,23445.75
2025-08-25T23:30:00-04:00,23445,23453.5,23444.25,23451.5,0,0,0,0,0,0,0,NaN,23453.5,23444.25,23451.5
2025-08-25T23:35:00-04:00,23451,23454.5,23450.5,23452,0,0,0,0,0,0,0,NaN,23454.5,23450.5,23452
2025-08-25T23:40:00-04:00,23452.5,23457.5,23451,23456,0,0,0,0,0,0,0,NaN,23457.5,23451,23456
2025-08-25T23:45:00-04:00,23456,23456,23452.5,23453.75,0,0,0,0,0,0,0,NaN,23456,23452.5,23453.75
2025-08-25T23:50:00-04:00,23453.25,23455.25,23451.25,23452.25,0,0,0,0,0,0,0,NaN,23455.25,23451.25,23452.25
2025-08-25T23:55:00-04:00,23452.75,23454.5,23449,23451,0,0,0,0,0,0,0,NaN,23454.5,23449,23451
2025-08-26T00:00:00-04:00,23452,23454.5,23447.75,23451.5,0,0,1,0,0,0,0,NaN,23454.5,23447.75,23451.5
2025-08-26T00:05:00-04:00,23450.5,23457.25,23450.5,23455.5,0,0,0,0,0,0,0,NaN,23457.25,23450.5,23455.5
2025-08-26T00:10:00-04:00,23455.75,23460.25,23454.5,23459,0,0,0,0,0,0,0,NaN,23460.25,23454.5,23459
2025-08-26T00:15:00-04:00,23458.5,23460,23457,23458,0,0,0,0,0,0,0,NaN,23460,23457,23458
2025-08-26T00:20:00-04:00,23458,23458,23455.5,23455.5,0,0,0,0,0,0,0,NaN,23458,23455.5,23455.5
2025-08-26T00:25:00-04:00,23455.25,23455.5,23450.25,23453.75,0,0,0,0,0,0,0,NaN,23455.5,23450.25,23453.75
2025-08-26T00:30:00-04:00,23455.25,23457,23443.75,23448.5,0,0,0,0,0,0,0,NaN,23457,23443.75,23448.5
2025-08-26T00:35:00-04:00,23449,23449.5,23444.75,23444.75,0,0,0,0,0,0,0,NaN,23449.5,23444.75,23444.75
2025-08-26T00:40:00-04:00,23445.25,23449,23440.75,23442.5,0,0,0,0,0,0,0,NaN,23449,23440.75,23442.5
2025-08-26T00:45:00-04:00,23442.75,23456.5,23442,23456.5,0,0,0,0,0,0,0,NaN,23456.5,23442,23456.5
2025-08-26T00:50:00-04:00,23457,23457.5,23451,23451.25,0,0,0,0,0,0,0,NaN,23457.5,23451,23451.25
2025-08-26T00:55:00-04:00,23450.25,23456.25,23445.5,23456,0,0,0,0,0,0,0,NaN,23456.25,23445.5,23456
2025-08-26T01:00:00-04:00,23456.25,23468.75,23455.75,23467.25,0,0,0,0,0,0,0,NaN,23468.75,23455.75,23467.25
2025-08-26T01:05:00-04:00,23467.5,23475.25,23465.5,23475,0,0,0,0,0,0,0,NaN,23475.25,23465.5,23475
2025-08-26T01:10:00-04:00,23474.25,23480.5,23473.5,23474,0,0,0,0,0,0,0,NaN,23480.5,23473.5,23474
2025-08-26T01:15:00-04:00,23473.25,23474,23466.5,23468.25,0,0,0,0,0,0,0,NaN,23474,23466.5,23468.25
2025-08-26T01:20:00-04:00,23469,23474,23468.25,23471,0,0,0,0,0,0,0,NaN,23474,23468.25,23471
2025-08-26T01:25:00-04:00,23469.25,23475.75,23468.5,23472.75,0,0,0,0,0,0,0,NaN,23475.75,23468.5,23472.75
2025-08-26T01:30:00-04:00,23473.25,23481,23468,23477.5,0,0,0,0,0,0,0,NaN,23481,23468,23477.5
2025-08-26T01:35:00-04:00,23478,23478.75,23467.75,23469.75,0,0,0,0,0,0,0,NaN,23478.75,23467.75,23469.75
2025-08-26T01:40:00-04:00,23470.5,23483,23468.75,23480.75,0,0,0,0,0,0,0,NaN,23483,23468.75,23480.75
2025-08-26T01:45:00-04:00,23481,23484.25,23475.25,23476.75,0,0,0,0,0,0,0,NaN,23484.25,23475.25,23476.75
2025-08-26T01:50:00-04:00,23477.75,23478,23469,23473.25,0,0,0,0,0,0,0,NaN,23478,23469,23473.25
2025-08-26T01:55:00-04:00,23473.25,23479.25,23473.25,23476.5,0,0,0,0,0,0,0,NaN,23479.25,23473.25,23476.5
2025-08-26T02:00:00-04:00,23476.25,23483.75,23471.75,23472.25,0,0,0,0,0,0,0,NaN,23483.75,23471.75,23472.25
2025-08-26T02:05:00-04:00,23472.5,23479.5,23472.5,23478.5,0,0,0,0,0,0,0,NaN,23479.5,23472.5,23478.5
2025-08-26T02:10:00-04:00,23478.25,23478.25,23463.75,23468.5,0,0,0,0,0,0,0,NaN,23478.25,23463.75,23468.5
2025-08-26T02:15:00-04:00,23468.5,23474,23465,23466.5,0,0,0,0,0,0,0,NaN,23474,23465,23466.5
2025-08-26T02:20:00-04:00,23466.25,23466.25,23454.25,23456.25,0,0,0,0,0,0,0,NaN,23466.25,23454.25,23456.25
2025-08-26T02:25:00-04:00,23456.5,23460.5,23452.5,23457.25,0,0,0,0,0,0,0,NaN,23460.5,23452.5,23457.25
2025-08-26T02:30:00-04:00,23458.25,23465,23455,23456.75,0,0,0,0,0,0,0,NaN,23465,23455,23456.75
2025-08-26T02:35:00-04:00,23455,23457.5,23443.25,23457,0,0,0,0,0,0,0,NaN,23457.5,23443.25,23457
2025-08-26T02:40:00-04:00,23455.25,23457.25,23447.5,23449,0,0,0,0,0,0,0,NaN,23457.25,23447.5,23449
2025-08-26T02:45:00-04:00,23448.75,23458.75,23447.5,23457.75,0,0,0,0,0,0,0,NaN,23458.75,23447.5,23457.75
2025-08-26T02:50:00-04:00,23457.5,23462.25,23453.25,23460,0,0,0,0,0,0,0,NaN,23462.25,23453.25,23460
2025-08-26T02:55:00-04:00,23461,23465.25,23448,23454.75,0,0,0,0,0,0,0,NaN,23465.25,23448,23454.75
2025-08-26T03:00:00-04:00,23454,23454,23440,23448,0,0,0,0,0,0,0,NaN,23454,23440,23448
2025-08-26T03:05:00-04:00,23446.75,23450,23426,23439,0,0,0,0,0,0,0,NaN,23450,23426,23439
2025-08-26T03:10:00-04:00,23439.75,23446.75,23415.25,23431.5,0,0,0,0,0,0,0,NaN,23446.75,23415.25,23431.5
2025-08-26T03:15:00-04:00,23431.75,23442.25,23426,23430,0,0,0,0,0,0,0,NaN,23442.25,23426,23430
2025-08-26T03:20:00-04:00,23430.5,23437,23426,23428.25,0,0,0,0,0,0,0,NaN,23437,23426,23428.25
2025-08-26T03:25:00-04:00,23428.5,23438,23426.5,23436.75,0,0,0,0,0,0,0,NaN,23438,23426.5,23436.75
2025-08-26T03:30:00-04:00,23436.75,23458.25,23432.75,23458,0,0,0,0,0,0,0,NaN,23458.25,23432.75,23458
2025-08-26T03:35:00-04:00,23458.25,23464.5,23456.25,23461,0,0,0,0,0,0,0,NaN,23464.5,23456.25,23461
2025-08-26T03:40:00-04:00,23460.75,23461.75,23455.25,23455.75,0,0,0,0,0,0,0,NaN,23461.75,23455.25,23455.75
2025-08-26T03:45:00-04:00,23455,23455,23438,23438,0,0,0,0,0,0,0,NaN,23455,23438,23438
2025-08-26T03:50:00-04:00,23438.75,23448.75,23429.75,23447.5,0,0,0,0,0,0,0,NaN,23448.75,23429.75,23447.5
2025-08-26T03:55:00-04:00,23447,23448,23437.75,23442.5,0,0,0,0,0,0,0,NaN,23448,23437.75,23442.5
2025-08-26T04:00:00-04:00,23443.25,23458,23440,23448,0,0,0,0,0,0,0,NaN,23458,23440,23448
2025-08-26T04:05:00-04:00,23447,23463.5,23447,23461.5,0,0,0,0,0,0,0,NaN,23463.5,23447,23461.5
2025-08-26T04:10:00-04:00,23461,23469.25,23455.5,23467,0,0,0,0,0,0,0,NaN,23469.25,23455.5,23467
2025-08-26T04:15:00-04:00,23465,23474,23460.25,23460.75,0,0,0,0,0,0,0,NaN,23474,23460.25,23460.75
2025-08-26T04:20:00-04:00,23460,23462.25,23449.5,23456.25,0,0,0,0,0,0,0,NaN,23462.25,23449.5,23456.25
2025-08-26T04:25:00-04:00,23455.5,23465,23453.25,23460,0,0,0,0,0,0,0,NaN,23465,23453.25,23460
2025-08-26T04:30:00-04:00,23459.25,23467.5,23454.25,23459.5,0,0,0,0,0,0,0,NaN,23467.5,23454.25,23459.5
2025-08-26T04:35:00-04:00,23459.75,23463.25,23451,23454.25,0,0,0,0,0,0,0,NaN,23463.25,23451,23454.25
2025-08-26T04:40:00-04:00,23452.5,23457.5,23449.25,23457,0,0,0,0,0,0,0,NaN,23457.5,23449.25,23457
2025-08-26T04:45:00-04:00,23457.25,23465,23454.75,23464,0,0,0,0,0,0,0,NaN,23465,23454.75,23464
2025-08-26T04:50:00-04:00,23464.5,23467.25,23461.5,23464,0,0,0,0,0,0,0,NaN,23467.25,23461.5,23464
2025-08-26T04:55:00-04:00,23464.5,23464.75,23456.5,23459,0,0,0,0,0,0,0,NaN,23464.75,23456.5,23459
2025-08-26T05:00:00-04:00,23459.25,23465.25,23452.75,23464.5,0,0,0,0,0,0,0,NaN,23465.25,23452.75,23464.5
2025-08-26T05:05:00-04:00,23464.75,23470,23461.25,23467.25,0,0,0,0,0,0,0,NaN,23470,23461.25,23467.25
2025-08-26T05:10:00-04:00,23466.5,23471.5,23462.5,23469.25,0,0,0,0,0,0,0,NaN,23471.5,23462.5,23469.25
2025-08-26T05:15:00-04:00,23470,23479.25,23468.5,23477.5,0,0,0,0,0,0,0,NaN,23479.25,23468.5,23477.5
2025-08-26T05:20:00-04:00,23477.5,23478.25,23470.75,23472.5,0,0,0,0,0,0,0,NaN,23478.25,23470.75,23472.5
2025-08-26T05:25:00-04:00,23472.75,23475.5,23469,23474.5,0,0,0,0,0,0,0,NaN,23475.5,23469,23474.5
2025-08-26T05:30:00-04:00,23473.75,23481.25,23473.75,23478.25,0,0,0,0,0,0,0,NaN,23481.25,23473.75,23478.25
2025-08-26T05:35:00-04:00,23478,23481.5,23475.5,23476.25,0,0,0,0,0,0,0,NaN,23481.5,23475.5,23476.25
2025-08-26T05:40:00-04:00,23476.75,23476.75,23464.75,23467.75,0,0,0,0,0,0,0,NaN,23476.75,23464.75,23467.75
2025-08-26T05:45:00-04:00,23468,23472,23467.75,23468.75,0,0,0,0,0,0,0,NaN,23472,23467.75,23468.75
2025-08-26T05:50:00-04:00,23468.75,23475.25,23468.75,23472,0,0,0,0,0,0,0,NaN,23475.25,23468.75,23472
2025-08-26T05:55:00-04:00,23471.75,23477,23469.75,23473.5,0,0,0,0,0,0,0,NaN,23477,23469.75,23473.5
2025-08-26T06:00:00-04:00,23474.5,23492,23470.75,23490.25,0,0,0,0,0,0,0,NaN,23492,23470.75,23490.25
2025-08-26T06:05:00-04:00,23490,23490,23480.25,23485.25,0,0,0,0,0,0,0,NaN,23490,23480.25,23485.25
2025-08-26T06:10:00-04:00,23484.75,23494.25,23483,23490.25,0,0,0,0,0,0,0,NaN,23494.25,23483,23490.25
2025-08-26T06:15:00-04:00,23490.75,23494.5,23490.5,23492.5,0,0,0,0,0,0,0,NaN,23494.5,23490.5,23492.5
2025-08-26T06:20:00-04:00,23492.25,23493,23486.25,23488.25,0,0,0,0,0,0,0,NaN,23493,23486.25,23488.25
2025-08-26T06:25:00-04:00,23488.5,23497.25,23488,23496.5,0,0,0,0,0,0,0,NaN,23497.25,23488,23496.5
2025-08-26T06:30:00-04:00,23496.5,23503,23492.75,23500.5,0,0,0,0,0,0,0,NaN,23503,23492.75,23500.5
2025-08-26T06:35:00-04:00,23501,23505.5,23499.25,23501.5,0,0,0,0,0,0,0,NaN,23505.5,23499.25,23501.5
2025-08-26T06:40:00-04:00,23501.25,23503.5,23491.25,23494.25,0,0,0,0,0,0,0,NaN,23503.5,23491.25,23494.25
2025-08-26T06:45:00-04:00,23494.25,23498.5,23490.25,23495.75,0,0,0,0,0,0,0,NaN,23498.5,23490.25,23495.75
2025-08-26T06:50:00-04:00,23495.75,23497,23488.75,23492,0,0,0,0,0,0,0,NaN,23497,23488.75,23492
2025-08-26T06:55:00-04:00,23491.5,23495.25,23490,23491,0,0,0,0,0,0,0,NaN,23495.25,23490,23491
2025-08-26T07:00:00-04:00,23491.5,23494.75,23481.25,23487,0,0,0,0,0,0,0,NaN,23494.75,23481.25,23487
2025-08-26T07:05:00-04:00,23487.25,23488.25,23480.5,23487.25,0,0,0,0,0,0,0,NaN,23488.25,23480.5,23487.25
2025-08-26T07:10:00-04:00,23487.5,23488.25,23478.5,23480.5,0,0,0,0,0,0,0,NaN,23488.25,23478.5,23480.5
2025-08-26T07:15:00-04:00,23479.25,23479.75,23471.5,23472,0,0,0,0,0,0,0,NaN,23479.75,23471.5,23472
2025-08-26T07:20:00-04:00,23472.75,23477.75,23468.5,23470.25,0,0,0,0,0,0,0,NaN,23477.75,23468.5,23470.25
2025-08-26T07:25:00-04:00,23470,23474.75,23466.75,23468.25,0,0,0,0,0,0,0,NaN,23474.75,23466.75,23468.25
2025-08-26T07:30:00-04:00,23468.25,23469.25,23450,23455,0,0,0,0,0,0,0,NaN,23469.25,23450,23455
2025-08-26T07:35:00-04:00,23454.5,23459.75,23448,23456.5,0,0,0,0,0,0,0,NaN,23459.75,23448,23456.5
2025-08-26T07:40:00-04:00,23455.5,23461.5,23453.5,23458.25,0,0,0,0,0,0,0,NaN,23461.5,23453.5,23458.25
2025-08-26T07:45:00-04:00,23458,23458.25,23444.25,23449,0,0,0,0,0,0,0,NaN,23458.25,23444.25,23449
2025-08-26T07:50:00-04:00,23448.5,23461.25,23448.25,23457,0,0,0,0,0,0,0,NaN,23461.25,23448.25,23457
2025-08-26T07:55:00-04:00,23457.25,23472.5,23456.75,23470.5,0,0,0,0,0,0,0,NaN,23472.5,23456.75,23470.5
2025-08-26T08:00:00-04:00,23469,23472,23458.25,23459,0,0,0,0,0,0,0,NaN,23472,23458.25,23459
2025-08-26T08:05:00-04:00,23459.25,23462.5,23452,23455.75,0,0,0,0,0,0,0,NaN,23462.5,23452,23455.75
2025-08-26T08:10:00-04:00,23456,23462.25,23447.75,23448,0,0,0,0,0,0,0,NaN,23462.25,23447.75,23448
2025-08-26T08:15:00-04:00,23447.5,23464.5,23439.5,23461,0,0,0,0,0,0,0,NaN,23464.5,23439.5,23461
2025-08-26T08:20:00-04:00,23461,23472.25,23456.25,23469.5,0,0,0,0,0,0,0,NaN,23472.25,23456.25,23469.5
2025-08-26T08:25:00-04:00,23469.5,23471.25,23461,23464.25,0,0,0,0,0,0,0,NaN,23471.25,23461,23464.25
2025-08-26T08:30:00-04:00,23464.75,23478,23460.75,23474.75,0,0,0,0,0,0,0,NaN,23478,23460.75,23474.75
2025-08-26T08:35:00-04:00,23475.25,23475.25,23462,23471.25,0,0,0,0,0,0,0,NaN,23475.25,23462,23471.25
2025-08-26T08:40:00-04:00,23470.5,23474.5,23466,23473.5,0,0,0,0,0,0,0,NaN,23474.5,23466,23473.5
2025-08-26T08:45:00-04:00,23474,23479.75,23472,23477,0,0,0,0,0,0,0,NaN,23479.75,23472,23477
2025-08-26T08:50:00-04:00,23476.75,23480.5,23463.75,23464,0,0,0,0,0,0,0,NaN,23480.5,23463.75,23464
2025-08-26T08:55:00-04:00,23463,23472,23461.75,23471,0,0,0,0,0,0,0,NaN,23472,23461.75,23471
2025-08-26T09:00:00-04:00,23471,23474.25,23464.25,23465.5,0,0,0,0,0,0,0,NaN,23474.25,23464.25,23465.5
2025-08-26T09:05:00-04:00,23466.25,23472.75,23463,23469.25,0,0,0,0,0,0,0,NaN,23472.75,23463,23469.25
2025-08-26T09:10:00-04:00,23469,23475.5,23467.25,23472.75,0,0,0,0,0,0,0,NaN,23475.5,23467.25,23472.75
2025-08-26T09:15:00-04:00,23472.5,23473.75,23467.5,23472,0,0,0,0,0,0,0,NaN,23473.75,23467.5,23472
2025-08-26T09:20:00-04:00,23472,23475.25,23466.5,23468.25,0,0,0,0,0,0,0,NaN,23475.25,23466.5,23468.25
2025-08-26T09:25:00-04:00,23468.25,23472.25,23466,23470.5,0,0,0,0,0,0,0,NaN,23472.25,23466,23470.5
2025-08-26T09:30:00-04:00,23470.75,23514.75,23467.25,23502.5,0,0,0,0,0,0,0,NaN,23514.75,23467.25,23502.5
2025-08-26T09:35:00-04:00,23502,23508,23463.25,23485.5,0,0,0,0,0,0,0,NaN,23508,23463.25,23485.5
2025-08-26T09:40:00-04:00,23485,23518.5,23483.5,23497.5,0,0,0,0,0,0,0,NaN,23518.5,23483.5,23497.5
2025-08-26T09:45:00-04:00,23498,23499,23427,23444.5,0,0,0,0,0,0,0,NaN,23499,23427,23444.5
2025-08-26T09:50:00-04:00,23443.75,23501.5,23437.75,23496.75,0,0,0,0,0,0,0,NaN,23501.5,23437.75,23496.75
2025-08-26T09:55:00-04:00,23496.25,23506.75,23483.5,23494.75,0,0,0,0,0,0,0,NaN,23506.75,23483.5,23494.75
2025-08-26T10:00:00-04:00,23494.75,23513.75,23491.25,23506,0,0,0,0,0,0,0,NaN,23513.75,23491.25,23506
2025-08-26T10:05:00-04:00,23506,23508.25,23487,23500.75,0,0,0,0,0,0,0,NaN,23508.25,23487,23500.75
2025-08-26T10:10:00-04:00,23501,23527.25,23483.5,23507.75,0,0,0,0,0,0,0,NaN,23527.25,23483.5,23507.75
2025-08-26T10:15:00-04:00,23507,23528.5,23501,23513,0,0,0,0,0,0,0,NaN,23528.5,23501,23513
2025-08-26T10:20:00-04:00,23513.5,23545.75,23512.25,23540.75,0,0,0,0,0,0,0,NaN,23545.75,23512.25,23540.75
2025-08-26T10:25:00-04:00,23540.25,23548,23535,23543,0,0,0,0,0,0,0,NaN,23548,23535,23543
2025-08-26T10:30:00-04:00,23542.75,23548.75,23532,23534,0,0,0,0,0,0,0,NaN,23548.75,23532,23534
2025-08-26T10:35:00-04:00,23533.5,23547.75,23521.75,23522.5,0,0,0,0,0,0,0,NaN,23547.75,23521.75,23522.5
2025-08-26T10:40:00-04:00,23522.5,23546,23514.25,23545.75,0,0,0,0,0,0,0,NaN,23546,23514.25,23545.75
2025-08-26T10:45:00-04:00,23546,23553.75,23525,23534.5,0,0,0,0,0,0,0,NaN,23553.75,23525,23534.5
2025-08-26T10:50:00-04:00,23535,23540,23528,23535.5,0,0,0,0,0,0,0,NaN,23540,23528,23535.5
2025-08-26T10:55:00-04:00,23536,23550,23519.5,23522,0,0,0,0,0,0,0,NaN,23550,23519.5,23522
2025-08-26T11:00:00-04:00,23521.75,23530,23517.5,23525.75,0,0,0,0,0,0,0,NaN,23530,23517.5,23525.75
2025-08-26T11:05:00-04:00,23525,23532,23512.75,23516.75,0,0,0,0,0,0,0,NaN,23532,23512.75,23516.75
2025-08-26T11:10:00-04:00,23516.75,23533.5,23513,23529.5,0,0,0,0,0,0,0,NaN,23533.5,23513,23529.5
2025-08-26T11:15:00-04:00,23529.5,23533.75,23511.75,23522,0,0,0,0,0,0,0,NaN,23533.75,23511.75,23522
2025-08-26T11:20:00-04:00,23522.25,23535,23519.75,23530,0,0,0,0,0,0,0,NaN,23535,23519.75,23530
2025-08-26T11:25:00-04:00,23530.5,23537.5,23505,23508.75,0,0,0,0,0,0,0,NaN,23537.5,23505,23508.75
2025-08-26T11:30:00-04:00,23508.25,23516,23493.25,23494.25,0,0,0,0,0,0,0,NaN,23516,23493.25,23494.25
2025-08-26T11:35:00-04:00,23494.25,23518,23493.25,23515.5,0,0,0,0,0,0,0,NaN,23518,23493.25,23515.5
2025-08-26T11:40:00-04:00,23515,23519.75,23511.25,23515.5,0,0,0,0,0,0,0,NaN,23519.75,23511.25,23515.5
2025-08-26T11:45:00-04:00,23516,23521.5,23501.5,23504.25,0,0,0,0,0,0,0,NaN,23521.5,23501.5,23504.25
2025-08-26T11:50:00-04:00,23504.25,23522,23498,23516.5,0,0,0,0,0,0,0,NaN,23522,23498,23516.5
2025-08-26T11:55:00-04:00,23516.5,23523,23511.5,23517.75,0,0,0,0,0,0,0,NaN,23523,23511.5,23517.75
2025-08-26T12:00:00-04:00,23517.5,23533.5,23517.5,23532,0,0,0,0,0,0,0,NaN,23533.5,23517.5,23532
2025-08-26T12:05:00-04:00,23531.75,23536.75,23529.5,23531,0,0,0,0,0,0,0,NaN,23536.75,23529.5,23531
2025-08-26T12:10:00-04:00,23531,23544.5,23529.5,23544,0,0,0,0,0,0,0,NaN,23544.5,23529.5,23544
2025-08-26T12:15:00-04:00,23543.75,23556.75,23542.25,23549,0,0,0,0,0,0,0,NaN,23556.75,23542.25,23549
2025-08-26T12:20:00-04:00,23549.5,23555.25,23538,23542,0,0,0,0,0,0,0,NaN,23555.25,23538,23542
2025-08-26T12:25:00-04:00,23542.5,23545.5,23537.5,23542.75,0,0,0,0,0,0,0,NaN,23545.5,23537.5,23542.75
2025-08-26T12:30:00-04:00,23542.75,23548.5,23540.75,23544.25,0,0,0,0,0,0,0,NaN,23548.5,23540.75,23544.25
2025-08-26T12:35:00-04:00,23544.25,23548,23540.25,23540.5,0,0,0,0,0,0,0,NaN,23548,23540.25,23540.5
2025-08-26T12:40:00-04:00,23540.75,23550.25,23538.75,23540,0,0,0,0,0,0,0,NaN,23550.25,23538.75,23540
2025-08-26T12:45:00-04:00,23540.5,23544,23528.75,23530.25,0,0,0,0,0,0,0,NaN,23544,23528.75,23530.25
2025-08-26T12:50:00-04:00,23531.25,23538.25,23525,23533.25,0,0,0,0,0,0,0,NaN,23538.25,23525,23533.25
2025-08-26T12:55:00-04:00,23533.25,23542.25,23531.25,23539.5,0,0,0,0,0,0,0,NaN,23542.25,23531.25,23539.5
2025-08-26T13:00:00-04:00,23539.25,23544,23532.75,23541.25,0,0,0,0,0,0,0,NaN,23544,23532.75,23541.25
2025-08-26T13:05:00-04:00,23541,23543.75,23524,23524.75,0,0,0,0,0,0,0,NaN,23543.75,23524,23524.75
2025-08-26T13:10:00-04:00,23524.75,23529.5,23509.75,23528.5,0,0,0,0,0,0,0,NaN,23529.5,23509.75,23528.5
2025-08-26T13:15:00-04:00,23528,23530.25,23518.5,23526.25,0,0,0,0,0,0,0,NaN,23530.25,23518.5,23526.25
2025-08-26T13:20:00-04:00,23526.75,23537.25,23525,23533.75,0,0,0,0,0,0,0,NaN,23537.25,23525,23533.75
2025-08-26T13:25:00-04:00,23533.75,23541.25,23530,23537,0,0,0,0,0,0,0,NaN,23541.25,23530,23537
2025-08-26T13:30:00-04:00,23537,23540.25,23518.75,23520.75,0,0,0,0,0,0,0,NaN,23540.25,23518.75,23520.75
2025-08-26T13:35:00-04:00,23520.25,23525.25,23513,23515.5,0,0,0,0,0,0,0,NaN,23525.25,23513,23515.5
2025-08-26T13:40:00-04:00,23515.25,23516,23505,23509.75,0,0,0,0,0,0,0,NaN,23516,23505,23509.75
2025-08-26T13:45:00-04:00,23510,23513,23503,23507.75,0,0,0,0,0,0,0,NaN,23513,23503,23507.75
2025-08-26T13:50:00-04:00,23507.5,23510,23479.25,23483.25,0,0,0,0,0,0,0,NaN,23510,23479.25,23483.25
2025-08-26T13:55:00-04:00,23483,23506.75,23479,23502.75,0,0,0,0,0,0,0,NaN,23506.75,23479,23502.75
2025-08-26T14:00:00-04:00,23502.75,23516,23498.75,23509.5,0,0,0,0,0,0,0,NaN,23516,23498.75,23509.5
2025-08-26T14:05:00-04:00,23509,23519.75,23506,23518.5,0,0,0,0,0,0,0,NaN,23519.75,23506,23518.5
2025-08-26T14:10:00-04:00,23518.5,23531.25,23514.25,23523.25,0,0,0,0,0,0,0,NaN,23531.25,23514.25,23523.25
2025-08-26T14:15:00-04:00,23523,23537.25,23522.75,23535.75,0,0,0,0,0,0,0,NaN,23537.25,23522.75,23535.75
2025-08-26T14:20:00-04:00,23535.75,23536.25,23527.75,23531.5,0,0,0,0,0,0,0,NaN,23536.25,23527.75,23531.5
2025-08-26T14:25:00-04:00,23532,23539.25,23530.5,23539,0,0,0,0,0,0,0,NaN,23539.25,23530.5,23539
2025-08-26T14:30:00-04:00,23538.75,23548,23536.5,23542.25,0,0,0,0,0,0,0,NaN,23548,23536.5,23542.25
2025-08-26T14:35:00-04:00,23541.75,23549.25,23540.25,23545.75,0,0,0,0,0,0,0,NaN,23549.25,23540.25,23545.75
2025-08-26T14:40:00-04:00,23545.25,23552.75,23542,23543,0,0,0,0,0,0,0,NaN,23552.75,23542,23543
2025-08-26T14:45:00-04:00,23543.5,23551.25,23538.5,23548.75,0,0,0,0,0,0,0,NaN,23551.25,23538.5,23548.75
2025-08-26T14:50:00-04:00,23548.75,23550,23540,23546.5,0,0,0,0,0,0,0,NaN,23550,23540,23546.5
2025-08-26T14:55:00-04:00,23546.25,23556,23546.25,23550,0,0,0,0,0,0,0,NaN,23556,23546.25,23550
2025-08-26T15:00:00-04:00,23549.75,23553,23542.25,23546,0,0,0,0,0,0,0,NaN,23553,23542.25,23546
2025-08-26T15:05:00-04:00,23546,23546,23535.5,23540.5,0,0,0,0,0,0,0,NaN,23546,23535.5,23540.5
2025-08-26T15:10:00-04:00,23540.5,23548,23539.5,23547.5,0,0,0,0,0,0,0,NaN,23548,23539.5,23547.5
2025-08-26T15:15:00-04:00,23547.25,23550,23540.75,23545.75,0,0,0,0,0,0,0,NaN,23550,23540.75,23545.75
2025-08-26T15:20:00-04:00,23546,23579.25,23544.25,23564,0,0,0,0,0,0,0,NaN,23579.25,23544.25,23564
2025-08-26T15:25:00-04:00,23564.25,23569,23556.25,23567.75,0,0,0,0,0,0,0,NaN,23569,23556.25,23567.75
2025-08-26T15:30:00-04:00,23567.25,23578,23564.25,23570,0,0,0,0,0,0,0,NaN,23578,23564.25,23570
2025-08-26T15:35:00-04:00,23570,23570.5,23546.75,23549.5,0,0,0,0,0,0,0,NaN,23570.5,23546.75,23549.5
2025-08-26T15:40:00-04:00,23549.25,23550.5,23534.5,23537,0,0,0,0,0,0,0,NaN,23550.5,23534.5,23537
2025-08-26T15:45:00-04:00,23537.25,23554.75,23535.5,23553.5,0,0,0,0,0,0,0,NaN,23554.75,23535.5,23553.5
2025-08-26T15:50:00-04:00,23553.25,23600,23546.75,23575.5,0,0,0,0,0,0,0,NaN,23600,23546.75,23575.5
2025-08-26T15:55:00-04:00,23574.5,23598.5,23574.5,23587,0,0,0,0,0,0,0,NaN,23598.5,23574.5,23587
2025-08-26T16:00:00-04:00,23586.75,23599.25,23583.25,23587.75,0,0,0,0,0,0,0,NaN,23599.25,23583.25,23587.75
2025-08-26T16:05:00-04:00,23587.25,23609.5,23587,23606.25,0,0,0,0,0,0,0,NaN,23609.5,23587,23606.25
2025-08-26T16:10:00-04:00,23605.5,23611,23603.75,23609.25,0,0,0,0,0,0,0,NaN,23611,23603.75,23609.25
2025-08-26T16:15:00-04:00,23608.75,23609.25,23604,23605.25,0,0,0,0,0,0,0,NaN,23609.25,23604,23605.25
2025-08-26T16:20:00-04:00,23605.5,23608,23604,23604,0,0,0,0,0,0,0,NaN,23608,23604,23604
2025-08-26T16:25:00-04:00,23604.25,23607.25,23604,23606.75,0,0,0,0,0,0,0,NaN,23607.25,23604,23606.75
2025-08-26T16:30:00-04:00,23606.75,23607.75,23602.5,23603.5,0,0,0,0,0,0,0,NaN,23607.75,23602.5,23603.5
2025-08-26T16:35:00-04:00,23603.75,23604.75,23601.5,23603.75,0,0,0,0,0,0,0,NaN,23604.75,23601.5,23603.75
2025-08-26T16:40:00-04:00,23604,23610,23604,23609.25,0,0,0,0,0,0,0,NaN,23610,23604,23609.25
2025-08-26T16:45:00-04:00,23608.75,23609.75,23606.75,23608,0,0,0,0,0,0,0,NaN,23609.75,23606.75,23608
2025-08-26T16:50:00-04:00,23607.75,23608.5,23605.75,23607.25,0,0,0,0,0,0,0,NaN,23608.5,23605.75,23607.25
2025-08-26T16:55:00-04:00,23607,23608.5,23604.5,23607.5,0,0,0,0,0,0,0,NaN,23608.5,23604.5,23607.5
2025-08-26T18:00:00-04:00,23604,23622.75,23601.25,23614.25,0,0,0,0,0,0,0,NaN,23622.75,23601.25,23614.25
2025-08-26T18:05:00-04:00,23614.75,23615.75,23609.5,23610.25,0,0,0,0,0,0,0,NaN,23615.75,23609.5,23610.25
2025-08-26T18:10:00-04:00,23610.75,23618,23609.75,23617.75,0,0,0,0,0,0,0,NaN,23618,23609.75,23617.75
2025-08-26T18:15:00-04:00,23617.5,23621,23610.5,23613.75,0,0,0,0,0,0,0,NaN,23621,23610.5,23613.75
2025-08-26T18:20:00-04:00,23614.25,23619,23611.5,23617.75,0,0,0,0,0,0,0,NaN,23619,23611.5,23617.75
2025-08-26T18:25:00-04:00,23617,23618,23612,23615.75,0,0,0,0,0,0,0,NaN,23618,23612,23615.75
2025-08-26T18:30:00-04:00,23615.25,23620,23613.5,23618.75,0,0,0,0,0,0,0,NaN,23620,23613.5,23618.75
2025-08-26T18:35:00-04:00,23618.75,23620,23615,23617,0,0,0,0,0,0,0,NaN,23620,23615,23617
2025-08-26T18:40:00-04:00,23616.5,23619,23615.5,23618.25,0,0,0,0,0,0,0,NaN,23619,23615.5,23618.25
2025-08-26T18:45:00-04:00,23617.75,23619.75,23616.25,23618,0,0,0,0,0,0,0,NaN,23619.75,23616.25,23618
2025-08-26T18:50:00-04:00,23617.5,23619.25,23614.75,23618,0,0,0,0,0,0,0,NaN,23619.25,23614.75,23618
2025-08-26T18:55:00-04:00,23618,23618.75,23614.75,23616,0,0,0,0,0,0,0,NaN,23618.75,23614.75,23616
2025-08-26T19:00:00-04:00,23615.5,23621.5,23612,23612.75,0,0,0,0,0,0,0,NaN,23621.5,23612,23612.75
2025-08-26T19:05:00-04:00,23613.25,23615.75,23611.5,23614.25,0,0,0,0,0,0,0,NaN,23615.75,23611.5,23614.25
2025-08-26T19:10:00-04:00,23614.75,23616.25,23610.5,23611.5,0,0,0,0,0,0,0,NaN,23616.25,23610.5,23611.5
2025-08-26T19:15:00-04:00,23610.5,23614.25,23609.5,23614.25,0,0,0,0,0,0,0,NaN,23614.25,23609.5,23614.25
2025-08-26T19:20:00-04:00,23614,23615,23610.5,23614.25,0,0,0,0,0,0,0,NaN,23615,23610.5,23614.25
2025-08-26T19:25:00-04:00,23613.5,23617,23613,23613.5,0,0,0,0,0,0,0,NaN,23617,23613,23613.5
2025-08-26T19:30:00-04:00,23614.25,23618.75,23612.75,23617.75,0,0,0,0,0,0,0,NaN,23618.75,23612.75,23617.75
2025-08-26T19:35:00-04:00,23618,23624.25,23618,23622.5,0,0,0,0,0,0,0,NaN,23624.25,23618,23622.5
2025-08-26T19:40:00-04:00,23621.75,23622.25,23617,23618,0,0,0,0,0,0,0,NaN,23622.25,23617,23618
2025-08-26T19:45:00-04:00,23617,23619.25,23613.25,23613.5,0,0,0,0,0,0,0,NaN,23619.25,23613.25,23613.5
2025-08-26T19:50:00-04:00,23614,23616,23612,23614.25,0,0,0,0,0,0,0,NaN,23616,23612,23614.25
2025-08-26T19:55:00-04:00,23614.5,23619,23613.5,23614,0,0,0,0,0,0,0,NaN,23619,23613.5,23614
2025-08-26T20:00:00-04:00,23614.5,23617,23603.5,23604.5,0,0,0,0,0,0,0,NaN,23617,23603.5,23604.5
2025-08-26T20:05:00-04:00,23605.25,23609.75,23603.5,23605.75,0,0,0,0,0,0,0,NaN,23609.75,23603.5,23605.75
2025-08-26T20:10:00-04:00,23606.25,23608.75,23603,23604.5,0,0,0,0,0,0,0,NaN,23608.75,23603,23604.5
2025-08-26T20:15:00-04:00,23604.75,23606.5,23603.5,23605.75,0,0,0,0,0,0,0,NaN,23606.5,23603.5,23605.75
2025-08-26T20:20:00-04:00,23605.5,23607,23602.25,23602.5,0,0,0,0,0,0,0,NaN,23607,23602.25,23602.5
2025-08-26T20:25:00-04:00,23602.75,23604,23598.5,23600,0,0,0,0,0,0,0,NaN,23604,23598.5,23600
2025-08-26T20:30:00-04:00,23601.25,23603.25,23599.5,23599.5,0,0,0,0,0,0,0,NaN,23603.25,23599.5,23599.5
2025-08-26T20:35:00-04:00,23599,23601.25,23595,23595,0,0,0,0,0,0,0,NaN,23601.25,23595,23595
2025-08-26T20:40:00-04:00,23595,23598.5,23595,23597.75,0,0,0,0,0,0,0,NaN,23598.5,23595,23597.75
2025-08-26T20:45:00-04:00,23597.25,23597.25,23595,23596.25,0,0,0,0,0,0,0,NaN,23597.25,23595,23596.25
2025-08-26T20:50:00-04:00,23596.25,23600.75,23595.75,23597.5,0,0,0,0,0,0,0,NaN,23600.75,23595.75,23597.5
2025-08-26T20:55:00-04:00,23597,23599,23594,23598.25,0,0,0,0,0,0,0,NaN,23599,23594,23598.25
2025-08-26T21:00:00-04:00,23598.5,23604.75,23598,23602,0,0,0,0,0,0,0,NaN,23604.75,23598,23602
2025-08-26T21:05:00-04:00,23603,23609,23603,23606.75,0,0,0,0,0,0,0,NaN,23609,23603,23606.75
2025-08-26T21:10:00-04:00,23606.5,23610,23605.5,23608.5,0,0,0,0,0,0,0,NaN,23610,23605.5,23608.5
2025-08-26T21:15:00-04:00,23609,23611,23602.5,23605,0,0,0,0,0,0,0,NaN,23611,23602.5,23605
2025-08-26T21:20:00-04:00,23605,23605.25,23600,23604,0,0,0,0,0,0,0,NaN,23605.25,23600,23604
2025-08-26T21:25:00-04:00,23604.75,23605.75,23602.25,23602.75,0,0,0,0,0,0,0,NaN,23605.75,23602.25,23602.75
2025-08-26T21:30:00-04:00,23602.75,23613,23602.25,23612.75,0,0,0,0,0,0,0,NaN,23613,23602.25,23612.75
2025-08-26T21:35:00-04:00,23613,23618.75,23611.25,23616.5,0,0,0,0,0,0,0,NaN,23618.75,23611.25,23616.5
2025-08-26T21:40:00-04:00,23615.75,23623,23614.75,23621,0,0,0,0,0,0,0,NaN,23623,23614.75,23621
2025-08-26T21:45:00-04:00,23620.5,23624.75,23616.25,23624,0,0,0,0,0,0,0,NaN,23624.75,23616.25,23624
2025-08-26T21:50:00-04:00,23623.75,23629,23619.5,23626.75,0,0,0,0,0,0,0,NaN,23629,23619.5,23626.75
2025-08-26T21:55:00-04:00,23627.5,23629,23623.75,23627.25,0,0,0,0,0,0,0,NaN,23629,23623.75,23627.25
2025-08-26T22:00:00-04:00,23627.75,23628.5,23617.75,23618.25,0,0,0,0,0,0,0,NaN,23628.5,23617.75,23618.25
2025-08-26T22:05:00-04:00,23618.75,23620.25,23612.75,23616,0,0,0,0,0,0,0,NaN,23620.25,23612.75,23616
2025-08-26T22:10:00-04:00,23616.25,23620,23614.25,23618.5,0,0,0,0,0,0,0,NaN,23620,23614.25,23618.5
2025-08-26T22:15:00-04:00,23619,23625.75,23619,23620.25,0,0,0,0,0,0,0,NaN,23625.75,23619,23620.25
2025-08-26T22:20:00-04:00,23620.25,23626,23620,23624.75,0,0,0,0,0,0,0,NaN,23626,23620,23624.75
2025-08-26T22:25:00-04:00,23626,23628.5,23614.25,23615.25,0,0,0,0,0,0,0,NaN,23628.5,23614.25,23615.25
2025-08-26T22:30:00-04:00,23615.5,23617,23614,23615.5,0,0,0,0,0,0,0,NaN,23617,23614,23615.5
2025-08-26T22:35:00-04:00,23614.5,23616.5,23612.75,23614.5,0,0,0,0,0,0,0,NaN,23616.5,23612.75,23614.5
2025-08-26T22:40:00-04:00,23613.5,23613.5,23609.75,23613.5,0,0,0,0,0,0,0,NaN,23613.5,23609.75,23613.5
2025-08-26T22:45:00-04:00,23613.25,23613.5,23609.25,23610.25,0,0,0,0,0,0,0,NaN,23613.5,23609.25,23610.25
2025-08-26T22:50:00-04:00,23610,23613.5,23609,23611,0,0,0,0,0,0,0,NaN,23613.5,23609,23611
2025-08-26T22:55:00-04:00,23610.75,23612.5,23610.25,23611.75,0,0,0,0,0,0,0,NaN,23612.5,23610.25,23611.75
2025-08-26T23:00:00-04:00,23611.25,23617.25,23611.25,23616.25,0,0,0,0,0,0,0,NaN,23617.25,23611.25,23616.25
2025-08-26T23:05:00-04:00,23615.5,23617.75,23615.5,23617.75,0,0,0,0,0,0,0,NaN,23617.75,23615.5,23617.75
2025-08-26T23:10:00-04:00,23618,23621.25,23618,23620.25,0,0,0,0,0,0,0,NaN,23621.25,23618,23620.25
2025-08-26T23:15:00-04:00,23620,23620,23616,23616.75,0,0,0,0,0,0,0,NaN,23620,23616,23616.75
2025-08-26T23:20:00-04:00,23616.75,23617,23611.5,23612,0,0,0,0,0,0,0,NaN,23617,23611.5,23612
2025-08-26T23:25:00-04:00,23612.25,23612.25,23609.5,23612.25,0,0,0,0,0,0,0,NaN,23612.25,23609.5,23612.25
2025-08-26T23:30:00-04:00,23612.25,23614.5,23609.25,23614,0,0,0,0,0,0,0,NaN,23614.5,23609.25,23614
2025-08-26T23:35:00-04:00,23613.75,23615,23611.25,23612,0,0,0,0,0,0,0,NaN,23615,23611.25,23612
2025-08-26T23:40:00-04:00,23611.75,23613,23609.75,23612,0,0,0,0,0,0,0,NaN,23613,23609.75,23612
2025-08-26T23:45:00-04:00,23611.5,23613.75,23610.75,23612.5,0,0,0,0,0,0,0,NaN,23613.75,23610.75,23612.5
2025-08-26T23:50:00-04:00,23613.5,23614.75,23611.25,23611.75,0,0,0,0,0,0,0,NaN,23614.75,23611.25,23611.75
2025-08-26T23:55:00-04:00,23611.75,23615.25,23611.25,23613.5,0,0,0,0,0,0,0,NaN,23615.25,23611.25,23613.5
2025-08-27T00:00:00-04:00,23613.25,23614.25,23611.5,23611.75,0,0,0,1,0,0,0,NaN,23614.25,23611.5,23611.75
2025-08-27T00:05:00-04:00,23611.5,23612.75,23605,23608,0,0,0,0,0,0,0,NaN,23612.75,23605,23608
2025-08-27T00:10:00-04:00,23607.75,23614,23607.5,23613.75,0,0,0,0,0,0,0,NaN,23614,23607.5,23613.75
2025-08-27T00:15:00-04:00,23613,23614.25,23611.75,23613,0,0,0,0,0,0,0,NaN,23614.25,23611.75,23613
2025-08-27T00:20:00-04:00,23612.5,23613.75,23611,23613.25,0,0,0,0,0,0,0,NaN,23613.75,23611,23613.25
2025-08-27T00:25:00-04:00,23613.5,23616,23612.25,23614.75,0,0,0,0,0,0,0,NaN,23616,23612.25,23614.75
2025-08-27T00:30:00-04:00,23615,23619.5,23615,23618.25,0,0,0,0,0,0,0,NaN,23619.5,23615,23618.25
2025-08-27T00:35:00-04:00,23617.75,23621.5,23616.25,23619,0,0,0,0,0,0,0,NaN,23621.5,23616.25,23619
2025-08-27T00:40:00-04:00,23618.25,23620.25,23618,23620,0,0,0,0,0,0,0,NaN,23620.25,23618,23620
2025-08-27T00:45:00-04:00,23620.25,23621,23618.5,23618.5,0,0,0,0,0,0,0,NaN,23621,23618.5,23618.5
2025-08-27T00:50:00-04:00,23618,23620,23616.5,23617,0,0,0,0,0,0,0,NaN,23620,23616.5,23617
2025-08-27T00:55:00-04:00,23616,23617.5,23614.25,23616.75,0,0,0,0,0,0,0,NaN,23617.5,23614.25,23616.75
2025-08-27T01:00:00-04:00,23616.75,23617.25,23612.25,23615.5,0,0,0,0,0,0,0,NaN,23617.25,23612.25,23615.5
2025-08-27T01:05:00-04:00,23616.5,23616.5,23600,23600.25,0,0,0,0,0,0,0,NaN,23616.5,23600,23600.25
2025-08-27T01:10:00-04:00,23600,23606.5,23598.25,23601.75,0,0,0,0,0,0,0,NaN,23606.5,23598.25,23601.75
2025-08-27T01:15:00-04:00,23601.5,23604.5,23595.5,23598,0,0,0,0,0,0,0,NaN,23604.5,23595.5,23598
2025-08-27T01:20:00-04:00,23598.5,23603.5,23597.25,23600,0,0,0,0,0,0,0,NaN,23603.5,23597.25,23600
2025-08-27T01:25:00-04:00,23601.25,23601.5,23598.5,23599.5,0,0,0,0,0,0,0,NaN,23601.5,23598.5,23599.5
2025-08-27T01:30:00-04:00,23599.5,23602.5,23597.5,23601.25,0,0,0,0,0,0,0,NaN,23602.5,23597.5,23601.25
2025-08-27T01:35:00-04:00,23601.75,23605,23601.75,23603.75,0,0,0,0,0,0,0,NaN,23605,23601.75,23603.75
2025-08-27T01:40:00-04:00,23604.25,23604.25,23600.25,23600.5,0,0,0,0,0,0,0,NaN,23604.25,23600.25,23600.5
2025-08-27T01:45:00-04:00,23599.5,23600.25,23596.75,23597,0,0,0,0,0,0,0,NaN,23600.25,23596.75,23597
2025-08-27T01:50:00-04:00,23597.5,23600,23591.5,23594.5,0,0,0,0,0,0,0,NaN,23600,23591.5,23594.5
2025-08-27T01:55:00-04:00,23594.75,23601,23593.25,23601,0,0,0,0,0,0,0,NaN,23601,23593.25,23601
2025-08-27T02:00:00-04:00,23600.75,23601.5,23595.5,23597.5,0,0,0,0,0,0,0,NaN,23601.5,23595.5,23597.5
2025-08-27T02:05:00-04:00,23597.5,23601.25,23596,23600,0,0,0,0,0,0,0,NaN,23601.25,23596,23600
2025-08-27T02:10:00-04:00,23600.25,23603,23595.25,23602.25,0,0,0,0,0,0,0,NaN,23603,23595.25,23602.25
2025-08-27T02:15:00-04:00,23601.75,23607.75,23601.25,23604.5,0,0,0,0,0,0,0,NaN,23607.75,23601.25,23604.5
2025-08-27T02:20:00-04:00,23604,23608.25,23603,23608,0,0,0,0,0,0,0,NaN,23608.25,23603,23608
2025-08-27T02:25:00-04:00,23607,23619,23606.5,23614.5,0,0,0,0,0,0,0,NaN,23619,23606.5,23614.5
2025-08-27T02:30:00-04:00,23613.25,23619.25,23611.5,23618.75,0,0,0,0,0,0,0,NaN,23619.25,23611.5,23618.75
2025-08-27T02:35:00-04:00,23618.25,23618.5,23609.75,23610,0,0,0,0,0,0,0,NaN,23618.5,23609.75,23610
2025-08-27T02:40:00-04:00,23610,23616.25,23608.25,23615.25,0,0,0,0,0,0,0,NaN,23616.25,23608.25,23615.25
2025-08-27T02:45:00-04:00,23615.75,23617,23613.75,23614.25,0,0,0,0,0,0,0,NaN,23617,23613.75,23614.25
2025-08-27T02:50:00-04:00,23614,23614,23601.5,23603.5,0,0,0,0,0,0,0,NaN,23614,23601.5,23603.5
2025-08-27T02:55:00-04:00,23604,23606.75,23601,23602.25,0,0,0,0,0,0,0,NaN,23606.75,23601,23602.25
2025-08-27T03:00:00-04:00,23602.75,23605.5,23598.75,23604.75,0,0,0,0,0,0,0,NaN,23605.5,23598.75,23604.75
2025-08-27T03:05:00-04:00,23605,23612.5,23604,23612.25,0,0,0,0,0,0,0,NaN,23612.5,23604,23612.25
2025-08-27T03:10:00-04:00,23611.75,23615,23604.25,23604.75,0,0,0,0,0,0,0,NaN,23615,23604.25,23604.75
2025-08-27T03:15:00-04:00,23604.75,23605.5,23594,23594.5,0,0,0,0,0,0,0,NaN,23605.5,23594,23594.5
2025-08-27T03:20:00-04:00,23594,23597,23580.75,23582,0,0,0,0,0,0,0,NaN,23597,23580.75,23582
2025-08-27T03:25:00-04:00,23582.25,23586.25,23575.5,23581.75,0,0,0,0,0,0,0,NaN,23586.25,23575.5,23581.75
2025-08-27T03:30:00-04:00,23581.25,23592.75,23579,23589.75,0,0,0,0,0,0,0,NaN,23592.75,23579,23589.75
2025-08-27T03:35:00-04:00,23590,23593.75,23580.5,23581.5,0,0,0,0,0,0,0,NaN,23593.75,23580.5,23581.5
2025-08-27T03:40:00-04:00,23581.75,23588.5,23578.5,23586.5,0,0,0,0,0,0,0,NaN,23588.5,23578.5,23586.5
2025-08-27T03:45:00-04:00,23586.5,23594,23584.5,23591.25,0,0,0,0,0,0,0,NaN,23594,23584.5,23591.25
2025-08-27T03:50:00-04:00,23590.5,23597,23590.5,23595.25,0,0,0,0,0,0,0,NaN,23597,23590.5,23595.25
2025-08-27T03:55:00-04:00,23595.25,23597,23592.75,23594.75,0,0,0,0,0,0,0,NaN,23597,23592.75,23594.75
2025-08-27T04:00:00-04:00,23595.25,23599,23589.5,23589.5,0,0,0,0,0,0,0,NaN,23599,23589.5,23589.5
2025-08-27T04:05:00-04:00,23590.5,23592,23584.25,23585.25,0,0,0,0,0,0,0,NaN,23592,23584.25,23585.25
2025-08-27T04:10:00-04:00,23585,23590.25,23581,23582.75,0,0,0,0,0,0,0,NaN,23590.25,23581,23582.75
2025-08-27T04:15:00-04:00,23582,23588.25,23582,23586.25,0,0,0,0,0,0,0,NaN,23588.25,23582,23586.25
2025-08-27T04:20:00-04:00,23586.5,23587.75,23579.75,23579.75,0,0,0,0,0,0,0,NaN,23587.75,23579.75,23579.75
2025-08-27T04:25:00-04:00,23580.5,23584.5,23576,23581.25,0,0,0,0,0,0,0,NaN,23584.5,23576,23581.25
2025-08-27T04:30:00-04:00,23582.25,23585.25,23574.25,23574.75,0,0,0,0,0,0,0,NaN,23585.25,23574.25,23574.75
2025-08-27T04:35:00-04:00,23575.25,23585.25,23573,23584.75,0,0,0,0,0,0,0,NaN,23585.25,23573,23584.75
2025-08-27T04:40:00-04:00,23584.5,23585.5,23580.5,23582.75,0,0,0,0,0,0,0,NaN,23585.5,23580.5,23582.75
2025-08-27T04:45:00-04:00,23583,23585.5,23567.5,23570.25,0,0,0,0,0,0,0,NaN,23585.5,23567.5,23570.25
2025-08-27T04:50:00-04:00,23571.25,23578.5,23569,23577.75,0,0,0,0,0,0,0,NaN,23578.5,23569,23577.75
2025-08-27T04:55:00-04:00,23576.75,23588.5,23575.25,23586.75,0,0,0,0,0,0,0,NaN,23588.5,23575.25,23586.75
2025-08-27T05:00:00-04:00,23587.25,23595,23585.25,23592.25,0,0,0,0,0,0,0,NaN,23595,23585.25,23592.25
2025-08-27T05:05:00-04:00,23593.5,23595.75,23591.25,23594.5,0,0,0,0,0,0,0,NaN,23595.75,23591.25,23594.5
2025-08-27T05:10:00-04:00,23594.5,23596.5,23592,23595.5,0,0,0,0,0,0,0,NaN,23596.5,23592,23595.5
2025-08-27T05:15:00-04:00,23595.5,23597.5,23590.75,23595.75,0,0,0,0,0,0,0,NaN,23597.5,23590.75,23595.75
2025-08-27T05:20:00-04:00,23595.25,23598.25,23591.75,23597,0,0,0,0,0,0,0,NaN,23598.25,23591.75,23597
2025-08-27T05:25:00-04:00,23597,23598.5,23594.5,23597,0,0,0,0,0,0,0,NaN,23598.5,23594.5,23597
2025-08-27T05:30:00-04:00,23597.25,23599.75,23594.5,23594.5,0,0,0,0,0,0,0,NaN,23599.75,23594.5,23594.5
2025-08-27T05:35:00-04:00,23594.5,23601.5,23593.75,23600.75,0,0,0,0,0,0,0,NaN,23601.5,23593.75,23600.75
2025-08-27T05:40:00-04:00,23601,23602.25,23594.75,23597.75,0,0,0,0,0,0,0,NaN,23602.25,23594.75,23597.75
2025-08-27T05:45:00-04:00,23597.75,23600.25,23595,23598.5,0,0,0,0,0,0,0,NaN,23600.25,23595,23598.5
2025-08-27T05:50:00-04:00,23598.5,23601,23596.75,23597.5,0,0,0,0,0,0,0,NaN,23601,23596.75,23597.5
2025-08-27T05:55:00-04:00,23597,23598.5,23595,23596.5,0,0,0,0,0,0,0,NaN,23598.5,23595,23596.5
2025-08-27T06:00:00-04:00,23597,23600.5,23595,23597.5,0,0,0,0,0,0,0,NaN,23600.5,23595,23597.5
2025-08-27T06:05:00-04:00,23597.75,23598.5,23593.75,23595.75,0,0,0,0,0,0,0,NaN,23598.5,23593.75,23595.75
2025-08-27T06:10:00-04:00,23595.75,23598,23592,23596,0,0,0,0,0,0,0,NaN,23598,23592,23596
2025-08-27T06:15:00-04:00,23597,23599,23591.25,23593,0,0,0,0,0,0,0,NaN,23599,23591.25,23593
2025-08-27T06:20:00-04:00,23593.75,23598.5,23592,23596.5,0,0,0,0,0,0,0,NaN,23598.5,23592,23596.5
2025-08-27T06:25:00-04:00,23597.25,23603.5,23596.5,23603.25,0,0,0,0,0,0,0,NaN,23603.5,23596.5,23603.25
2025-08-27T06:30:00-04:00,23603.25,23606.75,23598.25,23599.75,0,0,0,0,0,0,0,NaN,23606.75,23598.25,23599.75
2025-08-27T06:35:00-04:00,23600,23603,23596.25,23598.75,0,0,0,0,0,0,0,NaN,23603,23596.25,23598.75
2025-08-27T06:40:00-04:00,23599.5,23603.5,23599.5,23601.5,0,0,0,0,0,0,0,NaN,23603.5,23599.5,23601.5
2025-08-27T06:45:00-04:00,23602,23604.5,23600,23603.25,0,0,0,0,0,0,0,NaN,23604.5,23600,23603.25
2025-08-27T06:50:00-04:00,23603,23605.25,23598.5,23599.75,0,0,0,0,0,0,0,NaN,23605.25,23598.5,23599.75
2025-08-27T06:55:00-04:00,23599.75,23605.5,23599.5,23600.5,0,0,0,0,0,0,0,NaN,23605.5,23599.5,23600.5
2025-08-27T07:00:00-04:00,23600,23606.5,23598,23598.5,0,0,0,0,0,0,0,NaN,23606.5,23598,23598.5
2025-08-27T07:05:00-04:00,23598.5,23605.5,23596.75,23605,0,0,0,0,0,0,0,NaN,23605.5,23596.75,23605
2025-08-27T07:10:00-04:00,23605.25,23607.5,23601.5,23607,0,0,0,0,0,0,0,NaN,23607.5,23601.5,23607
2025-08-27T07:15:00-04:00,23606,23610,23605.5,23609.75,0,0,0,0,0,0,0,NaN,23610,23605.5,23609.75
2025-08-27T07:20:00-04:00,23609.25,23611.25,23606,23606.25,0,0,0,0,0,0,0,NaN,23611.25,23606,23606.25
2025-08-27T07:25:00-04:00,23606.5,23609.25,23605.25,23607.5,0,0,0,0,0,0,0,NaN,23609.25,23605.25,23607.5
2025-08-27T07:30:00-04:00,23607.25,23612.5,23606.75,23610.5,0,0,0,0,0,0,0,NaN,23612.5,23606.75,23610.5
2025-08-27T07:35:00-04:00,23610.5,23614.25,23610,23611.5,0,0,0,0,0,0,0,NaN,23614.25,23610,23611.5
2025-08-27T07:40:00-04:00,23611,23612.5,23607.5,23609,0,0,0,0,0,0,0,NaN,23612.5,23607.5,23609
2025-08-27T07:45:00-04:00,23609.25,23614.25,23608.75,23613.25,0,0,0,0,0,0,0,NaN,23614.25,23608.75,23613.25
2025-08-27T07:50:00-04:00,23613.5,23614.75,23611.25,23613.5,0,0,0,0,0,0,0,NaN,23614.75,23611.25,23613.5
2025-08-27T07:55:00-04:00,23613.75,23614.25,23606.75,23607.75,0,0,0,0,0,0,0,NaN,23614.25,23606.75,23607.75
2025-08-27T08:00:00-04:00,23608,23610.5,23604.75,23605.25,0,0,0,0,0,0,0,NaN,23610.5,23604.75,23605.25
2025-08-27T08:05:00-04:00,23606.25,23617,23605.5,23613.25,0,0,0,0,0,0,0,NaN,23617,23605.5,23613.25
2025-08-27T08:10:00-04:00,23613.25,23618,23610.75,23617,0,0,0,0,0,0,0,NaN,23618,23610.75,23617
2025-08-27T08:15:00-04:00,23616.75,23621,23614.25,23616,0,0,0,0,0,0,0,NaN,23621,23614.25,23616
2025-08-27T08:20:00-04:00,23615.25,23616.25,23610.25,23610.25,0,0,0,0,0,0,0,NaN,23616.25,23610.25,23610.25
2025-08-27T08:25:00-04:00,23610.5,23610.5,23592.75,23595.25,0,0,0,0,0,0,0,NaN,23610.5,23592.75,23595.25
2025-08-27T08:30:00-04:00,23594.75,23598,23575.5,23576.5,0,0,0,0,0,0,0,NaN,23598,23575.5,23576.5
2025-08-27T08:35:00-04:00,23575.5,23581,23571.75,23577.25,0,0,0,0,0,0,0,NaN,23581,23571.75,23577.25
2025-08-27T08:40:00-04:00,23577.25,23577.5,23563.5,23566.25,0,0,0,0,0,0,0,NaN,23577.5,23563.5,23566.25
2025-08-27T08:45:00-04:00,23567,23579.25,23566.5,23576.75,0,0,0,0,0,0,0,NaN,23579.25,23566.5,23576.75
2025-08-27T08:50:00-04:00,23577,23579.75,23571.75,23577.75,0,0,0,0,0,0,0,NaN,23579.75,23571.75,23577.75
2025-08-27T08:55:00-04:00,23578.25,23584.5,23575.75,23582.25,0,0,0,0,0,0,0,NaN,23584.5,23575.75,23582.25
2025-08-27T09:00:00-04:00,23581.5,23586,23567.5,23569.25,0,0,0,0,0,0,0,NaN,23586,23567.5,23569.25
2025-08-27T09:05:00-04:00,23568.75,23573.5,23551.5,23561,0,0,0,0,0,0,0,NaN,23573.5,23551.5,23561
2025-08-27T09:10:00-04:00,23560.75,23574,23559.5,23565.5,0,0,0,0,0,0,0,NaN,23574,23559.5,23565.5
2025-08-27T09:15:00-04:00,23565.25,23567.5,23552.75,23556.5,0,0,0,0,0,0,0,NaN,23567.5,23552.75,23556.5
2025-08-27T09:20:00-04:00,23556,23560,23550,23556.75,0,0,0,0,0,0,0,NaN,23560,23550,23556.75
2025-08-27T09:25:00-04:00,23556.5,23561.5,23536,23541.25,0,0,0,0,0,0,0,NaN,23561.5,23536,23541.25
2025-08-27T09:30:00-04:00,23541,23559.25,23524,23554.5,0,0,0,0,0,0,0,NaN,23559.25,23524,23554.5
2025-08-27T09:35:00-04:00,23553.75,23565.25,23536,23553.25,0,0,0,0,0,0,0,NaN,23565.25,23536,23553.25
2025-08-27T09:40:00-04:00,23553.25,23555.5,23513.5,23524.75,0,0,0,0,0,0,0,NaN,23555.5,23513.5,23524.75
2025-08-27T09:45:00-04:00,23524.75,23530.5,23487.5,23499.5,0,0,0,0,0,0,0,NaN,23530.5,23487.5,23499.5
2025-08-27T09:50:00-04:00,23499.5,23541.75,23499,23539.5,0,0,0,0,0,0,0,NaN,23541.75,23499,23539.5
2025-08-27T09:55:00-04:00,23539.25,23541.5,23516,23535.5,0,0,0,0,0,0,0,NaN,23541.5,23516,23535.5
2025-08-27T10:00:00-04:00,23534.75,23548.5,23526.5,23535.5,0,0,0,0,0,0,0,NaN,23548.5,23526.5,23535.5
2025-08-27T10:05:00-04:00,23535.25,23559.5,23529.75,23559,0,0,0,0,0,0,0,NaN,23559.5,23529.75,23559
2025-08-27T10:10:00-04:00,23559,23567,23544.5,23566.5,0,0,0,0,0,0,0,NaN,23567,23544.5,23566.5
2025-08-27T10:15:00-04:00,23566,23601.75,23565.5,23598.5,0,0,0,0,0,0,0,NaN,23601.75,23565.5,23598.5
2025-08-27T10:20:00-04:00,23599,23604.5,23588.75,23596.75,0,0,0,0,0,0,0,NaN,23604.5,23588.75,23596.75
2025-08-27T10:25:00-04:00,23596.5,23606.5,23593.25,23598,0,0,0,0,0,0,0,NaN,23606.5,23593.25,23598
2025-08-27T10:30:00-04:00,23598.25,23610,23595.75,23602,0,0,0,0,0,0,0,NaN,23610,23595.75,23602
2025-08-27T10:35:00-04:00,23602.5,23612.25,23597.5,23611.75,0,0,0,0,0,0,0,NaN,23612.25,23597.5,23611.75
2025-08-27T10:40:00-04:00,23612,23616.25,23598.5,23602.5,0,0,0,0,0,0,0,NaN,23616.25,23598.5,23602.5
2025-08-27T10:45:00-04:00,23602.25,23604.25,23583.75,23598.75,0,0,0,0,0,0,0,NaN,23604.25,23583.75,23598.75
2025-08-27T10:50:00-04:00,23598.25,23606,23591,23601.25,0,0,0,0,0,0,0,NaN,23606,23591,23601.25
2025-08-27T10:55:00-04:00,23601.75,23610,23596.5,23600,0,0,0,0,0,0,0,NaN,23610,23596.5,23600
2025-08-27T11:00:00-04:00,23600.25,23609,23591,23592.25,0,0,0,0,0,0,0,NaN,23609,23591,23592.25
2025-08-27T11:05:00-04:00,23592,23602,23589.25,23596.75,0,0,0,0,0,0,0,NaN,23602,23589.25,23596.75
2025-08-27T11:10:00-04:00,23596.75,23605,23589.25,23598,0,0,0,0,0,0,0,NaN,23605,23589.25,23598
2025-08-27T11:15:00-04:00,23598.5,23603,23593,23594.75,0,0,0,0,0,0,0,NaN,23603,23593,23594.75
2025-08-27T11:20:00-04:00,23594.75,23608.75,23594.5,23603.75,0,0,0,0,0,0,0,NaN,23608.75,23594.5,23603.75
2025-08-27T11:25:00-04:00,23603.5,23603.5,23587.25,23590,0,0,0,0,0,0,0,NaN,23603.5,23587.25,23590
2025-08-27T11:30:00-04:00,23589.75,23597,23580.5,23593.5,0,0,0,0,0,0,0,NaN,23597,23580.5,23593.5
2025-08-27T11:35:00-04:00,23593.75,23606.5,23593,23605.5,0,0,0,0,0,0,0,NaN,23606.5,23593,23605.5
2025-08-27T11:40:00-04:00,23605.5,23606,23572.25,23600.5,0,0,0,0,0,0,0,NaN,23606,23572.25,23600.5
2025-08-27T11:45:00-04:00,23599.75,23625,23596.75,23622.75,0,0,0,0,0,0,0,NaN,23625,23596.75,23622.75
2025-08-27T11:50:00-04:00,23622.5,23625.75,23615,23621.75,0,0,0,0,0,0,0,NaN,23625.75,23615,23621.75
2025-08-27T11:55:00-04:00,23621.75,23630.75,23619.75,23623.25,0,0,0,0,0,0,0,NaN,23630.75,23619.75,23623.25
2025-08-27T12:00:00-04:00,23623.25,23624.25,23616.75,23616.75,0,0,0,0,0,0,0,NaN,23624.25,23616.75,23616.75
2025-08-27T12:05:00-04:00,23616.5,23619.5,23613,23617,0,0,0,0,0,0,0,NaN,23619.5,23613,23617
2025-08-27T12:10:00-04:00,23617,23617.25,23604.25,23606,0,0,0,0,0,0,0,NaN,23617.25,23604.25,23606
2025-08-27T12:15:00-04:00,23605.5,23606.25,23591,23591,0,0,0,0,0,0,0,NaN,23606.25,23591,23591
2025-08-27T12:20:00-04:00,23591,23592.25,23563,23566.25,0,0,0,0,0,0,0,NaN,23592.25,23563,23566.25
2025-08-27T12:25:00-04:00,23566.5,23569.5,23545.25,23566.75,0,0,0,0,0,0,0,NaN,23569.5,23545.25,23566.75
2025-08-27T12:30:00-04:00,23566.75,23573,23560.75,23565,0,0,0,0,0,0,0,NaN,23573,23560.75,23565
2025-08-27T12:35:00-04:00,23565.5,23571,23542,23565,0,0,0,0,0,0,0,NaN,23571,23542,23565
2025-08-27T12:40:00-04:00,23564.75,23579,23558.75,23570.75,0,0,0,0,0,0,0,NaN,23579,23558.75,23570.75
2025-08-27T12:45:00-04:00,23570,23596,23568.75,23595.25,0,0,0,0,0,0,0,NaN,23596,23568.75,23595.25
2025-08-27T12:50:00-04:00,23594.75,23609.25,23593.5,23608.75,0,0,0,0,0,0,0,NaN,23609.25,23593.5,23608.75
2025-08-27T12:55:00-04:00,23608.5,23612,23598.75,23600,0,0,0,0,0,0,0,NaN,23612,23598.75,23600
2025-08-27T13:00:00-04:00,23600.5,23605.5,23588.75,23599.75,0,0,0,0,0,0,0,NaN,23605.5,23588.75,23599.75
2025-08-27T13:05:00-04:00,23600,23604,23595,23600.75,0,0,0,0,0,0,0,NaN,23604,23595,23600.75
2025-08-27T13:10:00-04:00,23600.25,23606.5,23597.25,23602.5,0,0,0,0,0,0,0,NaN,23606.5,23597.25,23602.5
2025-08-27T13:15:00-04:00,23602.25,23603.75,23590.75,23594.75,0,0,0,0,0,0,0,NaN,23603.75,23590.75,23594.75
2025-08-27T13:20:00-04:00,23595,23601.5,23587.25,23600.75,0,0,0,0,0,0,0,NaN,23601.5,23587.25,23600.75
2025-08-27T13:25:00-04:00,23600.5,23605.5,23595.75,23602,0,0,0,0,0,0,0,NaN,23605.5,23595.75,23602
2025-08-27T13:30:00-04:00,23602,23608.75,23602,23603.75,0,0,0,0,0,0,0,NaN,23608.75,23602,23603.75
2025-08-27T13:35:00-04:00,23604.25,23615.25,23603.25,23614,0,0,0,0,0,0,0,NaN,23615.25,23603.25,23614
2025-08-27T13:40:00-04:00,23613.75,23619,23612.5,23616.5,0,0,0,0,0,0,0,NaN,23619,23612.5,23616.5
2025-08-27T13:45:00-04:00,23616.75,23623.5,23614.75,23616.25,0,0,0,0,0,0,0,NaN,23623.5,23614.75,23616.25
2025-08-27T13:50:00-04:00,23616.5,23621.5,23613.5,23620,0,0,0,0,0,0,0,NaN,23621.5,23613.5,23620
2025-08-27T13:55:00-04:00,23619.5,23624.5,23616.25,23621.25,0,0,0,0,0,0,0,NaN,23624.5,23616.25,23621.25
2025-08-27T14:00:00-04:00,23621.25,23625.75,23617.25,23618.5,0,0,0,0,0,0,0,NaN,23625.75,23617.25,23618.5
2025-08-27T14:05:00-04:00,23618.75,23628.75,23613.25,23626.75,0,0,0,0,0,0,0,NaN,23628.75,23613.25,23626.75
2025-08-27T14:10:00-04:00,23626.5,23653.25,23625,23650,0,0,0,0,0,0,0,NaN,23653.25,23625,23650
2025-08-27T14:15:00-04:00,23650.25,23657.5,23648,23649.75,0,0,0,0,0,0,0,NaN,23657.5,23648,23649.75
2025-08-27T14:20:00-04:00,23650.5,23657,23646.25,23653,0,0,0,0,0,0,0,NaN,23657,23646.25,23653
2025-08-27T14:25:00-04:00,23653.25,23654,23648.25,23649.5,0,0,0,0,0,0,0,NaN,23654,23648.25,23649.5
2025-08-27T14:30:00-04:00,23649.5,23651,23643,23644.5,0,0,0,0,0,0,0,NaN,23651,23643,23644.5
2025-08-27T14:35:00-04:00,23644.5,23648.5,23642,23645,0,0,0,0,0,0,0,NaN,23648.5,23642,23645
2025-08-27T14:40:00-04:00,23644.75,23645.75,23638.5,23639.5,0,0,0,0,0,0,0,NaN,23645.75,23638.5,23639.5
2025-08-27T14:45:00-04:00,23640,23645.5,23635.75,23637,0,0,0,0,0,0,0,NaN,23645.5,23635.75,23637
2025-08-27T14:50:00-04:00,23637.25,23640,23627.25,23628.25,0,0,0,0,0,0,0,NaN,23640,23627.25,23628.25
2025-08-27T14:55:00-04:00,23628.75,23633.5,23624.25,23626.75,0,0,0,0,0,0,0,NaN,23633.5,23624.25,23626.75
2025-08-27T15:00:00-04:00,23626.5,23627.5,23615.5,23617.5,0,0,0,0,0,0,0,NaN,23627.5,23615.5,23617.5
2025-08-27T15:05:00-04:00,23617.5,23619.5,23608.5,23608.75,0,0,0,0,0,0,0,NaN,23619.5,23608.5,23608.75
2025-08-27T15:10:00-04:00,23608.75,23609,23553.5,23568.5,0,0,0,0,0,0,0,NaN,23609,23553.5,23568.5
2025-08-27T15:15:00-04:00,23569,23595.5,23566.75,23593.75,0,0,0,0,0,0,0,NaN,23595.5,23566.75,23593.75
2025-08-27T15:20:00-04:00,23593.25,23601,23586,23596.5,0,0,0,0,0,0,0,NaN,23601,23586,23596.5
2025-08-27T15:25:00-04:00,23595.75,23603.75,23589.75,23597.25,0,0,0,0,0,0,0,NaN,23603.75,23589.75,23597.25
2025-08-27T15:30:00-04:00,23597.75,23606.25,23596.75,23604.75,0,0,0,0,0,0,0,NaN,23606.25,23596.75,23604.75
2025-08-27T15:35:00-04:00,23605,23620,23604.75,23618,0,0,0,0,0,0,0,NaN,23620,23604.75,23618
2025-08-27T15:40:00-04:00,23618.25,23628.5,23616.5,23624.5,0,0,0,0,0,0,0,NaN,23628.5,23616.5,23624.5
2025-08-27T15:45:00-04:00,23624.5,23630,23620.75,23627.75,0,0,0,0,0,0,0,NaN,23630,23620.75,23627.75
2025-08-27T15:50:00-04:00,23628.25,23642.5,23620.5,23632,0,0,0,0,0,0,0,NaN,23642.5,23620.5,23632
2025-08-27T15:55:00-04:00,23632,23646.75,23619.5,23620.25,0,0,0,0,0,0,0,NaN,23646.75,23619.5,23620.25
2025-08-27T16:00:00-04:00,23620,23629.5,23613.5,23614.75,0,0,0,0,0,0,0,NaN,23629.5,23613.5,23614.75
2025-08-27T16:05:00-04:00,23614.5,23627,23611.5,23624.25,0,0,0,0,0,0,0,NaN,23627,23611.5,23624.25
2025-08-27T16:10:00-04:00,23623.75,23623.75,23609.5,23615.5,0,0,0,0,0,0,0,NaN,23623.75,23609.5,23615.5
2025-08-27T16:15:00-04:00,23616,23626.75,23615,23622.5,0,0,0,0,0,0,0,NaN,23626.75,23615,23622.5
2025-08-27T16:20:00-04:00,23623.75,23689,23434.75,23495,0,0,0,0,0,0,0,NaN,23689,23434.75,23495
2025-08-27T16:25:00-04:00,23494.75,23579,23483.75,23575,0,0,0,0,0,0,0,NaN,23579,23483.75,23575
2025-08-27T16:30:00-04:00,23574.25,23581.75,23508,23538,0,0,0,0,0,0,0,NaN,23581.75,23508,23538
2025-08-27T16:35:00-04:00,23537.75,23554.25,23513.25,23526.5,0,0,0,0,0,0,0,NaN,23554.25,23513.25,23526.5
2025-08-27T16:40:00-04:00,23526,23543.5,23519.5,23523.5,0,0,0,0,0,0,0,NaN,23543.5,23519.5,23523.5
2025-08-27T16:45:00-04:00,23525,23532.25,23511.5,23523.75,0,0,0,0,0,0,0,NaN,23532.25,23511.5,23523.75
2025-08-27T16:50:00-04:00,23524.25,23541.5,23515,23535,0,0,0,0,0,0,0,NaN,23541.5,23515,23535
2025-08-27T16:55:00-04:00,23534.25,23545,23531,23542,0,0,0,0,0,0,0,NaN,23545,23531,23542
2025-08-27T18:00:00-04:00,23542.25,23550.25,23498,23513.75,0,0,0,0,0,0,0,NaN,23550.25,23498,23513.75
2025-08-27T18:05:00-04:00,23513.25,23520.5,23501,23504.25,0,0,0,0,0,0,0,NaN,23520.5,23501,23504.25
2025-08-27T18:10:00-04:00,23505,23527.25,23504,23512.75,0,0,0,0,0,0,0,NaN,23527.25,23504,23512.75
2025-08-27T18:15:00-04:00,23513,23515.5,23502.75,23503,0,0,0,0,0,0,0,NaN,23515.5,23502.75,23503
2025-08-27T18:20:00-04:00,23503,23511,23499.25,23506.5,0,0,0,0,0,0,0,NaN,23511,23499.25,23506.5
2025-08-27T18:25:00-04:00,23506.75,23512,23502.5,23508.5,0,0,0,0,0,0,0,NaN,23512,23502.5,23508.5
2025-08-27T18:30:00-04:00,23508.25,23532,23507.25,23530.75,0,0,0,0,0,0,0,NaN,23532,23507.25,23530.75
2025-08-27T18:35:00-04:00,23531,23535.75,23526.25,23531.75,0,0,0,0,0,0,0,NaN,23535.75,23526.25,23531.75
2025-08-27T18:40:00-04:00,23531.5,23532.25,23521.25,23526.25,0,0,0,0,0,0,0,NaN,23532.25,23521.25,23526.25
2025-08-27T18:45:00-04:00,23527,23527,23516,23521.75,0,0,0,0,0,0,0,NaN,23527,23516,23521.75
2025-08-27T18:50:00-04:00,23521.5,23532,23521.5,23524.75,0,0,0,0,0,0,0,NaN,23532,23521.5,23524.75
2025-08-27T18:55:00-04:00,23523.5,23524,23513.25,23518.5,0,0,0,0,0,0,0,NaN,23524,23513.25,23518.5
2025-08-27T19:00:00-04:00,23518.25,23523,23505.25,23522,0,0,0,0,0,0,0,NaN,23523,23505.25,23522
2025-08-27T19:05:00-04:00,23523.25,23525.5,23513,23521.25,0,0,0,0,0,0,0,NaN,23525.5,23513,23521.25
2025-08-27T19:10:00-04:00,23521,23522.5,23512.5,23514.5,0,0,0,0,0,0,0,NaN,23522.5,23512.5,23514.5
2025-08-27T19:15:00-04:00,23513.75,23516.25,23506.75,23508,0,0,0,0,0,0,0,NaN,23516.25,23506.75,23508
2025-08-27T19:20:00-04:00,23508.5,23512,23504.5,23507.75,0,0,0,0,0,0,0,NaN,23512,23504.5,23507.75
2025-08-27T19:25:00-04:00,23507.25,23513.25,23505,23512,0,0,0,0,0,0,0,NaN,23513.25,23505,23512
2025-08-27T19:30:00-04:00,23511.5,23516.75,23505.25,23512,0,0,0,0,0,0,0,NaN,23516.75,23505.25,23512
2025-08-27T19:35:00-04:00,23512,23517.25,23508.75,23517.25,0,0,0,0,0,0,0,NaN,23517.25,23508.75,23517.25
2025-08-27T19:40:00-04:00,23516.5,23518.5,23510,23512.25,0,0,0,0,0,0,0,NaN,23518.5,23510,23512.25
2025-08-27T19:45:00-04:00,23513.25,23516.25,23506.5,23514.25,0,0,0,0,0,0,0,NaN,23516.25,23506.5,23514.25
2025-08-27T19:50:00-04:00,23512.25,23517.25,23502.25,23509.25,0,0,0,0,0,0,0,NaN,23517.25,23502.25,23509.25
2025-08-27T19:55:00-04:00,23510,23510.75,23502,23508.5,0,0,0,0,0,0,0,NaN,23510.75,23502,23508.5
2025-08-27T20:00:00-04:00,23507.75,23508.25,23495.5,23504,0,0,0,0,0,0,0,NaN,23508.25,23495.5,23504
2025-08-27T20:05:00-04:00,23506.5,23515,23499,23513.5,0,0,0,0,0,0,0,NaN,23515,23499,23513.5
2025-08-27T20:10:00-04:00,23514.25,23516.5,23507.75,23513,0,0,0,0,0,0,0,NaN,23516.5,23507.75,23513
2025-08-27T20:15:00-04:00,23513,23515.25,23490.25,23500.75,0,0,0,0,0,0,0,NaN,23515.25,23490.25,23500.75
2025-08-27T20:20:00-04:00,23501,23501,23492,23494.5,0,0,0,0,0,0,0,NaN,23501,23492,23494.5
2025-08-27T20:25:00-04:00,23495.5,23499,23487.5,23493.25,0,0,0,0,0,0,0,NaN,23499,23487.5,23493.25
2025-08-27T20:30:00-04:00,23493.25,23497.25,23488,23493,0,0,0,0,0,0,0,NaN,23497.25,23488,23493
2025-08-27T20:35:00-04:00,23492.75,23514,23492,23511.25,0,0,0,0,0,0,0,NaN,23514,23492,23511.25
2025-08-27T20:40:00-04:00,23510.75,23521.75,23508.5,23518.25,0,0,0,0,0,0,0,NaN,23521.75,23508.5,23518.25
2025-08-27T20:45:00-04:00,23519.25,23523.75,23515,23516,0,0,0,0,0,0,0,NaN,23523.75,23515,23516
2025-08-27T20:50:00-04:00,23515.75,23522.25,23510,23521.75,0,0,0,0,0,0,0,NaN,23522.25,23510,23521.75
2025-08-27T20:55:00-04:00,23522,23523,23515,23520.5,0,0,0,0,0,0,0,NaN,23523,23515,23520.5
2025-08-27T21:00:00-04:00,23521,23527,23518,23524,0,0,0,0,0,0,0,NaN,23527,23518,23524
2025-08-27T21:05:00-04:00,23525,23531,23524.5,23526.75,0,0,0,0,0,0,0,NaN,23531,23524.5,23526.75
2025-08-27T21:10:00-04:00,23527,23533.5,23527,23529.75,0,0,0,0,0,0,0,NaN,23533.5,23527,23529.75
2025-08-27T21:15:00-04:00,23530,23533.5,23525.75,23533,0,0,0,0,0,0,0,NaN,23533.5,23525.75,23533
2025-08-27T21:20:00-04:00,23532.75,23533,23524,23526,0,0,0,0,0,0,0,NaN,23533,23524,23526
2025-08-27T21:25:00-04:00,23526.75,23531.75,23524.25,23526.25,0,0,0,0,0,0,0,NaN,23531.75,23524.25,23526.25
2025-08-27T21:30:00-04:00,23527.25,23533,23526.75,23530.25,0,0,0,0,0,0,0,NaN,23533,23526.75,23530.25
2025-08-27T21:35:00-04:00,23530.5,23536,23528,23535,0,0,0,0,0,0,0,NaN,23536,23528,23535
2025-08-27T21:40:00-04:00,23535,23539.75,23533.75,23538.5,0,0,0,0,0,0,0,NaN,23539.75,23533.75,23538.5
2025-08-27T21:45:00-04:00,23538.25,23541.25,23536,23540.25,0,0,0,0,0,0,0,NaN,23541.25,23536,23540.25
2025-08-27T21:50:00-04:00,23539.25,23552.75,23538.25,23548.25,0,0,0,0,0,0,0,NaN,23552.75,23538.25,23548.25
2025-08-27T21:55:00-04:00,23548.25,23549.5,23544.75,23547.5,0,0,0,0,0,0,0,NaN,23549.5,23544.75,23547.5
2025-08-27T22:00:00-04:00,23548.25,23551.5,23545,23550,0,0,0,0,0,0,0,NaN,23551.5,23545,23550
2025-08-27T22:05:00-04:00,23549.75,23554.75,23549.75,23552.75,0,0,0,0,0,0,0,NaN,23554.75,23549.75,23552.75
2025-08-27T22:10:00-04:00,23553.25,23555,23550.75,23551.5,0,0,0,0,0,0,0,NaN,23555,23550.75,23551.5
2025-08-27T22:15:00-04:00,23551.25,23558,23550.25,23557,0,0,0,0,0,0,0,NaN,23558,23550.25,23557
2025-08-27T22:20:00-04:00,23557.5,23564.5,23556.5,23560.5,0,0,0,0,0,0,0,NaN,23564.5,23556.5,23560.5
2025-08-27T22:25:00-04:00,23561,23561,23553.25,23555.25,0,0,0,0,0,0,0,NaN,23561,23553.25,23555.25
2025-08-27T22:30:00-04:00,23555.5,23557.25,23548.5,23552,0,0,0,0,0,0,0,NaN,23557.25,23548.5,23552
2025-08-27T22:35:00-04:00,23552.25,23553.75,23547.75,23552,0,0,0,0,0,0,0,NaN,23553.75,23547.75,23552
2025-08-27T22:40:00-04:00,23552,23557.75,23551.75,23555.75,0,0,0,0,0,0,0,NaN,23557.75,23551.75,23555.75
2025-08-27T22:45:00-04:00,23555.5,23556,23552,23555.75,0,0,0,0,0,0,0,NaN,23556,23552,23555.75
2025-08-27T22:50:00-04:00,23555.75,23556.5,23550.5,23553.5,0,0,0,0,0,0,0,NaN,23556.5,23550.5,23553.5
2025-08-27T22:55:00-04:00,23552.75,23556,23552.5,23555.5,0,0,0,0,0,0,0,NaN,23556,23552.5,23555.5
2025-08-27T23:00:00-04:00,23554.5,23561.75,23554.25,23560.75,0,0,0,0,0,0,0,NaN,23561.75,23554.25,23560.75
2025-08-27T23:05:00-04:00,23560,23582.5,23560,23577.5,0,0,0,0,0,0,0,NaN,23582.5,23560,23577.5
2025-08-27T23:10:00-04:00,23577.5,23582.5,23577.5,23581,0,0,0,0,0,0,0,NaN,23582.5,23577.5,23581
2025-08-27T23:15:00-04:00,23581,23584.25,23574.75,23577.75,0,0,0,0,0,0,0,NaN,23584.25,23574.75,23577.75
2025-08-27T23:20:00-04:00,23577.25,23578,23569.25,23575.25,0,0,0,0,0,0,0,NaN,23578,23569.25,23575.25
2025-08-27T23:25:00-04:00,23575,23579.5,23574.25,23578.25,0,0,0,0,0,0,0,NaN,23579.5,23574.25,23578.25
2025-08-27T23:30:00-04:00,23579,23580.25,23576.5,23578.75,0,0,0,0,0,0,0,NaN,23580.25,23576.5,23578.75
2025-08-27T23:35:00-04:00,23579.25,23579.25,23573.25,23575.25,0,0,0,0,0,0,0,NaN,23579.25,23573.25,23575.25
2025-08-27T23:40:00-04:00,23575.5,23579.25,23571.5,23571.5,0,0,0,0,0,0,0,NaN,23579.25,23571.5,23571.5
2025-08-27T23:45:00-04:00,23572,23575.5,23569.5,23575,0,0,0,0,0,0,0,NaN,23575.5,23569.5,23575
2025-08-27T23:50:00-04:00,23575.25,23577,23574.5,23575.5,0,0,0,0,0,0,0,NaN,23577,23574.5,23575.5
2025-08-27T23:55:00-04:00,23575,23578.75,23573.25,23575,0,0,0,0,0,0,0,NaN,23578.75,23573.25,23575
2025-08-28T00:00:00-04:00,23575,23575.5,23560,23560.5,0,0,0,0,1,0,0,NaN,23575.5,23560,23560.5
2025-08-28T00:05:00-04:00,23561.25,23562.75,23559.5,23559.5,0,0,0,0,0,0,0,NaN,23562.75,23559.5,23559.5
2025-08-28T00:10:00-04:00,23559.25,23565.5,23557.75,23563.75,0,0,0,0,0,0,0,NaN,23565.5,23557.75,23563.75
2025-08-28T00:15:00-04:00,23564,23565.75,23562.5,23563.25,0,0,0,0,0,0,0,NaN,23565.75,23562.5,23563.25
2025-08-28T00:20:00-04:00,23562.25,23562.75,23559,23561.25,0,0,0,0,0,0,0,NaN,23562.75,23559,23561.25
2025-08-28T00:25:00-04:00,23561.5,23574,23561.5,23571.5,0,0,0,0,0,0,0,NaN,23574,23561.5,23571.5
2025-08-28T00:30:00-04:00,23571.75,23573.5,23570.5,23572.25,0,0,0,0,0,0,0,NaN,23573.5,23570.5,23572.25
2025-08-28T00:35:00-04:00,23571.75,23575,23569,23569.25,0,0,0,0,0,0,0,NaN,23575,23569,23569.25
2025-08-28T00:40:00-04:00,23569.5,23573.5,23567.25,23573,0,0,0,0,0,0,0,NaN,23573.5,23567.25,23573
2025-08-28T00:45:00-04:00,23572.5,23572.5,23565.5,23566,0,0,0,0,0,0,0,NaN,23572.5,23565.5,23566
2025-08-28T00:50:00-04:00,23566.75,23567,23562.75,23563.5,0,0,0,0,0,0,0,NaN,23567,23562.75,23563.5
2025-08-28T00:55:00-04:00,23563.5,23563.75,23558.25,23561.75,0,0,0,0,0,0,0,NaN,23563.75,23558.25,23561.75
2025-08-28T01:00:00-04:00,23561.25,23567.25,23559,23566.75,0,0,0,0,0,0,0,NaN,23567.25,23559,23566.75
2025-08-28T01:05:00-04:00,23566,23566.25,23563.5,23564.75,0,0,0,0,0,0,0,NaN,23566.25,23563.5,23564.75
2025-08-28T01:10:00-04:00,23565,23565,23559.5,23560,0,0,0,0,0,0,0,NaN,23565,23559.5,23560
2025-08-28T01:15:00-04:00,23560.75,23566.5,23558.5,23562.75,0,0,0,0,0,0,0,NaN,23566.5,23558.5,23562.75
2025-08-28T01:20:00-04:00,23562.25,23562.5,23556.25,23557.75,0,0,0,0,0,0,0,NaN,23562.5,23556.25,23557.75
2025-08-28T01:25:00-04:00,23558,23566,23558,23561.25,0,0,0,0,0,0,0,NaN,23566,23558,23561.25
2025-08-28T01:30:00-04:00,23561,23561,23555.75,23557,0,0,0,0,0,0,0,NaN,23561,23555.75,23557
2025-08-28T01:35:00-04:00,23557.5,23560.5,23556.5,23560.5,0,0,0,0,0,0,0,NaN,23560.5,23556.5,23560.5
2025-08-28T01:40:00-04:00,23559.75,23560.25,23545.75,23549,0,0,0,0,0,0,0,NaN,23560.25,23545.75,23549
2025-08-28T01:45:00-04:00,23549,23549.25,23540.75,23543.25,0,0,0,0,0,0,0,NaN,23549.25,23540.75,23543.25
2025-08-28T01:50:00-04:00,23542.5,23548.5,23541,23545.5,0,0,0,0,0,0,0,NaN,23548.5,23541,23545.5
2025-08-28T01:55:00-04:00,23546,23546.5,23541.75,23542.5,0,0,0,0,0,0,0,NaN,23546.5,23541.75,23542.5
2025-08-28T02:00:00-04:00,23543,23551.25,23539.5,23547.5,0,0,0,0,0,0,0,NaN,23551.25,23539.5,23547.5
2025-08-28T02:05:00-04:00,23547.75,23548.5,23545,23547.5,0,0,0,0,0,0,0,NaN,23548.5,23545,23547.5
2025-08-28T02:10:00-04:00,23548,23553.5,23544.5,23551.75,0,0,0,0,0,0,0,NaN,23553.5,23544.5,23551.75
2025-08-28T02:15:00-04:00,23552,23558.75,23550.75,23555.75,0,0,0,0,0,0,0,NaN,23558.75,23550.75,23555.75
2025-08-28T02:20:00-04:00,23556.25,23566.75,23556,23562,0,0,0,0,0,0,0,NaN,23566.75,23556,23562
2025-08-28T02:25:00-04:00,23562.5,23580,23562.5,23578.5,0,0,0,0,0,0,0,NaN,23580,23562.5,23578.5
2025-08-28T02:30:00-04:00,23577.75,23599.75,23576.75,23593.25,0,0,0,0,0,0,0,NaN,23599.75,23576.75,23593.25
2025-08-28T02:35:00-04:00,23593.5,23602.75,23592,23595.5,0,0,0,0,0,0,0,NaN,23602.75,23592,23595.5
2025-08-28T02:40:00-04:00,23596.5,23605.5,23595.75,23602,0,0,0,0,0,0,0,NaN,23605.5,23595.75,23602
2025-08-28T02:45:00-04:00,23602,23604.5,23595.5,23601,0,0,0,0,0,0,0,NaN,23604.5,23595.5,23601
2025-08-28T02:50:00-04:00,23601,23612.25,23600,23600.5,0,0,0,0,0,0,0,NaN,23612.25,23600,23600.5
2025-08-28T02:55:00-04:00,23601,23609,23598,23606.75,0,0,0,0,0,0,0,NaN,23609,23598,23606.75
2025-08-28T03:00:00-04:00,23606.75,23635.5,23602.75,23621.75,0,0,0,0,0,0,0,NaN,23635.5,23602.75,23621.75
2025-08-28T03:05:00-04:00,23622.5,23630,23608.25,23609.75,0,0,0,0,0,0,0,NaN,23630,23608.25,23609.75
2025-08-28T03:10:00-04:00,23610,23620.25,23608.25,23615.25,0,0,0,0,0,0,0,NaN,23620.25,23608.25,23615.25
2025-08-28T03:15:00-04:00,23615,23624.25,23612,23617,0,0,0,0,0,0,0,NaN,23624.25,23612,23617
2025-08-28T03:20:00-04:00,23618.5,23627.25,23618.5,23623,0,0,0,0,0,0,0,NaN,23627.25,23618.5,23623
2025-08-28T03:25:00-04:00,23621.75,23625.75,23616.5,23625.75,0,0,0,0,0,0,0,NaN,23625.75,23616.5,23625.75
2025-08-28T03:30:00-04:00,23625.5,23627.75,23616.75,23624.25,0,0,0,0,0,0,0,NaN,23627.75,23616.75,23624.25
2025-08-28T03:35:00-04:00,23622.75,23622.75,23609.25,23609.25,0,0,0,0,0,0,0,NaN,23622.75,23609.25,23609.25
2025-08-28T03:40:00-04:00,23609.75,23614.75,23605.25,23607.75,0,0,0,0,0,0,0,NaN,23614.75,23605.25,23607.75
2025-08-28T03:45:00-04:00,23608,23612.75,23603.5,23609.75,0,0,0,0,0,0,0,NaN,23612.75,23603.5,23609.75
2025-08-28T03:50:00-04:00,23610.25,23625.75,23608.5,23625,0,0,0,0,0,0,0,NaN,23625.75,23608.5,23625
2025-08-28T03:55:00-04:00,23625.25,23633,23619,23632.25,0,0,0,0,0,0,0,NaN,23633,23619,23632.25
2025-08-28T04:00:00-04:00,23631.25,23643.5,23622.5,23635.75,0,0,0,0,0,0,0,NaN,23643.5,23622.5,23635.75
2025-08-28T04:05:00-04:00,23636,23648.75,23634.25,23645,0,0,0,0,0,0,0,NaN,23648.75,23634.25,23645
2025-08-28T04:10:00-04:00,23645.5,23658.75,23637.75,23648.75,0,0,0,0,0,0,0,NaN,23658.75,23637.75,23648.75
2025-08-28T04:15:00-04:00,23648,23654,23646.5,23651.75,0,0,0,0,0,0,0,NaN,23654,23646.5,23651.75
2025-08-28T04:20:00-04:00,23651.75,23662,23646.25,23653.25,0,0,0,0,0,0,0,NaN,23662,23646.25,23653.25
2025-08-28T04:25:00-04:00,23653.5,23654,23641,23642.75,0,0,0,0,0,0,0,NaN,23654,23641,23642.75
2025-08-28T04:30:00-04:00,23643,23644.5,23634.5,23634.5,0,0,0,0,0,0,0,NaN,23644.5,23634.5,23634.5
2025-08-28T04:35:00-04:00,23634.75,23639,23632.5,23633.25,0,0,0,0,0,0,0,NaN,23639,23632.5,23633.25
2025-08-28T04:40:00-04:00,23633.5,23639.5,23625.25,23626.75,0,0,0,0,0,0,0,NaN,23639.5,23625.25,23626.75
2025-08-28T04:45:00-04:00,23626.75,23630,23625,23628.5,0,0,0,0,0,0,0,NaN,23630,23625,23628.5
2025-08-28T04:50:00-04:00,23628.5,23628.5,23617.25,23618,0,0,0,0,0,0,0,NaN,23628.5,23617.25,23618
2025-08-28T04:55:00-04:00,23617.5,23620.5,23615,23617,0,0,0,0,0,0,0,NaN,23620.5,23615,23617
2025-08-28T05:00:00-04:00,23616.25,23621.5,23616,23617.75,0,0,0,0,0,0,0,NaN,23621.5,23616,23617.75
2025-08-28T05:05:00-04:00,23618.75,23624.25,23618.25,23623,0,0,0,0,0,0,0,NaN,23624.25,23618.25,23623
2025-08-28T05:10:00-04:00,23623.5,23628.25,23619.75,23622.5,0,0,0,0,0,0,0,NaN,23628.25,23619.75,23622.5
2025-08-28T05:15:00-04:00,23623,23625.5,23619.25,23622.75,0,0,0,0,0,0,0,NaN,23625.5,23619.25,23622.75
2025-08-28T05:20:00-04:00,23622.5,23623.5,23618.75,23621.75,0,0,0,0,0,0,0,NaN,23623.5,23618.75,23621.75
2025-08-28T05:25:00-04:00,23621.75,23625.25,23618.75,23622.5,0,0,0,0,0,0,0,NaN,23625.25,23618.75,23622.5
2025-08-28T05:30:00-04:00,23622.5,23624.5,23617.25,23619.75,0,0,0,0,0,0,0,NaN,23624.5,23617.25,23619.75
2025-08-28T05:35:00-04:00,23619.5,23627.75,23618,23623.25,0,0,0,0,0,0,0,NaN,23627.75,23618,23623.25
2025-08-28T05:40:00-04:00,23622.5,23622.5,23613.25,23616.75,0,0,0,0,0,0,0,NaN,23622.5,23613.25,23616.75
2025-08-28T05:45:00-04:00,23617,23622,23608.75,23613.75,0,0,0,0,0,0,0,NaN,23622,23608.75,23613.75
2025-08-28T05:50:00-04:00,23614,23618.75,23612.25,23616,0,0,0,0,0,0,0,NaN,23618.75,23612.25,23616
2025-08-28T05:55:00-04:00,23615.75,23620.5,23613,23615.25,0,0,0,0,0,0,0,NaN,23620.5,23613,23615.25
2025-08-28T06:00:00-04:00,23614.25,23617.5,23609.5,23617,0,0,0,0,0,0,0,NaN,23617.5,23609.5,23617
2025-08-28T06:05:00-04:00,23617.25,23618.75,23612,23614.5,0,0,0,0,0,0,0,NaN,23618.75,23612,23614.5
2025-08-28T06:10:00-04:00,23615,23618.75,23612.5,23618.75,0,0,0,0,0,0,0,NaN,23618.75,23612.5,23618.75
2025-08-28T06:15:00-04:00,23618.75,23621.5,23616,23616,0,0,0,0,0,0,0,NaN,23621.5,23616,23616
2025-08-28T06:20:00-04:00,23616,23622.25,23610.75,23619,0,0,0,0,0,0,0,NaN,23622.25,23610.75,23619
2025-08-28T06:25:00-04:00,23619.75,23624.75,23618.25,23619.5,0,0,0,0,0,0,0,NaN,23624.75,23618.25,23619.5
2025-08-28T06:30:00-04:00,23619.5,23623,23614.75,23619.75,0,0,0,0,0,0,0,NaN,23623,23614.75,23619.75
2025-08-28T06:35:00-04:00,23620.5,23626.25,23613.75,23613.75,0,0,0,0,0,0,0,NaN,23626.25,23613.75,23613.75
2025-08-28T06:40:00-04:00,23613.25,23613.25,23597.75,23599.5,0,0,0,0,0,0,0,NaN,23613.25,23597.75,23599.5
2025-08-28T06:45:00-04:00,23600.25,23610,23599.25,23606.5,0,0,0,0,0,0,0,NaN,23610,23599.25,23606.5
2025-08-28T06:50:00-04:00,23607,23611.25,23600,23608,0,0,0,0,0,0,0,NaN,23611.25,23600,23608
2025-08-28T06:55:00-04:00,23609.25,23612.5,23605,23612.25,0,0,0,0,0,0,0,NaN,23612.5,23605,23612.25
2025-08-28T07:00:00-04:00,23611,23614.75,23604,23604.75,0,0,0,0,0,0,0,NaN,23614.75,23604,23604.75
2025-08-28T07:05:00-04:00,23604.5,23607.75,23595.5,23597.75,0,0,0,0,0,0,0,NaN,23607.75,23595.5,23597.75
2025-08-28T07:10:00-04:00,23597.25,23597.25,23589.5,23589.75,0,0,0,0,0,0,0,NaN,23597.25,23589.5,23589.75
2025-08-28T07:15:00-04:00,23589.25,23594.25,23583,23583.5,0,0,0,0,0,0,0,NaN,23594.25,23583,23583.5
2025-08-28T07:20:00-04:00,23583.5,23594,23582.75,23589.75,0,0,0,0,0,0,0,NaN,23594,23582.75,23589.75
2025-08-28T07:25:00-04:00,23589.75,23593.75,23588.5,23591,0,0,0,0,0,0,0,NaN,23593.75,23588.5,23591
2025-08-28T07:30:00-04:00,23590.75,23596.25,23586.5,23596,0,0,0,0,0,0,0,NaN,23596.25,23586.5,23596
2025-08-28T07:35:00-04:00,23595.25,23598.25,23589,23592.25,0,0,0,0,0,0,0,NaN,23598.25,23589,23592.25
2025-08-28T07:40:00-04:00,23591.75,23596.25,23588.25,23593,0,0,0,0,0,0,0,NaN,23596.25,23588.25,23593
2025-08-28T07:45:00-04:00,23593.25,23602.75,23591.5,23598.5,0,0,0,0,0,0,0,NaN,23602.75,23591.5,23598.5
2025-08-28T07:50:00-04:00,23598.25,23612,23598.25,23610.75,0,0,0,0,0,0,0,NaN,23612,23598.25,23610.75
2025-08-28T07:55:00-04:00,23610.5,23618.75,23610,23617.75,0,0,0,0,0,0,0,NaN,23618.75,23610,23617.75
2025-08-28T08:00:00-04:00,23617.75,23627,23615,23625.25,0,0,0,0,0,0,0,NaN,23627,23615,23625.25
2025-08-28T08:05:00-04:00,23625,23631.75,23619.25,23620.75,0,0,0,0,0,0,0,NaN,23631.75,23619.25,23620.75
2025-08-28T08:10:00-04:00,23620.75,23621,23612,23612,0,0,0,0,0,0,0,NaN,23621,23612,23612
2025-08-28T08:15:00-04:00,23611.5,23611.5,23601.5,23604,0,0,0,0,0,0,0,NaN,23611.5,23601.5,23604
2025-08-28T08:20:00-04:00,23603.75,23605.25,23595.25,23601,0,0,0,0,0,0,0,NaN,23605.25,23595.25,23601
2025-08-28T08:25:00-04:00,23601,23601.75,23593.5,23600.75,0,0,0,0,0,0,0,NaN,23601.75,23593.5,23600.75
2025-08-28T08:30:00-04:00,23600,23639,23598,23627.25,0,0,0,0,0,0,0,NaN,23639,23598,23627.25
2025-08-28T08:35:00-04:00,23629.75,23640.25,23619,23638.5,0,0,0,0,0,0,0,NaN,23640.25,23619,23638.5
2025-08-28T08:40:00-04:00,23638.25,23653.75,23635.75,23644.5,0,0,0,0,0,0,0,NaN,23653.75,23635.75,23644.5
2025-08-28T08:45:00-04:00,23644,23645.5,23630.5,23632,0,0,0,0,0,0,0,NaN,23645.5,23630.5,23632
2025-08-28T08:50:00-04:00,23632.25,23642.5,23630.25,23635.25,0,0,0,0,0,0,0,NaN,23642.5,23630.25,23635.25
2025-08-28T08:55:00-04:00,23634.75,23646.25,23631.25,23633.25,0,0,0,0,0,0,0,NaN,23646.25,23631.25,23633.25
2025-08-28T09:00:00-04:00,23633.75,23641.25,23631.75,23639.75,0,0,0,0,0,0,0,NaN,23641.25,23631.75,23639.75
2025-08-28T09:05:00-04:00,23640,23645.75,23636.75,23640.5,0,0,0,0,0,0,0,NaN,23645.75,23636.75,23640.5
2025-08-28T09:10:00-04:00,23640.25,23645,23637,23644.75,0,0,0,0,0,0,0,NaN,23645,23637,23644.75
2025-08-28T09:15:00-04:00,23645,23656.25,23640,23652.75,0,0,0,0,0,0,0,NaN,23656.25,23640,23652.75
2025-08-28T09:20:00-04:00,23653.25,23657.75,23649.75,23652,0,0,0,0,0,0,0,NaN,23657.75,23649.75,23652
2025-08-28T09:25:00-04:00,23651.75,23652,23631,23640.5,0,0,0,0,0,0,0,NaN,23652,23631,23640.5
2025-08-28T09:30:00-04:00,23640.25,23742.25,23629.75,23728.75,0,0,0,0,0,0,0,NaN,23742.25,23629.75,23728.75
2025-08-28T09:35:00-04:00,23728,23730.5,23680.5,23719.25,0,0,0,0,0,0,0,NaN,23730.5,23680.5,23719.25
2025-08-28T09:40:00-04:00,23718.75,23736.75,23689.25,23702,0,0,0,0,0,0,0,NaN,23736.75,23689.25,23702
2025-08-28T09:45:00-04:00,23702.25,23709,23657.25,23657.75,0,0,0,0,0,0,0,NaN,23709,23657.25,23657.75
2025-08-28T09:50:00-04:00,23657.75,23662.75,23592.5,23615.75,0,0,0,0,0,0,0,NaN,23662.75,23592.5,23615.75
2025-08-28T09:55:00-04:00,23615.25,23629,23572.5,23609.25,0,0,0,0,0,0,0,NaN,23629,23572.5,23609.25
2025-08-28T10:00:00-04:00,23609,23634.25,23593.25,23604,0,0,0,0,0,0,0,NaN,23634.25,23593.25,23604
2025-08-28T10:05:00-04:00,23604.75,23676.75,23598.5,23652,0,0,0,0,0,0,0,NaN,23676.75,23598.5,23652
2025-08-28T10:10:00-04:00,23652.25,23673,23646.75,23665.75,0,0,0,0,0,0,0,NaN,23673,23646.75,23665.75
2025-08-28T10:15:00-04:00,23665.25,23674.5,23635.75,23636.75,0,0,0,0,0,0,0,NaN,23674.5,23635.75,23636.75
2025-08-28T10:20:00-04:00,23636.75,23670.25,23636.75,23651,0,0,0,0,0,0,0,NaN,23670.25,23636.75,23651
2025-08-28T10:25:00-04:00,23651,23652.25,23624,23630.25,0,0,0,0,0,0,0,NaN,23652.25,23624,23630.25
2025-08-28T10:30:00-04:00,23630.25,23678,23628.75,23661.25,0,0,0,0,0,0,0,NaN,23678,23628.75,23661.25
2025-08-28T10:35:00-04:00,23661.75,23673.75,23643.5,23672,0,0,0,0,0,0,0,NaN,23673.75,23643.5,23672
2025-08-28T10:40:00-04:00,23672,23701.25,23671,23693.75,0,0,0,0,0,0,0,NaN,23701.25,23671,23693.75
2025-08-28T10:45:00-04:00,23693.5,23720,23683.75,23708.75,0,0,0,0,0,0,0,NaN,23720,23683.75,23708.75
2025-08-28T10:50:00-04:00,23709,23720.5,23694.75,23717.75,0,0,0,0,0,0,0,NaN,23720.5,23694.75,23717.75
2025-08-28T10:55:00-04:00,23718.75,23730,23711.75,23714.25,0,0,0,0,0,0,0,NaN,23730,23711.75,23714.25
2025-08-28T11:00:00-04:00,23714.25,23719.75,23702,23707.75,0,0,0,0,0,0,0,NaN,23719.75,23702,23707.75
2025-08-28T11:05:00-04:00,23708,23716.25,23696.5,23713.75,0,0,0,0,0,0,0,NaN,23716.25,23696.5,23713.75
2025-08-28T11:10:00-04:00,23714,23731.5,23712.5,23727.25,0,0,0,0,0,0,0,NaN,23731.5,23712.5,23727.25
2025-08-28T11:15:00-04:00,23727.25,23752.75,23724,23733,0,0,0,0,0,0,0,NaN,23752.75,23724,23733
2025-08-28T11:20:00-04:00,23733.25,23735,23696,23707.5,0,0,0,0,0,0,0,NaN,23735,23696,23707.5
2025-08-28T11:25:00-04:00,23707.25,23707.25,23665,23672,0,0,0,0,0,0,0,NaN,23707.25,23665,23672
2025-08-28T11:30:00-04:00,23672.5,23718.25,23670.5,23711.75,0,0,0,0,0,0,0,NaN,23718.25,23670.5,23711.75
2025-08-28T11:35:00-04:00,23711.75,23719.5,23696.25,23698.75,0,0,0,0,0,0,0,NaN,23719.5,23696.25,23698.75
2025-08-28T11:40:00-04:00,23699,23706.5,23684.75,23688,0,0,0,0,0,0,0,NaN,23706.5,23684.75,23688
2025-08-28T11:45:00-04:00,23687.5,23694.25,23675,23687.5,0,0,0,0,0,0,0,NaN,23694.25,23675,23687.5
2025-08-28T11:50:00-04:00,23688.25,23699,23680,23689.25,0,0,0,0,0,0,0,NaN,23699,23680,23689.25
2025-08-28T11:55:00-04:00,23688,23699,23683,23687.5,0,0,0,0,0,0,0,NaN,23699,23683,23687.5
2025-08-28T12:00:00-04:00,23688,23694,23682.5,23692,0,0,0,0,0,0,0,NaN,23694,23682.5,23692
2025-08-28T12:05:00-04:00,23692.5,23706,23686,23701,0,0,0,0,0,0,0,NaN,23706,23686,23701
2025-08-28T12:10:00-04:00,23701.25,23729,23699.5,23726.75,0,0,0,0,0,0,0,NaN,23729,23699.5,23726.75
2025-08-28T12:15:00-04:00,23726.75,23733,23716.25,23721.75,0,0,0,0,0,0,0,NaN,23733,23716.25,23721.75
2025-08-28T12:20:00-04:00,23722,23734.5,23722,23733.25,0,0,0,0,0,0,0,NaN,23734.5,23722,23733.25
2025-08-28T12:25:00-04:00,23733.75,23766,23732,23755,0,0,0,0,0,0,0,NaN,23766,23732,23755
2025-08-28T12:30:00-04:00,23754.5,23760.25,23730,23732.25,0,0,0,0,0,0,0,NaN,23760.25,23730,23732.25
2025-08-28T12:35:00-04:00,23733,23745,23730.25,23741.75,0,0,0,0,0,0,0,NaN,23745,23730.25,23741.75
2025-08-28T12:40:00-04:00,23741.75,23744.5,23735.5,23743,0,0,0,0,0,0,0,NaN,23744.5,23735.5,23743
2025-08-28T12:45:00-04:00,23743.25,23753.5,23742.5,23750.25,0,0,0,0,0,0,0,NaN,23753.5,23742.5,23750.25
2025-08-28T12:50:00-04:00,23750.25,23761.5,23747.75,23759,0,0,0,0,0,0,0,NaN,23761.5,23747.75,23759
2025-08-28T12:55:00-04:00,23759,23760,23728.5,23732,0,0,0,0,0,0,0,NaN,23760,23728.5,23732
2025-08-28T13:00:00-04:00,23732.25,23741,23722.25,23737.75,0,0,0,0,0,0,0,NaN,23741,23722.25,23737.75
2025-08-28T13:05:00-04:00,23737.75,23740.5,23725.25,23737.75,0,0,0,0,0,0,0,NaN,23740.5,23725.25,23737.75
2025-08-28T13:10:00-04:00,23737,23739.25,23729.25,23735.75,0,0,0,0,0,0,0,NaN,23739.25,23729.25,23735.75
2025-08-28T13:15:00-04:00,23735.25,23739.5,23731.5,23736.75,0,0,0,0,0,0,0,NaN,23739.5,23731.5,23736.75
2025-08-28T13:20:00-04:00,23736.75,23748.75,23731.75,23747.75,0,0,0,0,0,0,0,NaN,23748.75,23731.75,23747.75
2025-08-28T13:25:00-04:00,23747.25,23761.75,23743,23761.75,0,0,0,0,0,0,0,NaN,23761.75,23743,23761.75
2025-08-28T13:30:00-04:00,23761.5,23773.25,23755,23757.5,0,0,0,0,0,0,0,NaN,23773.25,23755,23757.5
2025-08-28T13:35:00-04:00,23757.25,23769.75,23757,23762.25,0,0,0,0,0,0,0,NaN,23769.75,23757,23762.25
2025-08-28T13:40:00-04:00,23762,23768,23760,23765,0,0,0,0,0,0,0,NaN,23768,23760,23765
2025-08-28T13:45:00-04:00,23764.75,23768.25,23760.25,23762.25,0,0,0,0,0,0,0,NaN,23768.25,23760.25,23762.25
2025-08-28T13:50:00-04:00,23763,23772.25,23761.75,23770.5,0,0,0,0,0,0,0,NaN,23772.25,23761.75,23770.5
2025-08-28T13:55:00-04:00,23770.75,23771.25,23760.75,23766.5,0,0,0,0,0,0,0,NaN,23771.25,23760.75,23766.5
2025-08-28T14:00:00-04:00,23766.25,23771.5,23762.25,23770.25,0,0,0,0,0,0,0,NaN,23771.5,23762.25,23770.25
2025-08-28T14:05:00-04:00,23770,23776.5,23768.5,23772.75,0,0,0,0,0,0,0,NaN,23776.5,23768.5,23772.75
2025-08-28T14:10:00-04:00,23773.25,23774,23766.75,23768.75,0,0,0,0,0,0,0,NaN,23774,23766.75,23768.75
2025-08-28T14:15:00-04:00,23768.5,23770.5,23761.5,23767.5,0,0,0,0,0,0,0,NaN,23770.5,23761.5,23767.5
2025-08-28T14:20:00-04:00,23767,23773.75,23766,23771.25,0,0,0,0,0,0,0,NaN,23773.75,23766,23771.25
2025-08-28T14:25:00-04:00,23771.5,23777.75,23768.75,23775.5,0,0,0,0,0,0,0,NaN,23777.75,23768.75,23775.5
2025-08-28T14:30:00-04:00,23776.25,23783.75,23775.25,23781.25,0,0,0,0,0,0,0,NaN,23783.75,23775.25,23781.25
2025-08-28T14:35:00-04:00,23781,23781.5,23771.5,23777.75,0,0,0,0,0,0,0,NaN,23781.5,23771.5,23777.75
2025-08-28T14:40:00-04:00,23777.5,23786.25,23776.5,23780.5,0,0,0,0,0,0,0,NaN,23786.25,23776.5,23780.5
2025-08-28T14:45:00-04:00,23780.75,23784,23778.25,23779.5,0,0,0,0,0,0,0,NaN,23784,23778.25,23779.5
2025-08-28T14:50:00-04:00,23779.75,23788.25,23779.25,23787.75,0,0,0,0,0,0,0,NaN,23788.25,23779.25,23787.75
2025-08-28T14:55:00-04:00,23788,23792.5,23785.75,23789,0,0,0,0,0,0,0,NaN,23792.5,23785.75,23789
2025-08-28T15:00:00-04:00,23788.5,23800,23782.5,23783.25,0,0,0,0,0,0,0,NaN,23800,23782.5,23783.25
2025-08-28T15:05:00-04:00,23783.5,23788.5,23777.25,23787.75,0,0,0,0,0,0,0,NaN,23788.5,23777.25,23787.75
2025-08-28T15:10:00-04:00,23787.75,23791.25,23784.5,23786.75,0,0,0,0,0,0,0,NaN,23791.25,23784.5,23786.75
2025-08-28T15:15:00-04:00,23786.5,23787.5,23776,23782.5,0,0,0,0,0,0,0,NaN,23787.5,23776,23782.5
2025-08-28T15:20:00-04:00,23782.25,23784.25,23775,23777,0,0,0,0,0,0,0,NaN,23784.25,23775,23777
2025-08-28T15:25:00-04:00,23776.25,23781.75,23772.75,23777.5,0,0,0,0,0,0,0,NaN,23781.75,23772.75,23777.5
2025-08-28T15:30:00-04:00,23777.5,23779.25,23771.25,23778.25,0,0,0,0,0,0,0,NaN,23779.25,23771.25,23778.25
2025-08-28T15:35:00-04:00,23778.25,23785.25,23775,23782,0,0,0,0,0,0,0,NaN,23785.25,23775,23782
2025-08-28T15:40:00-04:00,23781.5,23789.75,23781.5,23788.25,0,0,0,0,0,0,0,NaN,23789.75,23781.5,23788.25
2025-08-28T15:45:00-04:00,23788,23798.75,23786.25,23792.25,0,0,0,0,0,0,0,NaN,23798.75,23786.25,23792.25
2025-08-28T15:50:00-04:00,23792,23803.75,23780.25,23800.5,0,0,0,0,0,0,0,NaN,23803.75,23780.25,23800.5
2025-08-28T15:55:00-04:00,23800.5,23800.5,23765,23766.75,0,0,0,0,0,0,0,NaN,23800.5,23765,23766.75
2025-08-28T16:00:00-04:00,23766.75,23774,23750.25,23773.25,0,0,0,0,0,0,0,NaN,23774,23750.25,23773.25
2025-08-28T16:05:00-04:00,23773.25,23774,23744.5,23761,0,0,0,0,0,0,0,NaN,23774,23744.5,23761
2025-08-28T16:10:00-04:00,23760.5,23764.5,23758,23760.75,0,0,0,0,0,0,0,NaN,23764.5,23758,23760.75
2025-08-28T16:15:00-04:00,23760.25,23764.5,23758.5,23759.25,0,0,0,0,0,0,0,NaN,23764.5,23758.5,23759.25
2025-08-28T16:20:00-04:00,23759,23763,23758.5,23762.5,0,0,0,0,0,0,0,NaN,23763,23758.5,23762.5
2025-08-28T16:25:00-04:00,23762.5,23764,23759.75,23763.25,0,0,0,0,0,0,0,NaN,23764,23759.75,23763.25
2025-08-28T16:30:00-04:00,23763.5,23766,23761.75,23762,0,0,0,0,0,0,0,NaN,23766,23761.75,23762
2025-08-28T16:35:00-04:00,23761.75,23765.5,23761.75,23764.5,0,0,0,0,0,0,0,NaN,23765.5,23761.75,23764.5
2025-08-28T16:40:00-04:00,23763.75,23765,23761,23764,0,0,0,0,0,0,0,NaN,23765,23761,23764
2025-08-28T16:45:00-04:00,23763.75,23765,23761.25,23761.75,0,0,0,0,0,0,0,NaN,23765,23761.25,23761.75
2025-08-28T16:50:00-04:00,23761.75,23765,23760.5,23763,0,0,0,0,0,0,0,NaN,23765,23760.5,23763
2025-08-28T16:55:00-04:00,23762.75,23763.25,23760,23762,0,0,0,0,0,0,0,NaN,23763.25,23760,23762
2025-08-28T18:00:00-04:00,23760.5,23762,23747.25,23756.25,0,0,0,0,0,0,0,NaN,23762,23747.25,23756.25
2025-08-28T18:05:00-04:00,23756.5,23761.25,23751.25,23752.25,0,0,0,0,0,0,0,NaN,23761.25,23751.25,23752.25
2025-08-28T18:10:00-04:00,23752.25,23759.5,23749.25,23749.25,0,0,0,0,0,0,0,NaN,23759.5,23749.25,23749.25
2025-08-28T18:15:00-04:00,23749,23755.25,23746.75,23746.75,0,0,0,0,0,0,0,NaN,23755.25,23746.75,23746.75
2025-08-28T18:20:00-04:00,23747.75,23754.5,23745,23753.75,0,0,0,0,0,0,0,NaN,23754.5,23745,23753.75
2025-08-28T18:25:00-04:00,23753.25,23754.75,23745.5,23748.25,0,0,0,0,0,0,0,NaN,23754.75,23745.5,23748.25
2025-08-28T18:30:00-04:00,23748.25,23752.75,23744.25,23745.5,0,0,0,0,0,0,0,NaN,23752.75,23744.25,23745.5
2025-08-28T18:35:00-04:00,23746.25,23747.25,23738.75,23740,0,0,0,0,0,0,0,NaN,23747.25,23738.75,23740
2025-08-28T18:40:00-04:00,23739.5,23740.25,23735.25,23736.25,0,0,0,0,0,0,0,NaN,23740.25,23735.25,23736.25
2025-08-28T18:45:00-04:00,23736.5,23739.5,23735,23738.5,0,0,0,0,0,0,0,NaN,23739.5,23735,23738.5
2025-08-28T18:50:00-04:00,23739.5,23743.75,23737.5,23741.25,0,0,0,0,0,0,0,NaN,23743.75,23737.5,23741.25
2025-08-28T18:55:00-04:00,23741,23741.75,23735.5,23741.5,0,0,0,0,0,0,0,NaN,23741.75,23735.5,23741.5
2025-08-28T19:00:00-04:00,23740.75,23746.75,23737,23742.25,0,0,0,0,0,0,0,NaN,23746.75,23737,23742.25
2025-08-28T19:05:00-04:00,23743,23748,23741.75,23746.75,0,0,0,0,0,0,0,NaN,23748,23741.75,23746.75
2025-08-28T19:10:00-04:00,23747.25,23748,23740.75,23741.75,0,0,0,0,0,0,0,NaN,23748,23740.75,23741.75
2025-08-28T19:15:00-04:00,23742,23745.5,23742,23743.25,0,0,0,0,0,0,0,NaN,23745.5,23742,23743.25
2025-08-28T19:20:00-04:00,23743.75,23743.75,23739,23741,0,0,0,0,0,0,0,NaN,23743.75,23739,23741
2025-08-28T19:25:00-04:00,23741.25,23744.5,23740.5,23743.5,0,0,0,0,0,0,0,NaN,23744.5,23740.5,23743.5
2025-08-28T19:30:00-04:00,23744.5,23745.75,23742.75,23744,0,0,0,0,0,0,0,NaN,23745.75,23742.75,23744
2025-08-28T19:35:00-04:00,23743.75,23752.25,23743.75,23751.5,0,0,0,0,0,0,0,NaN,23752.25,23743.75,23751.5
2025-08-28T19:40:00-04:00,23751.25,23752.75,23746.5,23751,0,0,0,0,0,0,0,NaN,23752.75,23746.5,23751
2025-08-28T19:45:00-04:00,23750.75,23751,23746.75,23748.25,0,0,0,0,0,0,0,NaN,23751,23746.75,23748.25
2025-08-28T19:50:00-04:00,23747.5,23749.75,23743.75,23748.75,0,0,0,0,0,0,0,NaN,23749.75,23743.75,23748.75
2025-08-28T19:55:00-04:00,23748.25,23752.25,23747.25,23747.25,0,0,0,0,0,0,0,NaN,23752.25,23747.25,23747.25
2025-08-28T20:00:00-04:00,23747.5,23748.75,23738.25,23744.5,0,0,0,0,0,0,0,NaN,23748.75,23738.25,23744.5
2025-08-28T20:05:00-04:00,23744.5,23748.25,23739.25,23739.75,0,0,0,0,0,0,0,NaN,23748.25,23739.25,23739.75
2025-08-28T20:10:00-04:00,23740,23747.5,23740,23743.5,0,0,0,0,0,0,0,NaN,23747.5,23740,23743.5
2025-08-28T20:15:00-04:00,23743.5,23755,23742.5,23752,0,0,0,0,0,0,0,NaN,23755,23742.5,23752
2025-08-28T20:20:00-04:00,23752,23754.25,23746.5,23747,0,0,0,0,0,0,0,NaN,23754.25,23746.5,23747
2025-08-28T20:25:00-04:00,23747.5,23754,23747.25,23752.75,0,0,0,0,0,0,0,NaN,23754,23747.25,23752.75
2025-08-28T20:30:00-04:00,23752.5,23754.5,23748,23753.25,0,0,0,0,0,0,0,NaN,23754.5,23748,23753.25
2025-08-28T20:35:00-04:00,23754,23755.75,23749.5,23752,0,0,0,0,0,0,0,NaN,23755.75,23749.5,23752
2025-08-28T20:40:00-04:00,23752,23755.25,23751.5,23752,0,0,0,0,0,0,0,NaN,23755.25,23751.5,23752
2025-08-28T20:45:00-04:00,23751,23752.75,23749,23752.25,0,0,0,0,0,0,0,NaN,23752.75,23749,23752.25
2025-08-28T20:50:00-04:00,23753,23753.5,23748.75,23750.5,0,0,0,0,0,0,0,NaN,23753.5,23748.75,23750.5
2025-08-28T20:55:00-04:00,23750.25,23750.75,23744.75,23746.5,0,0,0,0,0,0,0,NaN,23750.75,23744.75,23746.5
2025-08-28T21:00:00-04:00,23746.25,23751.75,23745,23745.75,0,0,0,0,0,0,0,NaN,23751.75,23745,23745.75
2025-08-28T21:05:00-04:00,23745.75,23746.5,23730.75,23735.5,0,0,0,0,0,0,0,NaN,23746.5,23730.75,23735.5
2025-08-28T21:10:00-04:00,23734.75,23743.75,23734,23742,0,0,0,0,0,0,0,NaN,23743.75,23734,23742
2025-08-28T21:15:00-04:00,23742.25,23742.25,23736.25,23736.25,0,0,0,0,0,0,0,NaN,23742.25,23736.25,23736.25
2025-08-28T21:20:00-04:00,23736.25,23736.75,23732.25,23735,0,0,0,0,0,0,0,NaN,23736.75,23732.25,23735
2025-08-28T21:25:00-04:00,23734,23741.75,23733.5,23740.5,0,0,0,0,0,0,0,NaN,23741.75,23733.5,23740.5
2025-08-28T21:30:00-04:00,23740,23740.25,23732.5,23734.25,0,0,0,0,0,0,0,NaN,23740.25,23732.5,23734.25
2025-08-28T21:35:00-04:00,23734.25,23735,23731,23733.5,0,0,0,0,0,0,0,NaN,23735,23731,23733.5
2025-08-28T21:40:00-04:00,23733.5,23737,23732,23735.5,0,0,0,0,0,0,0,NaN,23737,23732,23735.5
2025-08-28T21:45:00-04:00,23735.25,23738,23731,23733.75,0,0,0,0,0,0,0,NaN,23738,23731,23733.75
2025-08-28T21:50:00-04:00,23733.5,23733.75,23729.75,23732.25,0,0,0,0,0,0,0,NaN,23733.75,23729.75,23732.25
2025-08-28T21:55:00-04:00,23732,23735.75,23729.75,23733,0,0,0,0,0,0,0,NaN,23735.75,23729.75,23733
2025-08-28T22:00:00-04:00,23732.75,23733.75,23728.25,23731.75,0,0,0,0,0,0,0,NaN,23733.75,23728.25,23731.75
2025-08-28T22:05:00-04:00,23731.75,23732.25,23728.75,23729.25,0,0,0,0,0,0,0,NaN,23732.25,23728.75,23729.25
2025-08-28T22:10:00-04:00,23729,23730.5,23727,23729,0,0,0,0,0,0,0,NaN,23730.5,23727,23729
2025-08-28T22:15:00-04:00,23728.5,23731,23726.5,23730.25,0,0,0,0,0,0,0,NaN,23731,23726.5,23730.25
2025-08-28T22:20:00-04:00,23729.75,23730.75,23726,23726.25,0,0,0,0,0,0,0,NaN,23730.75,23726,23726.25
2025-08-28T22:25:00-04:00,23727,23727.25,23720,23723,0,0,0,0,0,0,0,NaN,23727.25,23720,23723
2025-08-28T22:30:00-04:00,23722.75,23724.25,23720.75,23721.75,0,0,0,0,0,0,0,NaN,23724.25,23720.75,23721.75
2025-08-28T22:35:00-04:00,23722.25,23724,23719.5,23722,0,0,0,0,0,0,0,NaN,23724,23719.5,23722
2025-08-28T22:40:00-04:00,23721.5,23722.25,23719.75,23720,0,0,0,0,0,0,0,NaN,23722.25,23719.75,23720
2025-08-28T22:45:00-04:00,23720.5,23721.5,23717.75,23720.75,0,0,0,0,0,0,0,NaN,23721.5,23717.75,23720.75
2025-08-28T22:50:00-04:00,23720.25,23723.5,23720,23723.5,0,0,0,0,0,0,0,NaN,23723.5,23720,23723.5
2025-08-28T22:55:00-04:00,23724,23728,23723.75,23726.25,0,0,0,0,0,0,0,NaN,23728,23723.75,23726.25
2025-08-28T23:00:00-04:00,23726.5,23735,23726.5,23733,0,0,0,0,0,0,0,NaN,23735,23726.5,23733
2025-08-28T23:05:00-04:00,23734.25,23740.25,23734.25,23736.75,0,0,0,0,0,0,0,NaN,23740.25,23734.25,23736.75
2025-08-28T23:10:00-04:00,23737.5,23740,23736.5,23738.5,0,0,0,0,0,0,0,NaN,23740,23736.5,23738.5
2025-08-28T23:15:00-04:00,23738.25,23739,23734,23736,0,0,0,0,0,0,0,NaN,23739,23734,23736
2025-08-28T23:20:00-04:00,23736,23736.75,23733.75,23734,0,0,0,0,0,0,0,NaN,23736.75,23733.75,23734
2025-08-28T23:25:00-04:00,23733.25,23734.25,23729.5,23730.25,0,0,0,0,0,0,0,NaN,23734.25,23729.5,23730.25
2025-08-28T23:30:00-04:00,23730,23732.75,23729.25,23732,0,0,0,0,0,0,0,NaN,23732.75,23729.25,23732
2025-08-28T23:35:00-04:00,23732,23736.75,23731,23736,0,0,0,0,0,0,0,NaN,23736.75,23731,23736
2025-08-28T23:40:00-04:00,23736.25,23741,23735,23735,0,0,0,0,0,0,0,NaN,23741,23735,23735
2025-08-28T23:45:00-04:00,23734.5,23735.5,23729.25,23730.25,0,0,0,0,0,0,0,NaN,23735.5,23729.25,23730.25
2025-08-28T23:50:00-04:00,23730.25,23732.25,23729.25,23730,0,0,0,0,0,0,0,NaN,23732.25,23729.25,23730
2025-08-28T23:55:00-04:00,23729.75,23729.75,23724,23728.5,0,0,0,0,0,0,0,NaN,23729.75,23724,23728.5
2025-08-29T00:00:00-04:00,23728.25,23731.25,23727.25,23727.5,0,0,0,0,0,1,0,NaN,23731.25,23727.25,23727.5
2025-08-29T00:05:00-04:00,23727.5,23728.75,23722.25,23722.25,0,0,0,0,0,0,0,NaN,23728.75,23722.25,23722.25
2025-08-29T00:10:00-04:00,23723.25,23725.75,23723,23724,0,0,0,0,0,0,0,NaN,23725.75,23723,23724
2025-08-29T00:15:00-04:00,23723.75,23726.25,23723.75,23724.5,0,0,0,0,0,0,0,NaN,23726.25,23723.75,23724.5
2025-08-29T00:20:00-04:00,23724.5,23725,23722,23723.25,0,0,0,0,0,0,0,NaN,23725,23722,23723.25
2025-08-29T00:25:00-04:00,23723.25,23725.75,23721.25,23721.25,0,0,0,0,0,0,0,NaN,23725.75,23721.25,23721.25
2025-08-29T00:30:00-04:00,23722,23722.25,23719.25,23719.5,0,0,0,0,0,0,0,NaN,23722.25,23719.25,23719.5
2025-08-29T00:35:00-04:00,23719.75,23723.25,23719.5,23722.5,0,0,0,0,0,0,0,NaN,23723.25,23719.5,23722.5
2025-08-29T00:40:00-04:00,23722.75,23724.25,23722,23723,0,0,0,0,0,0,0,NaN,23724.25,23722,23723
2025-08-29T00:45:00-04:00,23723,23725.75,23721.5,23725.25,0,0,0,0,0,0,0,NaN,23725.75,23721.5,23725.25
2025-08-29T00:50:00-04:00,23725.5,23727,23719.75,23720.5,0,0,0,0,0,0,0,NaN,23727,23719.75,23720.5
2025-08-29T00:55:00-04:00,23720,23720.5,23718.25,23720,0,0,0,0,0,0,0,NaN,23720.5,23718.25,23720
2025-08-29T01:00:00-04:00,23720.75,23728,23720.25,23725.5,0,0,0,0,0,0,0,NaN,23728,23720.25,23725.5
2025-08-29T01:05:00-04:00,23726,23726.5,23724,23725.75,0,0,0,0,0,0,0,NaN,23726.5,23724,23725.75
2025-08-29T01:10:00-04:00,23726,23727.5,23725.75,23726.5,0,0,0,0,0,0,0,NaN,23727.5,23725.75,23726.5
2025-08-29T01:15:00-04:00,23726.25,23727.25,23720.75,23720.75,0,0,0,0,0,0,0,NaN,23727.25,23720.75,23720.75
2025-08-29T01:20:00-04:00,23720.75,23721.25,23715.5,23717.5,0,0,0,0,0,0,0,NaN,23721.25,23715.5,23717.5
2025-08-29T01:25:00-04:00,23717,23719.25,23714.25,23717.5,0,0,0,0,0,0,0,NaN,23719.25,23714.25,23717.5
2025-08-29T01:30:00-04:00,23717,23719.5,23715,23719,0,0,0,0,0,0,0,NaN,23719.5,23715,23719
2025-08-29T01:35:00-04:00,23717.75,23717.75,23715.25,23715.75,0,0,0,0,0,0,0,NaN,23717.75,23715.25,23715.75
2025-08-29T01:40:00-04:00,23716.25,23718.25,23714.25,23718.25,0,0,0,0,0,0,0,NaN,23718.25,23714.25,23718.25
2025-08-29T01:45:00-04:00,23719,23723,23719,23719.75,0,0,0,0,0,0,0,NaN,23723,23719,23719.75
2025-08-29T01:50:00-04:00,23720,23723.25,23714.5,23716.75,0,0,0,0,0,0,0,NaN,23723.25,23714.5,23716.75
2025-08-29T01:55:00-04:00,23717.5,23725.75,23717.5,23723.75,0,0,0,0,0,0,0,NaN,23725.75,23717.5,23723.75
2025-08-29T02:00:00-04:00,23724.25,23727,23720.75,23721.5,0,0,0,0,0,0,0,NaN,23727,23720.75,23721.5
2025-08-29T02:05:00-04:00,23721,23728.75,23719.75,23727.5,0,0,0,0,0,0,0,NaN,23728.75,23719.75,23727.5
2025-08-29T02:10:00-04:00,23727.75,23729.5,23722.75,23723.75,0,0,0,0,0,0,0,NaN,23729.5,23722.75,23723.75
2025-08-29T02:15:00-04:00,23723.5,23728.25,23723.5,23726,0,0,0,0,0,0,0,NaN,23728.25,23723.5,23726
2025-08-29T02:20:00-04:00,23726.25,23731.5,23725.5,23730,0,0,0,0,0,0,0,NaN,23731.5,23725.5,23730
2025-08-29T02:25:00-04:00,23730.5,23733,23729.25,23733,0,0,0,0,0,0,0,NaN,23733,23729.25,23733
2025-08-29T02:30:00-04:00,23732.75,23734,23724,23725,0,0,0,0,0,0,0,NaN,23734,23724,23725
2025-08-29T02:35:00-04:00,23725.5,23726.5,23721.25,23722.75,0,0,0,0,0,0,0,NaN,23726.5,23721.25,23722.75
2025-08-29T02:40:00-04:00,23722,23730.5,23716,23729.75,0,0,0,0,0,0,0,NaN,23730.5,23716,23729.75
2025-08-29T02:45:00-04:00,23729.25,23730.5,23721.5,23722.75,0,0,0,0,0,0,0,NaN,23730.5,23721.5,23722.75
2025-08-29T02:50:00-04:00,23723,23724.75,23716.25,23723,0,0,0,0,0,0,0,NaN,23724.75,23716.25,23723
2025-08-29T02:55:00-04:00,23723.5,23723.75,23713.75,23717,0,0,0,0,0,0,0,NaN,23723.75,23713.75,23717
2025-08-29T03:00:00-04:00,23717.5,23729.5,23712,23726.75,0,0,0,0,0,0,0,NaN,23729.5,23712,23726.75
2025-08-29T03:05:00-04:00,23727.25,23735,23727.25,23734,0,0,0,0,0,0,0,NaN,23735,23727.25,23734
2025-08-29T03:10:00-04:00,23733.25,23737,23727,23728,0,0,0,0,0,0,0,NaN,23737,23727,23728
2025-08-29T03:15:00-04:00,23727,23728.5,23720.5,23721.75,0,0,0,0,0,0,0,NaN,23728.5,23720.5,23721.75
2025-08-29T03:20:00-04:00,23721.5,23729.5,23720,23722.25,0,0,0,0,0,0,0,NaN,23729.5,23720,23722.25
2025-08-29T03:25:00-04:00,23721.25,23724,23717.25,23718.5,0,0,0,0,0,0,0,NaN,23724,23717.25,23718.5
2025-08-29T03:30:00-04:00,23718,23718.75,23712,23714.75,0,0,0,0,0,0,0,NaN,23718.75,23712,23714.75
2025-08-29T03:35:00-04:00,23714.75,23714.75,23705,23709,0,0,0,0,0,0,0,NaN,23714.75,23705,23709
2025-08-29T03:40:00-04:00,23709.5,23711.5,23703,23707.25,0,0,0,0,0,0,0,NaN,23711.5,23703,23707.25
2025-08-29T03:45:00-04:00,23706.75,23706.75,23699,23699,0,0,0,0,0,0,0,NaN,23706.75,23699,23699
2025-08-29T03:50:00-04:00,23698.75,23699,23685,23688.75,0,0,0,0,0,0,0,NaN,23699,23685,23688.75
2025-08-29T03:55:00-04:00,23688.5,23692.5,23683.25,23684.5,0,0,0,0,0,0,0,NaN,23692.5,23683.25,23684.5
2025-08-29T04:00:00-04:00,23685,23697,23675,23678,0,0,0,0,0,0,0,NaN,23697,23675,23678
2025-08-29T04:05:00-04:00,23677,23680.25,23670.25,23673.75,0,0,0,0,0,0,0,NaN,23680.25,23670.25,23673.75
2025-08-29T04:10:00-04:00,23674,23674.25,23655.25,23657.5,0,0,0,0,0,0,0,NaN,23674.25,23655.25,23657.5
2025-08-29T04:15:00-04:00,23657.5,23668.25,23654.25,23661.25,0,0,0,0,0,0,0,NaN,23668.25,23654.25,23661.25
2025-08-29T04:20:00-04:00,23660.5,23670.5,23658.75,23666.75,0,0,0,0,0,0,0,NaN,23670.5,23658.75,23666.75
2025-08-29T04:25:00-04:00,23666.5,23674.5,23665.75,23669.25,0,0,0,0,0,0,0,NaN,23674.5,23665.75,23669.25
2025-08-29T04:30:00-04:00,23669.5,23678.75,23667.25,23675.5,0,0,0,0,0,0,0,NaN,23678.75,23667.25,23675.5
2025-08-29T04:35:00-04:00,23674.5,23675,23669,23669.5,0,0,0,0,0,0,0,NaN,23675,23669,23669.5
2025-08-29T04:40:00-04:00,23669.5,23670.75,23663.25,23668,0,0,0,0,0,0,0,NaN,23670.75,23663.25,23668
2025-08-29T04:45:00-04:00,23667.75,23668.5,23659.25,23664.25,0,0,0,0,0,0,0,NaN,23668.5,23659.25,23664.25
2025-08-29T04:50:00-04:00,23665,23666.25,23636.5,23643,0,0,0,0,0,0,0,NaN,23666.25,23636.5,23643
2025-08-29T04:55:00-04:00,23643.25,23650.25,23625,23632.25,0,0,0,0,0,0,0,NaN,23650.25,23625,23632.25
2025-08-29T05:00:00-04:00,23632.5,23639.75,23612.5,23632.5,0,0,0,0,0,0,0,NaN,23639.75,23612.5,23632.5
2025-08-29T05:05:00-04:00,23632.75,23643.75,23628.75,23643.25,0,0,0,0,0,0,0,NaN,23643.75,23628.75,23643.25
2025-08-29T05:10:00-04:00,23643,23650.75,23638.25,23649.75,0,0,0,0,0,0,0,NaN,23650.75,23638.25,23649.75
2025-08-29T05:15:00-04:00,23650.75,23657,23646.5,23648.75,0,0,0,0,0,0,0,NaN,23657,23646.5,23648.75
2025-08-29T05:20:00-04:00,23649,23655,23646.25,23652.5,0,0,0,0,0,0,0,NaN,23655,23646.25,23652.5
2025-08-29T05:25:00-04:00,23653,23658,23650.25,23654.75,0,0,0,0,0,0,0,NaN,23658,23650.25,23654.75
2025-08-29T05:30:00-04:00,23655,23657.75,23650.5,23654.25,0,0,0,0,0,0,0,NaN,23657.75,23650.5,23654.25
2025-08-29T05:35:00-04:00,23654.5,23660.25,23652,23656.25,0,0,0,0,0,0,0,NaN,23660.25,23652,23656.25
2025-08-29T05:40:00-04:00,23656.25,23658.75,23647.75,23649.5,0,0,0,0,0,0,0,NaN,23658.75,23647.75,23649.5
2025-08-29T05:45:00-04:00,23649.75,23658,23649.25,23655.25,0,0,0,0,0,0,0,NaN,23658,23649.25,23655.25
2025-08-29T05:50:00-04:00,23655,23655,23645,23645.75,0,0,0,0,0,0,0,NaN,23655,23645,23645.75
2025-08-29T05:55:00-04:00,23646,23653.75,23640.5,23646,0,0,0,0,0,0,0,NaN,23653.75,23640.5,23646
2025-08-29T06:00:00-04:00,23646,23647.25,23633.5,23644.5,0,0,0,0,0,0,0,NaN,23647.25,23633.5,23644.5
2025-08-29T06:05:00-04:00,23645,23650,23642.25,23649.25,0,0,0,0,0,0,0,NaN,23650,23642.25,23649.25
2025-08-29T06:10:00-04:00,23649.75,23662.25,23649.5,23651.75,0,0,0,0,0,0,0,NaN,23662.25,23649.5,23651.75
2025-08-29T06:15:00-04:00,23650.75,23656.25,23644.25,23654.75,0,0,0,0,0,0,0,NaN,23656.25,23644.25,23654.75
2025-08-29T06:20:00-04:00,23655,23656.25,23646.75,23649.75,0,0,0,0,0,0,0,NaN,23656.25,23646.75,23649.75
2025-08-29T06:25:00-04:00,23650.5,23654.25,23647.75,23649.5,0,0,0,0,0,0,0,NaN,23654.25,23647.75,23649.5
2025-08-29T06:30:00-04:00,23649.5,23649.75,23638.75,23647,0,0,0,0,0,0,0,NaN,23649.75,23638.75,23647
2025-08-29T06:35:00-04:00,23646.75,23646.75,23637,23641,0,0,0,0,0,0,0,NaN,23646.75,23637,23641
2025-08-29T06:40:00-04:00,23641.5,23642.25,23632,23635,0,0,0,0,0,0,0,NaN,23642.25,23632,23635
2025-08-29T06:45:00-04:00,23635.25,23641,23630.75,23635.25,0,0,0,0,0,0,0,NaN,23641,23630.75,23635.25
2025-08-29T06:50:00-04:00,23635.25,23642.25,23633.75,23634,0,0,0,0,0,0,0,NaN,23642.25,23633.75,23634
2025-08-29T06:55:00-04:00,23634,23637.75,23623,23636.5,0,0,0,0,0,0,0,NaN,23637.75,23623,23636.5
2025-08-29T07:00:00-04:00,23636.25,23644.5,23633,23642.5,0,0,0,0,0,0,0,NaN,23644.5,23633,23642.5
2025-08-29T07:05:00-04:00,23641.75,23644.75,23635,23644.75,0,0,0,0,0,0,0,NaN,23644.75,23635,23644.75
2025-08-29T07:10:00-04:00,23644.75,23650.75,23643.5,23649.25,0,0,0,0,0,0,0,NaN,23650.75,23643.5,23649.25
2025-08-29T07:15:00-04:00,23649.5,23654.5,23645,23651.5,0,0,0,0,0,0,0,NaN,23654.5,23645,23651.5
2025-08-29T07:20:00-04:00,23651.5,23654.25,23648,23648.5,0,0,0,0,0,0,0,NaN,23654.25,23648,23648.5
2025-08-29T07:25:00-04:00,23648.75,23650.5,23642.5,23646.75,0,0,0,0,0,0,0,NaN,23650.5,23642.5,23646.75
2025-08-29T07:30:00-04:00,23646.5,23647,23640,23642.25,0,0,0,0,0,0,0,NaN,23647,23640,23642.25
2025-08-29T07:35:00-04:00,23643.25,23647.5,23638.25,23641,0,0,0,0,0,0,0,NaN,23647.5,23638.25,23641
2025-08-29T07:40:00-04:00,23639.25,23648.75,23637.75,23638.5,0,0,0,0,0,0,0,NaN,23648.75,23637.75,23638.5
2025-08-29T07:45:00-04:00,23639.25,23643.75,23637,23637.5,0,0,0,0,0,0,0,NaN,23643.75,23637,23637.5
2025-08-29T07:50:00-04:00,23637.25,23637.75,23630.75,23636.5,0,0,0,0,0,0,0,NaN,23637.75,23630.75,23636.5
2025-08-29T07:55:00-04:00,23637,23642,23632.5,23639.25,0,0,0,0,0,0,0,NaN,23642,23632.5,23639.25
2025-08-29T08:00:00-04:00,23639.5,23644.25,23630.5,23630.5,0,0,0,0,0,0,0,NaN,23644.25,23630.5,23630.5
2025-08-29T08:05:00-04:00,23630.25,23634.75,23621.75,23629,0,0,0,0,0,0,0,NaN,23634.75,23621.75,23629
2025-08-29T08:10:00-04:00,23628.25,23633,23624.25,23633,0,0,0,0,0,0,0,NaN,23633,23624.25,23633
2025-08-29T08:15:00-04:00,23633,23642.25,23629.75,23630.25,0,0,0,0,0,0,0,NaN,23642.25,23629.75,23630.25
2025-08-29T08:20:00-04:00,23629.5,23639.25,23628.75,23631.25,0,0,0,0,0,0,0,NaN,23639.25,23628.75,23631.25
2025-08-29T08:25:00-04:00,23631,23639.25,23627,23630,0,0,0,0,0,0,0,NaN,23639.25,23627,23630
2025-08-29T08:30:00-04:00,23629.25,23681.5,23626,23664,0,0,0,0,0,0,0,NaN,23681.5,23626,23664
2025-08-29T08:35:00-04:00,23664.75,23667.75,23647.25,23652.25,0,0,0,0,0,0,0,NaN,23667.75,23647.25,23652.25
2025-08-29T08:40:00-04:00,23651.75,23657.25,23644,23655.5,0,0,0,0,0,0,0,NaN,23657.25,23644,23655.5
2025-08-29T08:45:00-04:00,23654.25,23667.5,23651.75,23662.25,0,0,0,0,0,0,0,NaN,23667.5,23651.75,23662.25
2025-08-29T08:50:00-04:00,23662.5,23665.5,23653.75,23663,0,0,0,0,0,0,0,NaN,23665.5,23653.75,23663
2025-08-29T08:55:00-04:00,23662.75,23667.5,23660.5,23666.5,0,0,0,0,0,0,0,NaN,23667.5,23660.5,23666.5
2025-08-29T09:00:00-04:00,23665.5,23666.75,23656,23665,0,0,0,0,0,0,0,NaN,23666.75,23656,23665
2025-08-29T09:05:00-04:00,23665,23667,23656.25,23657.5,0,0,0,0,0,0,0,NaN,23667,23656.25,23657.5
2025-08-29T09:10:00-04:00,23658,23660.5,23651.75,23658,0,0,0,0,0,0,0,NaN,23660.5,23651.75,23658
2025-08-29T09:15:00-04:00,23657.5,23664.5,23651,23651,0,0,0,0,0,0,0,NaN,23664.5,23651,23651
2025-08-29T09:20:00-04:00,23651.5,23664,23651.25,23654.75,0,0,0,0,0,0,0,NaN,23664,23651.25,23654.75
2025-08-29T09:25:00-04:00,23655,23670.25,23648.75,23652.5,0,0,0,0,0,0,0,NaN,23670.25,23648.75,23652.5
2025-08-29T09:30:00-04:00,23652,23668,23630.75,23638.25,0,0,0,0,0,0,0,NaN,23668,23630.75,23638.25
2025-08-29T09:35:00-04:00,23637.75,23644,23594.5,23596.25,0,0,0,0,0,0,0,NaN,23644,23594.5,23596.25
2025-08-29T09:40:00-04:00,23596.5,23626.25,23588,23600.25,0,0,0,0,0,0,0,NaN,23626.25,23588,23600.25
2025-08-29T09:45:00-04:00,23600.75,23601,23538.25,23543.25,0,0,0,0,0,0,0,NaN,23601,23538.25,23543.25
2025-08-29T09:50:00-04:00,23543,23575.25,23526,23548.5,0,0,0,0,0,0,0,NaN,23575.25,23526,23548.5
2025-08-29T09:55:00-04:00,23549,23560.5,23507.25,23518.25,0,0,0,0,0,0,0,NaN,23560.5,23507.25,23518.25
2025-08-29T10:00:00-04:00,23519.75,23551.25,23480.75,23481.5,0,0,0,0,0,0,0,NaN,23551.25,23480.75,23481.5
2025-08-29T10:05:00-04:00,23481.25,23491,23440,23458.25,0,0,0,0,0,0,0,NaN,23491,23440,23458.25
2025-08-29T10:10:00-04:00,23457.5,23472.25,23431,23458.5,0,0,0,0,0,0,0,NaN,23472.25,23431,23458.5
2025-08-29T10:15:00-04:00,23457.5,23467.75,23428,23464,0,0,0,0,0,0,0,NaN,23467.75,23428,23464
2025-08-29T10:20:00-04:00,23463.75,23498.75,23460.25,23486.25,0,0,0,0,0,0,0,NaN,23498.75,23460.25,23486.25
2025-08-29T10:25:00-04:00,23485.75,23498.75,23447.75,23498,0,0,0,0,0,0,0,NaN,23498.75,23447.75,23498
2025-08-29T10:30:00-04:00,23498,23506.5,23475,23491.25,0,0,0,0,0,0,0,NaN,23506.5,23475,23491.25
2025-08-29T10:35:00-04:00,23490.75,23515,23479.25,23509,0,0,0,0,0,0,0,NaN,23515,23479.25,23509
2025-08-29T10:40:00-04:00,23508.75,23515.5,23470,23471.75,0,0,0,0,0,0,0,NaN,23515.5,23470,23471.75
2025-08-29T10:45:00-04:00,23471.25,23481.75,23441.75,23449.75,0,0,0,0,0,0,0,NaN,23481.75,23441.75,23449.75
2025-08-29T10:50:00-04:00,23449.75,23453,23420.25,23436.5,0,0,0,0,0,0,0,NaN,23453,23420.25,23436.5
2025-08-29T10:55:00-04:00,23437.25,23453,23415.25,23435.5,0,0,0,0,0,0,0,NaN,23453,23415.25,23435.5
2025-08-29T11:00:00-04:00,23434.75,23457.25,23428.5,23449.5,0,0,0,0,0,0,0,NaN,23457.25,23428.5,23449.5
2025-08-29T11:05:00-04:00,23450.25,23477.5,23444,23473.5,0,0,0,0,0,0,0,NaN,23477.5,23444,23473.5
2025-08-29T11:10:00-04:00,23474,23483.25,23464.75,23467.75,0,0,0,0,0,0,0,NaN,23483.25,23464.75,23467.75
2025-08-29T11:15:00-04:00,23468.25,23481.5,23460.5,23470.5,0,0,0,0,0,0,0,NaN,23481.5,23460.5,23470.5
2025-08-29T11:20:00-04:00,23470,23490.75,23467.75,23488,0,0,0,0,0,0,0,NaN,23490.75,23467.75,23488
2025-08-29T11:25:00-04:00,23487.75,23498.75,23476,23481.75,0,0,0,0,0,0,0,NaN,23498.75,23476,23481.75
2025-08-29T11:30:00-04:00,23482,23486.5,23458,23460.25,0,0,0,0,0,0,0,NaN,23486.5,23458,23460.25
2025-08-29T11:35:00-04:00,23460.5,23478,23450.5,23465,0,0,0,0,0,0,0,NaN,23478,23450.5,23465
2025-08-29T11:40:00-04:00,23465,23474,23455.5,23457,0,0,0,0,0,0,0,NaN,23474,23455.5,23457
2025-08-29T11:45:00-04:00,23457.25,23459,23446,23448.5,0,0,0,0,0,0,0,NaN,23459,23446,23448.5
2025-08-29T11:50:00-04:00,23448,23459.5,23435.5,23445.5,0,0,0,0,0,0,0,NaN,23459.5,23435.5,23445.5
2025-08-29T11:55:00-04:00,23445,23452,23425,23431.75,0,0,0,0,0,0,0,NaN,23452,23425,23431.75
2025-08-29T12:00:00-04:00,23431.5,23456.5,23428.75,23451.25,0,0,0,0,0,0,0,NaN,23456.5,23428.75,23451.25
2025-08-29T12:05:00-04:00,23451.75,23457.5,23432.75,23454,0,0,0,0,0,0,0,NaN,23457.5,23432.75,23454
2025-08-29T12:10:00-04:00,23453.5,23476.75,23450,23470.25,0,0,0,0,0,0,0,NaN,23476.75,23450,23470.25
2025-08-29T12:15:00-04:00,23470.75,23479.5,23464.25,23471,0,0,0,0,0,0,0,NaN,23479.5,23464.25,23471
2025-08-29T12:20:00-04:00,23471.25,23478.25,23467.75,23471.5,0,0,0,0,0,0,0,NaN,23478.25,23467.75,23471.5
2025-08-29T12:25:00-04:00,23471,23475.75,23447.5,23454,0,0,0,0,0,0,0,NaN,23475.75,23447.5,23454
2025-08-29T12:30:00-04:00,23453.5,23477.5,23453.5,23473.5,0,0,0,0,0,0,0,NaN,23477.5,23453.5,23473.5
2025-08-29T12:35:00-04:00,23473.75,23482.5,23468.75,23480.75,0,0,0,0,0,0,0,NaN,23482.5,23468.75,23480.75
2025-08-29T12:40:00-04:00,23481,23484,23474.25,23483.5,0,0,0,0,0,0,0,NaN,23484,23474.25,23483.5
2025-08-29T12:45:00-04:00,23483.5,23492,23474.25,23477.75,0,0,0,0,0,0,0,NaN,23492,23474.25,23477.75
2025-08-29T12:50:00-04:00,23477.5,23486.75,23471,23484,0,0,0,0,0,0,0,NaN,23486.75,23471,23484
2025-08-29T12:55:00-04:00,23483.75,23489.25,23476.5,23477.75,0,0,0,0,0,0,0,NaN,23489.25,23476.5,23477.75
2025-08-29T13:00:00-04:00,23477.75,23477.75,23431.5,23432.75,0,0,0,0,0,0,0,NaN,23477.75,23431.5,23432.75
2025-08-29T13:05:00-04:00,23432.75,23447.75,23420,23443.75,0,0,0,0,0,0,0,NaN,23447.75,23420,23443.75
2025-08-29T13:10:00-04:00,23443,23443.5,23415.5,23419.5,0,0,0,0,0,0,0,NaN,23443.5,23415.5,23419.5
2025-08-29T13:15:00-04:00,23419.75,23425,23397.5,23413.75,0,0,0,0,0,0,0,NaN,23425,23397.5,23413.75
2025-08-29T13:20:00-04:00,23414,23435.75,23413.25,23430,0,0,0,0,0,0,0,NaN,23435.75,23413.25,23430
2025-08-29T13:25:00-04:00,23429.25,23439,23423.25,23428,0,0,0,0,0,0,0,NaN,23439,23423.25,23428
2025-08-29T13:30:00-04:00,23428.5,23444,23419.25,23423,0,0,0,0,0,0,0,NaN,23444,23419.25,23423
2025-08-29T13:35:00-04:00,23422.5,23437.25,23415.75,23435.25,0,0,0,0,0,0,0,NaN,23437.25,23415.75,23435.25
2025-08-29T13:40:00-04:00,23435.5,23446.5,23431,23441.5,0,0,0,0,0,0,0,NaN,23446.5,23431,23441.5
2025-08-29T13:45:00-04:00,23441,23459,23440.5,23455.25,0,0,0,0,0,0,0,NaN,23459,23440.5,23455.25
2025-08-29T13:50:00-04:00,23455,23476.5,23451.25,23465.25,0,0,0,0,0,0,0,NaN,23476.5,23451.25,23465.25
2025-08-29T13:55:00-04:00,23465,23469.25,23443.25,23459.5,0,0,0,0,0,0,0,NaN,23469.25,23443.25,23459.5
2025-08-29T14:00:00-04:00,23459.25,23460,23443.25,23446.25,0,0,0,0,0,0,0,NaN,23460,23443.25,23446.25
2025-08-29T14:05:00-04:00,23446,23465.25,23442.25,23463.5,0,0,0,0,0,0,0,NaN,23465.25,23442.25,23463.5
2025-08-29T14:10:00-04:00,23463,23467.25,23449.5,23460.5,0,0,0,0,0,0,0,NaN,23467.25,23449.5,23460.5
2025-08-29T14:15:00-04:00,23460.25,23465.25,23455.25,23459.25,0,0,0,0,0,0,0,NaN,23465.25,23455.25,23459.25
2025-08-29T14:20:00-04:00,23459,23459,23433.5,23451.75,0,0,0,0,0,0,0,NaN,23459,23433.5,23451.75
2025-08-29T14:25:00-04:00,23451.5,23456.5,23437,23441.5,0,0,0,0,0,0,0,NaN,23456.5,23437,23441.5
2025-08-29T14:30:00-04:00,23440.75,23463,23440.75,23459.5,0,0,0,0,0,0,0,NaN,23463,23440.75,23459.5
2025-08-29T14:35:00-04:00,23459.75,23464,23448,23448.5,0,0,0,0,0,0,0,NaN,23464,23448,23448.5
2025-08-29T14:40:00-04:00,23448.75,23454.5,23442.25,23444,0,0,0,0,0,0,0,NaN,23454.5,23442.25,23444
2025-08-29T14:45:00-04:00,23444.25,23450.75,23441.5,23444,0,0,0,0,0,0,0,NaN,23450.75,23441.5,23444
2025-08-29T14:50:00-04:00,23443.75,23453.5,23438,23450,0,0,0,0,0,0,0,NaN,23453.5,23438,23450
2025-08-29T14:55:00-04:00,23450.25,23459.5,23445,23459,0,0,0,0,0,0,0,NaN,23459.5,23445,23459
2025-08-29T15:00:00-04:00,23459,23462.75,23452.25,23458.75,0,0,0,0,0,0,0,NaN,23462.75,23452.25,23458.75
2025-08-29T15:05:00-04:00,23458.75,23472,23456.25,23470,0,0,0,0,0,0,0,NaN,23472,23456.25,23470
2025-08-29T15:10:00-04:00,23469.75,23475.25,23461.25,23467,0,0,0,0,0,0,0,NaN,23475.25,23461.25,23467
2025-08-29T15:15:00-04:00,23467,23477,23465.75,23476.25,0,0,0,0,0,0,0,NaN,23477,23465.75,23476.25
2025-08-29T15:20:00-04:00,23476,23485,23467,23472.5,0,0,0,0,0,0,0,NaN,23485,23467,23472.5
2025-08-29T15:25:00-04:00,23472.25,23472.5,23456,23463.5,0,0,0,0,0,0,0,NaN,23472.5,23456,23463.5
2025-08-29T15:30:00-04:00,23463.25,23473.25,23460,23460,0,0,0,0,0,0,0,NaN,23473.25,23460,23460
2025-08-29T15:35:00-04:00,23460.75,23463,23444.5,23458.25,0,0,0,0,0,0,0,NaN,23463,23444.5,23458.25
2025-08-29T15:40:00-04:00,23458.5,23482.75,23456.5,23478.5,0,0,0,0,0,0,0,NaN,23482.75,23456.5,23478.5
2025-08-29T15:45:00-04:00,23478.25,23495.25,23469,23474,0,0,0,0,0,0,0,NaN,23495.25,23469,23474
2025-08-29T15:50:00-04:00,23474.25,23483.5,23426.75,23429.25,0,0,0,0,0,0,0,NaN,23483.5,23426.75,23429.25
2025-08-29T15:55:00-04:00,23429.25,23474.75,23426,23473.5,0,0,0,0,0,0,0,NaN,23474.75,23426,23473.5
2025-08-29T16:00:00-04:00,23473,23488.5,23453.25,23466.5,0,0,0,0,0,0,0,NaN,23488.5,23453.25,23466.5
2025-08-29T16:05:00-04:00,23466.5,23471.75,23457,23461.25,0,0,0,0,0,0,0,NaN,23471.75,23457,23461.25
2025-08-29T16:10:00-04:00,23461.5,23466,23455.75,23465,0,0,0,0,0,0,0,NaN,23466,23455.75,23465
2025-08-29T16:15:00-04:00,23465,23465.25,23454.75,23459.25,0,0,0,0,0,0,0,NaN,23465.25,23454.75,23459.25
2025-08-29T16:20:00-04:00,23459.25,23464.5,23457.25,23463,0,0,0,0,0,0,0,NaN,23464.5,23457.25,23463
2025-08-29T16:25:00-04:00,23463,23463,23452.75,23456.25,0,0,0,0,0,0,0,NaN,23463,23452.75,23456.25
2025-08-29T16:30:00-04:00,23455.75,23457.25,23453.5,23456.75,0,0,0,0,0,0,0,NaN,23457.25,23453.5,23456.75
2025-08-29T16:35:00-04:00,23457,23460.75,23456.75,23457.5,0,0,0,0,0,0,0,NaN,23460.75,23456.75,23457.5
2025-08-29T16:40:00-04:00,23457.5,23460.25,23452.25,23453.25,0,0,0,0,0,0,0,NaN,23460.25,23452.25,23453.25
2025-08-29T16:45:00-04:00,23453.5,23456.25,23452.25,23456,0,0,0,0,0,0,0,NaN,23456.25,23452.25,23456
2025-08-29T16:50:00-04:00,23456,23464.25,23455,23463,0,0,0,0,0,0,0,NaN,23464.25,23455,23463
2025-08-29T16:55:00-04:00,23462.75,23463,23454.25,23454.5,0,0,0,0,0,0,0,NaN,23463,23454.25,23454.5
2025-08-31T18:00:00-04:00,23479,23499,23464,23492,0,0,0,0,0,0,0,NaN,23499,23464,23492
2025-08-31T18:05:00-04:00,23491.25,23515,23479.75,23512.75,0,0,0,0,0,0,0,NaN,23515,23479.75,23512.75
2025-08-31T18:10:00-04:00,23512.25,23514.5,23503.5,23504.5,0,0,0,0,0,0,0,NaN,23514.5,23503.5,23504.5
2025-08-31T18:15:00-04:00,23505.25,23514.5,23500.5,23513.75,0,0,0,0,0,0,0,NaN,23514.5,23500.5,23513.75
2025-08-31T18:20:00-04:00,23514.25,23514.5,23505.75,23509.5,0,0,0,0,0,0,0,NaN,23514.5,23505.75,23509.5
2025-08-31T18:25:00-04:00,23509.25,23510.25,23498.5,23499.75,0,0,0,0,0,0,0,NaN,23510.25,23498.5,23499.75
2025-08-31T18:30:00-04:00,23500.75,23508,23499,23505.75,0,0,0,0,0,0,0,NaN,23508,23499,23505.75
2025-08-31T18:35:00-04:00,23505.75,23514.5,23505.25,23512,0,0,0,0,0,0,0,NaN,23514.5,23505.25,23512
2025-08-31T18:40:00-04:00,23512.25,23525.25,23511.25,23522.25,0,0,0,0,0,0,0,NaN,23525.25,23511.25,23522.25
2025-08-31T18:45:00-04:00,23523.5,23528,23522.75,23523.75,0,0,0,0,0,0,0,NaN,23528,23522.75,23523.75
2025-08-31T18:50:00-04:00,23524.5,23533.75,23524.25,23532.5,0,0,0,0,0,0,0,NaN,23533.75,23524.25,23532.5
2025-08-31T18:55:00-04:00,23532,23537,23532,23536,0,0,0,0,0,0,0,NaN,23537,23532,23536
2025-08-31T19:00:00-04:00,23535.25,23546.25,23535.25,23540,0,0,0,0,0,0,0,NaN,23546.25,23535.25,23540
2025-08-31T19:05:00-04:00,23540.75,23542.75,23536.25,23538.5,0,0,0,0,0,0,0,NaN,23542.75,23536.25,23538.5
2025-08-31T19:10:00-04:00,23538.75,23539.75,23532.75,23536.5,0,0,0,0,0,0,0,NaN,23539.75,23532.75,23536.5
2025-08-31T19:15:00-04:00,23536.5,23541,23532,23533,0,0,0,0,0,0,0,NaN,23541,23532,23533
2025-08-31T19:20:00-04:00,23533,23535.25,23531,23531.25,0,0,0,0,0,0,0,NaN,23535.25,23531,23531.25
2025-08-31T19:25:00-04:00,23530.75,23535.75,23530,23533.75,0,0,0,0,0,0,0,NaN,23535.75,23530,23533.75
2025-08-31T19:30:00-04:00,23534.75,23535.5,23531,23532,0,0,0,0,0,0,0,NaN,23535.5,23531,23532
2025-08-31T19:35:00-04:00,23532,23536.25,23530,23533,0,0,0,0,0,0,0,NaN,23536.25,23530,23533
2025-08-31T19:40:00-04:00,23532.5,23536.75,23530,23536,0,0,0,0,0,0,0,NaN,23536.75,23530,23536
2025-08-31T19:45:00-04:00,23536.5,23537.75,23530,23535.75,0,0,0,0,0,0,0,NaN,23537.75,23530,23535.75
2025-08-31T19:50:00-04:00,23535.25,23537.5,23533.5,23535.5,0,0,0,0,0,0,0,NaN,23537.5,23533.5,23535.5
2025-08-31T19:55:00-04:00,23535.75,23538.5,23533,23538.5,0,0,0,0,0,0,0,NaN,23538.5,23533,23538.5
2025-08-31T20:00:00-04:00,23538.5,23541,23530,23538,0,0,0,0,0,0,0,NaN,23541,23530,23538
2025-08-31T20:05:00-04:00,23537,23548.75,23537,23544,0,0,0,0,0,0,0,NaN,23548.75,23537,23544
2025-08-31T20:10:00-04:00,23543.5,23552.25,23538.75,23549.5,0,0,0,0,0,0,0,NaN,23552.25,23538.75,23549.5
2025-08-31T20:15:00-04:00,23549,23552.5,23547.5,23550.5,0,0,0,0,0,0,0,NaN,23552.5,23547.5,23550.5
2025-08-31T20:20:00-04:00,23550,23550,23539.25,23540.25,0,0,0,0,0,0,0,NaN,23550,23539.25,23540.25
2025-08-31T20:25:00-04:00,23539.5,23539.5,23530,23537,0,0,0,0,0,0,0,NaN,23539.5,23530,23537
2025-08-31T20:30:00-04:00,23537,23541.5,23533.25,23533.25,0,0,0,0,0,0,0,NaN,23541.5,23533.25,23533.25
2025-08-31T20:35:00-04:00,23533.75,23535.25,23530,23533.75,0,0,0,0,0,0,0,NaN,23535.25,23530,23533.75
2025-08-31T20:40:00-04:00,23534.25,23539.75,23533.5,23539.75,0,0,0,0,0,0,0,NaN,23539.75,23533.5,23539.75
2025-08-31T20:45:00-04:00,23539.25,23544.5,23539.25,23541.5,0,0,0,0,0,0,0,NaN,23544.5,23539.25,23541.5
2025-08-31T20:50:00-04:00,23541.5,23542.75,23539.25,23539.25,0,0,0,0,0,0,0,NaN,23542.75,23539.25,23539.25
2025-08-31T20:55:00-04:00,23539,23541,23537.75,23537.75,0,0,0,0,0,0,0,NaN,23541,23537.75,23537.75
2025-08-31T21:00:00-04:00,23538.5,23540.25,23531,23539,0,0,0,0,0,0,0,NaN,23540.25,23531,23539
2025-08-31T21:05:00-04:00,23539.75,23539.75,23531.5,23533.5,0,0,0,0,0,0,0,NaN,23539.75,23531.5,23533.5
2025-08-31T21:10:00-04:00,23533.25,23537.75,23532,23536,0,0,0,0,0,0,0,NaN,23537.75,23532,23536
2025-08-31T21:15:00-04:00,23535.5,23539,23529.5,23530,0,0,0,0,0,0,0,NaN,23539,23529.5,23530
2025-08-31T21:20:00-04:00,23529.5,23533.75,23529.5,23530.75,0,0,0,0,0,0,0,NaN,23533.75,23529.5,23530.75
2025-08-31T21:25:00-04:00,23531.25,23537.5,23531.25,23534.75,0,0,0,0,0,0,0,NaN,23537.5,23531.25,23534.75
2025-08-31T21:30:00-04:00,23534.75,23538.25,23531.75,23535,0,0,0,0,0,0,0,NaN,23538.25,23531.75,23535
2025-08-31T21:35:00-04:00,23535,23535.75,23529.5,23530.75,0,0,0,0,0,0,0,NaN,23535.75,23529.5,23530.75
2025-08-31T21:40:00-04:00,23530.75,23533.75,23529.75,23532.25,0,0,0,0,0,0,0,NaN,23533.75,23529.75,23532.25
2025-08-31T21:45:00-04:00,23532.25,23535.25,23531.5,23532.25,0,0,0,0,0,0,0,NaN,23535.25,23531.5,23532.25
2025-08-31T21:50:00-04:00,23531,23532,23508.25,23509,0,0,0,0,0,0,0,NaN,23532,23508.25,23509
2025-08-31T21:55:00-04:00,23509,23520.25,23508.75,23517.75,0,0,0,0,0,0,0,NaN,23520.25,23508.75,23517.75
2025-08-31T22:00:00-04:00,23518,23518.5,23503.25,23506,0,0,0,0,0,0,0,NaN,23518.5,23503.25,23506
2025-08-31T22:05:00-04:00,23506.75,23508.5,23502.75,23503.25,0,0,0,0,0,0,0,NaN,23508.5,23502.75,23503.25
2025-08-31T22:10:00-04:00,23503.5,23505,23486.25,23487.5,0,0,0,0,0,0,0,NaN,23505,23486.25,23487.5
2025-08-31T22:15:00-04:00,23487.75,23489.75,23479.5,23482,0,0,0,0,0,0,0,NaN,23489.75,23479.5,23482
2025-08-31T22:20:00-04:00,23481.25,23489.5,23476.25,23480.5,0,0,0,0,0,0,0,NaN,23489.5,23476.25,23480.5
2025-08-31T22:25:00-04:00,23481,23482.5,23474.25,23477,0,0,0,0,0,0,0,NaN,23482.5,23474.25,23477
2025-08-31T22:30:00-04:00,23476.25,23480.5,23471,23478.75,0,0,0,0,0,0,0,NaN,23480.5,23471,23478.75
2025-08-31T22:35:00-04:00,23477.75,23485.75,23475,23475.75,0,0,0,0,0,0,0,NaN,23485.75,23475,23475.75
2025-08-31T22:40:00-04:00,23476,23478.5,23466,23473.25,0,0,0,0,0,0,0,NaN,23478.5,23466,23473.25
2025-08-31T22:45:00-04:00,23473.25,23483.25,23473.25,23478.75,0,0,0,0,0,0,0,NaN,23483.25,23473.25,23478.75
2025-08-31T22:50:00-04:00,23479,23479.5,23468,23470.25,0,0,0,0,0,0,0,NaN,23479.5,23468,23470.25
2025-08-31T22:55:00-04:00,23470.5,23474.25,23468,23469,0,0,0,0,0,0,0,NaN,23474.25,23468,23469
2025-08-31T23:00:00-04:00,23469,23474.75,23453,23473.75,0,0,0,0,0,0,0,NaN,23474.75,23453,23473.75
2025-08-31T23:05:00-04:00,23473.25,23480.25,23473.25,23478.5,0,0,0,0,0,0,0,NaN,23480.25,23473.25,23478.5
2025-08-31T23:10:00-04:00,23479,23484.75,23477.25,23480,0,0,0,0,0,0,0,NaN,23484.75,23477.25,23480
2025-08-31T23:15:00-04:00,23480,23481.5,23461,23462,0,0,0,0,0,0,0,NaN,23481.5,23461,23462
2025-08-31T23:20:00-04:00,23463,23468.5,23441,23442.5,0,0,0,0,0,0,0,NaN,23468.5,23441,23442.5
2025-08-31T23:25:00-04:00,23443.75,23446.5,23433.75,23442.5,0,0,0,0,0,0,0,NaN,23446.5,23433.75,23442.5
2025-08-31T23:30:00-04:00,23444.75,23449,23437,23437.25,0,0,0,0,0,0,0,NaN,23449,23437,23437.25
2025-08-31T23:35:00-04:00,23437,23443,23431.75,23442.75,0,0,0,0,0,0,0,NaN,23443,23431.75,23442.75
2025-08-31T23:40:00-04:00,23443,23448.75,23442.25,23446.75,0,0,0,0,0,0,0,NaN,23448.75,23442.25,23446.75
2025-08-31T23:45:00-04:00,23448,23450,23441.25,23444.25,0,0,0,0,0,0,0,NaN,23450,23441.25,23444.25
2025-08-31T23:50:00-04:00,23444.75,23447.25,23442.25,23443.25,0,0,0,0,0,0,0,NaN,23447.25,23442.25,23443.25
2025-08-31T23:55:00-04:00,23443,23447,23440.25,23442.25,0,0,0,0,0,0,0,NaN,23447,23440.25,23442.25
2025-09-01T00:00:00-04:00,23442,23443,23438.25,23440.75,0,1,0,0,0,0,0,NaN,23443,23438.25,23440.75
2025-09-01T00:05:00-04:00,23441.5,23445.5,23437.25,23443.75,0,0,0,0,0,0,0,NaN,23445.5,23437.25,23443.75
2025-09-01T00:10:00-04:00,23444.5,23447.5,23438.75,23438.75,0,0,0,0,0,0,0,NaN,23447.5,23438.75,23438.75
2025-09-01T00:15:00-04:00,23440,23441.25,23434,23435.75,0,0,0,0,0,0,0,NaN,23441.25,23434,23435.75
2025-09-01T00:20:00-04:00,23435.5,23444.75,23435.25,23441,0,0,0,0,0,0,0,NaN,23444.75,23435.25,23441
2025-09-01T00:25:00-04:00,23442,23442,23432,23433,0,0,0,0,0,0,0,NaN,23442,23432,23433
2025-09-01T00:30:00-04:00,23433.25,23433.5,23420.25,23425,0,0,0,0,0,0,0,NaN,23433.5,23420.25,23425
2025-09-01T00:35:00-04:00,23425.25,23425.25,23406.75,23410.5,0,0,0,0,0,0,0,NaN,23425.25,23406.75,23410.5
2025-09-01T00:40:00-04:00,23409.75,23420.25,23408.75,23418.75,0,0,0,0,0,0,0,NaN,23420.25,23408.75,23418.75
2025-09-01T00:45:00-04:00,23419.25,23438.5,23416.75,23437.75,0,0,0,0,0,0,0,NaN,23438.5,23416.75,23437.75
2025-09-01T00:50:00-04:00,23438.25,23442.25,23425.75,23437.75,0,0,0,0,0,0,0,NaN,23442.25,23425.75,23437.75
2025-09-01T00:55:00-04:00,23437.25,23439.75,23427.75,23428,0,0,0,0,0,0,0,NaN,23439.75,23427.75,23428
2025-09-01T01:00:00-04:00,23427,23433.5,23418.75,23429.75,0,0,0,0,0,0,0,NaN,23433.5,23418.75,23429.75
2025-09-01T01:05:00-04:00,23430,23431,23417.25,23418,0,0,0,0,0,0,0,NaN,23431,23417.25,23418
2025-09-01T01:10:00-04:00,23417.5,23424.75,23410,23421.75,0,0,0,0,0,0,0,NaN,23424.75,23410,23421.75
2025-09-01T01:15:00-04:00,23422.25,23426.5,23414,23419.75,0,0,0,0,0,0,0,NaN,23426.5,23414,23419.75
2025-09-01T01:20:00-04:00,23419.75,23430.5,23419.75,23428,0,0,0,0,0,0,0,NaN,23430.5,23419.75,23428
2025-09-01T01:25:00-04:00,23429,23436,23428,23435.75,0,0,0,0,0,0,0,NaN,23436,23428,23435.75
2025-09-01T01:30:00-04:00,23436,23441.75,23430.25,23439.5,0,0,0,0,0,0,0,NaN,23441.75,23430.25,23439.5
2025-09-01T01:35:00-04:00,23438.75,23443.75,23434.25,23439.75,0,0,0,0,0,0,0,NaN,23443.75,23434.25,23439.75
2025-09-01T01:40:00-04:00,23440,23449.25,23440,23447.75,0,0,0,0,0,0,0,NaN,23449.25,23440,23447.75
2025-09-01T01:45:00-04:00,23447.5,23448,23427,23433,0,0,0,0,0,0,0,NaN,23448,23427,23433
2025-09-01T01:50:00-04:00,23433,23444.75,23424.5,23434,0,0,0,0,0,0,0,NaN,23444.75,23424.5,23434
2025-09-01T01:55:00-04:00,23435,23437.25,23428,23429.5,0,0,0,0,0,0,0,NaN,23437.25,23428,23429.5
2025-09-01T02:00:00-04:00,23429.5,23430.5,23407.5,23408.75,0,0,0,0,0,0,0,NaN,23430.5,23407.5,23408.75
2025-09-01T02:05:00-04:00,23409.25,23416.75,23392.5,23398.25,0,0,0,0,0,0,0,NaN,23416.75,23392.5,23398.25
2025-09-01T02:10:00-04:00,23398.5,23399,23392,23398,0,0,0,0,0,0,0,NaN,23399,23392,23398
2025-09-01T02:15:00-04:00,23398.75,23400,23390.5,23398.5,0,0,0,0,0,0,0,NaN,23400,23390.5,23398.5
2025-09-01T02:20:00-04:00,23398,23400,23393.5,23394.75,0,0,0,0,0,0,0,NaN,23400,23393.5,23394.75
2025-09-01T02:25:00-04:00,23394.5,23394.5,23370.5,23374.75,0,0,0,0,0,0,0,NaN,23394.5,23370.5,23374.75
2025-09-01T02:30:00-04:00,23375.75,23400,23375.75,23395.75,0,0,0,0,0,0,0,NaN,23400,23375.75,23395.75
2025-09-01T02:35:00-04:00,23396.25,23424.75,23393.5,23424.25,0,0,0,0,0,0,0,NaN,23424.75,23393.5,23424.25
2025-09-01T02:40:00-04:00,23424.25,23459,23420.25,23458.75,0,0,0,0,0,0,0,NaN,23459,23420.25,23458.75
2025-09-01T02:45:00-04:00,23458.75,23474,23445.25,23447.75,0,0,0,0,0,0,0,NaN,23474,23445.25,23447.75
2025-09-01T02:50:00-04:00,23447,23455.25,23441.25,23446.75,0,0,0,0,0,0,0,NaN,23455.25,23441.25,23446.75
2025-09-01T02:55:00-04:00,23447.75,23452.5,23442,23448.75,0,0,0,0,0,0,0,NaN,23452.5,23442,23448.75
2025-09-01T03:00:00-04:00,23449.75,23468.75,23447,23466.75,0,0,0,0,0,0,0,NaN,23468.75,23447,23466.75
2025-09-01T03:05:00-04:00,23467,23467.5,23447,23450,0,0,0,0,0,0,0,NaN,23467.5,23447,23450
2025-09-01T03:10:00-04:00,23449.25,23451,23442.25,23449.25,0,0,0,0,0,0,0,NaN,23451,23442.25,23449.25
2025-09-01T03:15:00-04:00,23449.75,23462.25,23444.75,23454.25,0,0,0,0,0,0,0,NaN,23462.25,23444.75,23454.25
2025-09-01T03:20:00-04:00,23455,23458.5,23445.25,23456.5,0,0,0,0,0,0,0,NaN,23458.5,23445.25,23456.5
2025-09-01T03:25:00-04:00,23456.75,23475.25,23452.75,23473.25,0,0,0,0,0,0,0,NaN,23475.25,23452.75,23473.25
2025-09-01T03:30:00-04:00,23473.75,23475.75,23463.75,23471,0,0,0,0,0,0,0,NaN,23475.75,23463.75,23471
2025-09-01T03:35:00-04:00,23471.75,23477,23464.5,23471.75,0,0,0,0,0,0,0,NaN,23477,23464.5,23471.75
2025-09-01T03:40:00-04:00,23471.5,23474.5,23466.25,23472.25,0,0,0,0,0,0,0,NaN,23474.5,23466.25,23472.25
2025-09-01T03:45:00-04:00,23472.5,23477.5,23470.75,23472,0,0,0,0,0,0,0,NaN,23477.5,23470.75,23472
2025-09-01T03:50:00-04:00,23473,23473.25,23465.5,23465.5,0,0,0,0,0,0,0,NaN,23473.25,23465.5,23465.5
2025-09-01T03:55:00-04:00,23465,23471.5,23457.5,23470.5,0,0,0,0,0,0,0,NaN,23471.5,23457.5,23470.5
2025-09-01T04:00:00-04:00,23469.5,23470.75,23460.5,23465.25,0,0,0,0,0,0,0,NaN,23470.75,23460.5,23465.25
2025-09-01T04:05:00-04:00,23466.5,23481.5,23459.75,23479,0,0,0,0,0,0,0,NaN,23481.5,23459.75,23479
2025-09-01T04:10:00-04:00,23478.25,23481.75,23470.5,23472.75,0,0,0,0,0,0,0,NaN,23481.75,23470.5,23472.75
2025-09-01T04:15:00-04:00,23474,23477.75,23462.75,23468.25,0,0,0,0,0,0,0,NaN,23477.75,23462.75,23468.25
2025-09-01T04:20:00-04:00,23468.75,23488,23468.75,23486.25,0,0,0,0,0,0,0,NaN,23488,23468.75,23486.25
2025-09-01T04:25:00-04:00,23486.25,23489.25,23479.25,23485,0,0,0,0,0,0,0,NaN,23489.25,23479.25,23485
2025-09-01T04:30:00-04:00,23484,23492.5,23483.75,23490,0,0,0,0,0,0,0,NaN,23492.5,23483.75,23490
2025-09-01T04:35:00-04:00,23489.5,23502.5,23489.25,23496,0,0,0,0,0,0,0,NaN,23502.5,23489.25,23496
2025-09-01T04:40:00-04:00,23496.75,23500.25,23491.25,23495.25,0,0,0,0,0,0,0,NaN,23500.25,23491.25,23495.25
2025-09-01T04:45:00-04:00,23495,23497.75,23484.25,23486.75,0,0,0,0,0,0,0,NaN,23497.75,23484.25,23486.75
2025-09-01T04:50:00-04:00,23486.75,23487.5,23480.75,23485.25,0,0,0,0,0,0,0,NaN,23487.5,23480.75,23485.25
2025-09-01T04:55:00-04:00,23485.25,23493,23479,23490.75,0,0,0,0,0,0,0,NaN,23493,23479,23490.75
2025-09-01T05:00:00-04:00,23489.25,23490.25,23483.25,23485.25,0,0,0,0,0,0,0,NaN,23490.25,23483.25,23485.25
2025-09-01T05:05:00-04:00,23485,23486,23477.75,23483.75,0,0,0,0,0,0,0,NaN,23486,23477.75,23483.75
2025-09-01T05:10:00-04:00,23482.75,23484.25,23480.75,23483,0,0,0,0,0,0,0,NaN,23484.25,23480.75,23483
2025-09-01T05:15:00-04:00,23483,23488,23481.75,23486.5,0,0,0,0,0,0,0,NaN,23488,23481.75,23486.5
2025-09-01T05:20:00-04:00,23488,23496.75,23487.5,23491,0,0,0,0,0,0,0,NaN,23496.75,23487.5,23491
2025-09-01T05:25:00-04:00,23491,23492.25,23488.5,23490.75,0,0,0,0,0,0,0,NaN,23492.25,23488.5,23490.75
2025-09-01T05:30:00-04:00,23491,23496.25,23489,23492.25,0,0,0,0,0,0,0,NaN,23496.25,23489,23492.25
2025-09-01T05:35:00-04:00,23491.25,23493.5,23487,23488.25,0,0,0,0,0,0,0,NaN,23493.5,23487,23488.25
2025-09-01T05:40:00-04:00,23488.25,23494.5,23485,23486.75,0,0,0,0,0,0,0,NaN,23494.5,23485,23486.75
2025-09-01T05:45:00-04:00,23485.75,23487.5,23476.5,23483.75,0,0,0,0,0,0,0,NaN,23487.5,23476.5,23483.75
2025-09-01T05:50:00-04:00,23483.75,23488,23482.25,23482.5,0,0,0,0,0,0,0,NaN,23488,23482.25,23482.5
2025-09-01T05:55:00-04:00,23481.25,23488.25,23481.25,23484.75,0,0,0,0,0,0,0,NaN,23488.25,23481.25,23484.75
2025-09-01T06:00:00-04:00,23485.75,23486.5,23480.25,23484,0,0,0,0,0,0,0,NaN,23486.5,23480.25,23484
2025-09-01T06:05:00-04:00,23484.25,23492,23484,23491.5,0,0,0,0,0,0,0,NaN,23492,23484,23491.5
2025-09-01T06:10:00-04:00,23491.75,23496.75,23489.25,23496,0,0,0,0,0,0,0,NaN,23496.75,23489.25,23496
2025-09-01T06:15:00-04:00,23495.25,23496.25,23491,23493.5,0,0,0,0,0,0,0,NaN,23496.25,23491,23493.5
2025-09-01T06:20:00-04:00,23493.5,23494.5,23489.75,23490.5,0,0,0,0,0,0,0,NaN,23494.5,23489.75,23490.5
2025-09-01T06:25:00-04:00,23490.25,23492.75,23488.25,23490.5,0,0,0,0,0,0,0,NaN,23492.75,23488.25,23490.5
2025-09-01T06:30:00-04:00,23491,23492.25,23484,23490.5,0,0,0,0,0,0,0,NaN,23492.25,23484,23490.5
2025-09-01T06:35:00-04:00,23491.25,23493.5,23489.75,23492,0,0,0,0,0,0,0,NaN,23493.5,23489.75,23492
2025-09-01T06:40:00-04:00,23491.75,23501.25,23490.75,23492.75,0,0,0,0,0,0,0,NaN,23501.25,23490.75,23492.75
2025-09-01T06:45:00-04:00,23493.25,23493.25,23483.75,23486,0,0,0,0,0,0,0,NaN,23493.25,23483.75,23486
2025-09-01T06:50:00-04:00,23486.5,23489,23484.5,23486.75,0,0,0,0,0,0,0,NaN,23489,23484.5,23486.75
2025-09-01T06:55:00-04:00,23488,23491,23483.25,23486.25,0,0,0,0,0,0,0,NaN,23491,23483.25,23486.25
2025-09-01T07:00:00-04:00,23485.75,23493.5,23482.5,23491.5,0,0,0,0,0,0,0,NaN,23493.5,23482.5,23491.5
2025-09-01T07:05:00-04:00,23490.25,23494.25,23487.25,23489.75,0,0,0,0,0,0,0,NaN,23494.25,23487.25,23489.75
2025-09-01T07:10:00-04:00,23488.75,23488.75,23483.75,23483.75,0,0,0,0,0,0,0,NaN,23488.75,23483.75,23483.75
2025-09-01T07:15:00-04:00,23483.25,23487.25,23479.25,23482.25,0,0,0,0,0,0,0,NaN,23487.25,23479.25,23482.25
2025-09-01T07:20:00-04:00,23481.75,23483.25,23468.5,23470,0,0,0,0,0,0,0,NaN,23483.25,23468.5,23470
2025-09-01T07:25:00-04:00,23470.5,23471.75,23460.75,23465.25,0,0,0,0,0,0,0,NaN,23471.75,23460.75,23465.25
2025-09-01T07:30:00-04:00,23465,23469.5,23457.25,23467,0,0,0,0,0,0,0,NaN,23469.5,23457.25,23467
2025-09-01T07:35:00-04:00,23467.25,23467.5,23446.25,23466,0,0,0,0,0,0,0,NaN,23467.5,23446.25,23466
2025-09-01T07:40:00-04:00,23466.5,23472,23461,23462.5,0,0,0,0,0,0,0,NaN,23472,23461,23462.5
2025-09-01T07:45:00-04:00,23462.75,23467,23456.5,23460.25,0,0,0,0,0,0,0,NaN,23467,23456.5,23460.25
2025-09-01T07:50:00-04:00,23459.5,23468,23457.5,23468,0,0,0,0,0,0,0,NaN,23468,23457.5,23468
2025-09-01T07:55:00-04:00,23468.25,23471.5,23464.5,23467,0,0,0,0,0,0,0,NaN,23471.5,23464.5,23467
2025-09-01T08:00:00-04:00,23465.5,23468.25,23461.75,23467,0,0,0,0,0,0,0,NaN,23468.25,23461.75,23467
2025-09-01T08:05:00-04:00,23466,23468.5,23460,23462.75,0,0,0,0,0,0,0,NaN,23468.5,23460,23462.75
2025-09-01T08:10:00-04:00,23463,23471,23463,23469,0,0,0,0,0,0,0,NaN,23471,23463,23469
2025-09-01T08:15:00-04:00,23470,23471.75,23466,23468.25,0,0,0,0,0,0,0,NaN,23471.75,23466,23468.25
2025-09-01T08:20:00-04:00,23468.5,23470,23464,23467.75,0,0,0,0,0,0,0,NaN,23470,23464,23467.75
2025-09-01T08:25:00-04:00,23468,23475.25,23468,23473,0,0,0,0,0,0,0,NaN,23475.25,23468,23473
2025-09-01T08:30:00-04:00,23472.75,23480.5,23471,23480.25,0,0,0,0,0,0,0,NaN,23480.5,23471,23480.25
2025-09-01T08:35:00-04:00,23480.75,23482.5,23478,23481,0,0,0,0,0,0,0,NaN,23482.5,23478,23481
2025-09-01T08:40:00-04:00,23480.25,23480.75,23471.25,23472.25,0,0,0,0,0,0,0,NaN,23480.75,23471.25,23472.25
2025-09-01T08:45:00-04:00,23472,23472,23468,23468.25,0,0,0,0,0,0,0,NaN,23472,23468,23468.25
2025-09-01T08:50:00-04:00,23468.75,23470.75,23465.75,23468,0,0,0,0,0,0,0,NaN,23470.75,23465.75,23468
2025-09-01T08:55:00-04:00,23468.5,23478,23465.25,23477.25,0,0,0,0,0,0,0,NaN,23478,23465.25,23477.25
2025-09-01T09:00:00-04:00,23477.25,23479.5,23475.5,23478.75,0,0,0,0,0,0,0,NaN,23479.5,23475.5,23478.75
2025-09-01T09:05:00-04:00,23478.5,23481.75,23477,23481,0,0,0,0,0,0,0,NaN,23481.75,23477,23481
2025-09-01T09:10:00-04:00,23481.25,23484,23477.5,23482.75,0,0,0,0,0,0,0,NaN,23484,23477.5,23482.75
2025-09-01T09:15:00-04:00,23483,23483,23476.5,23479,0,0,0,0,0,0,0,NaN,23483,23476.5,23479
2025-09-01T09:20:00-04:00,23479,23485.75,23478.25,23480.75,0,0,0,0,0,0,0,NaN,23485.75,23478.25,23480.75
2025-09-01T09:25:00-04:00,23480.25,23481.25,23473.25,23476.75,0,0,0,0,0,0,0,NaN,23481.25,23473.25,23476.75
2025-09-01T09:30:00-04:00,23476,23477.5,23441.75,23459.25,0,0,0,0,0,0,0,NaN,23477.5,23441.75,23459.25
2025-09-01T09:35:00-04:00,23459.75,23479.25,23459,23478,0,0,0,0,0,0,0,NaN,23479.25,23459,23478
2025-09-01T09:40:00-04:00,23477,23484,23472,23481.5,0,0,0,0,0,0,0,NaN,23484,23472,23481.5
2025-09-01T09:45:00-04:00,23481.25,23486.25,23475,23485.75,0,0,0,0,0,0,0,NaN,23486.25,23475,23485.75
2025-09-01T09:50:00-04:00,23485,23494.75,23483.5,23490,0,0,0,0,0,0,0,NaN,23494.75,23483.5,23490
2025-09-01T09:55:00-04:00,23490,23492.25,23487,23488.75,0,0,0,0,0,0,0,NaN,23492.25,23487,23488.75
2025-09-01T10:00:00-04:00,23488.25,23493,23485.75,23490,0,0,0,0,0,0,0,NaN,23493,23485.75,23490
2025-09-01T10:05:00-04:00,23490,23490.75,23486.5,23488.25,0,0,0,0,0,0,0,NaN,23490.75,23486.5,23488.25
2025-09-01T10:10:00-04:00,23487.75,23491.75,23482.25,23486.75,0,0,0,0,0,0,0,NaN,23491.75,23482.25,23486.75
2025-09-01T10:15:00-04:00,23486.25,23488,23482.25,23484.5,0,0,0,0,0,0,0,NaN,23488,23482.25,23484.5
2025-09-01T10:20:00-04:00,23484.5,23487.5,23479,23480.75,0,0,0,0,0,0,0,NaN,23487.5,23479,23480.75
2025-09-01T10:25:00-04:00,23481,23485.5,23480,23484.5,0,0,0,0,0,0,0,NaN,23485.5,23480,23484.5
2025-09-01T10:30:00-04:00,23485,23489.75,23485,23486,0,0,0,0,0,0,0,NaN,23489.75,23485,23486
2025-09-01T10:35:00-04:00,23486.25,23491.5,23483.5,23489.75,0,0,0,0,0,0,0,NaN,23491.5,23483.5,23489.75
2025-09-01T10:40:00-04:00,23489.25,23489.75,23484.75,23489.25,0,0,0,0,0,0,0,NaN,23489.75,23484.75,23489.25
2025-09-01T10:45:00-04:00,23489,23490,23484.75,23487.5,0,0,0,0,0,0,0,NaN,23490,23484.75,23487.5
2025-09-01T10:50:00-04:00,23487.25,23490,23483.75,23487.75,0,0,0,0,0,0,0,NaN,23490,23483.75,23487.75
2025-09-01T10:55:00-04:00,23488.25,23492,23487,23491.5,0,0,0,0,0,0,0,NaN,23492,23487,23491.5
2025-09-01T11:00:00-04:00,23490.75,23493.5,23485.25,23493,0,0,0,0,0,0,0,NaN,23493.5,23485.25,23493
2025-09-01T11:05:00-04:00,23493,23496,23482.75,23483.5,0,0,0,0,0,0,0,NaN,23496,23482.75,23483.5
2025-09-01T11:10:00-04:00,23483.75,23491.5,23479.5,23489.5,0,0,0,0,0,0,0,NaN,23491.5,23479.5,23489.5
2025-09-01T11:15:00-04:00,23489.75,23496.75,23488.75,23495.5,0,0,0,0,0,0,0,NaN,23496.75,23488.75,23495.5
2025-09-01T11:20:00-04:00,23495,23500.75,23494.75,23500,0,0,0,0,0,0,0,NaN,23500.75,23494.75,23500
2025-09-01T11:25:00-04:00,23500.25,23504,23497,23502.75,0,0,0,0,0,0,0,NaN,23504,23497,23502.75
2025-09-01T11:30:00-04:00,23503,23506.75,23501.25,23504.25,0,0,0,0,0,0,0,NaN,23506.75,23501.25,23504.25
2025-09-01T11:35:00-04:00,23504.5,23506.5,23501,23504.25,0,0,0,0,0,0,0,NaN,23506.5,23501,23504.25
2025-09-01T11:40:00-04:00,23503.75,23505.25,23502,23502.75,0,0,0,0,0,0,0,NaN,23505.25,23502,23502.75
2025-09-01T11:45:00-04:00,23502.25,23503,23497.75,23500.75,0,0,0,0,0,0,0,NaN,23503,23497.75,23500.75
2025-09-01T11:50:00-04:00,23500.5,23502.75,23498,23499.5,0,0,0,0,0,0,0,NaN,23502.75,23498,23499.5
2025-09-01T11:55:00-04:00,23499.75,23499.75,23494.25,23495.25,0,0,0,0,0,0,0,NaN,23499.75,23494.25,23495.25
2025-09-01T12:00:00-04:00,23495.75,23499.25,23489.25,23493.25,0,0,0,0,0,0,0,NaN,23499.25,23489.25,23493.25
2025-09-01T12:05:00-04:00,23493.5,23494.75,23488.75,23489.25,0,0,0,0,0,0,0,NaN,23494.75,23488.75,23489.25
2025-09-01T12:10:00-04:00,23488.75,23490.5,23485.75,23489.75,0,0,0,0,0,0,0,NaN,23490.5,23485.75,23489.75
2025-09-01T12:15:00-04:00,23489.75,23490.25,23481.75,23483.75,0,0,0,0,0,0,0,NaN,23490.25,23481.75,23483.75
2025-09-01T12:20:00-04:00,23483.75,23488.5,23482.75,23487.5,0,0,0,0,0,0,0,NaN,23488.5,23482.75,23487.5
2025-09-01T12:25:00-04:00,23487.25,23491.25,23486.5,23487.25,0,0,0,0,0,0,0,NaN,23491.25,23486.5,23487.25
2025-09-01T12:30:00-04:00,23487.5,23500,23486.25,23498.75,0,0,0,0,0,0,0,NaN,23500,23486.25,23498.75
2025-09-01T12:35:00-04:00,23498.5,23504,23497.5,23502.75,0,0,0,0,0,0,0,NaN,23504,23497.5,23502.75
2025-09-01T12:40:00-04:00,23502.25,23506,23502.25,23502.75,0,0,0,0,0,0,0,NaN,23506,23502.25,23502.75
2025-09-01T12:45:00-04:00,23502,23505.5,23500,23503.25,0,0,0,0,0,0,0,NaN,23505.5,23500,23503.25
2025-09-01T12:50:00-04:00,23502.75,23506.5,23500,23500.5,0,0,0,0,0,0,0,NaN,23506.5,23500,23500.5
2025-09-01T12:55:00-04:00,23501,23503.75,23497,23502.25,0,0,0,0,0,0,0,NaN,23503.75,23497,23502.25
2025-09-01T18:00:00-04:00,23502.25,23509.5,23487,23492,0,0,0,0,0,0,0,NaN,23509.5,23487,23492
2025-09-01T18:05:00-04:00,23492.75,23496.5,23488.75,23494.5,0,0,0,0,0,0,0,NaN,23496.5,23488.75,23494.5
2025-09-01T18:10:00-04:00,23494.75,23497,23490.75,23492,0,0,0,0,0,0,0,NaN,23497,23490.75,23492
2025-09-01T18:15:00-04:00,23492.25,23496.75,23490.25,23490.5,0,0,0,0,0,0,0,NaN,23496.75,23490.25,23490.5
2025-09-01T18:20:00-04:00,23490.5,23493.25,23483.5,23490,0,0,0,0,0,0,0,NaN,23493.25,23483.5,23490
2025-09-01T18:25:00-04:00,23490.5,23490.75,23479.25,23480.5,0,0,0,0,0,0,0,NaN,23490.75,23479.25,23480.5
2025-09-01T18:30:00-04:00,23481,23486,23479.75,23485.75,0,0,0,0,0,0,0,NaN,23486,23479.75,23485.75
2025-09-01T18:35:00-04:00,23485.25,23486.75,23483,23484.5,0,0,0,0,0,0,0,NaN,23486.75,23483,23484.5
2025-09-01T18:40:00-04:00,23484.75,23485.5,23479.75,23480.75,0,0,0,0,0,0,0,NaN,23485.5,23479.75,23480.75
2025-09-01T18:45:00-04:00,23480.25,23485.75,23479.25,23482.25,0,0,0,0,0,0,0,NaN,23485.75,23479.25,23482.25
2025-09-01T18:50:00-04:00,23480.75,23483.25,23469.75,23471.25,0,0,0,0,0,0,0,NaN,23483.25,23469.75,23471.25
2025-09-01T18:55:00-04:00,23471,23471.25,23461,23461.75,0,0,0,0,0,0,0,NaN,23471.25,23461,23461.75
2025-09-01T19:00:00-04:00,23462.5,23465,23448,23448.75,0,0,0,0,0,0,0,NaN,23465,23448,23448.75
2025-09-01T19:05:00-04:00,23449,23457.5,23445.5,23451.25,0,0,0,0,0,0,0,NaN,23457.5,23445.5,23451.25
2025-09-01T19:10:00-04:00,23450.75,23460.75,23450,23457.5,0,0,0,0,0,0,0,NaN,23460.75,23450,23457.5
2025-09-01T19:15:00-04:00,23458,23461,23449,23449,0,0,0,0,0,0,0,NaN,23461,23449,23449
2025-09-01T19:20:00-04:00,23449.25,23451.5,23430.5,23434.25,0,0,0,0,0,0,0,NaN,23451.5,23430.5,23434.25
2025-09-01T19:25:00-04:00,23434,23442,23428.25,23439,0,0,0,0,0,0,0,NaN,23442,23428.25,23439
2025-09-01T19:30:00-04:00,23439,23447,23439,23442.25,0,0,0,0,0,0,0,NaN,23447,23439,23442.25
2025-09-01T19:35:00-04:00,23441.5,23444.25,23433.25,23439.75,0,0,0,0,0,0,0,NaN,23444.25,23433.25,23439.75
2025-09-01T19:40:00-04:00,23441.25,23442,23430.75,23437.25,0,0,0,0,0,0,0,NaN,23442,23430.75,23437.25
2025-09-01T19:45:00-04:00,23436.75,23444.5,23436,23437.25,0,0,0,0,0,0,0,NaN,23444.5,23436,23437.25
2025-09-01T19:50:00-04:00,23437.5,23443,23431.75,23442.5,0,0,0,0,0,0,0,NaN,23443,23431.75,23442.5
2025-09-01T19:55:00-04:00,23442.5,23447.75,23440.5,23444.5,0,0,0,0,0,0,0,NaN,23447.75,23440.5,23444.5
2025-09-01T20:00:00-04:00,23446,23452.75,23436.25,23443.75,0,0,0,0,0,0,0,NaN,23452.75,23436.25,23443.75
2025-09-01T20:05:00-04:00,23443.25,23450.25,23438.5,23443.25,0,0,0,0,0,0,0,NaN,23450.25,23438.5,23443.25
2025-09-01T20:10:00-04:00,23444,23446,23436.75,23441,0,0,0,0,0,0,0,NaN,23446,23436.75,23441
2025-09-01T20:15:00-04:00,23441.75,23449.5,23435.5,23436.25,0,0,0,0,0,0,0,NaN,23449.5,23435.5,23436.25
2025-09-01T20:20:00-04:00,23436,23439,23431,23435.5,0,0,0,0,0,0,0,NaN,23439,23431,23435.5
2025-09-01T20:25:00-04:00,23434.5,23440.5,23434.25,23439,0,0,0,0,0,0,0,NaN,23440.5,23434.25,23439
2025-09-01T20:30:00-04:00,23438,23453.25,23437.75,23451.25,0,0,0,0,0,0,0,NaN,23453.25,23437.75,23451.25
2025-09-01T20:35:00-04:00,23451.5,23458,23450.25,23456.25,0,0,0,0,0,0,0,NaN,23458,23450.25,23456.25
2025-09-01T20:40:00-04:00,23456.5,23459.25,23449.5,23458,0,0,0,0,0,0,0,NaN,23459.25,23449.5,23458
2025-09-01T20:45:00-04:00,23458,23471.75,23457.25,23470.5,0,0,0,0,0,0,0,NaN,23471.75,23457.25,23470.5
2025-09-01T20:50:00-04:00,23471,23473,23466.75,23467.75,0,0,0,0,0,0,0,NaN,23473,23466.75,23467.75
2025-09-01T20:55:00-04:00,23468.25,23474.75,23468.25,23473.75,0,0,0,0,0,0,0,NaN,23474.75,23468.25,23473.75
2025-09-01T21:00:00-04:00,23473.25,23481,23472.75,23478.25,0,0,0,0,0,0,0,NaN,23481,23472.75,23478.25
2025-09-01T21:05:00-04:00,23477.5,23484.5,23477,23481.75,0,0,0,0,0,0,0,NaN,23484.5,23477,23481.75
2025-09-01T21:10:00-04:00,23481.5,23484.25,23480.25,23482.75,0,0,0,0,0,0,0,NaN,23484.25,23480.25,23482.75
2025-09-01T21:15:00-04:00,23481.5,23482,23476.25,23477,0,0,0,0,0,0,0,NaN,23482,23476.25,23477
2025-09-01T21:20:00-04:00,23478,23479,23469.25,23470.25,0,0,0,0,0,0,0,NaN,23479,23469.25,23470.25
2025-09-01T21:25:00-04:00,23469.75,23469.75,23462.75,23466.5,0,0,0,0,0,0,0,NaN,23469.75,23462.75,23466.5
2025-09-01T21:30:00-04:00,23467.5,23473.25,23464.5,23468.25,0,0,0,0,0,0,0,NaN,23473.25,23464.5,23468.25
2025-09-01T21:35:00-04:00,23467.75,23475,23466,23467.25,0,0,0,0,0,0,0,NaN,23475,23466,23467.25
2025-09-01T21:40:00-04:00,23467.75,23470,23465,23467.75,0,0,0,0,0,0,0,NaN,23470,23465,23467.75
2025-09-01T21:45:00-04:00,23468,23475,23468,23473.5,0,0,0,0,0,0,0,NaN,23475,23468,23473.5
2025-09-01T21:50:00-04:00,23474,23474.25,23460,23460.5,0,0,0,0,0,0,0,NaN,23474.25,23460,23460.5
2025-09-01T21:55:00-04:00,23460,23461,23438.5,23438.75,0,0,0,0,0,0,0,NaN,23461,23438.5,23438.75
2025-09-01T22:00:00-04:00,23439,23445.25,23431.25,23440.25,0,0,0,0,0,0,0,NaN,23445.25,23431.25,23440.25
2025-09-01T22:05:00-04:00,23440.25,23448,23439.25,23439.75,0,0,0,0,0,0,0,NaN,23448,23439.25,23439.75
2025-09-01T22:10:00-04:00,23439,23444.5,23434,23435.25,0,0,0,0,0,0,0,NaN,23444.5,23434,23435.25
2025-09-01T22:15:00-04:00,23434,23435.25,23418.5,23422.5,0,0,0,0,0,0,0,NaN,23435.25,23418.5,23422.5
2025-09-01T22:20:00-04:00,23422,23429.5,23421.75,23428,0,0,0,0,0,0,0,NaN,23429.5,23421.75,23428
2025-09-01T22:25:00-04:00,23429,23430.5,23420.25,23425.75,0,0,0,0,0,0,0,NaN,23430.5,23420.25,23425.75
2025-09-01T22:30:00-04:00,23425,23426.75,23415.75,23418.75,0,0,0,0,0,0,0,NaN,23426.75,23415.75,23418.75
2025-09-01T22:35:00-04:00,23419,23424.75,23416,23421.25,0,0,0,0,0,0,0,NaN,23424.75,23416,23421.25
2025-09-01T22:40:00-04:00,23420.5,23424.25,23415.5,23423,0,0,0,0,0,0,0,NaN,23424.25,23415.5,23423
2025-09-01T22:45:00-04:00,23423.75,23428.5,23419.5,23426,0,0,0,0,0,0,0,NaN,23428.5,23419.5,23426
2025-09-01T22:50:00-04:00,23426.25,23432.5,23423,23425,0,0,0,0,0,0,0,NaN,23432.5,23423,23425
2025-09-01T22:55:00-04:00,23425,23430,23422,23425.75,0,0,0,0,0,0,0,NaN,23430,23422,23425.75
2025-09-01T23:00:00-04:00,23426.25,23430.75,23422.75,23424.25,0,0,0,0,0,0,0,NaN,23430.75,23422.75,23424.25
2025-09-01T23:05:00-04:00,23423.25,23423.25,23417.75,23419.75,0,0,0,0,0,0,0,NaN,23423.25,23417.75,23419.75
2025-09-01T23:10:00-04:00,23420,23424.5,23416,23423.75,0,0,0,0,0,0,0,NaN,23424.5,23416,23423.75
2025-09-01T23:15:00-04:00,23423,23437,23422.75,23431.25,0,0,0,0,0,0,0,NaN,23437,23422.75,23431.25
2025-09-01T23:20:00-04:00,23432,23433.5,23429.25,23433.5,0,0,0,0,0,0,0,NaN,23433.5,23429.25,23433.5
2025-09-01T23:25:00-04:00,23433.5,23436.5,23431.5,23433.25,0,0,0,0,0,0,0,NaN,23436.5,23431.5,23433.25
2025-09-01T23:30:00-04:00,23433,23434.25,23428.5,23430,0,0,0,0,0,0,0,NaN,23434.25,23428.5,23430
2025-09-01T23:35:00-04:00,23429.75,23434.25,23429.75,23433.75,0,0,0,0,0,0,0,NaN,23434.25,23429.75,23433.75
2025-09-01T23:40:00-04:00,23434,23439,23434,23437,0,0,0,0,0,0,0,NaN,23439,23434,23437
2025-09-01T23:45:00-04:00,23436.75,23442.25,23436.75,23440.5,0,0,0,0,0,0,0,NaN,23442.25,23436.75,23440.5
2025-09-01T23:50:00-04:00,23440.5,23441.25,23436.5,23440.5,0,0,0,0,0,0,0,NaN,23441.25,23436.5,23440.5
2025-09-01T23:55:00-04:00,23441,23442,23437.5,23438.25,0,0,0,0,0,0,0,NaN,23442,23437.5,23438.25
2025-09-02T00:00:00-04:00,23437.75,23441,23433.75,23440,0,0,1,0,0,0,0,NaN,23441,23433.75,23440
2025-09-02T00:05:00-04:00,23440.5,23442.5,23439.75,23440,0,0,0,0,0,0,0,NaN,23442.5,23439.75,23440
2025-09-02T00:10:00-04:00,23440.5,23444,23440.5,23441.75,0,0,0,0,0,0,0,NaN,23444,23440.5,23441.75
2025-09-02T00:15:00-04:00,23442,23443.75,23441.75,23442.75,0,0,0,0,0,0,0,NaN,23443.75,23441.75,23442.75
2025-09-02T00:20:00-04:00,23442.5,23446.25,23442.5,23446.25,0,0,0,0,0,0,0,NaN,23446.25,23442.5,23446.25
2025-09-02T00:25:00-04:00,23446.25,23451,23444.5,23450,0,0,0,0,0,0,0,NaN,23451,23444.5,23450
2025-09-02T00:30:00-04:00,23449.25,23450,23440.75,23441.25,0,0,0,0,0,0,0,NaN,23450,23440.75,23441.25
2025-09-02T00:35:00-04:00,23441.75,23442.25,23428.25,23429.25,0,0,0,0,0,0,0,NaN,23442.25,23428.25,23429.25
2025-09-02T00:40:00-04:00,23430,23435.5,23427.75,23435.25,0,0,0,0,0,0,0,NaN,23435.5,23427.75,23435.25
2025-09-02T00:45:00-04:00,23435,23441.5,23435,23439.5,0,0,0,0,0,0,0,NaN,23441.5,23435,23439.5
2025-09-02T00:50:00-04:00,23439,23443.5,23436.25,23442.75,0,0,0,0,0,0,0,NaN,23443.5,23436.25,23442.75
2025-09-02T00:55:00-04:00,23443,23444.5,23437.5,23437.5,0,0,0,0,0,0,0,NaN,23444.5,23437.5,23437.5
2025-09-02T01:00:00-04:00,23438.25,23439,23428.5,23428.75,0,0,0,0,0,0,0,NaN,23439,23428.5,23428.75
2025-09-02T01:05:00-04:00,23428.75,23430,23408.75,23411.5,0,0,0,0,0,0,0,NaN,23430,23408.75,23411.5
2025-09-02T01:10:00-04:00,23411.25,23421.5,23404.75,23415.25,0,0,0,0,0,0,0,NaN,23421.5,23404.75,23415.25
2025-09-02T01:15:00-04:00,23415,23417.5,23410,23413.75,0,0,0,0,0,0,0,NaN,23417.5,23410,23413.75
2025-09-02T01:20:00-04:00,23413,23420.25,23411.5,23414.75,0,0,0,0,0,0,0,NaN,23420.25,23411.5,23414.75
2025-09-02T01:25:00-04:00,23414.25,23420.5,23414,23419.75,0,0,0,0,0,0,0,NaN,23420.5,23414,23419.75
2025-09-02T01:30:00-04:00,23420.25,23425.5,23414.25,23424.25,0,0,0,0,0,0,0,NaN,23425.5,23414.25,23424.25
2025-09-02T01:35:00-04:00,23424,23424.25,23407,23413,0,0,0,0,0,0,0,NaN,23424.25,23407,23413
2025-09-02T01:40:00-04:00,23411.75,23417.75,23408.75,23414,0,0,0,0,0,0,0,NaN,23417.75,23408.75,23414
2025-09-02T01:45:00-04:00,23412.5,23431.75,23412.5,23431.25,0,0,0,0,0,0,0,NaN,23431.75,23412.5,23431.25
2025-09-02T01:50:00-04:00,23432,23435.75,23418.75,23420.25,0,0,0,0,0,0,0,NaN,23435.75,23418.75,23420.25
2025-09-02T01:55:00-04:00,23419.5,23422.25,23412.5,23413,0,0,0,0,0,0,0,NaN,23422.25,23412.5,23413
2025-09-02T02:00:00-04:00,23412.75,23426.5,23407.25,23426.25,0,0,0,0,0,0,0,NaN,23426.5,23407.25,23426.25
2025-09-02T02:05:00-04:00,23427,23437.25,23421.25,23433.25,0,0,0,0,0,0,0,NaN,23437.25,23421.25,23433.25
2025-09-02T02:10:00-04:00,23434,23434.5,23421.25,23428.75,0,0,0,0,0,0,0,NaN,23434.5,23421.25,23428.75
2025-09-02T02:15:00-04:00,23428.75,23429,23422.5,23425.75,0,0,0,0,0,0,0,NaN,23429,23422.5,23425.75
2025-09-02T02:20:00-04:00,23424.75,23428.5,23418.25,23427.75,0,0,0,0,0,0,0,NaN,23428.5,23418.25,23427.75
2025-09-02T02:25:00-04:00,23428,23439.75,23422.75,23423,0,0,0,0,0,0,0,NaN,23439.75,23422.75,23423
2025-09-02T02:30:00-04:00,23424.25,23438,23422.5,23437,0,0,0,0,0,0,0,NaN,23438,23422.5,23437
2025-09-02T02:35:00-04:00,23436.75,23438,23432.75,23435.25,0,0,0,0,0,0,0,NaN,23438,23432.75,23435.25
2025-09-02T02:40:00-04:00,23435.5,23439.25,23431.75,23436.25,0,0,0,0,0,0,0,NaN,23439.25,23431.75,23436.25
2025-09-02T02:45:00-04:00,23436.5,23443,23434,23440,0,0,0,0,0,0,0,NaN,23443,23434,23440
2025-09-02T02:50:00-04:00,23439.5,23442.25,23434.75,23437.75,0,0,0,0,0,0,0,NaN,23442.25,23434.75,23437.75
2025-09-02T02:55:00-04:00,23438,23448,23438,23447.75,0,0,0,0,0,0,0,NaN,23448,23438,23447.75
2025-09-02T03:00:00-04:00,23448,23452,23440.5,23447.5,0,0,0,0,0,0,0,NaN,23452,23440.5,23447.5
2025-09-02T03:05:00-04:00,23447.25,23448.25,23426,23426.75,0,0,0,0,0,0,0,NaN,23448.25,23426,23426.75
2025-09-02T03:10:00-04:00,23425.75,23426.5,23390.25,23391.75,0,0,0,0,0,0,0,NaN,23426.5,23390.25,23391.75
2025-09-02T03:15:00-04:00,23391.5,23406.25,23384.5,23402.25,0,0,0,0,0,0,0,NaN,23406.25,23384.5,23402.25
2025-09-02T03:20:00-04:00,23402.25,23404.75,23375.5,23378.5,0,0,0,0,0,0,0,NaN,23404.75,23375.5,23378.5
2025-09-02T03:25:00-04:00,23378.5,23413.5,23372,23412.5,0,0,0,0,0,0,0,NaN,23413.5,23372,23412.5
2025-09-02T03:30:00-04:00,23412.5,23422.5,23387.75,23388,0,0,0,0,0,0,0,NaN,23422.5,23387.75,23388
2025-09-02T03:35:00-04:00,23387.5,23391.25,23372,23376.75,0,0,0,0,0,0,0,NaN,23391.25,23372,23376.75
2025-09-02T03:40:00-04:00,23377,23379,23353,23353.5,0,0,0,0,0,0,0,NaN,23379,23353,23353.5
2025-09-02T03:45:00-04:00,23353.25,23363.5,23312.25,23312.25,0,0,0,0,0,0,0,NaN,23363.5,23312.25,23312.25
2025-09-02T03:50:00-04:00,23312.5,23316,23270,23282.5,0,0,0,0,0,0,0,NaN,23316,23270,23282.5
2025-09-02T03:55:00-04:00,23283,23293,23270.25,23278.25,0,0,0,0,0,0,0,NaN,23293,23270.25,23278.25
2025-09-02T04:00:00-04:00,23278.5,23320,23267.75,23312.5,0,0,0,0,0,0,0,NaN,23320,23267.75,23312.5
2025-09-02T04:05:00-04:00,23312.25,23316.5,23296.75,23311.25,0,0,0,0,0,0,0,NaN,23316.5,23296.75,23311.25
2025-09-02T04:10:00-04:00,23310.25,23315.75,23281.75,23287,0,0,0,0,0,0,0,NaN,23315.75,23281.75,23287
2025-09-02T04:15:00-04:00,23287.5,23320.5,23287,23315,0,0,0,0,0,0,0,NaN,23320.5,23287,23315
2025-09-02T04:20:00-04:00,23313.5,23325.75,23312.25,23313.5,0,0,0,0,0,0,0,NaN,23325.75,23312.25,23313.5
2025-09-02T04:25:00-04:00,23313.25,23315,23306.5,23308.75,0,0,0,0,0,0,0,NaN,23315,23306.5,23308.75
2025-09-02T04:30:00-04:00,23308.75,23313.75,23299.25,23301.75,0,0,0,0,0,0,0,NaN,23313.75,23299.25,23301.75
2025-09-02T04:35:00-04:00,23302,23318.5,23301.25,23316.25,0,0,0,0,0,0,0,NaN,23318.5,23301.25,23316.25
2025-09-02T04:40:00-04:00,23316,23333.5,23315.5,23329.75,0,0,0,0,0,0,0,NaN,23333.5,23315.5,23329.75
2025-09-02T04:45:00-04:00,23328.5,23332.75,23318,23321.5,0,0,0,0,0,0,0,NaN,23332.75,23318,23321.5
2025-09-02T04:50:00-04:00,23321,23322.25,23308.5,23315.5,0,0,0,0,0,0,0,NaN,23322.25,23308.5,23315.5
2025-09-02T04:55:00-04:00,23315.5,23320,23305,23310.75,0,0,0,0,0,0,0,NaN,23320,23305,23310.75
2025-09-02T05:00:00-04:00,23310.75,23321,23299.5,23318,0,0,0,0,0,0,0,NaN,23321,23299.5,23318
2025-09-02T05:05:00-04:00,23317.25,23320.25,23309.5,23309.75,0,0,0,0,0,0,0,NaN,23320.25,23309.5,23309.75
2025-09-02T05:10:00-04:00,23310.5,23315,23305.75,23312,0,0,0,0,0,0,0,NaN,23315,23305.75,23312
2025-09-02T05:15:00-04:00,23311,23328,23309.75,23326.25,0,0,0,0,0,0,0,NaN,23328,23309.75,23326.25
2025-09-02T05:20:00-04:00,23325.75,23331.5,23316.75,23318.25,0,0,0,0,0,0,0,NaN,23331.5,23316.75,23318.25
2025-09-02T05:25:00-04:00,23317.75,23326.5,23317.75,23325.75,0,0,0,0,0,0,0,NaN,23326.5,23317.75,23325.75
2025-09-02T05:30:00-04:00,23325.5,23329,23315.75,23320.5,0,0,0,0,0,0,0,NaN,23329,23315.75,23320.5
2025-09-02T05:35:00-04:00,23321.25,23330.25,23321.25,23324,0,0,0,0,0,0,0,NaN,23330.25,23321.25,23324
2025-09-02T05:40:00-04:00,23322.75,23325,23316.75,23317.25,0,0,0,0,0,0,0,NaN,23325,23316.75,23317.25
2025-09-02T05:45:00-04:00,23316,23318,23297,23298.25,0,0,0,0,0,0,0,NaN,23318,23297,23298.25
2025-09-02T05:50:00-04:00,23298.25,23310.5,23291.75,23293.25,0,0,0,0,0,0,0,NaN,23310.5,23291.75,23293.25
2025-09-02T05:55:00-04:00,23292.25,23298,23291.25,23292,0,0,0,0,0,0,0,NaN,23298,23291.25,23292
2025-09-02T06:00:00-04:00,23292,23297,23289,23295.25,0,0,0,0,0,0,0,NaN,23297,23289,23295.25
2025-09-02T06:05:00-04:00,23295.25,23306,23289.5,23305.5,0,0,0,0,0,0,0,NaN,23306,23289.5,23305.5
2025-09-02T06:10:00-04:00,23305.25,23311,23298,23300,0,0,0,0,0,0,0,NaN,23311,23298,23300
2025-09-02T06:15:00-04:00,23300,23301.75,23279.5,23279.5,0,0,0,0,0,0,0,NaN,23301.75,23279.5,23279.5
2025-09-02T06:20:00-04:00,23281,23286.5,23265.75,23267,0,0,0,0,0,0,0,NaN,23286.5,23265.75,23267
2025-09-02T06:25:00-04:00,23268.5,23275,23248.25,23254.75,0,0,0,0,0,0,0,NaN,23275,23248.25,23254.75
2025-09-02T06:30:00-04:00,23254.5,23263.25,23242,23254,0,0,0,0,0,0,0,NaN,23263.25,23242,23254
2025-09-02T06:35:00-04:00,23255,23264.25,23253,23261.5,0,0,0,0,0,0,0,NaN,23264.25,23253,23261.5
2025-09-02T06:40:00-04:00,23261.5,23262.5,23231.75,23257.25,0,0,0,0,0,0,0,NaN,23262.5,23231.75,23257.25
2025-09-02T06:45:00-04:00,23256.75,23260.75,23249,23249.25,0,0,0,0,0,0,0,NaN,23260.75,23249,23249.25
2025-09-02T06:50:00-04:00,23248.75,23254.75,23242.75,23248.5,0,0,0,0,0,0,0,NaN,23254.75,23242.75,23248.5
2025-09-02T06:55:00-04:00,23249.25,23256.25,23242.75,23252.75,0,0,0,0,0,0,0,NaN,23256.25,23242.75,23252.75
2025-09-02T07:00:00-04:00,23254.5,23260.25,23235,23235.5,0,0,0,0,0,0,0,NaN,23260.25,23235,23235.5
2025-09-02T07:05:00-04:00,23235.25,23239.75,23230.75,23233,0,0,0,0,0,0,0,NaN,23239.75,23230.75,23233
2025-09-02T07:10:00-04:00,23233.5,23247.25,23223.25,23245.25,0,0,0,0,0,0,0,NaN,23247.25,23223.25,23245.25
2025-09-02T07:15:00-04:00,23245.75,23252.75,23235.75,23237.25,0,0,0,0,0,0,0,NaN,23252.75,23235.75,23237.25
2025-09-02T07:20:00-04:00,23237,23245.25,23228.25,23242.75,0,0,0,0,0,0,0,NaN,23245.25,23228.25,23242.75
2025-09-02T07:25:00-04:00,23242.75,23251.5,23233.75,23234.75,0,0,0,0,0,0,0,NaN,23251.5,23233.75,23234.75
2025-09-02T07:30:00-04:00,23234.25,23241.5,23227.25,23233.25,0,0,0,0,0,0,0,NaN,23241.5,23227.25,23233.25
2025-09-02T07:35:00-04:00,23233.5,23241.25,23229.5,23232.25,0,0,0,0,0,0,0,NaN,23241.25,23229.5,23232.25
2025-09-02T07:40:00-04:00,23232.75,23247,23232.25,23236,0,0,0,0,0,0,0,NaN,23247,23232.25,23236
2025-09-02T07:45:00-04:00,23236.75,23246,23233.25,23235.25,0,0,0,0,0,0,0,NaN,23246,23233.25,23235.25
2025-09-02T07:50:00-04:00,23234.75,23238,23218.75,23234.75,0,0,0,0,0,0,0,NaN,23238,23218.75,23234.75
2025-09-02T07:55:00-04:00,23236,23237,23223,23224.75,0,0,0,0,0,0,0,NaN,23237,23223,23224.75
2025-09-02T08:00:00-04:00,23224.25,23224.25,23188.75,23193,0,0,0,0,0,0,0,NaN,23224.25,23188.75,23193
2025-09-02T08:05:00-04:00,23192.75,23199.5,23176.5,23177.25,0,0,0,0,0,0,0,NaN,23199.5,23176.5,23177.25
2025-09-02T08:10:00-04:00,23177.5,23183.25,23165.25,23178.25,0,0,0,0,0,0,0,NaN,23183.25,23165.25,23178.25
2025-09-02T08:15:00-04:00,23178,23186.25,23170.25,23170.25,0,0,0,0,0,0,0,NaN,23186.25,23170.25,23170.25
2025-09-02T08:20:00-04:00,23170.75,23175,23159.25,23160.25,0,0,0,0,0,0,0,NaN,23175,23159.25,23160.25
2025-09-02T08:25:00-04:00,23159.25,23173.25,23157,23165.25,0,0,0,0,0,0,0,NaN,23173.25,23157,23165.25
2025-09-02T08:30:00-04:00,23164.25,23172.5,23149,23159.75,0,0,0,0,0,0,0,NaN,23172.5,23149,23159.75
2025-09-02T08:35:00-04:00,23159.5,23168.5,23141.25,23143,0,0,0,0,0,0,0,NaN,23168.5,23141.25,23143
2025-09-02T08:40:00-04:00,23143,23144.5,23120.75,23134,0,0,0,0,0,0,0,NaN,23144.5,23120.75,23134
2025-09-02T08:45:00-04:00,23134.5,23136,23115.75,23122.25,0,0,0,0,0,0,0,NaN,23136,23115.75,23122.25
2025-09-02T08:50:00-04:00,23123,23142.75,23060.25,23095.5,0,0,0,0,0,0,0,NaN,23142.75,23060.25,23095.5
2025-09-02T08:55:00-04:00,23094.75,23121.75,23077,23095.5,0,0,0,0,0,0,0,NaN,23121.75,23077,23095.5
2025-09-02T09:00:00-04:00,23096.25,23103.5,23078.5,23102,0,0,0,0,0,0,0,NaN,23103.5,23078.5,23102
2025-09-02T09:05:00-04:00,23102.5,23114.75,23093.25,23099.25,0,0,0,0,0,0,0,NaN,23114.75,23093.25,23099.25
2025-09-02T09:10:00-04:00,23100.25,23124.5,23095,23122.25,0,0,0,0,0,0,0,NaN,23124.5,23095,23122.25
2025-09-02T09:15:00-04:00,23122,23124.75,23111,23112.5,0,0,0,0,0,0,0,NaN,23124.75,23111,23112.5
2025-09-02T09:20:00-04:00,23113,23124,23107.5,23121.25,0,0,0,0,0,0,0,NaN,23124,23107.5,23121.25
2025-09-02T09:25:00-04:00,23121.5,23129.75,23089,23100.25,0,0,0,0,0,0,0,NaN,23129.75,23089,23100.25
2025-09-02T09:30:00-04:00,23100.25,23102.5,23025.25,23081.75,0,0,0,0,0,0,0,NaN,23102.5,23025.25,23081.75
2025-09-02T09:35:00-04:00,23081.5,23162.75,23078.75,23133.25,0,0,0,0,0,0,0,NaN,23162.75,23078.75,23133.25
2025-09-02T09:40:00-04:00,23133.75,23177.75,23127,23150.25,0,0,0,0,0,0,0,NaN,23177.75,23127,23150.25
2025-09-02T09:45:00-04:00,23150.25,23200,23137.25,23198.5,0,0,0,0,0,0,0,NaN,23200,23137.25,23198.5
2025-09-02T09:50:00-04:00,23198.75,23251.25,23190.5,23250.25,0,0,0,0,0,0,0,NaN,23251.25,23190.5,23250.25
2025-09-02T09:55:00-04:00,23250.5,23260.75,23224,23233.75,0,0,0,0,0,0,0,NaN,23260.75,23224,23233.75
2025-09-02T10:00:00-04:00,23230,23280,23219,23228.25,0,0,0,0,0,0,0,NaN,23280,23219,23228.25
2025-09-02T10:05:00-04:00,23228.5,23234.75,23204.5,23212.5,0,0,0,0,0,0,0,NaN,23234.75,23204.5,23212.5
2025-09-02T10:10:00-04:00,23212.5,23240.25,23196.5,23208.5,0,0,0,0,0,0,0,NaN,23240.25,23196.5,23208.5
2025-09-02T10:15:00-04:00,23208.75,23239.5,23187,23223.75,0,0,0,0,0,0,0,NaN,23239.5,23187,23223.75
2025-09-02T10:20:00-04:00,23223.75,23256,23201.5,23205.5,0,0,0,0,0,0,0,NaN,23256,23201.5,23205.5
2025-09-02T10:25:00-04:00,23206,23262.5,23195,23262.25,0,0,0,0,0,0,0,NaN,23262.5,23195,23262.25
2025-09-02T10:30:00-04:00,23261.25,23261.25,23225.75,23250.75,0,0,0,0,0,0,0,NaN,23261.25,23225.75,23250.75
2025-09-02T10:35:00-04:00,23250.25,23261.25,23217.25,23224.75,0,0,0,0,0,0,0,NaN,23261.25,23217.25,23224.75
2025-09-02T10:40:00-04:00,23225.25,23225.75,23178.25,23181.75,0,0,0,0,0,0,0,NaN,23225.75,23178.25,23181.75
2025-09-02T10:45:00-04:00,23182.5,23188,23142.25,23146,0,0,0,0,0,0,0,NaN,23188,23142.25,23146
2025-09-02T10:50:00-04:00,23145.5,23163.25,23135.5,23152.5,0,0,0,0,0,0,0,NaN,23163.25,23135.5,23152.5
2025-09-02T10:55:00-04:00,23151.25,23167,23136.5,23161.5,0,0,0,0,0,0,0,NaN,23167,23136.5,23161.5
2025-09-02T11:00:00-04:00,23162.25,23179.5,23142,23143,0,0,0,0,0,0,0,NaN,23179.5,23142,23143
2025-09-02T11:05:00-04:00,23143.75,23146.25,23125,23139.75,0,0,0,0,0,0,0,NaN,23146.25,23125,23139.75
2025-09-02T11:10:00-04:00,23139.5,23151.5,23123,23129.5,0,0,0,0,0,0,0,NaN,23151.5,23123,23129.5
2025-09-02T11:15:00-04:00,23129.5,23135.5,23097.25,23106.75,0,0,0,0,0,0,0,NaN,23135.5,23097.25,23106.75
2025-09-02T11:20:00-04:00,23107,23116.75,23095.75,23111.75,0,0,0,0,0,0,0,NaN,23116.75,23095.75,23111.75
2025-09-02T11:25:00-04:00,23111.25,23126,23107,23110,0,0,0,0,0,0,0,NaN,23126,23107,23110
2025-09-02T11:30:00-04:00,23109.25,23109.25,23087.25,23088.25,0,0,0,0,0,0,0,NaN,23109.25,23087.25,23088.25
2025-09-02T11:35:00-04:00,23088.25,23089.5,23054.75,23056.5,0,0,0,0,0,0,0,NaN,23089.5,23054.75,23056.5
2025-09-02T11:40:00-04:00,23056.5,23067.75,23051,23055,0,0,0,0,0,0,0,NaN,23067.75,23051,23055
2025-09-02T11:45:00-04:00,23055.5,23067,23047.75,23052.5,0,0,0,0,0,0,0,NaN,23067,23047.75,23052.5
2025-09-02T11:50:00-04:00,23052.5,23053.25,23027,23037.25,0,0,0,0,0,0,0,NaN,23053.25,23027,23037.25
2025-09-02T11:55:00-04:00,23036.25,23057.75,23029.5,23047.5,0,0,0,0,0,0,0,NaN,23057.75,23029.5,23047.5
2025-09-02T12:00:00-04:00,23048,23065,23041,23045,0,0,0,0,0,0,0,NaN,23065,23041,23045
2025-09-02T12:05:00-04:00,23044.75,23061.25,23037.75,23039.25,0,0,0,0,0,0,0,NaN,23061.25,23037.75,23039.25
2025-09-02T12:10:00-04:00,23039,23068.75,23038.5,23061.25,0,0,0,0,0,0,0,NaN,23068.75,23038.5,23061.25
2025-09-02T12:15:00-04:00,23061,23081.75,23061,23081,0,0,0,0,0,0,0,NaN,23081.75,23061,23081
2025-09-02T12:20:00-04:00,23081.25,23085,23070.75,23073.25,0,0,0,0,0,0,0,NaN,23085,23070.75,23073.25
2025-09-02T12:25:00-04:00,23073,23078.25,23061.25,23067.5,0,0,0,0,0,0,0,NaN,23078.25,23061.25,23067.5
2025-09-02T12:30:00-04:00,23067,23077.75,23066.75,23069.25,0,0,0,0,0,0,0,NaN,23077.75,23066.75,23069.25
2025-09-02T12:35:00-04:00,23069.75,23090,23067.25,23072.75,0,0,0,0,0,0,0,NaN,23090,23067.25,23072.75
2025-09-02T12:40:00-04:00,23073.25,23104.25,23072.75,23090.25,0,0,0,0,0,0,0,NaN,23104.25,23072.75,23090.25
2025-09-02T12:45:00-04:00,23090.25,23101.75,23072,23084.75,0,0,0,0,0,0,0,NaN,23101.75,23072,23084.75
2025-09-02T12:50:00-04:00,23084.5,23110.25,23081.5,23106.25,0,0,0,0,0,0,0,NaN,23110.25,23081.5,23106.25
2025-09-02T12:55:00-04:00,23106.5,23131,23106,23126.25,0,0,0,0,0,0,0,NaN,23131,23106,23126.25
2025-09-02T13:00:00-04:00,23126.5,23140.25,23124,23134.75,0,0,0,0,0,0,0,NaN,23140.25,23124,23134.75
2025-09-02T13:05:00-04:00,23135.25,23143.5,23127.5,23130,0,0,0,0,0,0,0,NaN,23143.5,23127.5,23130
2025-09-02T13:10:00-04:00,23130.75,23132.5,23104.5,23116.25,0,0,0,0,0,0,0,NaN,23132.5,23104.5,23116.25
2025-09-02T13:15:00-04:00,23116,23128.75,23112.5,23126.25,0,0,0,0,0,0,0,NaN,23128.75,23112.5,23126.25
2025-09-02T13:20:00-04:00,23126.25,23149,23125.25,23145.25,0,0,0,0,0,0,0,NaN,23149,23125.25,23145.25
2025-09-02T13:25:00-04:00,23145,23168.5,23144.25,23161.25,0,0,0,0,0,0,0,NaN,23168.5,23144.25,23161.25
2025-09-02T13:30:00-04:00,23161,23194.5,23160.5,23191.5,0,0,0,0,0,0,0,NaN,23194.5,23160.5,23191.5
2025-09-02T13:35:00-04:00,23191.5,23212,23187,23209.75,0,0,0,0,0,0,0,NaN,23212,23187,23209.75
2025-09-02T13:40:00-04:00,23209.5,23223.5,23203,23218.75,0,0,0,0,0,0,0,NaN,23223.5,23203,23218.75
2025-09-02T13:45:00-04:00,23219,23223.5,23209.25,23219,0,0,0,0,0,0,0,NaN,23223.5,23209.25,23219
2025-09-02T13:50:00-04:00,23219.25,23225.5,23195,23196,0,0,0,0,0,0,0,NaN,23225.5,23195,23196
2025-09-02T13:55:00-04:00,23195.5,23204.5,23187.5,23189.25,0,0,0,0,0,0,0,NaN,23204.5,23187.5,23189.25
2025-09-02T14:00:00-04:00,23189,23207.5,23186.5,23198,0,0,0,0,0,0,0,NaN,23207.5,23186.5,23198
2025-09-02T14:05:00-04:00,23198,23200,23176.75,23179.25,0,0,0,0,0,0,0,NaN,23200,23176.75,23179.25
2025-09-02T14:10:00-04:00,23179.5,23190.25,23176,23180.25,0,0,0,0,0,0,0,NaN,23190.25,23176,23180.25
2025-09-02T14:15:00-04:00,23180.5,23185,23166.5,23167.5,0,0,0,0,0,0,0,NaN,23185,23166.5,23167.5
2025-09-02T14:20:00-04:00,23167.5,23188,23163.5,23178.25,0,0,0,0,0,0,0,NaN,23188,23163.5,23178.25
2025-09-02T14:25:00-04:00,23178,23182.5,23162.5,23164,0,0,0,0,0,0,0,NaN,23182.5,23162.5,23164
2025-09-02T14:30:00-04:00,23164.25,23184,23162.75,23172,0,0,0,0,0,0,0,NaN,23184,23162.75,23172
2025-09-02T14:35:00-04:00,23171.75,23173.75,23161,23170.5,0,0,0,0,0,0,0,NaN,23173.75,23161,23170.5
2025-09-02T14:40:00-04:00,23171,23172,23157.5,23168.25,0,0,0,0,0,0,0,NaN,23172,23157.5,23168.25
2025-09-02T14:45:00-04:00,23168,23200.25,23163,23187.75,0,0,0,0,0,0,0,NaN,23200.25,23163,23187.75
2025-09-02T14:50:00-04:00,23187.25,23232.75,23186.25,23213,0,0,0,0,0,0,0,NaN,23232.75,23186.25,23213
2025-09-02T14:55:00-04:00,23213,23214.75,23184.75,23189,0,0,0,0,0,0,0,NaN,23214.75,23184.75,23189
2025-09-02T15:00:00-04:00,23189,23213.5,23188.5,23209.75,0,0,0,0,0,0,0,NaN,23213.5,23188.5,23209.75
2025-09-02T15:05:00-04:00,23209.5,23216.5,23200.75,23210,0,0,0,0,0,0,0,NaN,23216.5,23200.75,23210
2025-09-02T15:10:00-04:00,23210.25,23224.25,23202.5,23222,0,0,0,0,0,0,0,NaN,23224.25,23202.5,23222
2025-09-02T15:15:00-04:00,23221.5,23236.75,23215,23230.75,0,0,0,0,0,0,0,NaN,23236.75,23215,23230.75
2025-09-02T15:20:00-04:00,23230.5,23240,23222.25,23225.25,0,0,0,0,0,0,0,NaN,23240,23222.25,23225.25
2025-09-02T15:25:00-04:00,23225.5,23237.75,23219.75,23233.75,0,0,0,0,0,0,0,NaN,23237.75,23219.75,23233.75
2025-09-02T15:30:00-04:00,23233.75,23246.25,23229.75,23234.5,0,0,0,0,0,0,0,NaN,23246.25,23229.75,23234.5
2025-09-02T15:35:00-04:00,23234.5,23251.75,23230.75,23249.75,0,0,0,0,0,0,0,NaN,23251.75,23230.75,23249.75
2025-09-02T15:40:00-04:00,23249.75,23261,23243.25,23248,0,0,0,0,0,0,0,NaN,23261,23243.25,23248
2025-09-02T15:45:00-04:00,23247.5,23254,23235.25,23252.25,0,0,0,0,0,0,0,NaN,23254,23235.25,23252.25
2025-09-02T15:50:00-04:00,23252.5,23285.75,23242.5,23279.75,0,0,0,0,0,0,0,NaN,23285.75,23242.5,23279.75
2025-09-02T15:55:00-04:00,23279.5,23290.25,23261.5,23276.75,0,0,0,0,0,0,0,NaN,23290.25,23261.5,23276.75
2025-09-02T16:00:00-04:00,23277,23287.75,23269.75,23271.5,0,0,0,0,0,0,0,NaN,23287.75,23269.75,23271.5
2025-09-02T16:05:00-04:00,23271.25,23367.25,23271.25,23364,0,0,0,0,0,0,0,NaN,23367.25,23271.25,23364
2025-09-02T16:10:00-04:00,23363.25,23374.5,23337.25,23352.5,0,0,0,0,0,0,0,NaN,23374.5,23337.25,23352.5
2025-09-02T16:15:00-04:00,23352,23374,23341,23369.25,0,0,0,0,0,0,0,NaN,23374,23341,23369.25
2025-09-02T16:20:00-04:00,23369,23383.25,23360,23375.25,0,0,0,0,0,0,0,NaN,23383.25,23360,23375.25
2025-09-02T16:25:00-04:00,23375,23386,23365.25,23373.5,0,0,0,0,0,0,0,NaN,23386,23365.25,23373.5
2025-09-02T16:30:00-04:00,23373.5,23373.5,23360.5,23364.25,0,0,0,0,0,0,0,NaN,23373.5,23360.5,23364.25
2025-09-02T16:35:00-04:00,23364,23373,23362,23366,0,0,0,0,0,0,0,NaN,23373,23362,23366
2025-09-02T16:40:00-04:00,23366,23368.25,23358,23366.75,0,0,0,0,0,0,0,NaN,23368.25,23358,23366.75
2025-09-02T16:45:00-04:00,23366.5,23373.5,23365.5,23372.25,0,0,0,0,0,0,0,NaN,23373.5,23365.5,23372.25
2025-09-02T16:50:00-04:00,23372,23381.75,23369.75,23381.75,0,0,0,0,0,0,0,NaN,23381.75,23369.75,23381.75
2025-09-02T16:55:00-04:00,23381.75,23382.75,23375.75,23379.5,0,0,0,0,0,0,0,NaN,23382.75,23375.75,23379.5
2025-09-02T18:00:00-04:00,23382,23387.75,23366,23367,0,0,0,0,0,0,0,NaN,23387.75,23366,23367
2025-09-02T18:05:00-04:00,23366.5,23368.75,23355.75,23358.25,0,0,0,0,0,0,0,NaN,23368.75,23355.75,23358.25
2025-09-02T18:10:00-04:00,23358.25,23365,23353.5,23362.25,0,0,0,0,0,0,0,NaN,23365,23353.5,23362.25
2025-09-02T18:15:00-04:00,23362.5,23375.75,23362,23362.5,0,0,0,0,0,0,0,NaN,23375.75,23362,23362.5
2025-09-02T18:20:00-04:00,23362.75,23368,23357.5,23359.5,0,0,0,0,0,0,0,NaN,23368,23357.5,23359.5
2025-09-02T18:25:00-04:00,23359.75,23362.25,23352.25,23358,0,0,0,0,0,0,0,NaN,23362.25,23352.25,23358
2025-09-02T18:30:00-04:00,23358.25,23364.5,23348.5,23351.75,0,0,0,0,0,0,0,NaN,23364.5,23348.5,23351.75
2025-09-02T18:35:00-04:00,23352.75,23367.25,23349.25,23366,0,0,0,0,0,0,0,NaN,23367.25,23349.25,23366
2025-09-02T18:40:00-04:00,23366.25,23366.25,23351,23352.75,0,0,0,0,0,0,0,NaN,23366.25,23351,23352.75
2025-09-02T18:45:00-04:00,23352.75,23358.5,23352.5,23355.25,0,0,0,0,0,0,0,NaN,23358.5,23352.5,23355.25
2025-09-02T18:50:00-04:00,23355.25,23359.5,23344,23345,0,0,0,0,0,0,0,NaN,23359.5,23344,23345
2025-09-02T18:55:00-04:00,23345.25,23345.5,23335.25,23341.5,0,0,0,0,0,0,0,NaN,23345.5,23335.25,23341.5
2025-09-02T19:00:00-04:00,23341.5,23345.5,23340.25,23342.5,0,0,0,0,0,0,0,NaN,23345.5,23340.25,23342.5
2025-09-02T19:05:00-04:00,23342.75,23345.5,23336,23340.75,0,0,0,0,0,0,0,NaN,23345.5,23336,23340.75
2025-09-02T19:10:00-04:00,23341.25,23345,23339.5,23340.25,0,0,0,0,0,0,0,NaN,23345,23339.5,23340.25
2025-09-02T19:15:00-04:00,23340.25,23344.75,23330.75,23331,0,0,0,0,0,0,0,NaN,23344.75,23330.75,23331
2025-09-02T19:20:00-04:00,23332.25,23333.75,23326.75,23331.25,0,0,0,0,0,0,0,NaN,23333.75,23326.75,23331.25
2025-09-02T19:25:00-04:00,23331.5,23338.25,23331,23337,0,0,0,0,0,0,0,NaN,23338.25,23331,23337
2025-09-02T19:30:00-04:00,23337.5,23343.75,23334.75,23337.75,0,0,0,0,0,0,0,NaN,23343.75,23334.75,23337.75
2025-09-02T19:35:00-04:00,23337.75,23339,23333.75,23336,0,0,0,0,0,0,0,NaN,23339,23333.75,23336
2025-09-02T19:40:00-04:00,23336.5,23337.75,23331.5,23332.5,0,0,0,0,0,0,0,NaN,23337.75,23331.5,23332.5
2025-09-02T19:45:00-04:00,23332.25,23335.25,23327.25,23329.75,0,0,0,0,0,0,0,NaN,23335.25,23327.25,23329.75
2025-09-02T19:50:00-04:00,23329.5,23336,23327.25,23334.25,0,0,0,0,0,0,0,NaN,23336,23327.25,23334.25
2025-09-02T19:55:00-04:00,23333.75,23335.75,23330.25,23334,0,0,0,0,0,0,0,NaN,23335.75,23330.25,23334
2025-09-02T20:00:00-04:00,23333.75,23336,23325.25,23333.5,0,0,0,0,0,0,0,NaN,23336,23325.25,23333.5
2025-09-02T20:05:00-04:00,23333.5,23335.5,23323,23324.75,0,0,0,0,0,0,0,NaN,23335.5,23323,23324.75
2025-09-02T20:10:00-04:00,23325.5,23334.25,23325.5,23334,0,0,0,0,0,0,0,NaN,23334.25,23325.5,23334
2025-09-02T20:15:00-04:00,23333.75,23338.25,23331.25,23337.25,0,0,0,0,0,0,0,NaN,23338.25,23331.25,23337.25
2025-09-02T20:20:00-04:00,23337,23338.5,23327,23328.75,0,0,0,0,0,0,0,NaN,23338.5,23327,23328.75
2025-09-02T20:25:00-04:00,23329.25,23336.25,23328,23336.25,0,0,0,0,0,0,0,NaN,23336.25,23328,23336.25
2025-09-02T20:30:00-04:00,23335.5,23340,23325.5,23330.75,0,0,0,0,0,0,0,NaN,23340,23325.5,23330.75
2025-09-02T20:35:00-04:00,23330.5,23335.5,23329.25,23334.75,0,0,0,0,0,0,0,NaN,23335.5,23329.25,23334.75
2025-09-02T20:40:00-04:00,23334.75,23340.75,23332,23334,0,0,0,0,0,0,0,NaN,23340.75,23332,23334
2025-09-02T20:45:00-04:00,23333.75,23333.75,23323,23325.25,0,0,0,0,0,0,0,NaN,23333.75,23323,23325.25
2025-09-02T20:50:00-04:00,23326,23328.5,23316.75,23320.25,0,0,0,0,0,0,0,NaN,23328.5,23316.75,23320.25
2025-09-02T20:55:00-04:00,23320.75,23332.75,23318.25,23331.5,0,0,0,0,0,0,0,NaN,23332.75,23318.25,23331.5
2025-09-02T21:00:00-04:00,23331,23334.5,23327,23333.25,0,0,0,0,0,0,0,NaN,23334.5,23327,23333.25
2025-09-02T21:05:00-04:00,23333.25,23333.75,23324.5,23331.5,0,0,0,0,0,0,0,NaN,23333.75,23324.5,23331.5
2025-09-02T21:10:00-04:00,23332.5,23333.25,23324.5,23324.5,0,0,0,0,0,0,0,NaN,23333.25,23324.5,23324.5
2025-09-02T21:15:00-04:00,23324.75,23327.75,23319,23321.75,0,0,0,0,0,0,0,NaN,23327.75,23319,23321.75
2025-09-02T21:20:00-04:00,23320.5,23322.25,23316.75,23317.25,0,0,0,0,0,0,0,NaN,23322.25,23316.75,23317.25
2025-09-02T21:25:00-04:00,23317.75,23321,23315.25,23318.5,0,0,0,0,0,0,0,NaN,23321,23315.25,23318.5
2025-09-02T21:30:00-04:00,23319,23322.25,23311.25,23320,0,0,0,0,0,0,0,NaN,23322.25,23311.25,23320
2025-09-02T21:35:00-04:00,23320.5,23321.5,23315,23318.5,0,0,0,0,0,0,0,NaN,23321.5,23315,23318.5
2025-09-02T21:40:00-04:00,23317.5,23327.75,23317.5,23326.5,0,0,0,0,0,0,0,NaN,23327.75,23317.5,23326.5
2025-09-02T21:45:00-04:00,23326.75,23333.25,23326,23331,0,0,0,0,0,0,0,NaN,23333.25,23326,23331
2025-09-02T21:50:00-04:00,23330,23340.25,23328.5,23335.25,0,0,0,0,0,0,0,NaN,23340.25,23328.5,23335.25
2025-09-02T21:55:00-04:00,23334.75,23337,23330.75,23337,0,0,0,0,0,0,0,NaN,23337,23330.75,23337
2025-09-02T22:00:00-04:00,23336,23339,23330.25,23332,0,0,0,0,0,0,0,NaN,23339,23330.25,23332
2025-09-02T22:05:00-04:00,23333,23333,23326.5,23329,0,0,0,0,0,0,0,NaN,23333,23326.5,23329
2025-09-02T22:10:00-04:00,23328.75,23333.75,23328.25,23329.5,0,0,0,0,0,0,0,NaN,23333.75,23328.25,23329.5
2025-09-02T22:15:00-04:00,23329.25,23334.5,23326.75,23333,0,0,0,0,0,0,0,NaN,23334.5,23326.75,23333
2025-09-02T22:20:00-04:00,23332.5,23333.75,23329.5,23331.25,0,0,0,0,0,0,0,NaN,23333.75,23329.5,23331.25
2025-09-02T22:25:00-04:00,23331.5,23332,23325.25,23330,0,0,0,0,0,0,0,NaN,23332,23325.25,23330
2025-09-02T22:30:00-04:00,23329.5,23329.5,23314.5,23317.5,0,0,0,0,0,0,0,NaN,23329.5,23314.5,23317.5
2025-09-02T22:35:00-04:00,23317,23319,23312.5,23315.75,0,0,0,0,0,0,0,NaN,23319,23312.5,23315.75
2025-09-02T22:40:00-04:00,23315.5,23325,23313.5,23323,0,0,0,0,0,0,0,NaN,23325,23313.5,23323
2025-09-02T22:45:00-04:00,23324.25,23328.5,23322.75,23325.5,0,0,0,0,0,0,0,NaN,23328.5,23322.75,23325.5
2025-09-02T22:50:00-04:00,23325.75,23326,23321,23324.5,0,0,0,0,0,0,0,NaN,23326,23321,23324.5
2025-09-02T22:55:00-04:00,23324.5,23325,23321.75,23321.75,0,0,0,0,0,0,0,NaN,23325,23321.75,23321.75
2025-09-02T23:00:00-04:00,23321.75,23328.25,23320,23327,0,0,0,0,0,0,0,NaN,23328.25,23320,23327
2025-09-02T23:05:00-04:00,23326.75,23332.75,23326,23331,0,0,0,0,0,0,0,NaN,23332.75,23326,23331
2025-09-02T23:10:00-04:00,23330.5,23331.25,23321.5,23328.75,0,0,0,0,0,0,0,NaN,23331.25,23321.5,23328.75
2025-09-02T23:15:00-04:00,23329.75,23330,23323.5,23328.5,0,0,0,0,0,0,0,NaN,23330,23323.5,23328.5
2025-09-02T23:20:00-04:00,23328.25,23333,23326.25,23332.25,0,0,0,0,0,0,0,NaN,23333,23326.25,23332.25
2025-09-02T23:25:00-04:00,23331.5,23332,23318.75,23325,0,0,0,0,0,0,0,NaN,23332,23318.75,23325
2025-09-02T23:30:00-04:00,23324.75,23330.25,23324,23325,0,0,0,0,0,0,0,NaN,23330.25,23324,23325
2025-09-02T23:35:00-04:00,23324.5,23326,23310.5,23311.5,0,0,0,0,0,0,0,NaN,23326,23310.5,23311.5
2025-09-02T23:40:00-04:00,23311,23322.5,23298.25,23321,0,0,0,0,0,0,0,NaN,23322.5,23298.25,23321
2025-09-02T23:45:00-04:00,23320,23321.5,23315,23321.25,0,0,0,0,0,0,0,NaN,23321.5,23315,23321.25
2025-09-02T23:50:00-04:00,23320,23330.75,23319.5,23324.75,0,0,0,0,0,0,0,NaN,23330.75,23319.5,23324.75
2025-09-02T23:55:00-04:00,23324.25,23325.75,23320.5,23324,0,0,0,0,0,0,0,NaN,23325.75,23320.5,23324
2025-09-03T00:00:00-04:00,23324.25,23327.5,23321.75,23324.25,0,0,0,1,0,0,0,NaN,23327.5,23321.75,23324.25
2025-09-03T00:05:00-04:00,23325,23328.75,23323.5,23325.75,0,0,0,0,0,0,0,NaN,23328.75,23323.5,23325.75
2025-09-03T00:10:00-04:00,23326,23326.5,23319,23324.5,0,0,0,0,0,0,0,NaN,23326.5,23319,23324.5
2025-09-03T00:15:00-04:00,23325,23332,23323,23332,0,0,0,0,0,0,0,NaN,23332,23323,23332
2025-09-03T00:20:00-04:00,23331.25,23334,23329.25,23331.5,0,0,0,0,0,0,0,NaN,23334,23329.25,23331.5
2025-09-03T00:25:00-04:00,23332.25,23335,23328.5,23334.25,0,0,0,0,0,0,0,NaN,23335,23328.5,23334.25
2025-09-03T00:30:00-04:00,23334.25,23334.75,23330.5,23334,0,0,0,0,0,0,0,NaN,23334.75,23330.5,23334
2025-09-03T00:35:00-04:00,23333.75,23336,23330.25,23330.25,0,0,0,0,0,0,0,NaN,23336,23330.25,23330.25
2025-09-03T00:40:00-04:00,23330.25,23332,23328.25,23330.75,0,0,0,0,0,0,0,NaN,23332,23328.25,23330.75
2025-09-03T00:45:00-04:00,23330.25,23330.5,23324.5,23327.75,0,0,0,0,0,0,0,NaN,23330.5,23324.5,23327.75
2025-09-03T00:50:00-04:00,23327.75,23329.5,23325,23325.5,0,0,0,0,0,0,0,NaN,23329.5,23325,23325.5
2025-09-03T00:55:00-04:00,23325.5,23333,23324.75,23331,0,0,0,0,0,0,0,NaN,23333,23324.75,23331
2025-09-03T01:00:00-04:00,23330.75,23331.75,23324,23324.75,0,0,0,0,0,0,0,NaN,23331.75,23324,23324.75
2025-09-03T01:05:00-04:00,23324.5,23324.5,23315.25,23320.75,0,0,0,0,0,0,0,NaN,23324.5,23315.25,23320.75
2025-09-03T01:10:00-04:00,23320,23333,23320,23331.75,0,0,0,0,0,0,0,NaN,23333,23320,23331.75
2025-09-03T01:15:00-04:00,23332.25,23334.75,23329.5,23333,0,0,0,0,0,0,0,NaN,23334.75,23329.5,23333
2025-09-03T01:20:00-04:00,23333.75,23336.75,23321.75,23325.5,0,0,0,0,0,0,0,NaN,23336.75,23321.75,23325.5
2025-09-03T01:25:00-04:00,23324.5,23325,23311.5,23318.25,0,0,0,0,0,0,0,NaN,23325,23311.5,23318.25
2025-09-03T01:30:00-04:00,23319,23331.25,23319,23327.75,0,0,0,0,0,0,0,NaN,23331.25,23319,23327.75
2025-09-03T01:35:00-04:00,23329.25,23331,23325.25,23329.75,0,0,0,0,0,0,0,NaN,23331,23325.25,23329.75
2025-09-03T01:40:00-04:00,23329.5,23330,23321.75,23323.25,0,0,0,0,0,0,0,NaN,23330,23321.75,23323.25
2025-09-03T01:45:00-04:00,23323,23324.75,23308,23308.75,0,0,0,0,0,0,0,NaN,23324.75,23308,23308.75
2025-09-03T01:50:00-04:00,23308.75,23321.75,23308.5,23318.75,0,0,0,0,0,0,0,NaN,23321.75,23308.5,23318.75
2025-09-03T01:55:00-04:00,23318,23320.5,23311.75,23317,0,0,0,0,0,0,0,NaN,23320.5,23311.75,23317
2025-09-03T02:00:00-04:00,23316,23317.25,23309.5,23311,0,0,0,0,0,0,0,NaN,23317.25,23309.5,23311
2025-09-03T02:05:00-04:00,23311.25,23331,23310.25,23329,0,0,0,0,0,0,0,NaN,23331,23310.25,23329
2025-09-03T02:10:00-04:00,23329.25,23338.5,23328.5,23333.5,0,0,0,0,0,0,0,NaN,23338.5,23328.5,23333.5
2025-09-03T02:15:00-04:00,23332.75,23335.5,23327.75,23334,0,0,0,0,0,0,0,NaN,23335.5,23327.75,23334
2025-09-03T02:20:00-04:00,23333.75,23343.5,23332.25,23341.25,0,0,0,0,0,0,0,NaN,23343.5,23332.25,23341.25
2025-09-03T02:25:00-04:00,23341.5,23356.75,23340.75,23354.75,0,0,0,0,0,0,0,NaN,23356.75,23340.75,23354.75
2025-09-03T02:30:00-04:00,23354.5,23365.5,23353.75,23360.5,0,0,0,0,0,0,0,NaN,23365.5,23353.75,23360.5
2025-09-03T02:35:00-04:00,23361,23361,23349.25,23356.5,0,0,0,0,0,0,0,NaN,23361,23349.25,23356.5
2025-09-03T02:40:00-04:00,23356.5,23359.5,23353,23358.25,0,0,0,0,0,0,0,NaN,23359.5,23353,23358.25
2025-09-03T02:45:00-04:00,23359,23360.75,23350,23351,0,0,0,0,0,0,0,NaN,23360.75,23350,23351
2025-09-03T02:50:00-04:00,23351.75,23355.25,23341.25,23341.5,0,0,0,0,0,0,0,NaN,23355.25,23341.25,23341.5
2025-09-03T02:55:00-04:00,23341,23348.25,23336.75,23345.5,0,0,0,0,0,0,0,NaN,23348.25,23336.75,23345.5
2025-09-03T03:00:00-04:00,23345.75,23362,23340.75,23361,0,0,0,0,0,0,0,NaN,23362,23340.75,23361
2025-09-03T03:05:00-04:00,23360.25,23361,23344,23348.75,0,0,0,0,0,0,0,NaN,23361,23344,23348.75
2025-09-03T03:10:00-04:00,23349,23351,23340.75,23347,0,0,0,0,0,0,0,NaN,23351,23340.75,23347
2025-09-03T03:15:00-04:00,23346,23351,23324,23325.5,0,0,0,0,0,0,0,NaN,23351,23324,23325.5
2025-09-03T03:20:00-04:00,23325.25,23349.25,23320.5,23346.75,0,0,0,0,0,0,0,NaN,23349.25,23320.5,23346.75
2025-09-03T03:25:00-04:00,23347,23359.75,23340.75,23356,0,0,0,0,0,0,0,NaN,23359.75,23340.75,23356
2025-09-03T03:30:00-04:00,23355.25,23364,23344.75,23347.25,0,0,0,0,0,0,0,NaN,23364,23344.75,23347.25
2025-09-03T03:35:00-04:00,23346.75,23365,23346.5,23359.75,0,0,0,0,0,0,0,NaN,23365,23346.5,23359.75
2025-09-03T03:40:00-04:00,23359.5,23364,23353,23357.75,0,0,0,0,0,0,0,NaN,23364,23353,23357.75
2025-09-03T03:45:00-04:00,23358,23371.5,23357.75,23370,0,0,0,0,0,0,0,NaN,23371.5,23357.75,23370
2025-09-03T03:50:00-04:00,23369,23379.75,23365,23377.25,0,0,0,0,0,0,0,NaN,23379.75,23365,23377.25
2025-09-03T03:55:00-04:00,23377.25,23382.75,23373.75,23375.75,0,0,0,0,0,0,0,NaN,23382.75,23373.75,23375.75
2025-09-03T04:00:00-04:00,23376,23393.25,23370.25,23389.5,0,0,0,0,0,0,0,NaN,23393.25,23370.25,23389.5
2025-09-03T04:05:00-04:00,23388.75,23403,23384.5,23403,0,0,0,0,0,0,0,NaN,23403,23384.5,23403
2025-09-03T04:10:00-04:00,23403.25,23414.5,23396.5,23412.5,0,0,0,0,0,0,0,NaN,23414.5,23396.5,23412.5
2025-09-03T04:15:00-04:00,23412,23427.25,23410.25,23424.5,0,0,0,0,0,0,0,NaN,23427.25,23410.25,23424.5
2025-09-03T04:20:00-04:00,23425.5,23431.25,23417,23421,0,0,0,0,0,0,0,NaN,23431.25,23417,23421
2025-09-03T04:25:00-04:00,23419.25,23422,23413.5,23419.5,0,0,0,0,0,0,0,NaN,23422,23413.5,23419.5
2025-09-03T04:30:00-04:00,23419,23420.25,23407,23410,0,0,0,0,0,0,0,NaN,23420.25,23407,23410
2025-09-03T04:35:00-04:00,23410.25,23411,23398.5,23405.75,0,0,0,0,0,0,0,NaN,23411,23398.5,23405.75
2025-09-03T04:40:00-04:00,23405,23409.25,23402,23406.5,0,0,0,0,0,0,0,NaN,23409.25,23402,23406.5
2025-09-03T04:45:00-04:00,23406.25,23411,23403.5,23408.5,0,0,0,0,0,0,0,NaN,23411,23403.5,23408.5
2025-09-03T04:50:00-04:00,23408.75,23410,23403,23408.75,0,0,0,0,0,0,0,NaN,23410,23403,23408.75
2025-09-03T04:55:00-04:00,23408,23420,23407.5,23419,0,0,0,0,0,0,0,NaN,23420,23407.5,23419
2025-09-03T05:00:00-04:00,23418.75,23425.5,23411,23414.75,0,0,0,0,0,0,0,NaN,23425.5,23411,23414.75
2025-09-03T05:05:00-04:00,23415,23415,23402.25,23404,0,0,0,0,0,0,0,NaN,23415,23402.25,23404
2025-09-03T05:10:00-04:00,23403.75,23408,23400.75,23401.5,0,0,0,0,0,0,0,NaN,23408,23400.75,23401.5
2025-09-03T05:15:00-04:00,23401,23415.75,23398.5,23414,0,0,0,0,0,0,0,NaN,23415.75,23398.5,23414
2025-09-03T05:20:00-04:00,23413.75,23426,23413.75,23424.25,0,0,0,0,0,0,0,NaN,23426,23413.75,23424.25
2025-09-03T05:25:00-04:00,23424,23430,23421.75,23425.75,0,0,0,0,0,0,0,NaN,23430,23421.75,23425.75
2025-09-03T05:30:00-04:00,23426.75,23428.5,23416.75,23424.5,0,0,0,0,0,0,0,NaN,23428.5,23416.75,23424.5
2025-09-03T05:35:00-04:00,23424,23435,23422,23433.5,0,0,0,0,0,0,0,NaN,23435,23422,23433.5
2025-09-03T05:40:00-04:00,23433.75,23444.5,23433.25,23440.25,0,0,0,0,0,0,0,NaN,23444.5,23433.25,23440.25
2025-09-03T05:45:00-04:00,23440,23441.75,23432.25,23435.5,0,0,0,0,0,0,0,NaN,23441.75,23432.25,23435.5
2025-09-03T05:50:00-04:00,23435.75,23441.5,23432,23441,0,0,0,0,0,0,0,NaN,23441.5,23432,23441
2025-09-03T05:55:00-04:00,23439,23440.5,23433,23438,0,0,0,0,0,0,0,NaN,23440.5,23433,23438
2025-09-03T06:00:00-04:00,23437.5,23442.25,23433,23437.5,0,0,0,0,0,0,0,NaN,23442.25,23433,23437.5
2025-09-03T06:05:00-04:00,23437.75,23440.75,23429.75,23431.5,0,0,0,0,0,0,0,NaN,23440.75,23429.75,23431.5
2025-09-03T06:10:00-04:00,23432,23434.75,23427,23430.75,0,0,0,0,0,0,0,NaN,23434.75,23427,23430.75
2025-09-03T06:15:00-04:00,23431,23433.75,23423.25,23430.5,0,0,0,0,0,0,0,NaN,23433.75,23423.25,23430.5
2025-09-03T06:20:00-04:00,23431,23434,23428.5,23433.5,0,0,0,0,0,0,0,NaN,23434,23428.5,23433.5
2025-09-03T06:25:00-04:00,23433.5,23440.25,23431.25,23440.25,0,0,0,0,0,0,0,NaN,23440.25,23431.25,23440.25
2025-09-03T06:30:00-04:00,23440.25,23448,23436.25,23436.25,0,0,0,0,0,0,0,NaN,23448,23436.25,23436.25
2025-09-03T06:35:00-04:00,23436.25,23437.25,23428,23436,0,0,0,0,0,0,0,NaN,23437.25,23428,23436
2025-09-03T06:40:00-04:00,23436.25,23438,23430.75,23435,0,0,0,0,0,0,0,NaN,23438,23430.75,23435
2025-09-03T06:45:00-04:00,23435.25,23439.25,23432.25,23437.25,0,0,0,0,0,0,0,NaN,23439.25,23432.25,23437.25
2025-09-03T06:50:00-04:00,23437.75,23442.25,23433.25,23441.5,0,0,0,0,0,0,0,NaN,23442.25,23433.25,23441.5
2025-09-03T06:55:00-04:00,23441.25,23444,23438,23441.5,0,0,0,0,0,0,0,NaN,23444,23438,23441.5
2025-09-03T07:00:00-04:00,23441,23452.75,23437.5,23451,0,0,0,0,0,0,0,NaN,23452.75,23437.5,23451
2025-09-03T07:05:00-04:00,23451.25,23455.5,23442,23447.25,0,0,0,0,0,0,0,NaN,23455.5,23442,23447.25
2025-09-03T07:10:00-04:00,23447.25,23458.5,23446,23447.25,0,0,0,0,0,0,0,NaN,23458.5,23446,23447.25
2025-09-03T07:15:00-04:00,23447,23447.5,23436.5,23441.25,0,0,0,0,0,0,0,NaN,23447.5,23436.5,23441.25
2025-09-03T07:20:00-04:00,23440.75,23445.5,23435.75,23440.75,0,0,0,0,0,0,0,NaN,23445.5,23435.75,23440.75
2025-09-03T07:25:00-04:00,23441,23441,23423.5,23424,0,0,0,0,0,0,0,NaN,23441,23423.5,23424
2025-09-03T07:30:00-04:00,23424.25,23431.25,23408.25,23430.75,0,0,0,0,0,0,0,NaN,23431.25,23408.25,23430.75
2025-09-03T07:35:00-04:00,23431.25,23441.25,23430.5,23435,0,0,0,0,0,0,0,NaN,23441.25,23430.5,23435
2025-09-03T07:40:00-04:00,23434.5,23450,23430,23447.75,0,0,0,0,0,0,0,NaN,23450,23430,23447.75
2025-09-03T07:45:00-04:00,23446.75,23449.25,23433.5,23434.5,0,0,0,0,0,0,0,NaN,23449.25,23433.5,23434.5
2025-09-03T07:50:00-04:00,23434.25,23438.75,23430,23433.25,0,0,0,0,0,0,0,NaN,23438.75,23430,23433.25
2025-09-03T07:55:00-04:00,23432,23432,23409.5,23415.5,0,0,0,0,0,0,0,NaN,23432,23409.5,23415.5
2025-09-03T08:00:00-04:00,23416.75,23440.5,23416.75,23435,0,0,0,0,0,0,0,NaN,23440.5,23416.75,23435
2025-09-03T08:05:00-04:00,23435.75,23440.75,23430.5,23434,0,0,0,0,0,0,0,NaN,23440.75,23430.5,23434
2025-09-03T08:10:00-04:00,23434,23445.5,23431.75,23444.5,0,0,0,0,0,0,0,NaN,23445.5,23431.75,23444.5
2025-09-03T08:15:00-04:00,23444.5,23447.5,23441.75,23444.5,0,0,0,0,0,0,0,NaN,23447.5,23441.75,23444.5
2025-09-03T08:20:00-04:00,23444.75,23448,23432.25,23433.5,0,0,0,0,0,0,0,NaN,23448,23432.25,23433.5
2025-09-03T08:25:00-04:00,23433.75,23441,23430,23436.25,0,0,0,0,0,0,0,NaN,23441,23430,23436.25
2025-09-03T08:30:00-04:00,23436,23437.25,23399.75,23406.25,0,0,0,0,0,0,0,NaN,23437.25,23399.75,23406.25
2025-09-03T08:35:00-04:00,23406.75,23430,23405.75,23429.25,0,0,0,0,0,0,0,NaN,23430,23405.75,23429.25
2025-09-03T08:40:00-04:00,23428.5,23436.25,23421.25,23427.5,0,0,0,0,0,0,0,NaN,23436.25,23421.25,23427.5
2025-09-03T08:45:00-04:00,23427.75,23432.75,23422,23429,0,0,0,0,0,0,0,NaN,23432.75,23422,23429
2025-09-03T08:50:00-04:00,23429.75,23431.25,23422.5,23422.75,0,0,0,0,0,0,0,NaN,23431.25,23422.5,23422.75
2025-09-03T08:55:00-04:00,23423.5,23430.5,23420,23423,0,0,0,0,0,0,0,NaN,23430.5,23420,23423
2025-09-03T09:00:00-04:00,23422.25,23435,23414.5,23431.75,0,0,0,0,0,0,0,NaN,23435,23414.5,23431.75
2025-09-03T09:05:00-04:00,23432,23445.5,23430.75,23439,0,0,0,0,0,0,0,NaN,23445.5,23430.75,23439
2025-09-03T09:10:00-04:00,23438.5,23452,23438.5,23451,0,0,0,0,0,0,0,NaN,23452,23438.5,23451
2025-09-03T09:15:00-04:00,23450.75,23453,23440,23450.25,0,0,0,0,0,0,0,NaN,23453,23440,23450.25
2025-09-03T09:20:00-04:00,23450.25,23457,23435.75,23438.25,0,0,0,0,0,0,0,NaN,23457,23435.75,23438.25
2025-09-03T09:25:00-04:00,23438.5,23444.5,23420.5,23423.5,0,0,0,0,0,0,0,NaN,23444.5,23420.5,23423.5
2025-09-03T09:30:00-04:00,23423.5,23437.75,23379.25,23397.75,0,0,0,0,0,0,0,NaN,23437.75,23379.25,23397.75
2025-09-03T09:35:00-04:00,23398.5,23419.25,23371.75,23393.5,0,0,0,0,0,0,0,NaN,23419.25,23371.75,23393.5
2025-09-03T09:40:00-04:00,23393.5,23408,23375,23397.5,0,0,0,0,0,0,0,NaN,23408,23375,23397.5
2025-09-03T09:45:00-04:00,23397,23411.25,23370,23404,0,0,0,0,0,0,0,NaN,23411.25,23370,23404
2025-09-03T09:50:00-04:00,23404.5,23431,23396.75,23406.75,0,0,0,0,0,0,0,NaN,23431,23396.75,23406.75
2025-09-03T09:55:00-04:00,23406.75,23412.5,23374.5,23378.25,0,0,0,0,0,0,0,NaN,23412.5,23374.5,23378.25
2025-09-03T10:00:00-04:00,23384,23450,23372.5,23437,0,0,0,0,0,0,0,NaN,23450,23372.5,23437
2025-09-03T10:05:00-04:00,23436.25,23460.75,23425,23433.5,0,0,0,0,0,0,0,NaN,23460.75,23425,23433.5
2025-09-03T10:10:00-04:00,23433,23451.5,23383,23392.25,0,0,0,0,0,0,0,NaN,23451.5,23383,23392.25
2025-09-03T10:15:00-04:00,23392.5,23446,23391.5,23443,0,0,0,0,0,0,0,NaN,23446,23391.5,23443
2025-09-03T10:20:00-04:00,23442.25,23456.75,23432,23451.25,0,0,0,0,0,0,0,NaN,23456.75,23432,23451.25
2025-09-03T10:25:00-04:00,23451.25,23472.25,23430.75,23433.25,0,0,0,0,0,0,0,NaN,23472.25,23430.75,23433.25
2025-09-03T10:30:00-04:00,23433.5,23476.75,23432.25,23475.25,0,0,0,0,0,0,0,NaN,23476.75,23432.25,23475.25
2025-09-03T10:35:00-04:00,23474.75,23485.5,23470.25,23480.75,0,0,0,0,0,0,0,NaN,23485.5,23470.25,23480.75
2025-09-03T10:40:00-04:00,23480.75,23515.75,23480,23507,0,0,0,0,0,0,0,NaN,23515.75,23480,23507
2025-09-03T10:45:00-04:00,23507,23523.5,23496.25,23516.5,0,0,0,0,0,0,0,NaN,23523.5,23496.25,23516.5
2025-09-03T10:50:00-04:00,23516.5,23525.25,23498.25,23510.75,0,0,0,0,0,0,0,NaN,23525.25,23498.25,23510.75
2025-09-03T10:55:00-04:00,23510.5,23515.5,23501.25,23508.25,0,0,0,0,0,0,0,NaN,23515.5,23501.25,23508.25
2025-09-03T11:00:00-04:00,23508.75,23516.5,23498.25,23508.5,0,0,0,0,0,0,0,NaN,23516.5,23498.25,23508.5
2025-09-03T11:05:00-04:00,23508.75,23515,23490.75,23506.75,0,0,0,0,0,0,0,NaN,23515,23490.75,23506.75
2025-09-03T11:10:00-04:00,23507.25,23512.75,23489.25,23492,0,0,0,0,0,0,0,NaN,23512.75,23489.25,23492
2025-09-03T11:15:00-04:00,23491.75,23496,23475.5,23484,0,0,0,0,0,0,0,NaN,23496,23475.5,23484
2025-09-03T11:20:00-04:00,23484,23488.5,23456.25,23470.25,0,0,0,0,0,0,0,NaN,23488.5,23456.25,23470.25
2025-09-03T11:25:00-04:00,23470.25,23471,23420.75,23424.5,0,0,0,0,0,0,0,NaN,23471,23420.75,23424.5
2025-09-03T11:30:00-04:00,23424.75,23431.75,23406.25,23415.5,0,0,0,0,0,0,0,NaN,23431.75,23406.25,23415.5
2025-09-03T11:35:00-04:00,23415.5,23439,23414.75,23438.25,0,0,0,0,0,0,0,NaN,23439,23414.75,23438.25
2025-09-03T11:40:00-04:00,23438.5,23446.75,23427,23429.75,0,0,0,0,0,0,0,NaN,23446.75,23427,23429.75
2025-09-03T11:45:00-04:00,23430,23433.5,23409.25,23425.75,0,0,0,0,0,0,0,NaN,23433.5,23409.25,23425.75
2025-09-03T11:50:00-04:00,23425,23439,23413.25,23429.5,0,0,0,0,0,0,0,NaN,23439,23413.25,23429.5
2025-09-03T11:55:00-04:00,23428.75,23428.75,23400.25,23415.5,0,0,0,0,0,0,0,NaN,23428.75,23400.25,23415.5
2025-09-03T12:00:00-04:00,23415,23423.25,23401.75,23412.75,0,0,0,0,0,0,0,NaN,23423.25,23401.75,23412.75
2025-09-03T12:05:00-04:00,23412.75,23436.75,23408.5,23433,0,0,0,0,0,0,0,NaN,23436.75,23408.5,23433
2025-09-03T12:10:00-04:00,23433.25,23437.75,23419.5,23426,0,0,0,0,0,0,0,NaN,23437.75,23419.5,23426
2025-09-03T12:15:00-04:00,23425.25,23442.5,23419.75,23441.75,0,0,0,0,0,0,0,NaN,23442.5,23419.75,23441.75
2025-09-03T12:20:00-04:00,23441.75,23464,23434,23434.25,0,0,0,0,0,0,0,NaN,23464,23434,23434.25
2025-09-03T12:25:00-04:00,23434.75,23447.5,23420.75,23433.75,0,0,0,0,0,0,0,NaN,23447.5,23420.75,23433.75
2025-09-03T12:30:00-04:00,23433.75,23438.5,23424.75,23432.75,0,0,0,0,0,0,0,NaN,23438.5,23424.75,23432.75
2025-09-03T12:35:00-04:00,23432.5,23438.75,23421.25,23422,0,0,0,0,0,0,0,NaN,23438.75,23421.25,23422
2025-09-03T12:40:00-04:00,23422,23422.75,23396.25,23412,0,0,0,0,0,0,0,NaN,23422.75,23396.25,23412
2025-09-03T12:45:00-04:00,23412,23420,23398.25,23404.5,0,0,0,0,0,0,0,NaN,23420,23398.25,23404.5
2025-09-03T12:50:00-04:00,23404.75,23411.25,23391.5,23399.75,0,0,0,0,0,0,0,NaN,23411.25,23391.5,23399.75
2025-09-03T12:55:00-04:00,23400,23419.25,23400,23410.75,0,0,0,0,0,0,0,NaN,23419.25,23400,23410.75
2025-09-03T13:00:00-04:00,23411,23435,23409.75,23426.25,0,0,0,0,0,0,0,NaN,23435,23409.75,23426.25
2025-09-03T13:05:00-04:00,23426.5,23436.75,23423.75,23428.5,0,0,0,0,0,0,0,NaN,23436.75,23423.75,23428.5
2025-09-03T13:10:00-04:00,23428.75,23458.5,23428.75,23445.25,0,0,0,0,0,0,0,NaN,23458.5,23428.75,23445.25
2025-09-03T13:15:00-04:00,23445.5,23462,23445.25,23450.5,0,0,0,0,0,0,0,NaN,23462,23445.25,23450.5
2025-09-03T13:20:00-04:00,23450.25,23456,23434.75,23435.25,0,0,0,0,0,0,0,NaN,23456,23434.75,23435.25
2025-09-03T13:25:00-04:00,23435,23436,23414.25,23426,0,0,0,0,0,0,0,NaN,23436,23414.25,23426
2025-09-03T13:30:00-04:00,23426,23434.5,23408,23410,0,0,0,0,0,0,0,NaN,23434.5,23408,23410
2025-09-03T13:35:00-04:00,23410.25,23416.5,23403.5,23404.5,0,0,0,0,0,0,0,NaN,23416.5,23403.5,23404.5
2025-09-03T13:40:00-04:00,23403.75,23410.75,23374.75,23378.25,0,0,0,0,0,0,0,NaN,23410.75,23374.75,23378.25
2025-09-03T13:45:00-04:00,23378.75,23390.75,23346.75,23386.5,0,0,0,0,0,0,0,NaN,23390.75,23346.75,23386.5
2025-09-03T13:50:00-04:00,23388,23401.25,23376.25,23379.75,0,0,0,0,0,0,0,NaN,23401.25,23376.25,23379.75
2025-09-03T13:55:00-04:00,23380.25,23385.25,23354,23364.75,0,0,0,0,0,0,0,NaN,23385.25,23354,23364.75
2025-09-03T14:00:00-04:00,23365.25,23366,23338.25,23346.75,0,0,0,0,0,0,0,NaN,23366,23338.25,23346.75
2025-09-03T14:05:00-04:00,23346,23355.75,23332,23349.5,0,0,0,0,0,0,0,NaN,23355.75,23332,23349.5
2025-09-03T14:10:00-04:00,23349.25,23365,23342,23358.5,0,0,0,0,0,0,0,NaN,23365,23342,23358.5
2025-09-03T14:15:00-04:00,23358.25,23358.75,23337.25,23341.5,0,0,0,0,0,0,0,NaN,23358.75,23337.25,23341.5
2025-09-03T14:20:00-04:00,23343,23351,23330.25,23337.5,0,0,0,0,0,0,0,NaN,23351,23330.25,23337.5
2025-09-03T14:25:00-04:00,23338.25,23356.5,23333.25,23349.25,0,0,0,0,0,0,0,NaN,23356.5,23333.25,23349.25
2025-09-03T14:30:00-04:00,23348.5,23348.5,23324.75,23338.25,0,0,0,0,0,0,0,NaN,23348.5,23324.75,23338.25
2025-09-03T14:35:00-04:00,23339,23341,23318.25,23321.5,0,0,0,0,0,0,0,NaN,23341,23318.25,23321.5
2025-09-03T14:40:00-04:00,23321.75,23352,23319.75,23349.75,0,0,0,0,0,0,0,NaN,23352,23319.75,23349.75
2025-09-03T14:45:00-04:00,23349.5,23358.5,23337.25,23338.75,0,0,0,0,0,0,0,NaN,23358.5,23337.25,23338.75
2025-09-03T14:50:00-04:00,23338,23347.5,23329.25,23342.25,0,0,0,0,0,0,0,NaN,23347.5,23329.25,23342.25
2025-09-03T14:55:00-04:00,23342.25,23350,23335.25,23342.5,0,0,0,0,0,0,0,NaN,23350,23335.25,23342.5
2025-09-03T15:00:00-04:00,23342.5,23348,23330,23340,0,0,0,0,0,0,0,NaN,23348,23330,23340
2025-09-03T15:05:00-04:00,23340.75,23359.5,23340.25,23345.25,0,0,0,0,0,0,0,NaN,23359.5,23340.25,23345.25
2025-09-03T15:10:00-04:00,23345.25,23346,23333,23335.75,0,0,0,0,0,0,0,NaN,23346,23333,23335.75
2025-09-03T15:15:00-04:00,23335.75,23350.25,23332.25,23348.5,0,0,0,0,0,0,0,NaN,23350.25,23332.25,23348.5
2025-09-03T15:20:00-04:00,23348,23354.25,23340.5,23351.75,0,0,0,0,0,0,0,NaN,23354.25,23340.5,23351.75
2025-09-03T15:25:00-04:00,23351.25,23360.5,23349,23353.5,0,0,0,0,0,0,0,NaN,23360.5,23349,23353.5
2025-09-03T15:30:00-04:00,23353.75,23375.5,23352.5,23374,0,0,0,0,0,0,0,NaN,23375.5,23352.5,23374
2025-09-03T15:35:00-04:00,23373.75,23385,23370,23380.75,0,0,0,0,0,0,0,NaN,23385,23370,23380.75
2025-09-03T15:40:00-04:00,23381,23399.75,23378.5,23396.75,0,0,0,0,0,0,0,NaN,23399.75,23378.5,23396.75
2025-09-03T15:45:00-04:00,23396.5,23411.25,23391,23407.25,0,0,0,0,0,0,0,NaN,23411.25,23391,23407.25
2025-09-03T15:50:00-04:00,23407.5,23434,23406.75,23427.5,0,0,0,0,0,0,0,NaN,23434,23406.75,23427.5
2025-09-03T15:55:00-04:00,23427.25,23455,23417.25,23452.25,0,0,0,0,0,0,0,NaN,23455,23417.25,23452.25
2025-09-03T16:00:00-04:00,23452.25,23469.25,23451.75,23458.75,0,0,0,0,0,0,0,NaN,23469.25,23451.75,23458.75
2025-09-03T16:05:00-04:00,23458.75,23464,23451.25,23457.75,0,0,0,0,0,0,0,NaN,23464,23451.25,23457.75
2025-09-03T16:10:00-04:00,23458.25,23459.25,23451.5,23454.75,0,0,0,0,0,0,0,NaN,23459.25,23451.5,23454.75
2025-09-03T16:15:00-04:00,23454.25,23454.75,23447.5,23453.5,0,0,0,0,0,0,0,NaN,23454.75,23447.5,23453.5
2025-09-03T16:20:00-04:00,23453.75,23460.5,23452.25,23460,0,0,0,0,0,0,0,NaN,23460.5,23452.25,23460
2025-09-03T16:25:00-04:00,23460.5,23467,23460.5,23465.25,0,0,0,0,0,0,0,NaN,23467,23460.5,23465.25
2025-09-03T16:30:00-04:00,23465,23471.75,23464.25,23466.75,0,0,0,0,0,0,0,NaN,23471.75,23464.25,23466.75
2025-09-03T16:35:00-04:00,23467,23467.5,23460,23460.75,0,0,0,0,0,0,0,NaN,23467.5,23460,23460.75
2025-09-03T16:40:00-04:00,23460.5,23462.5,23458,23460.5,0,0,0,0,0,0,0,NaN,23462.5,23458,23460.5
2025-09-03T16:45:00-04:00,23460,23461.75,23457.25,23457.75,0,0,0,0,0,0,0,NaN,23461.75,23457.25,23457.75
2025-09-03T16:50:00-04:00,23457.5,23460,23451.5,23452.5,0,0,0,0,0,0,0,NaN,23460,23451.5,23452.5
2025-09-03T16:55:00-04:00,23452.5,23456.75,23451.25,23455.75,0,0,0,0,0,0,0,NaN,23456.75,23451.25,23455.75
2025-09-03T18:00:00-04:00,23456.75,23458.25,23439,23444.5,0,0,0,0,0,0,0,NaN,23458.25,23439,23444.5
2025-09-03T18:05:00-04:00,23444,23450.5,23440.5,23449,0,0,0,0,0,0,0,NaN,23450.5,23440.5,23449
2025-09-03T18:10:00-04:00,23449.5,23454.75,23447.25,23449.75,0,0,0,0,0,0,0,NaN,23454.75,23447.25,23449.75
2025-09-03T18:15:00-04:00,23450,23454.5,23445.25,23448.5,0,0,0,0,0,0,0,NaN,23454.5,23445.25,23448.5
2025-09-03T18:20:00-04:00,23449,23452.75,23439.75,23440.25,0,0,0,0,0,0,0,NaN,23452.75,23439.75,23440.25
2025-09-03T18:25:00-04:00,23440.5,23442.25,23438.5,23439.25,0,0,0,0,0,0,0,NaN,23442.25,23438.5,23439.25
2025-09-03T18:30:00-04:00,23439.5,23444,23438.75,23440.25,0,0,0,0,0,0,0,NaN,23444,23438.75,23440.25
2025-09-03T18:35:00-04:00,23439.75,23442,23438,23439.25,0,0,0,0,0,0,0,NaN,23442,23438,23439.25
2025-09-03T18:40:00-04:00,23439,23440,23436.25,23436.25,0,0,0,0,0,0,0,NaN,23440,23436.25,23436.25
2025-09-03T18:45:00-04:00,23436.5,23437.5,23434.25,23436.75,0,0,0,0,0,0,0,NaN,23437.5,23434.25,23436.75
2025-09-03T18:50:00-04:00,23436.75,23439,23436.25,23439,0,0,0,0,0,0,0,NaN,23439,23436.25,23439
2025-09-03T18:55:00-04:00,23438.25,23441.25,23434.5,23434.75,0,0,0,0,0,0,0,NaN,23441.25,23434.5,23434.75
2025-09-03T19:00:00-04:00,23435,23445.5,23434.5,23442,0,0,0,0,0,0,0,NaN,23445.5,23434.5,23442
2025-09-03T19:05:00-04:00,23442.75,23447.75,23441.75,23444.25,0,0,0,0,0,0,0,NaN,23447.75,23441.75,23444.25
2025-09-03T19:10:00-04:00,23445,23453.5,23445,23452.5,0,0,0,0,0,0,0,NaN,23453.5,23445,23452.5
2025-09-03T19:15:00-04:00,23453,23457.25,23447.5,23449.25,0,0,0,0,0,0,0,NaN,23457.25,23447.5,23449.25
2025-09-03T19:20:00-04:00,23449,23453,23445.25,23449.25,0,0,0,0,0,0,0,NaN,23453,23445.25,23449.25
2025-09-03T19:25:00-04:00,23449.25,23451.5,23446.5,23446.5,0,0,0,0,0,0,0,NaN,23451.5,23446.5,23446.5
2025-09-03T19:30:00-04:00,23446.5,23448.75,23438.75,23438.75,0,0,0,0,0,0,0,NaN,23448.75,23438.75,23438.75
2025-09-03T19:35:00-04:00,23438.75,23441.25,23436.25,23441.25,0,0,0,0,0,0,0,NaN,23441.25,23436.25,23441.25
2025-09-03T19:40:00-04:00,23441,23442.5,23434.75,23435,0,0,0,0,0,0,0,NaN,23442.5,23434.75,23435
2025-09-03T19:45:00-04:00,23435,23436.5,23431.75,23434.75,0,0,0,0,0,0,0,NaN,23436.5,23431.75,23434.75
2025-09-03T19:50:00-04:00,23434.5,23442,23434.25,23437.25,0,0,0,0,0,0,0,NaN,23442,23434.25,23437.25
2025-09-03T19:55:00-04:00,23436.75,23439,23436,23438.5,0,0,0,0,0,0,0,NaN,23439,23436,23438.5
2025-09-03T20:00:00-04:00,23437.5,23468.25,23431.25,23468,0,0,0,0,0,0,0,NaN,23468.25,23431.25,23468
2025-09-03T20:05:00-04:00,23467.75,23479.5,23464.25,23465.5,0,0,0,0,0,0,0,NaN,23479.5,23464.25,23465.5
2025-09-03T20:10:00-04:00,23466.75,23476.5,23461.25,23475.25,0,0,0,0,0,0,0,NaN,23476.5,23461.25,23475.25
2025-09-03T20:15:00-04:00,23473.75,23499.75,23469.75,23498.25,0,0,0,0,0,0,0,NaN,23499.75,23469.75,23498.25
2025-09-03T20:20:00-04:00,23498.25,23515,23495.25,23496.25,0,0,0,0,0,0,0,NaN,23515,23495.25,23496.25
2025-09-03T20:25:00-04:00,23496.25,23505.25,23489.25,23497.5,0,0,0,0,0,0,0,NaN,23505.25,23489.25,23497.5
2025-09-03T20:30:00-04:00,23496.75,23506.5,23494.75,23506.5,0,0,0,0,0,0,0,NaN,23506.5,23494.75,23506.5
2025-09-03T20:35:00-04:00,23506.75,23512.5,23504,23506.5,0,0,0,0,0,0,0,NaN,23512.5,23504,23506.5
2025-09-03T20:40:00-04:00,23507.5,23512.5,23502,23504.75,0,0,0,0,0,0,0,NaN,23512.5,23502,23504.75
2025-09-03T20:45:00-04:00,23504.75,23505.25,23494.5,23500.25,0,0,0,0,0,0,0,NaN,23505.25,23494.5,23500.25
2025-09-03T20:50:00-04:00,23500.5,23507.5,23500,23506.75,0,0,0,0,0,0,0,NaN,23507.5,23500,23506.75
2025-09-03T20:55:00-04:00,23506.5,23507.5,23497.75,23502.5,0,0,0,0,0,0,0,NaN,23507.5,23497.75,23502.5
2025-09-03T21:00:00-04:00,23503.75,23509.75,23496.75,23506.25,0,0,0,0,0,0,0,NaN,23509.75,23496.75,23506.25
2025-09-03T21:05:00-04:00,23506.75,23508.5,23497,23506.25,0,0,0,0,0,0,0,NaN,23508.5,23497,23506.25
2025-09-03T21:10:00-04:00,23505.5,23509.25,23497.75,23498,0,0,0,0,0,0,0,NaN,23509.25,23497.75,23498
2025-09-03T21:15:00-04:00,23497.25,23504.75,23494.75,23503.75,0,0,0,0,0,0,0,NaN,23504.75,23494.75,23503.75
2025-09-03T21:20:00-04:00,23503,23505.5,23492,23493.75,0,0,0,0,0,0,0,NaN,23505.5,23492,23493.75
2025-09-03T21:25:00-04:00,23493,23498.25,23490,23493.5,0,0,0,0,0,0,0,NaN,23498.25,23490,23493.5
2025-09-03T21:30:00-04:00,23493,23500,23492,23493.5,0,0,0,0,0,0,0,NaN,23500,23492,23493.5
2025-09-03T21:35:00-04:00,23493.75,23498.75,23485.5,23489.25,0,0,0,0,0,0,0,NaN,23498.75,23485.5,23489.25
2025-09-03T21:40:00-04:00,23489.5,23499,23488.75,23498.25,0,0,0,0,0,0,0,NaN,23499,23488.75,23498.25
2025-09-03T21:45:00-04:00,23498.75,23501.25,23487.5,23489.5,0,0,0,0,0,0,0,NaN,23501.25,23487.5,23489.5
2025-09-03T21:50:00-04:00,23490,23494.25,23488.5,23490,0,0,0,0,0,0,0,NaN,23494.25,23488.5,23490
2025-09-03T21:55:00-04:00,23488.75,23499.25,23484.75,23498.25,0,0,0,0,0,0,0,NaN,23499.25,23484.75,23498.25
2025-09-03T22:00:00-04:00,23497.75,23516.25,23497.75,23514,0,0,0,0,0,0,0,NaN,23516.25,23497.75,23514
2025-09-03T22:05:00-04:00,23513.75,23532,23509.75,23525,0,0,0,0,0,0,0,NaN,23532,23509.75,23525
2025-09-03T22:10:00-04:00,23524,23525,23516.25,23523.5,0,0,0,0,0,0,0,NaN,23525,23516.25,23523.5
2025-09-03T22:15:00-04:00,23522.5,23523.5,23516.5,23519.25,0,0,0,0,0,0,0,NaN,23523.5,23516.5,23519.25
2025-09-03T22:20:00-04:00,23519,23519,23513,23513.5,0,0,0,0,0,0,0,NaN,23519,23513,23513.5
2025-09-03T22:25:00-04:00,23514,23514,23498.25,23498.25,0,0,0,0,0,0,0,NaN,23514,23498.25,23498.25
2025-09-03T22:30:00-04:00,23498,23501.5,23490.25,23501.5,0,0,0,0,0,0,0,NaN,23501.5,23490.25,23501.5
2025-09-03T22:35:00-04:00,23501.25,23507.75,23497.5,23503,0,0,0,0,0,0,0,NaN,23507.75,23497.5,23503
2025-09-03T22:40:00-04:00,23502.5,23503,23497.5,23499.75,0,0,0,0,0,0,0,NaN,23503,23497.5,23499.75
2025-09-03T22:45:00-04:00,23500.25,23503.5,23496.75,23502,0,0,0,0,0,0,0,NaN,23503.5,23496.75,23502
2025-09-03T22:50:00-04:00,23501.25,23501.25,23488,23489.75,0,0,0,0,0,0,0,NaN,23501.25,23488,23489.75
2025-09-03T22:55:00-04:00,23490.25,23494.5,23475.5,23480.25,0,0,0,0,0,0,0,NaN,23494.5,23475.5,23480.25
2025-09-03T23:00:00-04:00,23480.25,23482.25,23474,23475,0,0,0,0,0,0,0,NaN,23482.25,23474,23475
2025-09-03T23:05:00-04:00,23474.75,23475.75,23469.25,23473.5,0,0,0,0,0,0,0,NaN,23475.75,23469.25,23473.5
2025-09-03T23:10:00-04:00,23474.25,23479.25,23474,23478,0,0,0,0,0,0,0,NaN,23479.25,23474,23478
2025-09-03T23:15:00-04:00,23478.5,23480.5,23476,23479,0,0,0,0,0,0,0,NaN,23480.5,23476,23479
2025-09-03T23:20:00-04:00,23479,23484,23474.75,23475.75,0,0,0,0,0,0,0,NaN,23484,23474.75,23475.75
2025-09-03T23:25:00-04:00,23476.25,23478.75,23467.25,23470.75,0,0,0,0,0,0,0,NaN,23478.75,23467.25,23470.75
2025-09-03T23:30:00-04:00,23469.25,23472,23460.5,23460.75,0,0,0,0,0,0,0,NaN,23472,23460.5,23460.75
2025-09-03T23:35:00-04:00,23460.25,23464.25,23459,23462.75,0,0,0,0,0,0,0,NaN,23464.25,23459,23462.75
2025-09-03T23:40:00-04:00,23462.75,23466.5,23459,23466.25,0,0,0,0,0,0,0,NaN,23466.5,23459,23466.25
2025-09-03T23:45:00-04:00,23466.5,23469.75,23465,23468.75,0,0,0,0,0,0,0,NaN,23469.75,23465,23468.75
2025-09-03T23:50:00-04:00,23469.5,23471,23464,23465.75,0,0,0,0,0,0,0,NaN,23471,23464,23465.75
2025-09-03T23:55:00-04:00,23465.75,23470.5,23463,23469,0,0,0,0,0,0,0,NaN,23470.5,23463,23469
2025-09-04T00:00:00-04:00,23469.25,23480,23469.25,23478.75,0,0,0,0,1,0,0,NaN,23480,23469.25,23478.75
2025-09-04T00:05:00-04:00,23478.5,23482,23475.25,23478.75,0,0,0,0,0,0,0,NaN,23482,23475.25,23478.75
2025-09-04T00:10:00-04:00,23479,23492.5,23479,23487.5,0,0,0,0,0,0,0,NaN,23492.5,23479,23487.5
2025-09-04T00:15:00-04:00,23487.5,23493,23486.75,23491.25,0,0,0,0,0,0,0,NaN,23493,23486.75,23491.25
2025-09-04T00:20:00-04:00,23490.75,23494.5,23487.25,23490.25,0,0,0,0,0,0,0,NaN,23494.5,23487.25,23490.25
2025-09-04T00:25:00-04:00,23491.25,23495,23490.25,23492,0,0,0,0,0,0,0,NaN,23495,23490.25,23492
2025-09-04T00:30:00-04:00,23492.25,23493,23488.75,23490.75,0,0,0,0,0,0,0,NaN,23493,23488.75,23490.75
2025-09-04T00:35:00-04:00,23491,23492,23487,23490.25,0,0,0,0,0,0,0,NaN,23492,23487,23490.25
2025-09-04T00:40:00-04:00,23491.25,23491.25,23483.75,23484,0,0,0,0,0,0,0,NaN,23491.25,23483.75,23484
2025-09-04T00:45:00-04:00,23484,23492.5,23483.75,23488.25,0,0,0,0,0,0,0,NaN,23492.5,23483.75,23488.25
2025-09-04T00:50:00-04:00,23489,23492,23488.5,23490.75,0,0,0,0,0,0,0,NaN,23492,23488.5,23490.75
2025-09-04T00:55:00-04:00,23490.25,23492.5,23488.5,23491,0,0,0,0,0,0,0,NaN,23492.5,23488.5,23491
2025-09-04T01:00:00-04:00,23491,23492.75,23487.25,23487.25,0,0,0,0,0,0,0,NaN,23492.75,23487.25,23487.25
2025-09-04T01:05:00-04:00,23487,23492.25,23484,23491.25,0,0,0,0,0,0,0,NaN,23492.25,23484,23491.25
2025-09-04T01:10:00-04:00,23490.75,23493.5,23489.25,23490.75,0,0,0,0,0,0,0,NaN,23493.5,23489.25,23490.75
2025-09-04T01:15:00-04:00,23490.75,23501.5,23488.75,23499.25,0,0,0,0,0,0,0,NaN,23501.5,23488.75,23499.25
2025-09-04T01:20:00-04:00,23499.25,23502.75,23467,23467,0,0,0,0,0,0,0,NaN,23502.75,23467,23467
2025-09-04T01:25:00-04:00,23467,23474.5,23465,23470.75,0,0,0,0,0,0,0,NaN,23474.5,23465,23470.75
2025-09-04T01:30:00-04:00,23472,23479.5,23470.5,23474,0,0,0,0,0,0,0,NaN,23479.5,23470.5,23474
2025-09-04T01:35:00-04:00,23474.25,23480.5,23469.5,23471.75,0,0,0,0,0,0,0,NaN,23480.5,23469.5,23471.75
2025-09-04T01:40:00-04:00,23471.25,23475.75,23468.25,23468.5,0,0,0,0,0,0,0,NaN,23475.75,23468.25,23468.5
2025-09-04T01:45:00-04:00,23469.25,23470,23465.25,23468,0,0,0,0,0,0,0,NaN,23470,23465.25,23468
2025-09-04T01:50:00-04:00,23467.75,23471,23459.75,23471,0,0,0,0,0,0,0,NaN,23471,23459.75,23471
2025-09-04T01:55:00-04:00,23470.5,23471.75,23463.5,23469,0,0,0,0,0,0,0,NaN,23471.75,23463.5,23469
2025-09-04T02:00:00-04:00,23467.75,23476.75,23467,23471.25,0,0,0,0,0,0,0,NaN,23476.75,23467,23471.25
2025-09-04T02:05:00-04:00,23470.75,23481.25,23469.75,23481.25,0,0,0,0,0,0,0,NaN,23481.25,23469.75,23481.25
2025-09-04T02:10:00-04:00,23481.25,23481.75,23470.25,23471,0,0,0,0,0,0,0,NaN,23481.75,23470.25,23471
2025-09-04T02:15:00-04:00,23470.5,23470.75,23460.5,23470.5,0,0,0,0,0,0,0,NaN,23470.75,23460.5,23470.5
2025-09-04T02:20:00-04:00,23470.5,23473.75,23463.25,23468.5,0,0,0,0,0,0,0,NaN,23473.75,23463.25,23468.5
2025-09-04T02:25:00-04:00,23467.75,23470,23461.5,23465.75,0,0,0,0,0,0,0,NaN,23470,23461.5,23465.75
2025-09-04T02:30:00-04:00,23466.25,23472.75,23461.75,23471.75,0,0,0,0,0,0,0,NaN,23472.75,23461.75,23471.75
2025-09-04T02:35:00-04:00,23471.25,23482.25,23469,23469.5,0,0,0,0,0,0,0,NaN,23482.25,23469,23469.5
2025-09-04T02:40:00-04:00,23468.75,23473.75,23467,23473,0,0,0,0,0,0,0,NaN,23473.75,23467,23473
2025-09-04T02:45:00-04:00,23473,23479,23470.75,23478.75,0,0,0,0,0,0,0,NaN,23479,23470.75,23478.75
2025-09-04T02:50:00-04:00,23479,23479.5,23467,23469,0,0,0,0,0,0,0,NaN,23479.5,23467,23469
2025-09-04T02:55:00-04:00,23468.75,23468.75,23452.75,23454.75,0,0,0,0,0,0,0,NaN,23468.75,23452.75,23454.75
2025-09-04T03:00:00-04:00,23454.5,23483.25,23451,23476.75,0,0,0,0,0,0,0,NaN,23483.25,23451,23476.75
2025-09-04T03:05:00-04:00,23476,23486.5,23471.25,23484.25,0,0,0,0,0,0,0,NaN,23486.5,23471.25,23484.25
2025-09-04T03:10:00-04:00,23483.5,23488.25,23481.5,23486.75,0,0,0,0,0,0,0,NaN,23488.25,23481.5,23486.75
2025-09-04T03:15:00-04:00,23486.25,23497.5,23482.25,23495.5,0,0,0,0,0,0,0,NaN,23497.5,23482.25,23495.5
2025-09-04T03:20:00-04:00,23495,23495,23478.75,23480,0,0,0,0,0,0,0,NaN,23495,23478.75,23480
2025-09-04T03:25:00-04:00,23480.75,23483.25,23477,23479.25,0,0,0,0,0,0,0,NaN,23483.25,23477,23479.25
2025-09-04T03:30:00-04:00,23479.5,23489.75,23474,23489,0,0,0,0,0,0,0,NaN,23489.75,23474,23489
2025-09-04T03:35:00-04:00,23489.25,23505.5,23486,23486.75,0,0,0,0,0,0,0,NaN,23505.5,23486,23486.75
2025-09-04T03:40:00-04:00,23486.5,23489.5,23483.25,23488.75,0,0,0,0,0,0,0,NaN,23489.5,23483.25,23488.75
2025-09-04T03:45:00-04:00,23487.75,23488.5,23481.5,23482.5,0,0,0,0,0,0,0,NaN,23488.5,23481.5,23482.5
2025-09-04T03:50:00-04:00,23482,23488.25,23479.5,23483.75,0,0,0,0,0,0,0,NaN,23488.25,23479.5,23483.75
2025-09-04T03:55:00-04:00,23483.75,23488.75,23483.75,23488.75,0,0,0,0,0,0,0,NaN,23488.75,23483.75,23488.75
2025-09-04T04:00:00-04:00,23488.25,23492.5,23482,23490,0,0,0,0,0,0,0,NaN,23492.5,23482,23490
2025-09-04T04:05:00-04:00,23490.25,23500.75,23476.75,23499.5,0,0,0,0,0,0,0,NaN,23500.75,23476.75,23499.5
2025-09-04T04:10:00-04:00,23499.75,23500,23482.75,23489.75,0,0,0,0,0,0,0,NaN,23500,23482.75,23489.75
2025-09-04T04:15:00-04:00,23490.75,23497,23489.25,23494.5,0,0,0,0,0,0,0,NaN,23497,23489.25,23494.5
2025-09-04T04:20:00-04:00,23494.75,23503.75,23491.25,23499.75,0,0,0,0,0,0,0,NaN,23503.75,23491.25,23499.75
2025-09-04T04:25:00-04:00,23499,23507,23498.25,23507,0,0,0,0,0,0,0,NaN,23507,23498.25,23507
2025-09-04T04:30:00-04:00,23507,23509.75,23493.25,23495.25,0,0,0,0,0,0,0,NaN,23509.75,23493.25,23495.25
2025-09-04T04:35:00-04:00,23495.75,23503.5,23495.25,23502.75,0,0,0,0,0,0,0,NaN,23503.5,23495.25,23502.75
2025-09-04T04:40:00-04:00,23502.25,23504.25,23498,23502.75,0,0,0,0,0,0,0,NaN,23504.25,23498,23502.75
2025-09-04T04:45:00-04:00,23503.75,23503.75,23494,23497.25,0,0,0,0,0,0,0,NaN,23503.75,23494,23497.25
2025-09-04T04:50:00-04:00,23497,23502.25,23496.75,23499.5,0,0,0,0,0,0,0,NaN,23502.25,23496.75,23499.5
2025-09-04T04:55:00-04:00,23500.25,23501,23493.5,23496.75,0,0,0,0,0,0,0,NaN,23501,23493.5,23496.75
2025-09-04T05:00:00-04:00,23497.75,23503.25,23496.5,23500.5,0,0,0,0,0,0,0,NaN,23503.25,23496.5,23500.5
2025-09-04T05:05:00-04:00,23500,23503,23498.75,23503,0,0,0,0,0,0,0,NaN,23503,23498.75,23503
2025-09-04T05:10:00-04:00,23502.75,23507,23499,23500,0,0,0,0,0,0,0,NaN,23507,23499,23500
2025-09-04T05:15:00-04:00,23500.5,23501.25,23492.75,23493.25,0,0,0,0,0,0,0,NaN,23501.25,23492.75,23493.25
2025-09-04T05:20:00-04:00,23492.5,23497,23491.5,23496,0,0,0,0,0,0,0,NaN,23497,23491.5,23496
2025-09-04T05:25:00-04:00,23496.75,23499.75,23495,23499,0,0,0,0,0,0,0,NaN,23499.75,23495,23499
2025-09-04T05:30:00-04:00,23499.25,23507.5,23498.5,23505.25,0,0,0,0,0,0,0,NaN,23507.5,23498.5,23505.25
2025-09-04T05:35:00-04:00,23506,23510.25,23503.25,23507.25,0,0,0,0,0,0,0,NaN,23510.25,23503.25,23507.25
2025-09-04T05:40:00-04:00,23507.5,23510,23505,23506,0,0,0,0,0,0,0,NaN,23510,23505,23506
2025-09-04T05:45:00-04:00,23505.25,23510.5,23504.5,23509.75,0,0,0,0,0,0,0,NaN,23510.5,23504.5,23509.75
2025-09-04T05:50:00-04:00,23509,23509,23499.75,23505.25,0,0,0,0,0,0,0,NaN,23509,23499.75,23505.25
2025-09-04T05:55:00-04:00,23503.75,23518,23503.75,23515.5,0,0,0,0,0,0,0,NaN,23518,23503.75,23515.5
2025-09-04T06:00:00-04:00,23516.25,23526.5,23514.75,23523.5,0,0,0,0,0,0,0,NaN,23526.5,23514.75,23523.5
2025-09-04T06:05:00-04:00,23523.5,23528.75,23520.25,23525.5,0,0,0,0,0,0,0,NaN,23528.75,23520.25,23525.5
2025-09-04T06:10:00-04:00,23525,23535,23518,23531.5,0,0,0,0,0,0,0,NaN,23535,23518,23531.5
2025-09-04T06:15:00-04:00,23532,23534,23520,23521.25,0,0,0,0,0,0,0,NaN,23534,23520,23521.25
2025-09-04T06:20:00-04:00,23521.75,23522.75,23512.25,23512.25,0,0,0,0,0,0,0,NaN,23522.75,23512.25,23512.25
2025-09-04T06:25:00-04:00,23512.25,23513,23503,23504.75,0,0,0,0,0,0,0,NaN,23513,23503,23504.75
2025-09-04T06:30:00-04:00,23504.25,23515.5,23503.25,23509.75,0,0,0,0,0,0,0,NaN,23515.5,23503.25,23509.75
2025-09-04T06:35:00-04:00,23511,23516,23510.75,23514,0,0,0,0,0,0,0,NaN,23516,23510.75,23514
2025-09-04T06:40:00-04:00,23514,23520.5,23512.75,23514.25,0,0,0,0,0,0,0,NaN,23520.5,23512.75,23514.25
2025-09-04T06:45:00-04:00,23514,23516.5,23510.5,23511.5,0,0,0,0,0,0,0,NaN,23516.5,23510.5,23511.5
2025-09-04T06:50:00-04:00,23512.75,23515,23510.75,23511.75,0,0,0,0,0,0,0,NaN,23515,23510.75,23511.75
2025-09-04T06:55:00-04:00,23512.25,23514,23508.25,23509,0,0,0,0,0,0,0,NaN,23514,23508.25,23509
2025-09-04T07:00:00-04:00,23509,23520.5,23504.25,23518.5,0,0,0,0,0,0,0,NaN,23520.5,23504.25,23518.5
2025-09-04T07:05:00-04:00,23518,23520.75,23513.25,23515.25,0,0,0,0,0,0,0,NaN,23520.75,23513.25,23515.25
2025-09-04T07:10:00-04:00,23514.75,23518.75,23509,23518.75,0,0,0,0,0,0,0,NaN,23518.75,23509,23518.75
2025-09-04T07:15:00-04:00,23519.25,23519.75,23509.5,23510.75,0,0,0,0,0,0,0,NaN,23519.75,23509.5,23510.75
2025-09-04T07:20:00-04:00,23511.5,23511.75,23497.25,23502.5,0,0,0,0,0,0,0,NaN,23511.75,23497.25,23502.5
2025-09-04T07:25:00-04:00,23502.5,23507.5,23493.75,23499,0,0,0,0,0,0,0,NaN,23507.5,23493.75,23499
2025-09-04T07:30:00-04:00,23499,23505.5,23496.75,23505.25,0,0,0,0,0,0,0,NaN,23505.5,23496.75,23505.25
2025-09-04T07:35:00-04:00,23504.5,23505,23498,23500.25,0,0,0,0,0,0,0,NaN,23505,23498,23500.25
2025-09-04T07:40:00-04:00,23500.25,23509.25,23498.75,23507.5,0,0,0,0,0,0,0,NaN,23509.25,23498.75,23507.5
2025-09-04T07:45:00-04:00,23507.75,23508,23491,23495,0,0,0,0,0,0,0,NaN,23508,23491,23495
2025-09-04T07:50:00-04:00,23494.75,23496.5,23480,23487.75,0,0,0,0,0,0,0,NaN,23496.5,23480,23487.75
2025-09-04T07:55:00-04:00,23487.75,23498.75,23486.75,23497.5,0,0,0,0,0,0,0,NaN,23498.75,23486.75,23497.5
2025-09-04T08:00:00-04:00,23496.5,23508.75,23496,23506.5,0,0,0,0,0,0,0,NaN,23508.75,23496,23506.5
2025-09-04T08:05:00-04:00,23506,23514,23502,23511,0,0,0,0,0,0,0,NaN,23514,23502,23511
2025-09-04T08:10:00-04:00,23511.25,23520.25,23509.25,23513.75,0,0,0,0,0,0,0,NaN,23520.25,23509.25,23513.75
2025-09-04T08:15:00-04:00,23513.5,23522.75,23489.25,23489.5,0,0,0,0,0,0,0,NaN,23522.75,23489.25,23489.5
2025-09-04T08:20:00-04:00,23489,23492.25,23482,23489.5,0,0,0,0,0,0,0,NaN,23492.25,23482,23489.5
2025-09-04T08:25:00-04:00,23489.5,23495.5,23483.25,23495,0,0,0,0,0,0,0,NaN,23495.5,23483.25,23495
2025-09-04T08:30:00-04:00,23494.75,23507,23477.5,23478.25,0,0,0,0,0,0,0,NaN,23507,23477.5,23478.25
2025-09-04T08:35:00-04:00,23478.5,23487,23474,23484.25,0,0,0,0,0,0,0,NaN,23487,23474,23484.25
2025-09-04T08:40:00-04:00,23484,23488,23472,23477.5,0,0,0,0,0,0,0,NaN,23488,23472,23477.5
2025-09-04T08:45:00-04:00,23477.25,23486.5,23469.5,23483.5,0,0,0,0,0,0,0,NaN,23486.5,23469.5,23483.5
2025-09-04T08:50:00-04:00,23484,23488.75,23477.75,23480.5,0,0,0,0,0,0,0,NaN,23488.75,23477.75,23480.5
2025-09-04T08:55:00-04:00,23480,23489.5,23478.5,23485,0,0,0,0,0,0,0,NaN,23489.5,23478.5,23485
2025-09-04T09:00:00-04:00,23484.75,23486,23471.75,23475,0,0,0,0,0,0,0,NaN,23486,23471.75,23475
2025-09-04T09:05:00-04:00,23474.75,23476.25,23463.5,23472,0,0,0,0,0,0,0,NaN,23476.25,23463.5,23472
2025-09-04T09:10:00-04:00,23472.25,23474.5,23462.5,23466.75,0,0,0,0,0,0,0,NaN,23474.5,23462.5,23466.75
2025-09-04T09:15:00-04:00,23466.75,23473,23462.5,23472.5,0,0,0,0,0,0,0,NaN,23473,23462.5,23472.5
2025-09-04T09:20:00-04:00,23472,23473.75,23465.25,23465.25,0,0,0,0,0,0,0,NaN,23473.75,23465.25,23465.25
2025-09-04T09:25:00-04:00,23465.25,23486.5,23460.25,23479.75,0,0,0,0,0,0,0,NaN,23486.5,23460.25,23479.75
2025-09-04T09:30:00-04:00,23480.5,23538,23457.25,23535,0,0,0,0,0,0,0,NaN,23538,23457.25,23535
2025-09-04T09:35:00-04:00,23535.25,23548.25,23481,23491.75,0,0,0,0,0,0,0,NaN,23548.25,23481,23491.75
2025-09-04T09:40:00-04:00,23491.25,23504,23462,23486,0,0,0,0,0,0,0,NaN,23504,23462,23486
2025-09-04T09:45:00-04:00,23487.25,23512.5,23460,23484.75,0,0,0,0,0,0,0,NaN,23512.5,23460,23484.75
2025-09-04T09:50:00-04:00,23484.75,23503,23465.5,23474.25,0,0,0,0,0,0,0,NaN,23503,23465.5,23474.25
2025-09-04T09:55:00-04:00,23475,23491.75,23459,23474,0,0,0,0,0,0,0,NaN,23491.75,23459,23474
2025-09-04T10:00:00-04:00,23477.5,23490.75,23426.25,23432.75,0,0,0,0,0,0,0,NaN,23490.75,23426.25,23432.75
2025-09-04T10:05:00-04:00,23432.5,23454.25,23421,23440.5,0,0,0,0,0,0,0,NaN,23454.25,23421,23440.5
2025-09-04T10:10:00-04:00,23441,23470.75,23432.25,23437,0,0,0,0,0,0,0,NaN,23470.75,23432.25,23437
2025-09-04T10:15:00-04:00,23436.5,23448,23410,23443.75,0,0,0,0,0,0,0,NaN,23448,23410,23443.75
2025-09-04T10:20:00-04:00,23443.5,23479.5,23440.25,23477.5,0,0,0,0,0,0,0,NaN,23479.5,23440.25,23477.5
2025-09-04T10:25:00-04:00,23477,23494.5,23462.5,23481.25,0,0,0,0,0,0,0,NaN,23494.5,23462.5,23481.25
2025-09-04T10:30:00-04:00,23481,23509,23479.5,23498.5,0,0,0,0,0,0,0,NaN,23509,23479.5,23498.5
2025-09-04T10:35:00-04:00,23498.5,23530.25,23497.5,23519.5,0,0,0,0,0,0,0,NaN,23530.25,23497.5,23519.5
2025-09-04T10:40:00-04:00,23520,23524.5,23494.5,23500.75,0,0,0,0,0,0,0,NaN,23524.5,23494.5,23500.75
2025-09-04T10:45:00-04:00,23500.25,23521,23493,23519.5,0,0,0,0,0,0,0,NaN,23521,23493,23519.5
2025-09-04T10:50:00-04:00,23519.25,23525.75,23500.75,23516.75,0,0,0,0,0,0,0,NaN,23525.75,23500.75,23516.75
2025-09-04T10:55:00-04:00,23517.5,23522.5,23499.25,23521.75,0,0,0,0,0,0,0,NaN,23522.5,23499.25,23521.75
2025-09-04T11:00:00-04:00,23522,23534,23520,23525.25,0,0,0,0,0,0,0,NaN,23534,23520,23525.25
2025-09-04T11:05:00-04:00,23525.25,23540.5,23517.5,23530.25,0,0,0,0,0,0,0,NaN,23540.5,23517.5,23530.25
2025-09-04T11:10:00-04:00,23529.5,23533.25,23492.25,23505.75,0,0,0,0,0,0,0,NaN,23533.25,23492.25,23505.75
2025-09-04T11:15:00-04:00,23505.75,23537.75,23504.75,23537,0,0,0,0,0,0,0,NaN,23537.75,23504.75,23537
2025-09-04T11:20:00-04:00,23536.25,23548.75,23531,23536.25,0,0,0,0,0,0,0,NaN,23548.75,23531,23536.25
2025-09-04T11:25:00-04:00,23536.75,23556,23534.5,23546,0,0,0,0,0,0,0,NaN,23556,23534.5,23546
2025-09-04T11:30:00-04:00,23547,23549,23527,23535.5,0,0,0,0,0,0,0,NaN,23549,23527,23535.5
2025-09-04T11:35:00-04:00,23535.5,23536.5,23517.25,23528.75,0,0,0,0,0,0,0,NaN,23536.5,23517.25,23528.75
2025-09-04T11:40:00-04:00,23529,23543,23519.25,23531.5,0,0,0,0,0,0,0,NaN,23543,23519.25,23531.5
2025-09-04T11:45:00-04:00,23531.75,23543.75,23523.75,23541,0,0,0,0,0,0,0,NaN,23543.75,23523.75,23541
2025-09-04T11:50:00-04:00,23541.25,23552.25,23531.25,23551.5,0,0,0,0,0,0,0,NaN,23552.25,23531.25,23551.5
2025-09-04T11:55:00-04:00,23551,23554.5,23537.75,23538.5,0,0,0,0,0,0,0,NaN,23554.5,23537.75,23538.5
2025-09-04T12:00:00-04:00,23538.25,23541,23526.75,23537.5,0,0,0,0,0,0,0,NaN,23541,23526.75,23537.5
2025-09-04T12:05:00-04:00,23538,23552.5,23532,23551.5,0,0,0,0,0,0,0,NaN,23552.5,23532,23551.5
2025-09-04T12:10:00-04:00,23551.5,23553,23544,23547.75,0,0,0,0,0,0,0,NaN,23553,23544,23547.75
2025-09-04T12:15:00-04:00,23548.25,23549.5,23536.5,23542.75,0,0,0,0,0,0,0,NaN,23549.5,23536.5,23542.75
2025-09-04T12:20:00-04:00,23542.75,23549,23528.75,23529.75,0,0,0,0,0,0,0,NaN,23549,23528.75,23529.75
2025-09-04T12:25:00-04:00,23530.5,23534,23512.5,23519.75,0,0,0,0,0,0,0,NaN,23534,23512.5,23519.75
2025-09-04T12:30:00-04:00,23519.75,23533.5,23515.25,23530,0,0,0,0,0,0,0,NaN,23533.5,23515.25,23530
2025-09-04T12:35:00-04:00,23529.75,23542.75,23528.25,23536.5,0,0,0,0,0,0,0,NaN,23542.75,23528.25,23536.5
2025-09-04T12:40:00-04:00,23536.5,23536.75,23527,23532.75,0,0,0,0,0,0,0,NaN,23536.75,23527,23532.75
2025-09-04T12:45:00-04:00,23533,23564,23532.5,23558.25,0,0,0,0,0,0,0,NaN,23564,23532.5,23558.25
2025-09-04T12:50:00-04:00,23558.5,23565.25,23552.25,23560.75,0,0,0,0,0,0,0,NaN,23565.25,23552.25,23560.75
2025-09-04T12:55:00-04:00,23561,23564.5,23536.75,23538.25,0,0,0,0,0,0,0,NaN,23564.5,23536.75,23538.25
2025-09-04T13:00:00-04:00,23538.5,23568.75,23536.5,23567.75,0,0,0,0,0,0,0,NaN,23568.75,23536.5,23567.75
2025-09-04T13:05:00-04:00,23567.75,23577.5,23566,23569,0,0,0,0,0,0,0,NaN,23577.5,23566,23569
2025-09-04T13:10:00-04:00,23568.75,23571,23550,23552,0,0,0,0,0,0,0,NaN,23571,23550,23552
2025-09-04T13:15:00-04:00,23551.75,23566.25,23551.25,23565.75,0,0,0,0,0,0,0,NaN,23566.25,23551.25,23565.75
2025-09-04T13:20:00-04:00,23565.25,23578,23564,23573.75,0,0,0,0,0,0,0,NaN,23578,23564,23573.75
2025-09-04T13:25:00-04:00,23574.25,23580,23570.5,23575.25,0,0,0,0,0,0,0,NaN,23580,23570.5,23575.25
2025-09-04T13:30:00-04:00,23575.25,23578.25,23566.5,23568.75,0,0,0,0,0,0,0,NaN,23578.25,23566.5,23568.75
2025-09-04T13:35:00-04:00,23568.75,23578.25,23566,23568.25,0,0,0,0,0,0,0,NaN,23578.25,23566,23568.25
2025-09-04T13:40:00-04:00,23568,23579.5,23566.25,23573.5,0,0,0,0,0,0,0,NaN,23579.5,23566.25,23573.5
2025-09-04T13:45:00-04:00,23573.75,23583,23569,23580.25,0,0,0,0,0,0,0,NaN,23583,23569,23580.25
2025-09-04T13:50:00-04:00,23580.75,23608.25,23579.75,23599.25,0,0,0,0,0,0,0,NaN,23608.25,23579.75,23599.25
2025-09-04T13:55:00-04:00,23598.75,23599.25,23579,23583.75,0,0,0,0,0,0,0,NaN,23599.25,23579,23583.75
2025-09-04T14:00:00-04:00,23583.25,23597.25,23582.5,23594.25,0,0,0,0,0,0,0,NaN,23597.25,23582.5,23594.25
2025-09-04T14:05:00-04:00,23594.25,23595,23586.5,23591.5,0,0,0,0,0,0,0,NaN,23595,23586.5,23591.5
2025-09-04T14:10:00-04:00,23591.25,23597.5,23591,23596.5,0,0,0,0,0,0,0,NaN,23597.5,23591,23596.5
2025-09-04T14:15:00-04:00,23596.75,23607,23595.75,23600.25,0,0,0,0,0,0,0,NaN,23607,23595.75,23600.25
2025-09-04T14:20:00-04:00,23600.5,23603.5,23594.25,23603,0,0,0,0,0,0,0,NaN,23603.5,23594.25,23603
2025-09-04T14:25:00-04:00,23602.75,23604.5,23594.75,23597.25,0,0,0,0,0,0,0,NaN,23604.5,23594.75,23597.25
2025-09-04T14:30:00-04:00,23597.75,23613.75,23594,23613.75,0,0,0,0,0,0,0,NaN,23613.75,23594,23613.75
2025-09-04T14:35:00-04:00,23613.75,23619.25,23610.5,23613.25,0,0,0,0,0,0,0,NaN,23619.25,23610.5,23613.25
2025-09-04T14:40:00-04:00,23613.25,23619.75,23605.75,23606.25,0,0,0,0,0,0,0,NaN,23619.75,23605.75,23606.25
2025-09-04T14:45:00-04:00,23606.5,23619,23605,23618.75,0,0,0,0,0,0,0,NaN,23619,23605,23618.75
2025-09-04T14:50:00-04:00,23618.75,23624,23615.75,23617,0,0,0,0,0,0,0,NaN,23624,23615.75,23617
2025-09-04T14:55:00-04:00,23617.5,23625,23616,23620.25,0,0,0,0,0,0,0,NaN,23625,23616,23620.25
2025-09-04T15:00:00-04:00,23620,23626,23616.75,23621.75,0,0,0,0,0,0,0,NaN,23626,23616.75,23621.75
2025-09-04T15:05:00-04:00,23622,23624.5,23616.5,23619,0,0,0,0,0,0,0,NaN,23624.5,23616.5,23619
2025-09-04T15:10:00-04:00,23619,23637.5,23616.5,23636,0,0,0,0,0,0,0,NaN,23637.5,23616.5,23636
2025-09-04T15:15:00-04:00,23636,23639,23630.75,23635.5,0,0,0,0,0,0,0,NaN,23639,23630.75,23635.5
2025-09-04T15:20:00-04:00,23635.5,23643.25,23635,23636.5,0,0,0,0,0,0,0,NaN,23643.25,23635,23636.5
2025-09-04T15:25:00-04:00,23636.25,23638.25,23627.75,23629.25,0,0,0,0,0,0,0,NaN,23638.25,23627.75,23629.25
2025-09-04T15:30:00-04:00,23628.75,23632.75,23625,23626.25,0,0,0,0,0,0,0,NaN,23632.75,23625,23626.25
2025-09-04T15:35:00-04:00,23626.25,23636.25,23621.75,23635.5,0,0,0,0,0,0,0,NaN,23636.25,23621.75,23635.5
2025-09-04T15:40:00-04:00,23635.75,23643,23631.75,23639,0,0,0,0,0,0,0,NaN,23643,23631.75,23639
2025-09-04T15:45:00-04:00,23639,23639,23626,23627.25,0,0,0,0,0,0,0,NaN,23639,23626,23627.25
2025-09-04T15:50:00-04:00,23627.25,23659.75,23624,23655.75,0,0,0,0,0,0,0,NaN,23659.75,23624,23655.75
2025-09-04T15:55:00-04:00,23655.25,23680.25,23652.25,23666.5,0,0,0,0,0,0,0,NaN,23680.25,23652.25,23666.5
2025-09-04T16:00:00-04:00,23666,23673,23658.5,23663.5,0,0,0,0,0,0,0,NaN,23673,23658.5,23663.5
2025-09-04T16:05:00-04:00,23663.5,23676.25,23661.25,23669.5,0,0,0,0,0,0,0,NaN,23676.25,23661.25,23669.5
2025-09-04T16:10:00-04:00,23669.5,23698.25,23667.75,23692.5,0,0,0,0,0,0,0,NaN,23698.25,23667.75,23692.5
2025-09-04T16:15:00-04:00,23692.75,23708.75,23661.5,23680.75,0,0,0,0,0,0,0,NaN,23708.75,23661.5,23680.75
2025-09-04T16:20:00-04:00,23681,23686.25,23673.25,23685.5,0,0,0,0,0,0,0,NaN,23686.25,23673.25,23685.5
2025-09-04T16:25:00-04:00,23684.75,23695.5,23681.5,23691,0,0,0,0,0,0,0,NaN,23695.5,23681.5,23691
2025-09-04T16:30:00-04:00,23691.25,23691.25,23683,23688.75,0,0,0,0,0,0,0,NaN,23691.25,23683,23688.75
2025-09-04T16:35:00-04:00,23688,23695.25,23687,23689,0,0,0,0,0,0,0,NaN,23695.25,23687,23689
2025-09-04T16:40:00-04:00,23689,23691.75,23687.25,23688.75,0,0,0,0,0,0,0,NaN,23691.75,23687.25,23688.75
2025-09-04T16:45:00-04:00,23688.5,23688.5,23684.5,23686.75,0,0,0,0,0,0,0,NaN,23688.5,23684.5,23686.75
2025-09-04T16:50:00-04:00,23686.75,23695.25,23685,23689.25,0,0,0,0,0,0,0,NaN,23695.25,23685,23689.25
2025-09-04T16:55:00-04:00,23689,23690.25,23683,23684,0,0,0,0,0,0,0,NaN,23690.25,23683,23684
2025-09-04T18:00:00-04:00,23700,23713.25,23695.5,23707.75,0,0,0,0,0,0,0,NaN,23713.25,23695.5,23707.75
2025-09-04T18:05:00-04:00,23707.5,23713.75,23702.75,23705.5,0,0,0,0,0,0,0,NaN,23713.75,23702.75,23705.5
2025-09-04T18:10:00-04:00,23706.25,23707.25,23702,23703.25,0,0,0,0,0,0,0,NaN,23707.25,23702,23703.25
2025-09-04T18:15:00-04:00,23702.5,23712.75,23701.5,23708.75,0,0,0,0,0,0,0,NaN,23712.75,23701.5,23708.75
2025-09-04T18:20:00-04:00,23708.25,23708.25,23702,23703.5,0,0,0,0,0,0,0,NaN,23708.25,23702,23703.5
2025-09-04T18:25:00-04:00,23703.25,23705.5,23699.5,23699.75,0,0,0,0,0,0,0,NaN,23705.5,23699.5,23699.75
2025-09-04T18:30:00-04:00,23699.75,23700.25,23693.75,23696.5,0,0,0,0,0,0,0,NaN,23700.25,23693.75,23696.5
2025-09-04T18:35:00-04:00,23695.75,23698.25,23691.75,23697,0,0,0,0,0,0,0,NaN,23698.25,23691.75,23697
2025-09-04T18:40:00-04:00,23696.75,23697.25,23691.75,23695,0,0,0,0,0,0,0,NaN,23697.25,23691.75,23695
2025-09-04T18:45:00-04:00,23695,23703.25,23694,23701.25,0,0,0,0,0,0,0,NaN,23703.25,23694,23701.25
2025-09-04T18:50:00-04:00,23701.75,23702.25,23698.5,23701.75,0,0,0,0,0,0,0,NaN,23702.25,23698.5,23701.75
2025-09-04T18:55:00-04:00,23702,23710.25,23701.75,23706.75,0,0,0,0,0,0,0,NaN,23710.25,23701.75,23706.75
2025-09-04T19:00:00-04:00,23707,23712.75,23706,23707.5,0,0,0,0,0,0,0,NaN,23712.75,23706,23707.5
2025-09-04T19:05:00-04:00,23707.5,23714.5,23707.5,23711.75,0,0,0,0,0,0,0,NaN,23714.5,23707.5,23711.75
2025-09-04T19:10:00-04:00,23712.25,23714.25,23708.75,23712.5,0,0,0,0,0,0,0,NaN,23714.25,23708.75,23712.5
2025-09-04T19:15:00-04:00,23712.75,23713.75,23708.25,23710.25,0,0,0,0,0,0,0,NaN,23713.75,23708.25,23710.25
2025-09-04T19:20:00-04:00,23710.25,23711.25,23708.75,23710.5,0,0,0,0,0,0,0,NaN,23711.25,23708.75,23710.5
2025-09-04T19:25:00-04:00,23710,23716.25,23710,23712.5,0,0,0,0,0,0,0,NaN,23716.25,23710,23712.5
2025-09-04T19:30:00-04:00,23712.75,23715,23709.75,23709.75,0,0,0,0,0,0,0,NaN,23715,23709.75,23709.75
2025-09-04T19:35:00-04:00,23710,23711.75,23706.5,23709.5,0,0,0,0,0,0,0,NaN,23711.75,23706.5,23709.5
2025-09-04T19:40:00-04:00,23709.25,23710,23705.5,23706.25,0,0,0,0,0,0,0,NaN,23710,23705.5,23706.25
2025-09-04T19:45:00-04:00,23706.5,23709.75,23704.5,23709,0,0,0,0,0,0,0,NaN,23709.75,23704.5,23709
2025-09-04T19:50:00-04:00,23709.25,23715,23707.75,23713.75,0,0,0,0,0,0,0,NaN,23715,23707.75,23713.75
2025-09-04T19:55:00-04:00,23712.5,23712.5,23706.5,23706.75,0,0,0,0,0,0,0,NaN,23712.5,23706.5,23706.75
2025-09-04T20:00:00-04:00,23706,23714.75,23701.25,23707,0,0,0,0,0,0,0,NaN,23714.75,23701.25,23707
2025-09-04T20:05:00-04:00,23705.5,23723.25,23703.75,23721.25,0,0,0,0,0,0,0,NaN,23723.25,23703.75,23721.25
2025-09-04T20:10:00-04:00,23721.25,23724.5,23716.25,23720.5,0,0,0,0,0,0,0,NaN,23724.5,23716.25,23720.5
2025-09-04T20:15:00-04:00,23720.5,23727.5,23717,23723.75,0,0,0,0,0,0,0,NaN,23727.5,23717,23723.75
2025-09-04T20:20:00-04:00,23723.75,23724.5,23717,23721.25,0,0,0,0,0,0,0,NaN,23724.5,23717,23721.25
2025-09-04T20:25:00-04:00,23721.5,23728.5,23721,23726.5,0,0,0,0,0,0,0,NaN,23728.5,23721,23726.5
2025-09-04T20:30:00-04:00,23726.25,23726.75,23720.5,23724.5,0,0,0,0,0,0,0,NaN,23726.75,23720.5,23724.5
2025-09-04T20:35:00-04:00,23725,23725.75,23720,23721.75,0,0,0,0,0,0,0,NaN,23725.75,23720,23721.75
2025-09-04T20:40:00-04:00,23720.75,23726.25,23720.5,23723.75,0,0,0,0,0,0,0,NaN,23726.25,23720.5,23723.75
2025-09-04T20:45:00-04:00,23723.5,23724.75,23720.75,23722.5,0,0,0,0,0,0,0,NaN,23724.75,23720.75,23722.5
2025-09-04T20:50:00-04:00,23723.25,23725.5,23720.25,23725.5,0,0,0,0,0,0,0,NaN,23725.5,23720.25,23725.5
2025-09-04T20:55:00-04:00,23726,23731.75,23723.25,23729.75,0,0,0,0,0,0,0,NaN,23731.75,23723.25,23729.75
2025-09-04T21:00:00-04:00,23729,23732.5,23727,23730.5,0,0,0,0,0,0,0,NaN,23732.5,23727,23730.5
2025-09-04T21:05:00-04:00,23731.25,23733.25,23727.75,23732,0,0,0,0,0,0,0,NaN,23733.25,23727.75,23732
2025-09-04T21:10:00-04:00,23732,23733,23730,23731.75,0,0,0,0,0,0,0,NaN,23733,23730,23731.75
2025-09-04T21:15:00-04:00,23732,23739.75,23731.5,23733.25,0,0,0,0,0,0,0,NaN,23739.75,23731.5,23733.25
2025-09-04T21:20:00-04:00,23733.75,23738.25,23732.75,23738,0,0,0,0,0,0,0,NaN,23738.25,23732.75,23738
2025-09-04T21:25:00-04:00,23737.75,23739.25,23733.5,23733.5,0,0,0,0,0,0,0,NaN,23739.25,23733.5,23733.5
2025-09-04T21:30:00-04:00,23733.5,23733.75,23729.25,23731.5,0,0,0,0,0,0,0,NaN,23733.75,23729.25,23731.5
2025-09-04T21:35:00-04:00,23731.5,23732,23729.25,23730.75,0,0,0,0,0,0,0,NaN,23732,23729.25,23730.75
2025-09-04T21:40:00-04:00,23731.25,23731.75,23727.5,23729.5,0,0,0,0,0,0,0,NaN,23731.75,23727.5,23729.5
2025-09-04T21:45:00-04:00,23729.25,23731,23722.25,23725.75,0,0,0,0,0,0,0,NaN,23731,23722.25,23725.75
2025-09-04T21:50:00-04:00,23725,23732.5,23724.75,23732.5,0,0,0,0,0,0,0,NaN,23732.5,23724.75,23732.5
2025-09-04T21:55:00-04:00,23732,23736.25,23731.25,23734.75,0,0,0,0,0,0,0,NaN,23736.25,23731.25,23734.75
2025-09-04T22:00:00-04:00,23735,23735,23730.25,23733,0,0,0,0,0,0,0,NaN,23735,23730.25,23733
2025-09-04T22:05:00-04:00,23734,23734.5,23729.25,23729.5,0,0,0,0,0,0,0,NaN,23734.5,23729.25,23729.5
2025-09-04T22:10:00-04:00,23730.5,23731.25,23727,23727.5,0,0,0,0,0,0,0,NaN,23731.25,23727,23727.5
2025-09-04T22:15:00-04:00,23727.5,23729.5,23724.25,23728.75,0,0,0,0,0,0,0,NaN,23729.5,23724.25,23728.75
2025-09-04T22:20:00-04:00,23728.25,23732,23728,23728,0,0,0,0,0,0,0,NaN,23732,23728,23728
2025-09-04T22:25:00-04:00,23728,23728,23720.5,23721,0,0,0,0,0,0,0,NaN,23728,23720.5,23721
2025-09-04T22:30:00-04:00,23721,23728.75,23716.25,23728.5,0,0,0,0,0,0,0,NaN,23728.75,23716.25,23728.5
2025-09-04T22:35:00-04:00,23728,23733.25,23727.75,23733.25,0,0,0,0,0,0,0,NaN,23733.25,23727.75,23733.25
2025-09-04T22:40:00-04:00,23732.75,23735.75,23732.75,23734.5,0,0,0,0,0,0,0,NaN,23735.75,23732.75,23734.5
2025-09-04T22:45:00-04:00,23734.25,23742.25,23733.5,23740.75,0,0,0,0,0,0,0,NaN,23742.25,23733.5,23740.75
2025-09-04T22:50:00-04:00,23740.25,23741.5,23736.75,23740.5,0,0,0,0,0,0,0,NaN,23741.5,23736.75,23740.5
2025-09-04T22:55:00-04:00,23740.5,23740.5,23735,23737,0,0,0,0,0,0,0,NaN,23740.5,23735,23737
2025-09-04T23:00:00-04:00,23736,23736.25,23728,23734.75,0,0,0,0,0,0,0,NaN,23736.25,23728,23734.75
2025-09-04T23:05:00-04:00,23735,23738.25,23734,23735.5,0,0,0,0,0,0,0,NaN,23738.25,23734,23735.5
2025-09-04T23:10:00-04:00,23734.25,23736,23726,23735,0,0,0,0,0,0,0,NaN,23736,23726,23735
2025-09-04T23:15:00-04:00,23735,23738.5,23731.5,23733.75,0,0,0,0,0,0,0,NaN,23738.5,23731.5,23733.75
2025-09-04T23:20:00-04:00,23733.5,23735.75,23732.5,23734.75,0,0,0,0,0,0,0,NaN,23735.75,23732.5,23734.75
2025-09-04T23:25:00-04:00,23735.5,23736,23733.25,23735,0,0,0,0,0,0,0,NaN,23736,23733.25,23735
2025-09-04T23:30:00-04:00,23735.75,23738.5,23730.25,23732.75,0,0,0,0,0,0,0,NaN,23738.5,23730.25,23732.75
2025-09-04T23:35:00-04:00,23733.75,23737.25,23733.75,23737.25,0,0,0,0,0,0,0,NaN,23737.25,23733.75,23737.25
2025-09-04T23:40:00-04:00,23736.75,23740.75,23735.5,23739.5,0,0,0,0,0,0,0,NaN,23740.75,23735.5,23739.5
2025-09-04T23:45:00-04:00,23739.5,23739.5,23737,23737.5,0,0,0,0,0,0,0,NaN,23739.5,23737,23737.5
2025-09-04T23:50:00-04:00,23738,23740.25,23737.75,23740.25,0,0,0,0,0,0,0,NaN,23740.25,23737.75,23740.25
2025-09-04T23:55:00-04:00,23740.25,23742.75,23740,23741,0,0,0,0,0,0,0,NaN,23742.75,23740,23741
2025-09-05T00:00:00-04:00,23742.25,23743.5,23741.25,23741.5,0,0,0,0,0,1,0,NaN,23743.5,23741.25,23741.5
2025-09-05T00:05:00-04:00,23742.25,23744.75,23740,23744.25,0,0,0,0,0,0,0,NaN,23744.75,23740,23744.25
2025-09-05T00:10:00-04:00,23744.25,23749.75,23744,23745.5,0,0,0,0,0,0,0,NaN,23749.75,23744,23745.5
2025-09-05T00:15:00-04:00,23745.5,23747.5,23744.25,23745,0,0,0,0,0,0,0,NaN,23747.5,23744.25,23745
2025-09-05T00:20:00-04:00,23745,23747.75,23744,23747.75,0,0,0,0,0,0,0,NaN,23747.75,23744,23747.75
2025-09-05T00:25:00-04:00,23747.75,23750.25,23744.75,23745.25,0,0,0,0,0,0,0,NaN,23750.25,23744.75,23745.25
2025-09-05T00:30:00-04:00,23745,23747.5,23744.75,23747,0,0,0,0,0,0,0,NaN,23747.5,23744.75,23747
2025-09-05T00:35:00-04:00,23747.25,23751.75,23746.5,23749.75,0,0,0,0,0,0,0,NaN,23751.75,23746.5,23749.75
2025-09-05T00:40:00-04:00,23749.5,23749.5,23745.75,23748.5,0,0,0,0,0,0,0,NaN,23749.5,23745.75,23748.5
2025-09-05T00:45:00-04:00,23748.75,23748.75,23746,23746.25,0,0,0,0,0,0,0,NaN,23748.75,23746,23746.25
2025-09-05T00:50:00-04:00,23746,23747,23743.75,23745.25,0,0,0,0,0,0,0,NaN,23747,23743.75,23745.25
2025-09-05T00:55:00-04:00,23744.75,23747,23743.75,23744.25,0,0,0,0,0,0,0,NaN,23747,23743.75,23744.25
2025-09-05T01:00:00-04:00,23745,23745.5,23740.75,23744.5,0,0,0,0,0,0,0,NaN,23745.5,23740.75,23744.5
2025-09-05T01:05:00-04:00,23745.25,23748,23745.25,23747.75,0,0,0,0,0,0,0,NaN,23748,23745.25,23747.75
2025-09-05T01:10:00-04:00,23747.75,23748.5,23746,23748.25,0,0,0,0,0,0,0,NaN,23748.5,23746,23748.25
2025-09-05T01:15:00-04:00,23748.5,23754.25,23748.5,23754,0,0,0,0,0,0,0,NaN,23754.25,23748.5,23754
2025-09-05T01:20:00-04:00,23754.75,23756,23752.25,23752.25,0,0,0,0,0,0,0,NaN,23756,23752.25,23752.25
2025-09-05T01:25:00-04:00,23752.5,23753,23749.25,23753,0,0,0,0,0,0,0,NaN,23753,23749.25,23753
2025-09-05T01:30:00-04:00,23753.5,23759.25,23753.25,23757.75,0,0,0,0,0,0,0,NaN,23759.25,23753.25,23757.75
2025-09-05T01:35:00-04:00,23758,23769,23758,23762,0,0,0,0,0,0,0,NaN,23769,23758,23762
2025-09-05T01:40:00-04:00,23762.5,23771,23761,23769,0,0,0,0,0,0,0,NaN,23771,23761,23769
2025-09-05T01:45:00-04:00,23768,23768,23761.5,23766.25,0,0,0,0,0,0,0,NaN,23768,23761.5,23766.25
2025-09-05T01:50:00-04:00,23766.5,23769,23766.5,23767.25,0,0,0,0,0,0,0,NaN,23769,23766.5,23767.25
2025-09-05T01:55:00-04:00,23767.5,23767.5,23759.5,23760.75,0,0,0,0,0,0,0,NaN,23767.5,23759.5,23760.75
2025-09-05T02:00:00-04:00,23761.5,23770,23759.25,23770,0,0,0,0,0,0,0,NaN,23770,23759.25,23770
2025-09-05T02:05:00-04:00,23769.75,23780,23765,23778.25,0,0,0,0,0,0,0,NaN,23780,23765,23778.25
2025-09-05T02:10:00-04:00,23777,23777.75,23769.25,23771.5,0,0,0,0,0,0,0,NaN,23777.75,23769.25,23771.5
2025-09-05T02:15:00-04:00,23771.75,23780,23770.5,23777.5,0,0,0,0,0,0,0,NaN,23780,23770.5,23777.5
2025-09-05T02:20:00-04:00,23778,23783,23777,23781.75,0,0,0,0,0,0,0,NaN,23783,23777,23781.75
2025-09-05T02:25:00-04:00,23781.5,23787.75,23780.75,23785.5,0,0,0,0,0,0,0,NaN,23787.75,23780.75,23785.5
2025-09-05T02:30:00-04:00,23785.75,23788,23780.25,23780.25,0,0,0,0,0,0,0,NaN,23788,23780.25,23780.25
2025-09-05T02:35:00-04:00,23780,23785.25,23778,23780.25,0,0,0,0,0,0,0,NaN,23785.25,23778,23780.25
2025-09-05T02:40:00-04:00,23780.25,23780.25,23774.75,23775.5,0,0,0,0,0,0,0,NaN,23780.25,23774.75,23775.5
2025-09-05T02:45:00-04:00,23775.25,23776.75,23773.25,23774.25,0,0,0,0,0,0,0,NaN,23776.75,23773.25,23774.25
2025-09-05T02:50:00-04:00,23774,23778.25,23772.75,23773.5,0,0,0,0,0,0,0,NaN,23778.25,23772.75,23773.5
2025-09-05T02:55:00-04:00,23773.75,23778,23772,23772,0,0,0,0,0,0,0,NaN,23778,23772,23772
2025-09-05T03:00:00-04:00,23771.75,23776.25,23751.5,23752,0,0,0,0,0,0,0,NaN,23776.25,23751.5,23752
2025-09-05T03:05:00-04:00,23752.25,23761.25,23743.5,23755,0,0,0,0,0,0,0,NaN,23761.25,23743.5,23755
2025-09-05T03:10:00-04:00,23755.75,23761.75,23754.5,23758.5,0,0,0,0,0,0,0,NaN,23761.75,23754.5,23758.5
2025-09-05T03:15:00-04:00,23759.75,23760.25,23749.5,23752,0,0,0,0,0,0,0,NaN,23760.25,23749.5,23752
2025-09-05T03:20:00-04:00,23752,23760.75,23749.75,23754,0,0,0,0,0,0,0,NaN,23760.75,23749.75,23754
2025-09-05T03:25:00-04:00,23754.5,23757.5,23752.5,23753,0,0,0,0,0,0,0,NaN,23757.5,23752.5,23753
2025-09-05T03:30:00-04:00,23754.25,23757.75,23749,23755.75,0,0,0,0,0,0,0,NaN,23757.75,23749,23755.75
2025-09-05T03:35:00-04:00,23756,23760,23752.5,23756.25,0,0,0,0,0,0,0,NaN,23760,23752.5,23756.25
2025-09-05T03:40:00-04:00,23755.25,23763.75,23754,23759.25,0,0,0,0,0,0,0,NaN,23763.75,23754,23759.25
2025-09-05T03:45:00-04:00,23759.5,23759.75,23748,23752,0,0,0,0,0,0,0,NaN,23759.75,23748,23752
2025-09-05T03:50:00-04:00,23753,23761.25,23751,23760.25,0,0,0,0,0,0,0,NaN,23761.25,23751,23760.25
2025-09-05T03:55:00-04:00,23759.5,23762.5,23756.5,23756.5,0,0,0,0,0,0,0,NaN,23762.5,23756.5,23756.5
2025-09-05T04:00:00-04:00,23756,23759.75,23748.5,23755,0,0,0,0,0,0,0,NaN,23759.75,23748.5,23755
2025-09-05T04:05:00-04:00,23755,23762.75,23755,23761,0,0,0,0,0,0,0,NaN,23762.75,23755,23761
2025-09-05T04:10:00-04:00,23760.75,23772,23758.25,23771.75,0,0,0,0,0,0,0,NaN,23772,23758.25,23771.75
2025-09-05T04:15:00-04:00,23771.5,23774.5,23767.5,23770,0,0,0,0,0,0,0,NaN,23774.5,23767.5,23770
2025-09-05T04:20:00-04:00,23769.75,23773.5,23766.75,23773.5,0,0,0,0,0,0,0,NaN,23773.5,23766.75,23773.5
2025-09-05T04:25:00-04:00,23773.5,23778,23769.5,23777,0,0,0,0,0,0,0,NaN,23778,23769.5,23777
2025-09-05T04:30:00-04:00,23776.5,23778.5,23774.5,23777.5,0,0,0,0,0,0,0,NaN,23778.5,23774.5,23777.5
2025-09-05T04:35:00-04:00,23777,23783.5,23776.5,23776.5,0,0,0,0,0,0,0,NaN,23783.5,23776.5,23776.5
2025-09-05T04:40:00-04:00,23775.75,23779.75,23772.5,23779,0,0,0,0,0,0,0,NaN,23779.75,23772.5,23779
2025-09-05T04:45:00-04:00,23779,23779.5,23771.25,23771.25,0,0,0,0,0,0,0,NaN,23779.5,23771.25,23771.25
2025-09-05T04:50:00-04:00,23770.5,23774.5,23770,23774.25,0,0,0,0,0,0,0,NaN,23774.5,23770,23774.25
2025-09-05T04:55:00-04:00,23774.75,23787.25,23774.75,23787,0,0,0,0,0,0,0,NaN,23787.25,23774.75,23787
2025-09-05T05:00:00-04:00,23787.25,23791.75,23778.5,23785,0,0,0,0,0,0,0,NaN,23791.75,23778.5,23785
2025-09-05T05:05:00-04:00,23784.75,23786,23778,23781,0,0,0,0,0,0,0,NaN,23786,23778,23781
2025-09-05T05:10:00-04:00,23781,23783.75,23777.5,23780.25,0,0,0,0,0,0,0,NaN,23783.75,23777.5,23780.25
2025-09-05T05:15:00-04:00,23780.5,23783,23779.75,23780,0,0,0,0,0,0,0,NaN,23783,23779.75,23780
2025-09-05T05:20:00-04:00,23780.25,23784.75,23777.5,23782.5,0,0,0,0,0,0,0,NaN,23784.75,23777.5,23782.5
2025-09-05T05:25:00-04:00,23782.5,23786.5,23780,23783.75,0,0,0,0,0,0,0,NaN,23786.5,23780,23783.75
2025-09-05T05:30:00-04:00,23784,23789.5,23782.5,23788.25,0,0,0,0,0,0,0,NaN,23789.5,23782.5,23788.25
2025-09-05T05:35:00-04:00,23788.5,23789.5,23782,23784.5,0,0,0,0,0,0,0,NaN,23789.5,23782,23784.5
2025-09-05T05:40:00-04:00,23784.25,23786,23779.75,23785,0,0,0,0,0,0,0,NaN,23786,23779.75,23785
2025-09-05T05:45:00-04:00,23785.5,23788.5,23782,23787.25,0,0,0,0,0,0,0,NaN,23788.5,23782,23787.25
2025-09-05T05:50:00-04:00,23787.5,23789,23785.75,23788.5,0,0,0,0,0,0,0,NaN,23789,23785.75,23788.5
2025-09-05T05:55:00-04:00,23788,23788.25,23781,23783.75,0,0,0,0,0,0,0,NaN,23788.25,23781,23783.75
2025-09-05T06:00:00-04:00,23783.75,23786.5,23779,23780,0,0,0,0,0,0,0,NaN,23786.5,23779,23780
2025-09-05T06:05:00-04:00,23779.75,23779.75,23774,23777.25,0,0,0,0,0,0,0,NaN,23779.75,23774,23777.25
2025-09-05T06:10:00-04:00,23778,23784,23777.25,23781,0,0,0,0,0,0,0,NaN,23784,23777.25,23781
2025-09-05T06:15:00-04:00,23780.75,23786.5,23779.5,23784.5,0,0,0,0,0,0,0,NaN,23786.5,23779.5,23784.5
2025-09-05T06:20:00-04:00,23783.75,23786.75,23781,23782.5,0,0,0,0,0,0,0,NaN,23786.75,23781,23782.5
2025-09-05T06:25:00-04:00,23783.25,23787.75,23782.75,23784.5,0,0,0,0,0,0,0,NaN,23787.75,23782.75,23784.5
2025-09-05T06:30:00-04:00,23784.25,23786.75,23783,23785.5,0,0,0,0,0,0,0,NaN,23786.75,23783,23785.5
2025-09-05T06:35:00-04:00,23785.25,23788.5,23783.25,23787,0,0,0,0,0,0,0,NaN,23788.5,23783.25,23787
2025-09-05T06:40:00-04:00,23787.75,23789.5,23786.25,23787.75,0,0,0,0,0,0,0,NaN,23789.5,23786.25,23787.75
2025-09-05T06:45:00-04:00,23788,23789,23784.5,23787.75,0,0,0,0,0,0,0,NaN,23789,23784.5,23787.75
2025-09-05T06:50:00-04:00,23787.5,23788.25,23784,23784,0,0,0,0,0,0,0,NaN,23788.25,23784,23784
2025-09-05T06:55:00-04:00,23784.25,23784.5,23776.5,23776.75,0,0,0,0,0,0,0,NaN,23784.5,23776.5,23776.75
2025-09-05T07:00:00-04:00,23776.25,23787.25,23774.5,23786.75,0,0,0,0,0,0,0,NaN,23787.25,23774.5,23786.75
2025-09-05T07:05:00-04:00,23787,23789.5,23785.25,23788,0,0,0,0,0,0,0,NaN,23789.5,23785.25,23788
2025-09-05T07:10:00-04:00,23788.5,23794.5,23786.25,23794,0,0,0,0,0,0,0,NaN,23794.5,23786.25,23794
2025-09-05T07:15:00-04:00,23794,23796.75,23790.75,23791.5,0,0,0,0,0,0,0,NaN,23796.75,23790.75,23791.5
2025-09-05T07:20:00-04:00,23791.5,23800,23791,23796.25,0,0,0,0,0,0,0,NaN,23800,23791,23796.25
2025-09-05T07:25:00-04:00,23796.75,23799.5,23794.75,23796.25,0,0,0,0,0,0,0,NaN,23799.5,23794.75,23796.25
2025-09-05T07:30:00-04:00,23796.25,23796.25,23784.5,23789,0,0,0,0,0,0,0,NaN,23796.25,23784.5,23789
2025-09-05T07:35:00-04:00,23789.5,23793.5,23787,23787.25,0,0,0,0,0,0,0,NaN,23793.5,23787,23787.25
2025-09-05T07:40:00-04:00,23787.25,23787.25,23780,23784.25,0,0,0,0,0,0,0,NaN,23787.25,23780,23784.25
2025-09-05T07:45:00-04:00,23784.5,23789.25,23782,23784.25,0,0,0,0,0,0,0,NaN,23789.25,23782,23784.25
2025-09-05T07:50:00-04:00,23783.75,23790.25,23782,23784,0,0,0,0,0,0,0,NaN,23790.25,23782,23784
2025-09-05T07:55:00-04:00,23784,23784,23768.25,23769.25,0,0,0,0,0,0,0,NaN,23784,23768.25,23769.25
2025-09-05T08:00:00-04:00,23769.75,23786.25,23769,23784.5,0,0,0,0,0,0,0,NaN,23786.25,23769,23784.5
2025-09-05T08:05:00-04:00,23784.25,23794,23774.25,23787.5,0,0,0,0,0,0,0,NaN,23794,23774.25,23787.5
2025-09-05T08:10:00-04:00,23787.25,23787.25,23777,23785.5,0,0,0,0,0,0,0,NaN,23787.25,23777,23785.5
2025-09-05T08:15:00-04:00,23784.5,23794.25,23781.75,23783.25,0,0,0,0,0,0,0,NaN,23794.25,23781.75,23783.25
2025-09-05T08:20:00-04:00,23784,23784.5,23772.25,23776.25,0,0,0,0,0,0,0,NaN,23784.5,23772.25,23776.25
2025-09-05T08:25:00-04:00,23776.75,23787.25,23774,23782.25,0,0,0,0,0,0,0,NaN,23787.25,23774,23782.25
2025-09-05T08:30:00-04:00,23782.25,23830.75,23725.5,23829.25,0,0,0,0,0,0,0,NaN,23830.75,23725.5,23829.25
2025-09-05T08:35:00-04:00,23829,23844.25,23807.25,23816.5,0,0,0,0,0,0,0,NaN,23844.25,23807.25,23816.5
2025-09-05T08:40:00-04:00,23816.25,23831,23793.5,23830,0,0,0,0,0,0,0,NaN,23831,23793.5,23830
2025-09-05T08:45:00-04:00,23829.5,23842.75,23821.5,23840.25,0,0,0,0,0,0,0,NaN,23842.75,23821.5,23840.25
2025-09-05T08:50:00-04:00,23840.25,23868.75,23838,23865.75,0,0,0,0,0,0,0,NaN,23868.75,23838,23865.75
2025-09-05T08:55:00-04:00,23866.25,23875,23852.5,23873.75,0,0,0,0,0,0,0,NaN,23875,23852.5,23873.75
2025-09-05T09:00:00-04:00,23873.75,23889.75,23870.25,23884,0,0,0,0,0,0,0,NaN,23889.75,23870.25,23884
2025-09-05T09:05:00-04:00,23884.25,23897.75,23881.25,23883.5,0,0,0,0,0,0,0,NaN,23897.75,23881.25,23883.5
2025-09-05T09:10:00-04:00,23883.75,23888.25,23876,23883.5,0,0,0,0,0,0,0,NaN,23888.25,23876,23883.5
2025-09-05T09:15:00-04:00,23884,23894,23874.25,23891.5,0,0,0,0,0,0,0,NaN,23894,23874.25,23891.5
2025-09-05T09:20:00-04:00,23891.25,23892,23875.5,23882.25,0,0,0,0,0,0,0,NaN,23892,23875.5,23882.25
2025-09-05T09:25:00-04:00,23882.75,23896.5,23871,23874.5,0,0,0,0,0,0,0,NaN,23896.5,23871,23874.5
2025-09-05T09:30:00-04:00,23875,23902,23845,23847.5,0,0,0,0,0,0,0,NaN,23902,23845,23847.5
2025-09-05T09:35:00-04:00,23847,23855.75,23821.75,23836,0,0,0,0,0,0,0,NaN,23855.75,23821.75,23836
2025-09-05T09:40:00-04:00,23836.5,23881.75,23834,23874.5,0,0,0,0,0,0,0,NaN,23881.75,23834,23874.5
2025-09-05T09:45:00-04:00,23874.25,23887.25,23835.5,23879.75,0,0,0,0,0,0,0,NaN,23887.25,23835.5,23879.75
2025-09-05T09:50:00-04:00,23879.5,23893.25,23832,23863.5,0,0,0,0,0,0,0,NaN,23893.25,23832,23863.5
2025-09-05T09:55:00-04:00,23863,23864,23826,23852.5,0,0,0,0,0,0,0,NaN,23864,23826,23852.5
2025-09-05T10:00:00-04:00,23853,23853.5,23804.5,23836.75,0,0,0,0,0,0,0,NaN,23853.5,23804.5,23836.75
2025-09-05T10:05:00-04:00,23836.25,23837.25,23786,23796,0,0,0,0,0,0,0,NaN,23837.25,23786,23796
2025-09-05T10:10:00-04:00,23797,23802.75,23754.75,23756.25,0,0,0,0,0,0,0,NaN,23802.75,23754.75,23756.25
2025-09-05T10:15:00-04:00,23756.5,23763.5,23690.25,23695.5,0,0,0,0,0,0,0,NaN,23763.5,23690.25,23695.5
2025-09-05T10:20:00-04:00,23695,23733.75,23653.25,23663,0,0,0,0,0,0,0,NaN,23733.75,23653.25,23663
2025-09-05T10:25:00-04:00,23663.5,23686.75,23628.5,23654,0,0,0,0,0,0,0,NaN,23686.75,23628.5,23654
2025-09-05T10:30:00-04:00,23653.75,23666,23631,23646.25,0,0,0,0,0,0,0,NaN,23666,23631,23646.25
2025-09-05T10:35:00-04:00,23646.5,23658.75,23607.25,23617.25,0,0,0,0,0,0,0,NaN,23658.75,23607.25,23617.25
2025-09-05T10:40:00-04:00,23617.25,23640,23589.75,23608.25,0,0,0,0,0,0,0,NaN,23640,23589.75,23608.25
2025-09-05T10:45:00-04:00,23608.75,23608.75,23567,23588.75,0,0,0,0,0,0,0,NaN,23608.75,23567,23588.75
2025-09-05T10:50:00-04:00,23588.75,23634.75,23562.75,23633.5,0,0,0,0,0,0,0,NaN,23634.75,23562.75,23633.5
2025-09-05T10:55:00-04:00,23632.75,23637.5,23544.75,23548,0,0,0,0,0,0,0,NaN,23637.5,23544.75,23548
2025-09-05T11:00:00-04:00,23547.75,23560.75,23515.25,23535.25,0,0,0,0,0,0,0,NaN,23560.75,23515.25,23535.25
2025-09-05T11:05:00-04:00,23535.75,23560.75,23525,23537.75,0,0,0,0,0,0,0,NaN,23560.75,23525,23537.75
2025-09-05T11:10:00-04:00,23537.5,23574.25,23505,23573.25,0,0,0,0,0,0,0,NaN,23574.25,23505,23573.25
2025-09-05T11:15:00-04:00,23573,23594.75,23561.25,23578,0,0,0,0,0,0,0,NaN,23594.75,23561.25,23578
2025-09-05T11:20:00-04:00,23578,23616.5,23572.25,23611.75,0,0,0,0,0,0,0,NaN,23616.5,23572.25,23611.75
2025-09-05T11:25:00-04:00,23610.5,23638.25,23595,23632.5,0,0,0,0,0,0,0,NaN,23638.25,23595,23632.5
2025-09-05T11:30:00-04:00,23633,23640,23606.5,23620.5,0,0,0,0,0,0,0,NaN,23640,23606.5,23620.5
2025-09-05T11:35:00-04:00,23621.5,23659,23621.5,23644.25,0,0,0,0,0,0,0,NaN,23659,23621.5,23644.25
2025-09-05T11:40:00-04:00,23644.25,23669,23640.25,23661.75,0,0,0,0,0,0,0,NaN,23669,23640.25,23661.75
2025-09-05T11:45:00-04:00,23662.25,23662.5,23622,23649.75,0,0,0,0,0,0,0,NaN,23662.5,23622,23649.75
2025-09-05T11:50:00-04:00,23650.25,23653.75,23615.5,23629.25,0,0,0,0,0,0,0,NaN,23653.75,23615.5,23629.25
2025-09-05T11:55:00-04:00,23628.5,23644,23603.75,23619,0,0,0,0,0,0,0,NaN,23644,23603.75,23619
2025-09-05T12:00:00-04:00,23618.5,23632,23595,23610.75,0,0,0,0,0,0,0,NaN,23632,23595,23610.75
2025-09-05T12:05:00-04:00,23612,23630.25,23596,23627.5,0,0,0,0,0,0,0,NaN,23630.25,23596,23627.5
2025-09-05T12:10:00-04:00,23628.25,23657.5,23625,23652.75,0,0,0,0,0,0,0,NaN,23657.5,23625,23652.75
2025-09-05T12:15:00-04:00,23652.75,23658.75,23626.75,23640.75,0,0,0,0,0,0,0,NaN,23658.75,23626.75,23640.75
2025-09-05T12:20:00-04:00,23641,23650.5,23611.25,23647.25,0,0,0,0,0,0,0,NaN,23650.5,23611.25,23647.25
2025-09-05T12:25:00-04:00,23647.25,23648.25,23616.75,23620.75,0,0,0,0,0,0,0,NaN,23648.25,23616.75,23620.75
2025-09-05T12:30:00-04:00,23621,23632.5,23604,23607.5,0,0,0,0,0,0,0,NaN,23632.5,23604,23607.5
2025-09-05T12:35:00-04:00,23607.25,23622.5,23596.25,23613.75,0,0,0,0,0,0,0,NaN,23622.5,23596.25,23613.75
2025-09-05T12:40:00-04:00,23613.25,23648,23610,23639.75,0,0,0,0,0,0,0,NaN,23648,23610,23639.75
2025-09-05T12:45:00-04:00,23639.5,23651.25,23612.25,23612.5,0,0,0,0,0,0,0,NaN,23651.25,23612.25,23612.5
2025-09-05T12:50:00-04:00,23612.5,23628.5,23606.75,23617.5,0,0,0,0,0,0,0,NaN,23628.5,23606.75,23617.5
2025-09-05T12:55:00-04:00,23617,23654.75,23611.25,23654.5,0,0,0,0,0,0,0,NaN,23654.75,23611.25,23654.5
2025-09-05T13:00:00-04:00,23654,23654,23613,23614,0,0,0,0,0,0,0,NaN,23654,23613,23614
2025-09-05T13:05:00-04:00,23613.25,23641.5,23603,23641.25,0,0,0,0,0,0,0,NaN,23641.5,23603,23641.25
2025-09-05T13:10:00-04:00,23640.75,23652.5,23631.5,23646.75,0,0,0,0,0,0,0,NaN,23652.5,23631.5,23646.75
2025-09-05T13:15:00-04:00,23646.5,23657.75,23634.25,23645.75,0,0,0,0,0,0,0,NaN,23657.75,23634.25,23645.75
2025-09-05T13:20:00-04:00,23645.75,23663.75,23641.5,23655.25,0,0,0,0,0,0,0,NaN,23663.75,23641.5,23655.25
2025-09-05T13:25:00-04:00,23656.5,23659.25,23629.25,23634,0,0,0,0,0,0,0,NaN,23659.25,23629.25,23634
2025-09-05T13:30:00-04:00,23634.5,23642.25,23624.25,23638.5,0,0,0,0,0,0,0,NaN,23642.25,23624.25,23638.5
2025-09-05T13:35:00-04:00,23638.25,23643.75,23615.75,23625.25,0,0,0,0,0,0,0,NaN,23643.75,23615.75,23625.25
2025-09-05T13:40:00-04:00,23625.5,23629.5,23585.75,23612,0,0,0,0,0,0,0,NaN,23629.5,23585.75,23612
2025-09-05T13:45:00-04:00,23612.5,23620,23598.5,23602.75,0,0,0,0,0,0,0,NaN,23620,23598.5,23602.75
2025-09-05T13:50:00-04:00,23602.25,23619.25,23597,23604.5,0,0,0,0,0,0,0,NaN,23619.25,23597,23604.5
2025-09-05T13:55:00-04:00,23604.75,23620.25,23595.75,23613.5,0,0,0,0,0,0,0,NaN,23620.25,23595.75,23613.5
2025-09-05T14:00:00-04:00,23614.25,23625.25,23603.25,23610.75,0,0,0,0,0,0,0,NaN,23625.25,23603.25,23610.75
2025-09-05T14:05:00-04:00,23611.5,23630,23611.5,23618.25,0,0,0,0,0,0,0,NaN,23630,23611.5,23618.25
2025-09-05T14:10:00-04:00,23617.5,23634.25,23614.25,23633.5,0,0,0,0,0,0,0,NaN,23634.25,23614.25,23633.5
2025-09-05T14:15:00-04:00,23633.25,23654.75,23630.75,23651.75,0,0,0,0,0,0,0,NaN,23654.75,23630.75,23651.75
2025-09-05T14:20:00-04:00,23652.25,23656.5,23635.25,23637.25,0,0,0,0,0,0,0,NaN,23656.5,23635.25,23637.25
2025-09-05T14:25:00-04:00,23636.75,23648,23628,23642.5,0,0,0,0,0,0,0,NaN,23648,23628,23642.5
2025-09-05T14:30:00-04:00,23642.5,23664,23641.75,23646.25,0,0,0,0,0,0,0,NaN,23664,23641.75,23646.25
2025-09-05T14:35:00-04:00,23646.5,23656,23637.75,23644.75,0,0,0,0,0,0,0,NaN,23656,23637.75,23644.75
2025-09-05T14:40:00-04:00,23644.5,23651.25,23638.25,23649.75,0,0,0,0,0,0,0,NaN,23651.25,23638.25,23649.75
2025-09-05T14:45:00-04:00,23649.25,23656.5,23642,23649,0,0,0,0,0,0,0,NaN,23656.5,23642,23649
2025-09-05T14:50:00-04:00,23649,23659,23635.75,23639,0,0,0,0,0,0,0,NaN,23659,23635.75,23639
2025-09-05T14:55:00-04:00,23639.75,23657.5,23631.5,23657.25,0,0,0,0,0,0,0,NaN,23657.5,23631.5,23657.25
2025-09-05T15:00:00-04:00,23657,23657.75,23641.25,23655.75,0,0,0,0,0,0,0,NaN,23657.75,23641.25,23655.75
2025-09-05T15:05:00-04:00,23656.25,23680.75,23655.75,23669.25,0,0,0,0,0,0,0,NaN,23680.75,23655.75,23669.25
2025-09-05T15:10:00-04:00,23669.75,23672.75,23664.25,23671,0,0,0,0,0,0,0,NaN,23672.75,23664.25,23671
2025-09-05T15:15:00-04:00,23670.5,23690,23665.25,23671.75,0,0,0,0,0,0,0,NaN,23690,23665.25,23671.75
2025-09-05T15:20:00-04:00,23672,23691.75,23666,23687.25,0,0,0,0,0,0,0,NaN,23691.75,23666,23687.25
2025-09-05T15:25:00-04:00,23687.25,23692.25,23680.5,23683,0,0,0,0,0,0,0,NaN,23692.25,23680.5,23683
2025-09-05T15:30:00-04:00,23683.25,23685.75,23654,23664,0,0,0,0,0,0,0,NaN,23685.75,23654,23664
2025-09-05T15:35:00-04:00,23664,23684.25,23661.5,23665.5,0,0,0,0,0,0,0,NaN,23684.25,23661.5,23665.5
2025-09-05T15:40:00-04:00,23665.5,23676.75,23657.75,23664.75,0,0,0,0,0,0,0,NaN,23676.75,23657.75,23664.75
2025-09-05T15:45:00-04:00,23664.5,23674,23659.5,23666.5,0,0,0,0,0,0,0,NaN,23674,23659.5,23666.5
2025-09-05T15:50:00-04:00,23665.75,23675.5,23643.75,23660.5,0,0,0,0,0,0,0,NaN,23675.5,23643.75,23660.5
2025-09-05T15:55:00-04:00,23660.5,23694.25,23652,23691,0,0,0,0,0,0,0,NaN,23694.25,23652,23691
2025-09-05T16:00:00-04:00,23691.25,23696.25,23677.5,23682.25,0,0,0,0,0,0,0,NaN,23696.25,23677.5,23682.25
2025-09-05T16:05:00-04:00,23682.5,23684.25,23675,23675.5,0,0,0,0,0,0,0,NaN,23684.25,23675,23675.5
2025-09-05T16:10:00-04:00,23675.25,23679,23673,23675.5,0,0,0,0,0,0,0,NaN,23679,23673,23675.5
2025-09-05T16:15:00-04:00,23675.5,23677.25,23666.75,23672,0,0,0,0,0,0,0,NaN,23677.25,23666.75,23672
2025-09-05T16:20:00-04:00,23672.25,23676.5,23671,23674.75,0,0,0,0,0,0,0,NaN,23676.5,23671,23674.75
2025-09-05T16:25:00-04:00,23674.25,23676,23671,23674.75,0,0,0,0,0,0,0,NaN,23676,23671,23674.75
2025-09-05T16:30:00-04:00,23675,23675,23671.25,23672.75,0,0,0,0,0,0,0,NaN,23675,23671.25,23672.75
2025-09-05T16:35:00-04:00,23672.75,23681.5,23672.5,23680.5,0,0,0,0,0,0,0,NaN,23681.5,23672.5,23680.5
2025-09-05T16:40:00-04:00,23680.75,23681,23667.5,23670.5,0,0,0,0,0,0,0,NaN,23681,23667.5,23670.5
2025-09-05T16:45:00-04:00,23670.5,23673.25,23669,23670.75,0,0,0,0,0,0,0,NaN,23673.25,23669,23670.75
2025-09-05T16:50:00-04:00,23671,23677,23670.75,23673.5,0,0,0,0,0,0,0,NaN,23677,23670.75,23673.5
2025-09-05T16:55:00-04:00,23673.5,23676,23672.25,23673.25,0,0,0,0,0,0,0,NaN,23676,23672.25,23673.25
2025-09-07T18:00:00-04:00,23673.5,23689.25,23655,23658.25,0,0,0,0,0,0,0,NaN,23689.25,23655,23658.25
2025-09-07T18:05:00-04:00,23657.5,23664.5,23650.25,23655,0,0,0,0,0,0,0,NaN,23664.5,23650.25,23655
2025-09-07T18:10:00-04:00,23655,23669.25,23655,23669,0,0,0,0,0,0,0,NaN,23669.25,23655,23669
2025-09-07T18:15:00-04:00,23667.75,23679.25,23667.25,23677.25,0,0,0,0,0,0,0,NaN,23679.25,23667.25,23677.25
2025-09-07T18:20:00-04:00,23677.75,23681,23674.25,23680.75,0,0,0,0,0,0,0,NaN,23681,23674.25,23680.75
2025-09-07T18:25:00-04:00,23681.5,23700.25,23680,23697.25,0,0,0,0,0,0,0,NaN,23700.25,23680,23697.25
2025-09-07T18:30:00-04:00,23697.75,23717,23697.75,23717,0,0,0,0,0,0,0,NaN,23717,23697.75,23717
2025-09-07T18:35:00-04:00,23715.75,23717,23706,23716,0,0,0,0,0,0,0,NaN,23717,23706,23716
2025-09-07T18:40:00-04:00,23716,23732,23714.25,23728.25,0,0,0,0,0,0,0,NaN,23732,23714.25,23728.25
2025-09-07T18:45:00-04:00,23728.5,23748,23728.5,23733.25,0,0,0,0,0,0,0,NaN,23748,23728.5,23733.25
2025-09-07T18:50:00-04:00,23734.5,23738.5,23729,23733,0,0,0,0,0,0,0,NaN,23738.5,23729,23733
2025-09-07T18:55:00-04:00,23733.75,23742.25,23732.75,23740.75,0,0,0,0,0,0,0,NaN,23742.25,23732.75,23740.75
2025-09-07T19:00:00-04:00,23740.75,23747,23740.75,23745,0,0,0,0,0,0,0,NaN,23747,23740.75,23745
2025-09-07T19:05:00-04:00,23745,23752.5,23744.75,23751,0,0,0,0,0,0,0,NaN,23752.5,23744.75,23751
2025-09-07T19:10:00-04:00,23750.75,23754.5,23746.5,23751.75,0,0,0,0,0,0,0,NaN,23754.5,23746.5,23751.75
2025-09-07T19:15:00-04:00,23751.75,23752.75,23744.25,23746,0,0,0,0,0,0,0,NaN,23752.75,23744.25,23746
2025-09-07T19:20:00-04:00,23746,23758.25,23744.75,23757.25,0,0,0,0,0,0,0,NaN,23758.25,23744.75,23757.25
2025-09-07T19:25:00-04:00,23756.5,23782,23756.25,23768.25,0,0,0,0,0,0,0,NaN,23782,23756.25,23768.25
2025-09-07T19:30:00-04:00,23769.25,23784.25,23769,23776.25,0,0,0,0,0,0,0,NaN,23784.25,23769,23776.25
2025-09-07T19:35:00-04:00,23776.25,23783.25,23773.75,23777,0,0,0,0,0,0,0,NaN,23783.25,23773.75,23777
2025-09-07T19:40:00-04:00,23777.25,23781.25,23770.25,23774,0,0,0,0,0,0,0,NaN,23781.25,23770.25,23774
2025-09-07T19:45:00-04:00,23773.5,23778.75,23768.75,23774.75,0,0,0,0,0,0,0,NaN,23778.75,23768.75,23774.75
2025-09-07T19:50:00-04:00,23774,23779.5,23769.25,23778.5,0,0,0,0,0,0,0,NaN,23779.5,23769.25,23778.5
2025-09-07T19:55:00-04:00,23778.25,23781,23775.25,23778,0,0,0,0,0,0,0,NaN,23781,23775.25,23778
2025-09-07T20:00:00-04:00,23778.25,23783.5,23765.5,23769,0,0,0,0,0,0,0,NaN,23783.5,23765.5,23769
2025-09-07T20:05:00-04:00,23770.75,23791.25,23770,23785.75,0,0,0,0,0,0,0,NaN,23791.25,23770,23785.75
2025-09-07T20:10:00-04:00,23786,23787.75,23776.75,23783,0,0,0,0,0,0,0,NaN,23787.75,23776.75,23783
2025-09-07T20:15:00-04:00,23783.75,23783.75,23775.75,23781.5,0,0,0,0,0,0,0,NaN,23783.75,23775.75,23781.5
2025-09-07T20:20:00-04:00,23781.25,23787.5,23779.25,23782,0,0,0,0,0,0,0,NaN,23787.5,23779.25,23782
2025-09-07T20:25:00-04:00,23782.25,23786,23780.5,23784.25,0,0,0,0,0,0,0,NaN,23786,23780.5,23784.25
2025-09-07T20:30:00-04:00,23785,23787.75,23778.5,23780.25,0,0,0,0,0,0,0,NaN,23787.75,23778.5,23780.25
2025-09-07T20:35:00-04:00,23779.75,23784.75,23776.5,23779,0,0,0,0,0,0,0,NaN,23784.75,23776.5,23779
2025-09-07T20:40:00-04:00,23778.5,23781.5,23773.75,23775,0,0,0,0,0,0,0,NaN,23781.5,23773.75,23775
2025-09-07T20:45:00-04:00,23774.5,23776.25,23768,23771.25,0,0,0,0,0,0,0,NaN,23776.25,23768,23771.25
2025-09-07T20:50:00-04:00,23771.25,23774.5,23766.25,23767,0,0,0,0,0,0,0,NaN,23774.5,23766.25,23767
2025-09-07T20:55:00-04:00,23767.25,23770.5,23764,23764.75,0,0,0,0,0,0,0,NaN,23770.5,23764,23764.75
2025-09-07T21:00:00-04:00,23764.75,23772,23761.25,23761.75,0,0,0,0,0,0,0,NaN,23772,23761.25,23761.75
2025-09-07T21:05:00-04:00,23762.5,23769.25,23761.5,23762.75,0,0,0,0,0,0,0,NaN,23769.25,23761.5,23762.75
2025-09-07T21:10:00-04:00,23763.5,23766.25,23757,23764.25,0,0,0,0,0,0,0,NaN,23766.25,23757,23764.25
2025-09-07T21:15:00-04:00,23763.5,23765.25,23760.25,23763,0,0,0,0,0,0,0,NaN,23765.25,23760.25,23763
2025-09-07T21:20:00-04:00,23764,23767.5,23759.25,23761.75,0,0,0,0,0,0,0,NaN,23767.5,23759.25,23761.75
2025-09-07T21:25:00-04:00,23763,23765.25,23761,23762.25,0,0,0,0,0,0,0,NaN,23765.25,23761,23762.25
2025-09-07T21:30:00-04:00,23762.5,23767.25,23761,23766.5,0,0,0,0,0,0,0,NaN,23767.25,23761,23766.5
2025-09-07T21:35:00-04:00,23767.25,23776.5,23766.5,23776.25,0,0,0,0,0,0,0,NaN,23776.5,23766.5,23776.25
2025-09-07T21:40:00-04:00,23775,23780,23772.25,23776,0,0,0,0,0,0,0,NaN,23780,23772.25,23776
2025-09-07T21:45:00-04:00,23776.25,23779.25,23773.5,23778.75,0,0,0,0,0,0,0,NaN,23779.25,23773.5,23778.75
2025-09-07T21:50:00-04:00,23779.25,23779.25,23765,23770,0,0,0,0,0,0,0,NaN,23779.25,23765,23770
2025-09-07T21:55:00-04:00,23770,23770.5,23767.25,23767.25,0,0,0,0,0,0,0,NaN,23770.5,23767.25,23767.25
2025-09-07T22:00:00-04:00,23768.25,23771,23754.25,23756.5,0,0,0,0,0,0,0,NaN,23771,23754.25,23756.5
2025-09-07T22:05:00-04:00,23756.25,23762,23756.25,23761,0,0,0,0,0,0,0,NaN,23762,23756.25,23761
2025-09-07T22:10:00-04:00,23761.25,23761.75,23752.5,23754.25,0,0,0,0,0,0,0,NaN,23761.75,23752.5,23754.25
2025-09-07T22:15:00-04:00,23755,23759.25,23738.5,23740.25,0,0,0,0,0,0,0,NaN,23759.25,23738.5,23740.25
2025-09-07T22:20:00-04:00,23739.5,23745,23735.75,23738.5,0,0,0,0,0,0,0,NaN,23745,23735.75,23738.5
2025-09-07T22:25:00-04:00,23739,23745.25,23736.5,23739.25,0,0,0,0,0,0,0,NaN,23745.25,23736.5,23739.25
2025-09-07T22:30:00-04:00,23740.25,23745,23739.75,23743.5,0,0,0,0,0,0,0,NaN,23745,23739.75,23743.5
2025-09-07T22:35:00-04:00,23742.75,23746.25,23740,23741.25,0,0,0,0,0,0,0,NaN,23746.25,23740,23741.25
2025-09-07T22:40:00-04:00,23740.75,23744,23740,23741.25,0,0,0,0,0,0,0,NaN,23744,23740,23741.25
2025-09-07T22:45:00-04:00,23740.75,23743.25,23739,23741,0,0,0,0,0,0,0,NaN,23743.25,23739,23741
2025-09-07T22:50:00-04:00,23740.75,23744.5,23739,23739.5,0,0,0,0,0,0,0,NaN,23744.5,23739,23739.5
2025-09-07T22:55:00-04:00,23740,23743.5,23740,23741.25,0,0,0,0,0,0,0,NaN,23743.5,23740,23741.25
2025-09-07T23:00:00-04:00,23741.25,23748,23741.25,23747,0,0,0,0,0,0,0,NaN,23748,23741.25,23747
2025-09-07T23:05:00-04:00,23747,23763.5,23744.75,23759,0,0,0,0,0,0,0,NaN,23763.5,23744.75,23759
2025-09-07T23:10:00-04:00,23759.75,23760,23753.25,23757,0,0,0,0,0,0,0,NaN,23760,23753.25,23757
2025-09-07T23:15:00-04:00,23757,23762,23755.25,23758,0,0,0,0,0,0,0,NaN,23762,23755.25,23758
2025-09-07T23:20:00-04:00,23758,23760.25,23754.5,23760,0,0,0,0,0,0,0,NaN,23760.25,23754.5,23760
2025-09-07T23:25:00-04:00,23760,23761.75,23756,23756.75,0,0,0,0,0,0,0,NaN,23761.75,23756,23756.75
2025-09-07T23:30:00-04:00,23757.25,23760.75,23755,23759.5,0,0,0,0,0,0,0,NaN,23760.75,23755,23759.5
2025-09-07T23:35:00-04:00,23760.5,23761.5,23757,23757,0,0,0,0,0,0,0,NaN,23761.5,23757,23757
2025-09-07T23:40:00-04:00,23757.75,23761.75,23753.25,23755.75,0,0,0,0,0,0,0,NaN,23761.75,23753.25,23755.75
2025-09-07T23:45:00-04:00,23755.25,23756,23747,23748,0,0,0,0,0,0,0,NaN,23756,23747,23748
2025-09-07T23:50:00-04:00,23748.5,23752.5,23747.25,23752.25,0,0,0,0,0,0,0,NaN,23752.5,23747.25,23752.25
2025-09-07T23:55:00-04:00,23752,23757.25,23752,23754.25,0,0,0,0,0,0,0,NaN,23757.25,23752,23754.25
2025-09-08T00:00:00-04:00,23754,23754.5,23748.25,23751.5,0,1,0,0,0,0,0,NaN,23754.5,23748.25,23751.5
2025-09-08T00:05:00-04:00,23753,23755.5,23746,23747.75,0,0,0,0,0,0,0,NaN,23755.5,23746,23747.75
2025-09-08T00:10:00-04:00,23747,23748.5,23741,23741.75,0,0,0,0,0,0,0,NaN,23748.5,23741,23741.75
2025-09-08T00:15:00-04:00,23742,23742.25,23734.5,23740.75,0,0,0,0,0,0,0,NaN,23742.25,23734.5,23740.75
2025-09-08T00:20:00-04:00,23740.75,23742.5,23739,23742.5,0,0,0,0,0,0,0,NaN,23742.5,23739,23742.5
2025-09-08T00:25:00-04:00,23743.25,23745.5,23741.25,23744.75,0,0,0,0,0,0,0,NaN,23745.5,23741.25,23744.75
2025-09-08T00:30:00-04:00,23746,23750.5,23743.75,23743.75,0,0,0,0,0,0,0,NaN,23750.5,23743.75,23743.75
2025-09-08T00:35:00-04:00,23743.75,23743.75,23737,23737,0,0,0,0,0,0,0,NaN,23743.75,23737,23737
2025-09-08T00:40:00-04:00,23737.25,23740.5,23730.75,23736.25,0,0,0,0,0,0,0,NaN,23740.5,23730.75,23736.25
2025-09-08T00:45:00-04:00,23736.5,23741,23735.5,23735.5,0,0,0,0,0,0,0,NaN,23741,23735.5,23735.5
2025-09-08T00:50:00-04:00,23735,23736.5,23731.75,23732.5,0,0,0,0,0,0,0,NaN,23736.5,23731.75,23732.5
2025-09-08T00:55:00-04:00,23732.75,23736,23724.5,23734,0,0,0,0,0,0,0,NaN,23736,23724.5,23734
2025-09-08T01:00:00-04:00,23734.75,23738.75,23733.25,23736,0,0,0,0,0,0,0,NaN,23738.75,23733.25,23736
2025-09-08T01:05:00-04:00,23738,23740.5,23734,23734.25,0,0,0,0,0,0,0,NaN,23740.5,23734,23734.25
2025-09-08T01:10:00-04:00,23734.25,23738,23731.25,23737,0,0,0,0,0,0,0,NaN,23738,23731.25,23737
2025-09-08T01:15:00-04:00,23736.25,23751.25,23736.25,23748,0,0,0,0,0,0,0,NaN,23751.25,23736.25,23748
2025-09-08T01:20:00-04:00,23748,23748.75,23737,23740.25,0,0,0,0,0,0,0,NaN,23748.75,23737,23740.25
2025-09-08T01:25:00-04:00,23740.25,23743.5,23738,23741.75,0,0,0,0,0,0,0,NaN,23743.5,23738,23741.75
2025-09-08T01:30:00-04:00,23743,23743,23735,23737.75,0,0,0,0,0,0,0,NaN,23743,23735,23737.75
2025-09-08T01:35:00-04:00,23738.5,23745,23733,23741,0,0,0,0,0,0,0,NaN,23745,23733,23741
2025-09-08T01:40:00-04:00,23740.5,23741.25,23730.25,23732.5,0,0,0,0,0,0,0,NaN,23741.25,23730.25,23732.5
2025-09-08T01:45:00-04:00,23731.75,23736.25,23729.25,23732.25,0,0,0,0,0,0,0,NaN,23736.25,23729.25,23732.25
2025-09-08T01:50:00-04:00,23732.75,23736.5,23730.75,23732.75,0,0,0,0,0,0,0,NaN,23736.5,23730.75,23732.75
2025-09-08T01:55:00-04:00,23732.25,23738,23731,23731.5,0,0,0,0,0,0,0,NaN,23738,23731,23731.5
2025-09-08T02:00:00-04:00,23730.75,23755.5,23730.25,23748,0,0,0,0,0,0,0,NaN,23755.5,23730.25,23748
2025-09-08T02:05:00-04:00,23748,23755,23744,23752.75,0,0,0,0,0,0,0,NaN,23755,23744,23752.75
2025-09-08T02:10:00-04:00,23752.5,23759.75,23750.75,23755.75,0,0,0,0,0,0,0,NaN,23759.75,23750.75,23755.75
2025-09-08T02:15:00-04:00,23755.5,23756.75,23748,23753.75,0,0,0,0,0,0,0,NaN,23756.75,23748,23753.75
2025-09-08T02:20:00-04:00,23754.5,23757.75,23751.25,23752.5,0,0,0,0,0,0,0,NaN,23757.75,23751.25,23752.5
2025-09-08T02:25:00-04:00,23752.75,23763,23752.5,23756.75,0,0,0,0,0,0,0,NaN,23763,23752.5,23756.75
2025-09-08T02:30:00-04:00,23756,23758.25,23747.75,23753,0,0,0,0,0,0,0,NaN,23758.25,23747.75,23753
2025-09-08T02:35:00-04:00,23753,23754.75,23748.25,23749.25,0,0,0,0,0,0,0,NaN,23754.75,23748.25,23749.25
2025-09-08T02:40:00-04:00,23749.5,23757.25,23749.5,23754.5,0,0,0,0,0,0,0,NaN,23757.25,23749.5,23754.5
2025-09-08T02:45:00-04:00,23753.25,23757.5,23749.75,23757.25,0,0,0,0,0,0,0,NaN,23757.5,23749.75,23757.25
2025-09-08T02:50:00-04:00,23757.75,23759,23752,23754,0,0,0,0,0,0,0,NaN,23759,23752,23754
2025-09-08T02:55:00-04:00,23753.75,23755.5,23748.25,23753,0,0,0,0,0,0,0,NaN,23755.5,23748.25,23753
2025-09-08T03:00:00-04:00,23753,23763.75,23750.75,23763.75,0,0,0,0,0,0,0,NaN,23763.75,23750.75,23763.75
2025-09-08T03:05:00-04:00,23763.25,23767.75,23759,23767.75,0,0,0,0,0,0,0,NaN,23767.75,23759,23767.75
2025-09-08T03:10:00-04:00,23767,23778,23765.25,23768,0,0,0,0,0,0,0,NaN,23778,23765.25,23768
2025-09-08T03:15:00-04:00,23768,23781,23768,23774,0,0,0,0,0,0,0,NaN,23781,23768,23774
2025-09-08T03:20:00-04:00,23774.75,23779.25,23764.75,23767.5,0,0,0,0,0,0,0,NaN,23779.25,23764.75,23767.5
2025-09-08T03:25:00-04:00,23767.5,23773.5,23762.25,23763,0,0,0,0,0,0,0,NaN,23773.5,23762.25,23763
2025-09-08T03:30:00-04:00,23763,23768.5,23759.75,23759.75,0,0,0,0,0,0,0,NaN,23768.5,23759.75,23759.75
2025-09-08T03:35:00-04:00,23760.25,23767,23759,23767,0,0,0,0,0,0,0,NaN,23767,23759,23767
2025-09-08T03:40:00-04:00,23766,23781.5,23766,23779.75,0,0,0,0,0,0,0,NaN,23781.5,23766,23779.75
2025-09-08T03:45:00-04:00,23779.5,23780.75,23767.5,23767.5,0,0,0,0,0,0,0,NaN,23780.75,23767.5,23767.5
2025-09-08T03:50:00-04:00,23767.25,23768.75,23753.25,23757,0,0,0,0,0,0,0,NaN,23768.75,23753.25,23757
2025-09-08T03:55:00-04:00,23755.25,23757.5,23752,23753.5,0,0,0,0,0,0,0,NaN,23757.5,23752,23753.5
2025-09-08T04:00:00-04:00,23753.25,23758,23741.5,23754.75,0,0,0,0,0,0,0,NaN,23758,23741.5,23754.75
2025-09-08T04:05:00-04:00,23754.75,23760.5,23753.75,23757.5,0,0,0,0,0,0,0,NaN,23760.5,23753.75,23757.5
2025-09-08T04:10:00-04:00,23757,23765,23753.75,23763.5,0,0,0,0,0,0,0,NaN,23765,23753.75,23763.5
2025-09-08T04:15:00-04:00,23763.75,23766.25,23758.75,23763.25,0,0,0,0,0,0,0,NaN,23766.25,23758.75,23763.25
2025-09-08T04:20:00-04:00,23763.75,23763.75,23755.25,23761.25,0,0,0,0,0,0,0,NaN,23763.75,23755.25,23761.25
2025-09-08T04:25:00-04:00,23761.25,23761.25,23755.75,23759.5,0,0,0,0,0,0,0,NaN,23761.25,23755.75,23759.5
2025-09-08T04:30:00-04:00,23758.25,23761.25,23754.25,23761.25,0,0,0,0,0,0,0,NaN,23761.25,23754.25,23761.25
2025-09-08T04:35:00-04:00,23761.5,23766,23759.25,23766,0,0,0,0,0,0,0,NaN,23766,23759.25,23766
2025-09-08T04:40:00-04:00,23766.25,23767.75,23761.25,23766.75,0,0,0,0,0,0,0,NaN,23767.75,23761.25,23766.75
2025-09-08T04:45:00-04:00,23766,23768.5,23761.75,23767.5,0,0,0,0,0,0,0,NaN,23768.5,23761.75,23767.5
2025-09-08T04:50:00-04:00,23767,23767.75,23759.5,23760.5,0,0,0,0,0,0,0,NaN,23767.75,23759.5,23760.5
2025-09-08T04:55:00-04:00,23760.25,23765.5,23758.5,23764.75,0,0,0,0,0,0,0,NaN,23765.5,23758.5,23764.75
2025-09-08T05:00:00-04:00,23765,23766.75,23758.25,23762,0,0,0,0,0,0,0,NaN,23766.75,23758.25,23762
2025-09-08T05:05:00-04:00,23761.25,23761.75,23756.25,23758.75,0,0,0,0,0,0,0,NaN,23761.75,23756.25,23758.75
2025-09-08T05:10:00-04:00,23758.5,23765.5,23754.75,23762.5,0,0,0,0,0,0,0,NaN,23765.5,23754.75,23762.5
2025-09-08T05:15:00-04:00,23762,23766.25,23761,23765.25,0,0,0,0,0,0,0,NaN,23766.25,23761,23765.25
2025-09-08T05:20:00-04:00,23765.75,23769.5,23763.75,23768.25,0,0,0,0,0,0,0,NaN,23769.5,23763.75,23768.25
2025-09-08T05:25:00-04:00,23768,23770.25,23762,23764,0,0,0,0,0,0,0,NaN,23770.25,23762,23764
2025-09-08T05:30:00-04:00,23763.25,23769,23761.75,23768.25,0,0,0,0,0,0,0,NaN,23769,23761.75,23768.25
2025-09-08T05:35:00-04:00,23768.25,23768.25,23763.5,23765.25,0,0,0,0,0,0,0,NaN,23768.25,23763.5,23765.25
2025-09-08T05:40:00-04:00,23764.75,23769.5,23760.5,23765,0,0,0,0,0,0,0,NaN,23769.5,23760.5,23765
2025-09-08T05:45:00-04:00,23766,23772.5,23765,23772,0,0,0,0,0,0,0,NaN,23772.5,23765,23772
2025-09-08T05:50:00-04:00,23772.5,23786,23772,23784.75,0,0,0,0,0,0,0,NaN,23786,23772,23784.75
2025-09-08T05:55:00-04:00,23783.75,23785,23777.5,23780.25,0,0,0,0,0,0,0,NaN,23785,23777.5,23780.25
2025-09-08T06:00:00-04:00,23781.25,23782.5,23776,23777.5,0,0,0,0,0,0,0,NaN,23782.5,23776,23777.5
2025-09-08T06:05:00-04:00,23776.75,23782.75,23774.25,23782.75,0,0,0,0,0,0,0,NaN,23782.75,23774.25,23782.75
2025-09-08T06:10:00-04:00,23782,23789.25,23780.25,23786.75,0,0,0,0,0,0,0,NaN,23789.25,23780.25,23786.75
2025-09-08T06:15:00-04:00,23785.25,23786,23777.25,23780,0,0,0,0,0,0,0,NaN,23786,23777.25,23780
2025-09-08T06:20:00-04:00,23781.25,23785.75,23779.25,23783,0,0,0,0,0,0,0,NaN,23785.75,23779.25,23783
2025-09-08T06:25:00-04:00,23782.75,23783,23779,23780.5,0,0,0,0,0,0,0,NaN,23783,23779,23780.5
2025-09-08T06:30:00-04:00,23780.25,23786.75,23778,23786,0,0,0,0,0,0,0,NaN,23786.75,23778,23786
2025-09-08T06:35:00-04:00,23785.75,23790,23779.5,23781.25,0,0,0,0,0,0,0,NaN,23790,23779.5,23781.25
2025-09-08T06:40:00-04:00,23781.25,23783.5,23779,23783.25,0,0,0,0,0,0,0,NaN,23783.5,23779,23783.25
2025-09-08T06:45:00-04:00,23782.75,23784,23775.75,23779.5,0,0,0,0,0,0,0,NaN,23784,23775.75,23779.5
2025-09-08T06:50:00-04:00,23779.75,23780.75,23774.5,23775.5,0,0,0,0,0,0,0,NaN,23780.75,23774.5,23775.5
2025-09-08T06:55:00-04:00,23775.5,23776,23769.25,23771.5,0,0,0,0,0,0,0,NaN,23776,23769.25,23771.5
2025-09-08T07:00:00-04:00,23771.5,23773.25,23765.5,23771.25,0,0,0,0,0,0,0,NaN,23773.25,23765.5,23771.25
2025-09-08T07:05:00-04:00,23771.75,23777.25,23770,23773.25,0,0,0,0,0,0,0,NaN,23777.25,23770,23773.25
2025-09-08T07:10:00-04:00,23774,23781.5,23772.75,23781.5,0,0,0,0,0,0,0,NaN,23781.5,23772.75,23781.5
2025-09-08T07:15:00-04:00,23781.5,23781.75,23771.75,23777.75,0,0,0,0,0,0,0,NaN,23781.75,23771.75,23777.75
2025-09-08T07:20:00-04:00,23777,23777,23768.5,23769,0,0,0,0,0,0,0,NaN,23777,23768.5,23769
2025-09-08T07:25:00-04:00,23769.25,23779,23768,23777,0,0,0,0,0,0,0,NaN,23779,23768,23777
2025-09-08T07:30:00-04:00,23777.75,23782.25,23772.25,23772.25,0,0,0,0,0,0,0,NaN,23782.25,23772.25,23772.25
2025-09-08T07:35:00-04:00,23772.5,23777,23771,23773,0,0,0,0,0,0,0,NaN,23777,23771,23773
2025-09-08T07:40:00-04:00,23773.5,23777,23773,23776,0,0,0,0,0,0,0,NaN,23777,23773,23776
2025-09-08T07:45:00-04:00,23776.5,23777.5,23767.75,23771.25,0,0,0,0,0,0,0,NaN,23777.5,23767.75,23771.25
2025-09-08T07:50:00-04:00,23770.5,23777.25,23769.25,23775.25,0,0,0,0,0,0,0,NaN,23777.25,23769.25,23775.25
2025-09-08T07:55:00-04:00,23775.5,23779.25,23760.5,23762.75,0,0,0,0,0,0,0,NaN,23779.25,23760.5,23762.75
2025-09-08T08:00:00-04:00,23762.5,23768.25,23759,23764.75,0,0,0,0,0,0,0,NaN,23768.25,23759,23764.75
2025-09-08T08:05:00-04:00,23765,23765,23749,23757,0,0,0,0,0,0,0,NaN,23765,23749,23757
2025-09-08T08:10:00-04:00,23756.75,23757.25,23744.5,23746.5,0,0,0,0,0,0,0,NaN,23757.25,23744.5,23746.5
2025-09-08T08:15:00-04:00,23747,23756,23744.25,23750,0,0,0,0,0,0,0,NaN,23756,23744.25,23750
2025-09-08T08:20:00-04:00,23750.25,23754.75,23743.5,23749.25,0,0,0,0,0,0,0,NaN,23754.75,23743.5,23749.25
2025-09-08T08:25:00-04:00,23749.25,23755,23749.25,23754,0,0,0,0,0,0,0,NaN,23755,23749.25,23754
2025-09-08T08:30:00-04:00,23753.75,23768.5,23753.25,23764,0,0,0,0,0,0,0,NaN,23768.5,23753.25,23764
2025-09-08T08:35:00-04:00,23764,23766,23757.25,23761.25,0,0,0,0,0,0,0,NaN,23766,23757.25,23761.25
2025-09-08T08:40:00-04:00,23761,23762,23755.5,23759,0,0,0,0,0,0,0,NaN,23762,23755.5,23759
2025-09-08T08:45:00-04:00,23760.25,23769,23754.25,23767.75,0,0,0,0,0,0,0,NaN,23769,23754.25,23767.75
2025-09-08T08:50:00-04:00,23768,23772,23764.5,23770.5,0,0,0,0,0,0,0,NaN,23772,23764.5,23770.5
2025-09-08T08:55:00-04:00,23770.75,23779.5,23769,23779,0,0,0,0,0,0,0,NaN,23779.5,23769,23779
2025-09-08T09:00:00-04:00,23778.25,23782.5,23773.25,23780.5,0,0,0,0,0,0,0,NaN,23782.5,23773.25,23780.5
2025-09-08T09:05:00-04:00,23780.75,23782,23771.5,23772.5,0,0,0,0,0,0,0,NaN,23782,23771.5,23772.5
2025-09-08T09:10:00-04:00,23772.25,23782.5,23767,23781.5,0,0,0,0,0,0,0,NaN,23782.5,23767,23781.5
2025-09-08T09:15:00-04:00,23780.75,23787,23779.75,23785.5,0,0,0,0,0,0,0,NaN,23787,23779.75,23785.5
2025-09-08T09:20:00-04:00,23786.25,23793.5,23783.5,23784.25,0,0,0,0,0,0,0,NaN,23793.5,23783.5,23784.25
2025-09-08T09:25:00-04:00,23784.5,23795,23777,23784,0,0,0,0,0,0,0,NaN,23795,23777,23784
2025-09-08T09:30:00-04:00,23784.25,23821,23771.75,23820,0,0,0,0,0,0,0,NaN,23821,23771.75,23820
2025-09-08T09:35:00-04:00,23820,23849,23796.5,23803,0,0,0,0,0,0,0,NaN,23849,23796.5,23803
2025-09-08T09:40:00-04:00,23802.75,23846,23802.5,23831,0,0,0,0,0,0,0,NaN,23846,23802.5,23831
2025-09-08T09:45:00-04:00,23830.75,23852.25,23813.75,23849,0,0,0,0,0,0,0,NaN,23852.25,23813.75,23849
2025-09-08T09:50:00-04:00,23849.25,23865.75,23830,23865,0,0,0,0,0,0,0,NaN,23865.75,23830,23865
2025-09-08T09:55:00-04:00,23865,23876.25,23845,23846.25,0,0,0,0,0,0,0,NaN,23876.25,23845,23846.25
2025-09-08T10:00:00-04:00,23846.25,23858,23826.5,23856.75,0,0,0,0,0,0,0,NaN,23858,23826.5,23856.75
2025-09-08T10:05:00-04:00,23856.5,23870,23846.25,23854,0,0,0,0,0,0,0,NaN,23870,23846.25,23854
2025-09-08T10:10:00-04:00,23854.5,23861,23838.75,23841.5,0,0,0,0,0,0,0,NaN,23861,23838.75,23841.5
2025-09-08T10:15:00-04:00,23841.5,23845.25,23810.75,23817.25,0,0,0,0,0,0,0,NaN,23845.25,23810.75,23817.25
2025-09-08T10:20:00-04:00,23816.75,23830.75,23806.25,23823.75,0,0,0,0,0,0,0,NaN,23830.75,23806.25,23823.75
2025-09-08T10:25:00-04:00,23824.25,23869.75,23822.5,23862.75,0,0,0,0,0,0,0,NaN,23869.75,23822.5,23862.75
2025-09-08T10:30:00-04:00,23862.5,23880,23852,23857.75,0,0,0,0,0,0,0,NaN,23880,23852,23857.75
2025-09-08T10:35:00-04:00,23857.75,23879.75,23852.75,23872.75,0,0,0,0,0,0,0,NaN,23879.75,23852.75,23872.75
2025-09-08T10:40:00-04:00,23872.75,23886.5,23869.75,23881,0,0,0,0,0,0,0,NaN,23886.5,23869.75,23881
2025-09-08T10:45:00-04:00,23881.25,23888,23873.75,23876.75,0,0,0,0,0,0,0,NaN,23888,23873.75,23876.75
2025-09-08T10:50:00-04:00,23876.5,23876.5,23863.25,23872.25,0,0,0,0,0,0,0,NaN,23876.5,23863.25,23872.25
2025-09-08T10:55:00-04:00,23872.25,23880.5,23858.25,23859.5,0,0,0,0,0,0,0,NaN,23880.5,23858.25,23859.5
2025-09-08T11:00:00-04:00,23859.5,23868.5,23854.75,23861.5,0,0,0,0,0,0,0,NaN,23868.5,23854.75,23861.5
2025-09-08T11:05:00-04:00,23862,23869,23858.75,23865.75,0,0,0,0,0,0,0,NaN,23869,23858.75,23865.75
2025-09-08T11:10:00-04:00,23866,23881,23865.75,23873.5,0,0,0,0,0,0,0,NaN,23881,23865.75,23873.5
2025-09-08T11:15:00-04:00,23873.25,23874,23845.25,23849,0,0,0,0,0,0,0,NaN,23874,23845.25,23849
2025-09-08T11:20:00-04:00,23849.75,23855.25,23844,23850.5,0,0,0,0,0,0,0,NaN,23855.25,23844,23850.5
2025-09-08T11:25:00-04:00,23850.75,23877.5,23848.5,23876.25,0,0,0,0,0,0,0,NaN,23877.5,23848.5,23876.25
2025-09-08T11:30:00-04:00,23876,23884.75,23866.75,23870.75,0,0,0,0,0,0,0,NaN,23884.75,23866.75,23870.75
2025-09-08T11:35:00-04:00,23870.75,23875,23864.75,23870.75,0,0,0,0,0,0,0,NaN,23875,23864.75,23870.75
2025-09-08T11:40:00-04:00,23871,23871,23858.25,23860.75,0,0,0,0,0,0,0,NaN,23871,23858.25,23860.75
2025-09-08T11:45:00-04:00,23861.25,23863.75,23829.75,23844.25,0,0,0,0,0,0,0,NaN,23863.75,23829.75,23844.25
2025-09-08T11:50:00-04:00,23843.75,23865.25,23838.75,23862.25,0,0,0,0,0,0,0,NaN,23865.25,23838.75,23862.25
2025-09-08T11:55:00-04:00,23862,23876,23861.25,23872.5,0,0,0,0,0,0,0,NaN,23876,23861.25,23872.5
2025-09-08T12:00:00-04:00,23873,23873.75,23852,23855.75,0,0,0,0,0,0,0,NaN,23873.75,23852,23855.75
2025-09-08T12:05:00-04:00,23856,23858.25,23842.5,23845.25,0,0,0,0,0,0,0,NaN,23858.25,23842.5,23845.25
2025-09-08T12:10:00-04:00,23845.75,23852.75,23841.5,23843.5,0,0,0,0,0,0,0,NaN,23852.75,23841.5,23843.5
2025-09-08T12:15:00-04:00,23843,23843.25,23826,23834.25,0,0,0,0,0,0,0,NaN,23843.25,23826,23834.25
2025-09-08T12:20:00-04:00,23834.25,23841,23825.25,23829.5,0,0,0,0,0,0,0,NaN,23841,23825.25,23829.5
2025-09-08T12:25:00-04:00,23829.75,23834,23820.75,23831.25,0,0,0,0,0,0,0,NaN,23834,23820.75,23831.25
2025-09-08T12:30:00-04:00,23831.25,23837.75,23803.5,23811.25,0,0,0,0,0,0,0,NaN,23837.75,23803.5,23811.25
2025-09-08T12:35:00-04:00,23811.75,23816.75,23790,23807.5,0,0,0,0,0,0,0,NaN,23816.75,23790,23807.5
2025-09-08T12:40:00-04:00,23808,23823.25,23800,23813.5,0,0,0,0,0,0,0,NaN,23823.25,23800,23813.5
2025-09-08T12:45:00-04:00,23814,23814,23792,23797,0,0,0,0,0,0,0,NaN,23814,23792,23797
2025-09-08T12:50:00-04:00,23797.5,23817.5,23797.25,23816.75,0,0,0,0,0,0,0,NaN,23817.5,23797.25,23816.75
2025-09-08T12:55:00-04:00,23816.5,23822,23800.25,23811.75,0,0,0,0,0,0,0,NaN,23822,23800.25,23811.75
2025-09-08T13:00:00-04:00,23811.5,23815.75,23790.75,23793.5,0,0,0,0,0,0,0,NaN,23815.75,23790.75,23793.5
2025-09-08T13:05:00-04:00,23794,23802.5,23785.25,23792.5,0,0,0,0,0,0,0,NaN,23802.5,23785.25,23792.5
2025-09-08T13:10:00-04:00,23793.25,23805.75,23787.5,23788.25,0,0,0,0,0,0,0,NaN,23805.75,23787.5,23788.25
2025-09-08T13:15:00-04:00,23788.5,23804.5,23787,23802,0,0,0,0,0,0,0,NaN,23804.5,23787,23802
2025-09-08T13:20:00-04:00,23802,23815.5,23797.5,23813.5,0,0,0,0,0,0,0,NaN,23815.5,23797.5,23813.5
2025-09-08T13:25:00-04:00,23813.25,23817,23800.25,23805.25,0,0,0,0,0,0,0,NaN,23817,23800.25,23805.25
2025-09-08T13:30:00-04:00,23805.5,23812.5,23800.5,23804.5,0,0,0,0,0,0,0,NaN,23812.5,23800.5,23804.5
2025-09-08T13:35:00-04:00,23804.75,23808.5,23798.75,23799,0,0,0,0,0,0,0,NaN,23808.5,23798.75,23799
2025-09-08T13:40:00-04:00,23799.5,23804.25,23792.5,23803.25,0,0,0,0,0,0,0,NaN,23804.25,23792.5,23803.25
2025-09-08T13:45:00-04:00,23803.5,23805,23787.5,23788.75,0,0,0,0,0,0,0,NaN,23805,23787.5,23788.75
2025-09-08T13:50:00-04:00,23789.25,23793,23762.75,23786,0,0,0,0,0,0,0,NaN,23793,23762.75,23786
2025-09-08T13:55:00-04:00,23785.5,23790.75,23774.5,23782.25,0,0,0,0,0,0,0,NaN,23790.75,23774.5,23782.25
2025-09-08T14:00:00-04:00,23782.75,23784.5,23773.25,23776.5,0,0,0,0,0,0,0,NaN,23784.5,23773.25,23776.5
2025-09-08T14:05:00-04:00,23776.25,23788.5,23772.25,23782,0,0,0,0,0,0,0,NaN,23788.5,23772.25,23782
2025-09-08T14:10:00-04:00,23782.5,23804.5,23781.25,23799.25,0,0,0,0,0,0,0,NaN,23804.5,23781.25,23799.25
2025-09-08T14:15:00-04:00,23799.25,23814,23797.25,23811.75,0,0,0,0,0,0,0,NaN,23814,23797.25,23811.75
2025-09-08T14:20:00-04:00,23811.5,23819.75,23807.25,23809.25,0,0,0,0,0,0,0,NaN,23819.75,23807.25,23809.25
2025-09-08T14:25:00-04:00,23809.25,23814.25,23802.25,23812.5,0,0,0,0,0,0,0,NaN,23814.25,23802.25,23812.5
2025-09-08T14:30:00-04:00,23812,23816.75,23804,23810.25,0,0,0,0,0,0,0,NaN,23816.75,23804,23810.25
2025-09-08T14:35:00-04:00,23810,23813.5,23797.5,23797.75,0,0,0,0,0,0,0,NaN,23813.5,23797.5,23797.75
2025-09-08T14:40:00-04:00,23798,23803,23787.5,23801.5,0,0,0,0,0,0,0,NaN,23803,23787.5,23801.5
2025-09-08T14:45:00-04:00,23801,23811.25,23799.25,23805,0,0,0,0,0,0,0,NaN,23811.25,23799.25,23805
2025-09-08T14:50:00-04:00,23805.5,23808.75,23792.25,23795,0,0,0,0,0,0,0,NaN,23808.75,23792.25,23795
2025-09-08T14:55:00-04:00,23795,23801.5,23789.75,23793.75,0,0,0,0,0,0,0,NaN,23801.5,23789.75,23793.75
2025-09-08T15:00:00-04:00,23793.75,23794.25,23783.5,23791.75,0,0,0,0,0,0,0,NaN,23794.25,23783.5,23791.75
2025-09-08T15:05:00-04:00,23791.5,23796.5,23786.5,23787.25,0,0,0,0,0,0,0,NaN,23796.5,23786.5,23787.25
2025-09-08T15:10:00-04:00,23787,23789.75,23764,23770.25,0,0,0,0,0,0,0,NaN,23789.75,23764,23770.25
2025-09-08T15:15:00-04:00,23770.5,23775.75,23763,23768.5,0,0,0,0,0,0,0,NaN,23775.75,23763,23768.5
2025-09-08T15:20:00-04:00,23768.5,23773,23760,23769.25,0,0,0,0,0,0,0,NaN,23773,23760,23769.25
2025-09-08T15:25:00-04:00,23768.5,23772.5,23763.5,23770.25,0,0,0,0,0,0,0,NaN,23772.5,23763.5,23770.25
2025-09-08T15:30:00-04:00,23770.75,23790.25,23770.75,23771,0,0,0,0,0,0,0,NaN,23790.25,23770.75,23771
2025-09-08T15:35:00-04:00,23771.25,23793.5,23771.25,23791,0,0,0,0,0,0,0,NaN,23793.5,23771.25,23791
2025-09-08T15:40:00-04:00,23791,23803.25,23790.25,23799.25,0,0,0,0,0,0,0,NaN,23803.25,23790.25,23799.25
2025-09-08T15:45:00-04:00,23799.5,23811.5,23799.25,23811,0,0,0,0,0,0,0,NaN,23811.5,23799.25,23811
2025-09-08T15:50:00-04:00,23810.5,23812.5,23785.25,23795.5,0,0,0,0,0,0,0,NaN,23812.5,23785.25,23795.5
2025-09-08T15:55:00-04:00,23796,23805,23785,23803.75,0,0,0,0,0,0,0,NaN,23805,23785,23803.75
2025-09-08T16:00:00-04:00,23803.75,23806.75,23795.25,23798.5,0,0,0,0,0,0,0,NaN,23806.75,23795.25,23798.5
2025-09-08T16:05:00-04:00,23798.75,23810.25,23796.75,23809.25,0,0,0,0,0,0,0,NaN,23810.25,23796.75,23809.25
2025-09-08T16:10:00-04:00,23809.25,23809.25,23800.5,23804.75,0,0,0,0,0,0,0,NaN,23809.25,23800.5,23804.75
2025-09-08T16:15:00-04:00,23804.25,23804.5,23798.25,23799.5,0,0,0,0,0,0,0,NaN,23804.5,23798.25,23799.5
2025-09-08T16:20:00-04:00,23799.25,23802,23796,23799.25,0,0,0,0,0,0,0,NaN,23802,23796,23799.25
2025-09-08T16:25:00-04:00,23798.75,23803,23798.5,23801.25,0,0,0,0,0,0,0,NaN,23803,23798.5,23801.25
2025-09-08T16:30:00-04:00,23801.5,23803,23800,23801.25,0,0,0,0,0,0,0,NaN,23803,23800,23801.25
2025-09-08T16:35:00-04:00,23801.25,23801.25,23797,23798,0,0,0,0,0,0,0,NaN,23801.25,23797,23798
2025-09-08T16:40:00-04:00,23798.25,23799.25,23792.75,23794.25,0,0,0,0,0,0,0,NaN,23799.25,23792.75,23794.25
2025-09-08T16:45:00-04:00,23794.25,23798.25,23794.25,23794.75,0,0,0,0,0,0,0,NaN,23798.25,23794.25,23794.75
2025-09-08T16:50:00-04:00,23794.5,23796,23792.5,23793.5,0,0,0,0,0,0,0,NaN,23796,23792.5,23793.5
2025-09-08T16:55:00-04:00,23793,23799.5,23791.75,23798.5,0,0,0,0,0,0,0,NaN,23799.5,23791.75,23798.5
2025-09-08T18:00:00-04:00,23799,23818.5,23798,23813.75,0,0,0,0,0,0,0,NaN,23818.5,23798,23813.75
2025-09-08T18:05:00-04:00,23812.5,23821.25,23810,23813,0,0,0,0,0,0,0,NaN,23821.25,23810,23813
2025-09-08T18:10:00-04:00,23814.5,23817,23809.5,23814.75,0,0,0,0,0,0,0,NaN,23817,23809.5,23814.75
2025-09-08T18:15:00-04:00,23814.25,23817.75,23808.75,23815.75,0,0,0,0,0,0,0,NaN,23817.75,23808.75,23815.75
2025-09-08T18:20:00-04:00,23817.75,23820.5,23815.75,23820,0,0,0,0,0,0,0,NaN,23820.5,23815.75,23820
2025-09-08T18:25:00-04:00,23819.25,23822,23815.5,23815.5,0,0,0,0,0,0,0,NaN,23822,23815.5,23815.5
2025-09-08T18:30:00-04:00,23815.75,23822.5,23815,23821.75,0,0,0,0,0,0,0,NaN,23822.5,23815,23821.75
2025-09-08T18:35:00-04:00,23822.5,23824.5,23819.25,23819.5,0,0,0,0,0,0,0,NaN,23824.5,23819.25,23819.5
2025-09-08T18:40:00-04:00,23820,23824.25,23820,23822.75,0,0,0,0,0,0,0,NaN,23824.25,23820,23822.75
2025-09-08T18:45:00-04:00,23822,23829,23819.25,23828.25,0,0,0,0,0,0,0,NaN,23829,23819.25,23828.25
2025-09-08T18:50:00-04:00,23827.25,23828.25,23818,23821,0,0,0,0,0,0,0,NaN,23828.25,23818,23821
2025-09-08T18:55:00-04:00,23821,23825.75,23820.25,23825.25,0,0,0,0,0,0,0,NaN,23825.75,23820.25,23825.25
2025-09-08T19:00:00-04:00,23825.75,23830.25,23824.75,23824.75,0,0,0,0,0,0,0,NaN,23830.25,23824.75,23824.75
2025-09-08T19:05:00-04:00,23825.25,23826.75,23821,23821,0,0,0,0,0,0,0,NaN,23826.75,23821,23821
2025-09-08T19:10:00-04:00,23821.5,23827.25,23821.5,23824.5,0,0,0,0,0,0,0,NaN,23827.25,23821.5,23824.5
2025-09-08T19:15:00-04:00,23823.75,23828.25,23821.25,23823,0,0,0,0,0,0,0,NaN,23828.25,23821.25,23823
2025-09-08T19:20:00-04:00,23822.5,23823,23818.25,23818.5,0,0,0,0,0,0,0,NaN,23823,23818.25,23818.5
2025-09-08T19:25:00-04:00,23818.75,23819,23815.75,23818.75,0,0,0,0,0,0,0,NaN,23819,23815.75,23818.75
2025-09-08T19:30:00-04:00,23818.75,23821,23814,23815.25,0,0,0,0,0,0,0,NaN,23821,23814,23815.25
2025-09-08T19:35:00-04:00,23815.25,23818.75,23812.5,23816.25,0,0,0,0,0,0,0,NaN,23818.75,23812.5,23816.25
2025-09-08T19:40:00-04:00,23816,23817,23804.25,23805.5,0,0,0,0,0,0,0,NaN,23817,23804.25,23805.5
2025-09-08T19:45:00-04:00,23805,23811,23803.75,23809.25,0,0,0,0,0,0,0,NaN,23811,23803.75,23809.25
2025-09-08T19:50:00-04:00,23809.5,23813.25,23806.25,23811.75,0,0,0,0,0,0,0,NaN,23813.25,23806.25,23811.75
2025-09-08T19:55:00-04:00,23810.5,23813.25,23806.5,23808,0,0,0,0,0,0,0,NaN,23813.25,23806.5,23808
2025-09-08T20:00:00-04:00,23807.5,23818.25,23802.5,23815,0,0,0,0,0,0,0,NaN,23818.25,23802.5,23815
2025-09-08T20:05:00-04:00,23814.25,23819.75,23810.75,23819.5,0,0,0,0,0,0,0,NaN,23819.75,23810.75,23819.5
2025-09-08T20:10:00-04:00,23819,23826.75,23817.75,23826.75,0,0,0,0,0,0,0,NaN,23826.75,23817.75,23826.75
2025-09-08T20:15:00-04:00,23826.5,23826.5,23811.25,23816.75,0,0,0,0,0,0,0,NaN,23826.5,23811.25,23816.75
2025-09-08T20:20:00-04:00,23817.5,23817.5,23811.25,23811.75,0,0,0,0,0,0,0,NaN,23817.5,23811.25,23811.75
2025-09-08T20:25:00-04:00,23812.75,23815.5,23811,23814.5,0,0,0,0,0,0,0,NaN,23815.5,23811,23814.5
2025-09-08T20:30:00-04:00,23813.25,23815,23810.5,23812.25,0,0,0,0,0,0,0,NaN,23815,23810.5,23812.25
2025-09-08T20:35:00-04:00,23813,23815.75,23811.5,23812.75,0,0,0,0,0,0,0,NaN,23815.75,23811.5,23812.75
2025-09-08T20:40:00-04:00,23811.75,23814.75,23807.75,23812.25,0,0,0,0,0,0,0,NaN,23814.75,23807.75,23812.25
2025-09-08T20:45:00-04:00,23811,23812.5,23807,23812,0,0,0,0,0,0,0,NaN,23812.5,23807,23812
2025-09-08T20:50:00-04:00,23813,23816,23810.25,23812.75,0,0,0,0,0,0,0,NaN,23816,23810.25,23812.75
2025-09-08T20:55:00-04:00,23813.75,23813.75,23805.25,23807.25,0,0,0,0,0,0,0,NaN,23813.75,23805.25,23807.25
2025-09-08T21:00:00-04:00,23806.75,23808.25,23804,23806.25,0,0,0,0,0,0,0,NaN,23808.25,23804,23806.25
2025-09-08T21:05:00-04:00,23806.5,23812.25,23805.25,23809.75,0,0,0,0,0,0,0,NaN,23812.25,23805.25,23809.75
2025-09-08T21:10:00-04:00,23808.25,23810.75,23805.5,23808,0,0,0,0,0,0,0,NaN,23810.75,23805.5,23808
2025-09-08T21:15:00-04:00,23808.25,23808.5,23803.5,23806.25,0,0,0,0,0,0,0,NaN,23808.5,23803.5,23806.25
2025-09-08T21:20:00-04:00,23805.25,23806.25,23795.25,23796,0,0,0,0,0,0,0,NaN,23806.25,23795.25,23796
2025-09-08T21:25:00-04:00,23796,23799.25,23790.75,23797.25,0,0,0,0,0,0,0,NaN,23799.25,23790.75,23797.25
2025-09-08T21:30:00-04:00,23796.25,23800,23794.25,23795.25,0,0,0,0,0,0,0,NaN,23800,23794.25,23795.25
2025-09-08T21:35:00-04:00,23795.75,23800.75,23794.75,23796.5,0,0,0,0,0,0,0,NaN,23800.75,23794.75,23796.5
2025-09-08T21:40:00-04:00,23795.75,23804.25,23794.75,23804,0,0,0,0,0,0,0,NaN,23804.25,23794.75,23804
2025-09-08T21:45:00-04:00,23803,23810.75,23802.75,23808,0,0,0,0,0,0,0,NaN,23810.75,23802.75,23808
2025-09-08T21:50:00-04:00,23808,23815,23804.75,23813,0,0,0,0,0,0,0,NaN,23815,23804.75,23813
2025-09-08T21:55:00-04:00,23813.75,23818.25,23813.25,23813.75,0,0,0,0,0,0,0,NaN,23818.25,23813.25,23813.75
2025-09-08T22:00:00-04:00,23814,23821.75,23814,23818.25,0,0,0,0,0,0,0,NaN,23821.75,23814,23818.25
2025-09-08T22:05:00-04:00,23817.75,23824.75,23817,23823.75,0,0,0,0,0,0,0,NaN,23824.75,23817,23823.75
2025-09-08T22:10:00-04:00,23824.25,23830.75,23823.5,23828.75,0,0,0,0,0,0,0,NaN,23830.75,23823.5,23828.75
2025-09-08T22:15:00-04:00,23829.5,23837,23828,23834.5,0,0,0,0,0,0,0,NaN,23837,23828,23834.5
2025-09-08T22:20:00-04:00,23834.25,23834.5,23828,23830.25,0,0,0,0,0,0,0,NaN,23834.5,23828,23830.25
2025-09-08T22:25:00-04:00,23830.25,23833.25,23828.75,23832.25,0,0,0,0,0,0,0,NaN,23833.25,23828.75,23832.25
2025-09-08T22:30:00-04:00,23832,23848.25,23831.5,23833.75,0,0,0,0,0,0,0,NaN,23848.25,23831.5,23833.75
2025-09-08T22:35:00-04:00,23834,23834.75,23828.5,23831.75,0,0,0,0,0,0,0,NaN,23834.75,23828.5,23831.75
2025-09-08T22:40:00-04:00,23832,23835.75,23830,23834.25,0,0,0,0,0,0,0,NaN,23835.75,23830,23834.25
2025-09-08T22:45:00-04:00,23834.5,23835,23830.25,23832.25,0,0,0,0,0,0,0,NaN,23835,23830.25,23832.25
2025-09-08T22:50:00-04:00,23832.5,23833.5,23825,23828,0,0,0,0,0,0,0,NaN,23833.5,23825,23828
2025-09-08T22:55:00-04:00,23828.5,23830,23826.5,23827.75,0,0,0,0,0,0,0,NaN,23830,23826.5,23827.75
2025-09-08T23:00:00-04:00,23828,23829.75,23826.25,23829,0,0,0,0,0,0,0,NaN,23829.75,23826.25,23829
2025-09-08T23:05:00-04:00,23829,23830.5,23826.5,23829.5,0,0,0,0,0,0,0,NaN,23830.5,23826.5,23829.5
2025-09-08T23:10:00-04:00,23829.75,23836.25,23828.75,23831.5,0,0,0,0,0,0,0,NaN,23836.25,23828.75,23831.5
2025-09-08T23:15:00-04:00,23831.25,23835.5,23830.5,23833.75,0,0,0,0,0,0,0,NaN,23835.5,23830.5,23833.75
2025-09-08T23:20:00-04:00,23833.5,23838.5,23832.25,23834.5,0,0,0,0,0,0,0,NaN,23838.5,23832.25,23834.5
2025-09-08T23:25:00-04:00,23833,23837,23833,23836.5,0,0,0,0,0,0,0,NaN,23837,23833,23836.5
2025-09-08T23:30:00-04:00,23837,23842.25,23836,23841.5,0,0,0,0,0,0,0,NaN,23842.25,23836,23841.5
2025-09-08T23:35:00-04:00,23841,23842,23837.5,23838.75,0,0,0,0,0,0,0,NaN,23842,23837.5,23838.75
2025-09-08T23:40:00-04:00,23838.5,23841,23837,23838.25,0,0,0,0,0,0,0,NaN,23841,23837,23838.25
2025-09-08T23:45:00-04:00,23839.5,23842,23839,23841.25,0,0,0,0,0,0,0,NaN,23842,23839,23841.25
2025-09-08T23:50:00-04:00,23840.5,23841,23836.25,23836.75,0,0,0,0,0,0,0,NaN,23841,23836.25,23836.75
2025-09-08T23:55:00-04:00,23836.25,23839.5,23836.25,23839.5,0,0,0,0,0,0,0,NaN,23839.5,23836.25,23839.5
2025-09-09T00:00:00-04:00,23839.5,23840.75,23832.75,23833.5,0,0,1,0,0,0,0,NaN,23840.75,23832.75,23833.5
2025-09-09T00:05:00-04:00,23834,23839.75,23832.75,23835,0,0,0,0,0,0,0,NaN,23839.75,23832.75,23835
2025-09-09T00:10:00-04:00,23835,23836.5,23834.5,23836.25,0,0,0,0,0,0,0,NaN,23836.5,23834.5,23836.25
2025-09-09T00:15:00-04:00,23836.75,23838.75,23836.5,23836.5,0,0,0,0,0,0,0,NaN,23838.75,23836.5,23836.5
2025-09-09T00:20:00-04:00,23837.25,23839.5,23834.75,23839.5,0,0,0,0,0,0,0,NaN,23839.5,23834.75,23839.5
2025-09-09T00:25:00-04:00,23838.5,23840,23834.25,23834.75,0,0,0,0,0,0,0,NaN,23840,23834.25,23834.75
2025-09-09T00:30:00-04:00,23834,23837.75,23833,23835.25,0,0,0,0,0,0,0,NaN,23837.75,23833,23835.25
2025-09-09T00:35:00-04:00,23835,23835.5,23833.75,23834,0,0,0,0,0,0,0,NaN,23835.5,23833.75,23834
2025-09-09T00:40:00-04:00,23834.25,23834.75,23831,23832.25,0,0,0,0,0,0,0,NaN,23834.75,23831,23832.25
2025-09-09T00:45:00-04:00,23832.5,23835.75,23830.5,23834.75,0,0,0,0,0,0,0,NaN,23835.75,23830.5,23834.75
2025-09-09T00:50:00-04:00,23835,23839,23834.5,23836,0,0,0,0,0,0,0,NaN,23839,23834.5,23836
2025-09-09T00:55:00-04:00,23836.25,23840.5,23835.25,23838,0,0,0,0,0,0,0,NaN,23840.5,23835.25,23838
2025-09-09T01:00:00-04:00,23836.5,23837,23833,23835.75,0,0,0,0,0,0,0,NaN,23837,23833,23835.75
2025-09-09T01:05:00-04:00,23835.25,23835.75,23832.25,23833.75,0,0,0,0,0,0,0,NaN,23835.75,23832.25,23833.75
2025-09-09T01:10:00-04:00,23834.5,23837.25,23832.75,23834,0,0,0,0,0,0,0,NaN,23837.25,23832.75,23834
2025-09-09T01:15:00-04:00,23833.5,23833.5,23822.75,23828,0,0,0,0,0,0,0,NaN,23833.5,23822.75,23828
2025-09-09T01:20:00-04:00,23828.5,23828.75,23815.25,23821.75,0,0,0,0,0,0,0,NaN,23828.75,23815.25,23821.75
2025-09-09T01:25:00-04:00,23820.75,23821,23814.75,23818.5,0,0,0,0,0,0,0,NaN,23821,23814.75,23818.5
2025-09-09T01:30:00-04:00,23819,23829.5,23818.5,23824.25,0,0,0,0,0,0,0,NaN,23829.5,23818.5,23824.25
2025-09-09T01:35:00-04:00,23825,23826.25,23821.25,23825,0,0,0,0,0,0,0,NaN,23826.25,23821.25,23825
2025-09-09T01:40:00-04:00,23825.5,23827,23819.5,23825.5,0,0,0,0,0,0,0,NaN,23827,23819.5,23825.5
2025-09-09T01:45:00-04:00,23825.75,23828.5,23824,23826,0,0,0,0,0,0,0,NaN,23828.5,23824,23826
2025-09-09T01:50:00-04:00,23825.5,23836.25,23825,23835.75,0,0,0,0,0,0,0,NaN,23836.25,23825,23835.75
2025-09-09T01:55:00-04:00,23836.5,23842.25,23833,23834.5,0,0,0,0,0,0,0,NaN,23842.25,23833,23834.5
2025-09-09T02:00:00-04:00,23835,23843.25,23830.5,23841,0,0,0,0,0,0,0,NaN,23843.25,23830.5,23841
2025-09-09T02:05:00-04:00,23841.75,23845.25,23839,23843.75,0,0,0,0,0,0,0,NaN,23845.25,23839,23843.75
2025-09-09T02:10:00-04:00,23844.5,23854.75,23842.75,23851,0,0,0,0,0,0,0,NaN,23854.75,23842.75,23851
2025-09-09T02:15:00-04:00,23851.5,23855,23840.5,23846.5,0,0,0,0,0,0,0,NaN,23855,23840.5,23846.5
2025-09-09T02:20:00-04:00,23846.5,23851.5,23843.75,23850.25,0,0,0,0,0,0,0,NaN,23851.5,23843.75,23850.25
2025-09-09T02:25:00-04:00,23851,23853.75,23848.25,23849,0,0,0,0,0,0,0,NaN,23853.75,23848.25,23849
2025-09-09T02:30:00-04:00,23848.75,23851,23844.25,23849.25,0,0,0,0,0,0,0,NaN,23851,23844.25,23849.25
2025-09-09T02:35:00-04:00,23850,23854.5,23841.25,23852.5,0,0,0,0,0,0,0,NaN,23854.5,23841.25,23852.5
2025-09-09T02:40:00-04:00,23852.5,23853.75,23843.25,23845.5,0,0,0,0,0,0,0,NaN,23853.75,23843.25,23845.5
2025-09-09T02:45:00-04:00,23844.75,23852.75,23843.75,23847.25,0,0,0,0,0,0,0,NaN,23852.75,23843.75,23847.25
2025-09-09T02:50:00-04:00,23847,23855.75,23847,23852,0,0,0,0,0,0,0,NaN,23855.75,23847,23852
2025-09-09T02:55:00-04:00,23852.25,23853.5,23847.25,23849.25,0,0,0,0,0,0,0,NaN,23853.5,23847.25,23849.25
2025-09-09T03:00:00-04:00,23850.5,23855,23846.5,23850.25,0,0,0,0,0,0,0,NaN,23855,23846.5,23850.25
2025-09-09T03:05:00-04:00,23850.75,23856.25,23847.75,23855.25,0,0,0,0,0,0,0,NaN,23856.25,23847.75,23855.25
2025-09-09T03:10:00-04:00,23855,23863.75,23854.25,23863.75,0,0,0,0,0,0,0,NaN,23863.75,23854.25,23863.75
2025-09-09T03:15:00-04:00,23863.5,23867.25,23860.5,23862.75,0,0,0,0,0,0,0,NaN,23867.25,23860.5,23862.75
2025-09-09T03:20:00-04:00,23862.25,23863.75,23858.75,23862.75,0,0,0,0,0,0,0,NaN,23863.75,23858.75,23862.75
2025-09-09T03:25:00-04:00,23863,23871,23863,23866.75,0,0,0,0,0,0,0,NaN,23871,23863,23866.75
2025-09-09T03:30:00-04:00,23866.75,23872.5,23862.5,23871.25,0,0,0,0,0,0,0,NaN,23872.5,23862.5,23871.25
2025-09-09T03:35:00-04:00,23871.25,23885.25,23871.25,23872,0,0,0,0,0,0,0,NaN,23885.25,23871.25,23872
2025-09-09T03:40:00-04:00,23872,23874.5,23854.75,23856,0,0,0,0,0,0,0,NaN,23874.5,23854.75,23856
2025-09-09T03:45:00-04:00,23856.25,23857.75,23850,23853,0,0,0,0,0,0,0,NaN,23857.75,23850,23853
2025-09-09T03:50:00-04:00,23852.5,23856,23850.75,23855.25,0,0,0,0,0,0,0,NaN,23856,23850.75,23855.25
2025-09-09T03:55:00-04:00,23855,23857,23854.5,23855.5,0,0,0,0,0,0,0,NaN,23857,23854.5,23855.5
2025-09-09T04:00:00-04:00,23855,23857.25,23853,23854,0,0,0,0,0,0,0,NaN,23857.25,23853,23854
2025-09-09T04:05:00-04:00,23854,23854.25,23839,23839.5,0,0,0,0,0,0,0,NaN,23854.25,23839,23839.5
2025-09-09T04:10:00-04:00,23839,23852,23839,23846,0,0,0,0,0,0,0,NaN,23852,23839,23846
2025-09-09T04:15:00-04:00,23846,23850.5,23836.5,23844,0,0,0,0,0,0,0,NaN,23850.5,23836.5,23844
2025-09-09T04:20:00-04:00,23844.25,23853.25,23841.5,23852.5,0,0,0,0,0,0,0,NaN,23853.25,23841.5,23852.5
2025-09-09T04:25:00-04:00,23853.25,23854.5,23845.75,23848.75,0,0,0,0,0,0,0,NaN,23854.5,23845.75,23848.75
2025-09-09T04:30:00-04:00,23849.5,23855.75,23845.25,23849.25,0,0,0,0,0,0,0,NaN,23855.75,23845.25,23849.25
2025-09-09T04:35:00-04:00,23849.25,23852.5,23838.25,23840.25,0,0,0,0,0,0,0,NaN,23852.5,23838.25,23840.25
2025-09-09T04:40:00-04:00,23840.25,23849.75,23838,23845.75,0,0,0,0,0,0,0,NaN,23849.75,23838,23845.75
2025-09-09T04:45:00-04:00,23846.25,23846.25,23834.75,23835.75,0,0,0,0,0,0,0,NaN,23846.25,23834.75,23835.75
2025-09-09T04:50:00-04:00,23835.5,23840.25,23834,23837.25,0,0,0,0,0,0,0,NaN,23840.25,23834,23837.25
2025-09-09T04:55:00-04:00,23836.5,23844,23836.25,23844,0,0,0,0,0,0,0,NaN,23844,23836.25,23844
2025-09-09T05:00:00-04:00,23843,23848.25,23839,23845,0,0,0,0,0,0,0,NaN,23848.25,23839,23845
2025-09-09T05:05:00-04:00,23844,23848.25,23836,23836.75,0,0,0,0,0,0,0,NaN,23848.25,23836,23836.75
2025-09-09T05:10:00-04:00,23836,23850.5,23835.75,23850.25,0,0,0,0,0,0,0,NaN,23850.5,23835.75,23850.25
2025-09-09T05:15:00-04:00,23850.5,23854.75,23847.75,23851.5,0,0,0,0,0,0,0,NaN,23854.75,23847.75,23851.5
2025-09-09T05:20:00-04:00,23851.5,23853.25,23844.5,23847.5,0,0,0,0,0,0,0,NaN,23853.25,23844.5,23847.5
2025-09-09T05:25:00-04:00,23847.25,23853.75,23845.25,23847.75,0,0,0,0,0,0,0,NaN,23853.75,23845.25,23847.75
2025-09-09T05:30:00-04:00,23847.5,23851.25,23846.5,23847.5,0,0,0,0,0,0,0,NaN,23851.25,23846.5,23847.5
2025-09-09T05:35:00-04:00,23847.5,23852,23847.5,23851.25,0,0,0,0,0,0,0,NaN,23852,23847.5,23851.25
2025-09-09T05:40:00-04:00,23852,23856,23846.25,23849.75,0,0,0,0,0,0,0,NaN,23856,23846.25,23849.75
2025-09-09T05:45:00-04:00,23849.25,23852.5,23845.75,23852,0,0,0,0,0,0,0,NaN,23852.5,23845.75,23852
2025-09-09T05:50:00-04:00,23852,23852,23844.75,23845.75,0,0,0,0,0,0,0,NaN,23852,23844.75,23845.75
2025-09-09T05:55:00-04:00,23846,23849,23842.25,23844.25,0,0,0,0,0,0,0,NaN,23849,23842.25,23844.25
2025-09-09T06:00:00-04:00,23844.5,23847.25,23841.75,23843.75,0,0,0,0,0,0,0,NaN,23847.25,23841.75,23843.75
2025-09-09T06:05:00-04:00,23844,23852,23844,23852,0,0,0,0,0,0,0,NaN,23852,23844,23852
2025-09-09T06:10:00-04:00,23851,23856.75,23849,23854,0,0,0,0,0,0,0,NaN,23856.75,23849,23854
2025-09-09T06:15:00-04:00,23853,23856.75,23851.5,23851.75,0,0,0,0,0,0,0,NaN,23856.75,23851.5,23851.75
2025-09-09T06:20:00-04:00,23853,23855,23851.25,23852.25,0,0,0,0,0,0,0,NaN,23855,23851.25,23852.25
2025-09-09T06:25:00-04:00,23852.75,23855.5,23846.75,23847.25,0,0,0,0,0,0,0,NaN,23855.5,23846.75,23847.25
2025-09-09T06:30:00-04:00,23847.25,23849,23840.75,23848,0,0,0,0,0,0,0,NaN,23849,23840.75,23848
2025-09-09T06:35:00-04:00,23847.5,23854.5,23845.5,23854,0,0,0,0,0,0,0,NaN,23854.5,23845.5,23854
2025-09-09T06:40:00-04:00,23854.5,23860.25,23853.25,23856.25,0,0,0,0,0,0,0,NaN,23860.25,23853.25,23856.25
2025-09-09T06:45:00-04:00,23856,23857.25,23843.5,23844,0,0,0,0,0,0,0,NaN,23857.25,23843.5,23844
2025-09-09T06:50:00-04:00,23843.25,23847,23837.75,23841.25,0,0,0,0,0,0,0,NaN,23847,23837.75,23841.25
2025-09-09T06:55:00-04:00,23841.5,23845.5,23838.75,23845.5,0,0,0,0,0,0,0,NaN,23845.5,23838.75,23845.5
2025-09-09T07:00:00-04:00,23845.25,23845.25,23836.5,23836.75,0,0,0,0,0,0,0,NaN,23845.25,23836.5,23836.75
2025-09-09T07:05:00-04:00,23836.25,23843.25,23834.5,23839.75,0,0,0,0,0,0,0,NaN,23843.25,23834.5,23839.75
2025-09-09T07:10:00-04:00,23841,23842.5,23828.5,23831.5,0,0,0,0,0,0,0,NaN,23842.5,23828.5,23831.5
2025-09-09T07:15:00-04:00,23831,23831.5,23812.25,23814.5,0,0,0,0,0,0,0,NaN,23831.5,23812.25,23814.5
2025-09-09T07:20:00-04:00,23814,23826,23811.75,23823,0,0,0,0,0,0,0,NaN,23826,23811.75,23823
2025-09-09T07:25:00-04:00,23823,23825.25,23819.5,23821,0,0,0,0,0,0,0,NaN,23825.25,23819.5,23821
2025-09-09T07:30:00-04:00,23820.75,23832.75,23820.75,23831.5,0,0,0,0,0,0,0,NaN,23832.75,23820.75,23831.5
2025-09-09T07:35:00-04:00,23831,23833.75,23825.75,23833,0,0,0,0,0,0,0,NaN,23833.75,23825.75,23833
2025-09-09T07:40:00-04:00,23833.5,23837,23829.75,23836.75,0,0,0,0,0,0,0,NaN,23837,23829.75,23836.75
2025-09-09T07:45:00-04:00,23836.25,23849.75,23835.5,23848,0,0,0,0,0,0,0,NaN,23849.75,23835.5,23848
2025-09-09T07:50:00-04:00,23847.75,23850.75,23845.25,23847.75,0,0,0,0,0,0,0,NaN,23850.75,23845.25,23847.75
2025-09-09T07:55:00-04:00,23848,23853.25,23844,23849.75,0,0,0,0,0,0,0,NaN,23853.25,23844,23849.75
2025-09-09T08:00:00-04:00,23849.5,23849.75,23838.25,23849.25,0,0,0,0,0,0,0,NaN,23849.75,23838.25,23849.25
2025-09-09T08:05:00-04:00,23847.75,23849.25,23845.25,23847.25,0,0,0,0,0,0,0,NaN,23849.25,23845.25,23847.25
2025-09-09T08:10:00-04:00,23846.25,23856.75,23846.25,23853.25,0,0,0,0,0,0,0,NaN,23856.75,23846.25,23853.25
2025-09-09T08:15:00-04:00,23853.75,23857.25,23847.5,23849.75,0,0,0,0,0,0,0,NaN,23857.25,23847.5,23849.75
2025-09-09T08:20:00-04:00,23850.25,23854.75,23845.5,23845.5,0,0,0,0,0,0,0,NaN,23854.75,23845.5,23845.5
2025-09-09T08:25:00-04:00,23845.5,23852.25,23841.75,23852,0,0,0,0,0,0,0,NaN,23852.25,23841.75,23852
2025-09-09T08:30:00-04:00,23852.25,23852.25,23834.75,23842.75,0,0,0,0,0,0,0,NaN,23852.25,23834.75,23842.75
2025-09-09T08:35:00-04:00,23842.5,23851.75,23841.25,23849.5,0,0,0,0,0,0,0,NaN,23851.75,23841.25,23849.5
2025-09-09T08:40:00-04:00,23850,23851.5,23839.5,23842.75,0,0,0,0,0,0,0,NaN,23851.5,23839.5,23842.75
2025-09-09T08:45:00-04:00,23843,23845.75,23837,23839.75,0,0,0,0,0,0,0,NaN,23845.75,23837,23839.75
2025-09-09T08:50:00-04:00,23839.5,23841.5,23833,23839,0,0,0,0,0,0,0,NaN,23841.5,23833,23839
2025-09-09T08:55:00-04:00,23839,23844,23837.75,23839.75,0,0,0,0,0,0,0,NaN,23844,23837.75,23839.75
2025-09-09T09:00:00-04:00,23839.25,23840.25,23800.25,23807.75,0,0,0,0,0,0,0,NaN,23840.25,23800.25,23807.75
2025-09-09T09:05:00-04:00,23807.5,23828.75,23800,23828.75,0,0,0,0,0,0,0,NaN,23828.75,23800,23828.75
2025-09-09T09:10:00-04:00,23827.5,23828,23816,23823,0,0,0,0,0,0,0,NaN,23828,23816,23823
2025-09-09T09:15:00-04:00,23822.5,23825.5,23816.25,23819.75,0,0,0,0,0,0,0,NaN,23825.5,23816.25,23819.75
2025-09-09T09:20:00-04:00,23819.25,23825.75,23810,23817.75,0,0,0,0,0,0,0,NaN,23825.75,23810,23817.75
2025-09-09T09:25:00-04:00,23818,23838,23815.25,23835.25,0,0,0,0,0,0,0,NaN,23838,23815.25,23835.25
2025-09-09T09:30:00-04:00,23835.5,23857.75,23823,23842.75,0,0,0,0,0,0,0,NaN,23857.75,23823,23842.75
2025-09-09T09:35:00-04:00,23842.5,23848,23824.5,23834.25,0,0,0,0,0,0,0,NaN,23848,23824.5,23834.25
2025-09-09T09:40:00-04:00,23834.5,23843.5,23815.75,23841.25,0,0,0,0,0,0,0,NaN,23843.5,23815.75,23841.25
2025-09-09T09:45:00-04:00,23841.25,23848.75,23824.5,23829,0,0,0,0,0,0,0,NaN,23848.75,23824.5,23829
2025-09-09T09:50:00-04:00,23829.5,23832,23804.25,23807.25,0,0,0,0,0,0,0,NaN,23832,23804.25,23807.25
2025-09-09T09:55:00-04:00,23807.5,23836.75,23801.25,23815,0,0,0,0,0,0,0,NaN,23836.75,23801.25,23815
2025-09-09T10:00:00-04:00,23815.5,23833.25,23781.25,23795.5,0,0,0,0,0,0,0,NaN,23833.25,23781.25,23795.5
2025-09-09T10:05:00-04:00,23795.25,23834,23787.75,23831.75,0,0,0,0,0,0,0,NaN,23834,23787.75,23831.75
2025-09-09T10:10:00-04:00,23831.5,23850.75,23827,23835.75,0,0,0,0,0,0,0,NaN,23850.75,23827,23835.75
2025-09-09T10:15:00-04:00,23836,23841.75,23810,23816.75,0,0,0,0,0,0,0,NaN,23841.75,23810,23816.75
2025-09-09T10:20:00-04:00,23817.25,23828.25,23815,23818,0,0,0,0,0,0,0,NaN,23828.25,23815,23818
2025-09-09T10:25:00-04:00,23818.75,23822.75,23799.25,23810.5,0,0,0,0,0,0,0,NaN,23822.75,23799.25,23810.5
2025-09-09T10:30:00-04:00,23810.25,23812.25,23752.25,23754,0,0,0,0,0,0,0,NaN,23812.25,23752.25,23754
2025-09-09T10:35:00-04:00,23754.25,23761.75,23733.25,23743,0,0,0,0,0,0,0,NaN,23761.75,23733.25,23743
2025-09-09T10:40:00-04:00,23743.5,23758.25,23726,23744.25,0,0,0,0,0,0,0,NaN,23758.25,23726,23744.25
2025-09-09T10:45:00-04:00,23744.25,23764.5,23736.75,23760.75,0,0,0,0,0,0,0,NaN,23764.5,23736.75,23760.75
2025-09-09T10:50:00-04:00,23761,23789,23740.75,23787.5,0,0,0,0,0,0,0,NaN,23789,23740.75,23787.5
2025-09-09T10:55:00-04:00,23787.5,23803.75,23785.75,23785.75,0,0,0,0,0,0,0,NaN,23803.75,23785.75,23785.75
2025-09-09T11:00:00-04:00,23785.75,23803.5,23765.25,23772,0,0,0,0,0,0,0,NaN,23803.5,23765.25,23772
2025-09-09T11:05:00-04:00,23771.5,23778,23752,23773,0,0,0,0,0,0,0,NaN,23778,23752,23773
2025-09-09T11:10:00-04:00,23772.5,23784.25,23763.25,23776,0,0,0,0,0,0,0,NaN,23784.25,23763.25,23776
2025-09-09T11:15:00-04:00,23776.5,23790.25,23775.75,23782.5,0,0,0,0,0,0,0,NaN,23790.25,23775.75,23782.5
2025-09-09T11:20:00-04:00,23782.75,23790.5,23773.75,23779.25,0,0,0,0,0,0,0,NaN,23790.5,23773.75,23779.25
2025-09-09T11:25:00-04:00,23779.5,23787.5,23774,23784.25,0,0,0,0,0,0,0,NaN,23787.5,23774,23784.25
2025-09-09T11:30:00-04:00,23783.75,23786.25,23770.25,23773.25,0,0,0,0,0,0,0,NaN,23786.25,23770.25,23773.25
2025-09-09T11:35:00-04:00,23774,23778.5,23764.25,23769.75,0,0,0,0,0,0,0,NaN,23778.5,23764.25,23769.75
2025-09-09T11:40:00-04:00,23769.75,23771,23753.75,23761.25,0,0,0,0,0,0,0,NaN,23771,23753.75,23761.25
2025-09-09T11:45:00-04:00,23760.75,23775.75,23758,23759.25,0,0,0,0,0,0,0,NaN,23775.75,23758,23759.25
2025-09-09T11:50:00-04:00,23759.75,23812.5,23759.75,23805.5,0,0,0,0,0,0,0,NaN,23812.5,23759.75,23805.5
2025-09-09T11:55:00-04:00,23805.75,23812.75,23783.75,23784.5,0,0,0,0,0,0,0,NaN,23812.75,23783.75,23784.5
2025-09-09T12:00:00-04:00,23784.5,23801.5,23781.5,23798.25,0,0,0,0,0,0,0,NaN,23801.5,23781.5,23798.25
2025-09-09T12:05:00-04:00,23797.75,23807.25,23795,23806,0,0,0,0,0,0,0,NaN,23807.25,23795,23806
2025-09-09T12:10:00-04:00,23806,23821.5,23806,23819.75,0,0,0,0,0,0,0,NaN,23821.5,23806,23819.75
2025-09-09T12:15:00-04:00,23819.5,23833.75,23815.25,23816.75,0,0,0,0,0,0,0,NaN,23833.75,23815.25,23816.75
2025-09-09T12:20:00-04:00,23817.25,23818.25,23795.25,23812.25,0,0,0,0,0,0,0,NaN,23818.25,23795.25,23812.25
2025-09-09T12:25:00-04:00,23811.75,23821.5,23809.25,23818,0,0,0,0,0,0,0,NaN,23821.5,23809.25,23818
2025-09-09T12:30:00-04:00,23818.25,23820.5,23811.25,23820,0,0,0,0,0,0,0,NaN,23820.5,23811.25,23820
2025-09-09T12:35:00-04:00,23819.5,23821,23813.75,23819.25,0,0,0,0,0,0,0,NaN,23821,23813.75,23819.25
2025-09-09T12:40:00-04:00,23819.25,23822.25,23809.5,23812,0,0,0,0,0,0,0,NaN,23822.25,23809.5,23812
2025-09-09T12:45:00-04:00,23812,23823.5,23807.25,23817.25,0,0,0,0,0,0,0,NaN,23823.5,23807.25,23817.25
2025-09-09T12:50:00-04:00,23817,23819.5,23806.25,23811.25,0,0,0,0,0,0,0,NaN,23819.5,23806.25,23811.25
2025-09-09T12:55:00-04:00,23811.75,23830,23811.5,23821.5,0,0,0,0,0,0,0,NaN,23830,23811.5,23821.5
2025-09-09T13:00:00-04:00,23821.25,23837.25,23821,23835.25,0,0,0,0,0,0,0,NaN,23837.25,23821,23835.25
2025-09-09T13:05:00-04:00,23835.25,23846,23834.75,23843,0,0,0,0,0,0,0,NaN,23846,23834.75,23843
2025-09-09T13:10:00-04:00,23843,23855.5,23839,23839,0,0,0,0,0,0,0,NaN,23855.5,23839,23839
2025-09-09T13:15:00-04:00,23839.25,23852.25,23839.25,23840.25,0,0,0,0,0,0,0,NaN,23852.25,23839.25,23840.25
2025-09-09T13:20:00-04:00,23840.25,23849.75,23838.5,23849.5,0,0,0,0,0,0,0,NaN,23849.75,23838.5,23849.5
2025-09-09T13:25:00-04:00,23849,23854.25,23841.25,23841.75,0,0,0,0,0,0,0,NaN,23854.25,23841.25,23841.75
2025-09-09T13:30:00-04:00,23842.75,23847.5,23832.75,23834.5,0,0,0,0,0,0,0,NaN,23847.5,23832.75,23834.5
2025-09-09T13:35:00-04:00,23834,23839.25,23827.75,23837,0,0,0,0,0,0,0,NaN,23839.25,23827.75,23837
2025-09-09T13:40:00-04:00,23837.25,23838.25,23826.25,23833.25,0,0,0,0,0,0,0,NaN,23838.25,23826.25,23833.25
2025-09-09T13:45:00-04:00,23833,23844,23831.5,23839,0,0,0,0,0,0,0,NaN,23844,23831.5,23839
2025-09-09T13:50:00-04:00,23839,23845,23836.5,23843,0,0,0,0,0,0,0,NaN,23845,23836.5,23843
2025-09-09T13:55:00-04:00,23843.5,23846.25,23837.5,23839.5,0,0,0,0,0,0,0,NaN,23846.25,23837.5,23839.5
2025-09-09T14:00:00-04:00,23839.5,23845.25,23836,23841,0,0,0,0,0,0,0,NaN,23845.25,23836,23841
2025-09-09T14:05:00-04:00,23841.75,23848.25,23840.75,23847,0,0,0,0,0,0,0,NaN,23848.25,23840.75,23847
2025-09-09T14:10:00-04:00,23846.75,23848.75,23823.5,23843,0,0,0,0,0,0,0,NaN,23848.75,23823.5,23843
2025-09-09T14:15:00-04:00,23842.5,23846.75,23833.5,23841.25,0,0,0,0,0,0,0,NaN,23846.75,23833.5,23841.25
2025-09-09T14:20:00-04:00,23841.25,23846.5,23837.25,23840.5,0,0,0,0,0,0,0,NaN,23846.5,23837.25,23840.5
2025-09-09T14:25:00-04:00,23841,23841.5,23831.5,23833.5,0,0,0,0,0,0,0,NaN,23841.5,23831.5,23833.5
2025-09-09T14:30:00-04:00,23834,23838.5,23827,23828.5,0,0,0,0,0,0,0,NaN,23838.5,23827,23828.5
2025-09-09T14:35:00-04:00,23828.5,23832.25,23824.25,23824.5,0,0,0,0,0,0,0,NaN,23832.25,23824.25,23824.5
2025-09-09T14:40:00-04:00,23824.75,23835,23824,23828.75,0,0,0,0,0,0,0,NaN,23835,23824,23828.75
2025-09-09T14:45:00-04:00,23828.75,23845.25,23828.75,23844.5,0,0,0,0,0,0,0,NaN,23845.25,23828.75,23844.5
2025-09-09T14:50:00-04:00,23844.75,23847.75,23840.75,23846,0,0,0,0,0,0,0,NaN,23847.75,23840.75,23846
2025-09-09T14:55:00-04:00,23846.25,23849,23840.5,23843.75,0,0,0,0,0,0,0,NaN,23849,23840.5,23843.75
2025-09-09T15:00:00-04:00,23843.5,23848,23837.75,23846.25,0,0,0,0,0,0,0,NaN,23848,23837.75,23846.25
2025-09-09T15:05:00-04:00,23846,23847.25,23838.5,23840.5,0,0,0,0,0,0,0,NaN,23847.25,23838.5,23840.5
2025-09-09T15:10:00-04:00,23840.5,23843.5,23836,23838.25,0,0,0,0,0,0,0,NaN,23843.5,23836,23838.25
2025-09-09T15:15:00-04:00,23838.25,23850,23838.25,23848.25,0,0,0,0,0,0,0,NaN,23850,23838.25,23848.25
2025-09-09T15:20:00-04:00,23848.25,23859.5,23847.25,23854.5,0,0,0,0,0,0,0,NaN,23859.5,23847.25,23854.5
2025-09-09T15:25:00-04:00,23854.5,23861,23854.25,23856.5,0,0,0,0,0,0,0,NaN,23861,23854.25,23856.5
2025-09-09T15:30:00-04:00,23856.5,23860.75,23849.25,23858.75,0,0,0,0,0,0,0,NaN,23860.75,23849.25,23858.75
2025-09-09T15:35:00-04:00,23858.75,23861.25,23845.5,23849.25,0,0,0,0,0,0,0,NaN,23861.25,23845.5,23849.25
2025-09-09T15:40:00-04:00,23849.75,23849.75,23834.75,23845.75,0,0,0,0,0,0,0,NaN,23849.75,23834.75,23845.75
2025-09-09T15:45:00-04:00,23845.5,23854.75,23844.25,23851.5,0,0,0,0,0,0,0,NaN,23854.75,23844.25,23851.5
2025-09-09T15:50:00-04:00,23851,23875.25,23851,23870.75,0,0,0,0,0,0,0,NaN,23875.25,23851,23870.75
2025-09-09T15:55:00-04:00,23870.5,23890,23865,23867.75,0,0,0,0,0,0,0,NaN,23890,23865,23867.75
2025-09-09T16:00:00-04:00,23867.75,23871.25,23853.25,23858.25,0,0,0,0,0,0,0,NaN,23871.25,23853.25,23858.25
2025-09-09T16:05:00-04:00,23857.75,23865.5,23847.75,23862.25,0,0,0,0,0,0,0,NaN,23865.5,23847.75,23862.25
2025-09-09T16:10:00-04:00,23861.75,23880.5,23860.5,23878,0,0,0,0,0,0,0,NaN,23880.5,23860.5,23878
2025-09-09T16:15:00-04:00,23877.25,23888.25,23870.75,23887.25,0,0,0,0,0,0,0,NaN,23888.25,23870.75,23887.25
2025-09-09T16:20:00-04:00,23886.75,23894.75,23883,23891,0,0,0,0,0,0,0,NaN,23894.75,23883,23891
2025-09-09T16:25:00-04:00,23891.25,23904,23887,23897,0,0,0,0,0,0,0,NaN,23904,23887,23897
2025-09-09T16:30:00-04:00,23897.25,23902.25,23892,23899.5,0,0,0,0,0,0,0,NaN,23902.25,23892,23899.5
2025-09-09T16:35:00-04:00,23900,23909.25,23899,23904,0,0,0,0,0,0,0,NaN,23909.25,23899,23904
2025-09-09T16:40:00-04:00,23904.5,23921.25,23903.75,23908,0,0,0,0,0,0,0,NaN,23921.25,23903.75,23908
2025-09-09T16:45:00-04:00,23908.75,23912.5,23899,23904.5,0,0,0,0,0,0,0,NaN,23912.5,23899,23904.5
2025-09-09T16:50:00-04:00,23905,23906,23888,23889.75,0,0,0,0,0,0,0,NaN,23906,23888,23889.75
2025-09-09T16:55:00-04:00,23889.75,23891.5,23884.75,23889.75,0,0,0,0,0,0,0,NaN,23891.5,23884.75,23889.75
2025-09-09T18:00:00-04:00,23898.5,23907.25,23891,23892.5,0,0,0,0,0,0,0,NaN,23907.25,23891,23892.5
2025-09-09T18:05:00-04:00,23893,23905,23890,23905,0,0,0,0,0,0,0,NaN,23905,23890,23905
2025-09-09T18:10:00-04:00,23904.75,23911.5,23903.5,23908,0,0,0,0,0,0,0,NaN,23911.5,23903.5,23908
2025-09-09T18:15:00-04:00,23907.75,23910.25,23899,23900,0,0,0,0,0,0,0,NaN,23910.25,23899,23900
2025-09-09T18:20:00-04:00,23900.25,23901,23893.5,23895.75,0,0,0,0,0,0,0,NaN,23901,23893.5,23895.75
2025-09-09T18:25:00-04:00,23895.5,23901,23891,23897.25,0,0,0,0,0,0,0,NaN,23901,23891,23897.25
2025-09-09T18:30:00-04:00,23896.5,23905,23896.5,23902.5,0,0,0,0,0,0,0,NaN,23905,23896.5,23902.5
2025-09-09T18:35:00-04:00,23902.75,23902.75,23893,23899.25,0,0,0,0,0,0,0,NaN,23902.75,23893,23899.25
2025-09-09T18:40:00-04:00,23898.5,23899.25,23895,23896.75,0,0,0,0,0,0,0,NaN,23899.25,23895,23896.75
2025-09-09T18:45:00-04:00,23896.5,23900,23894.5,23900,0,0,0,0,0,0,0,NaN,23900,23894.5,23900
2025-09-09T18:50:00-04:00,23900,23902.75,23893.5,23895.75,0,0,0,0,0,0,0,NaN,23902.75,23893.5,23895.75
2025-09-09T18:55:00-04:00,23895.75,23900.5,23895.5,23895.75,0,0,0,0,0,0,0,NaN,23900.5,23895.5,23895.75
2025-09-09T19:00:00-04:00,23896.25,23898,23887.25,23888.75,0,0,0,0,0,0,0,NaN,23898,23887.25,23888.75
2025-09-09T19:05:00-04:00,23889,23894.5,23883.5,23893,0,0,0,0,0,0,0,NaN,23894.5,23883.5,23893
2025-09-09T19:10:00-04:00,23893.75,23894.75,23891.25,23892.25,0,0,0,0,0,0,0,NaN,23894.75,23891.25,23892.25
2025-09-09T19:15:00-04:00,23892,23894.25,23886.25,23888.75,0,0,0,0,0,0,0,NaN,23894.25,23886.25,23888.75
2025-09-09T19:20:00-04:00,23889.25,23890.25,23877.25,23882,0,0,0,0,0,0,0,NaN,23890.25,23877.25,23882
2025-09-09T19:25:00-04:00,23882,23882.75,23874,23876.5,0,0,0,0,0,0,0,NaN,23882.75,23874,23876.5
2025-09-09T19:30:00-04:00,23877.5,23879.75,23874.25,23876,0,0,0,0,0,0,0,NaN,23879.75,23874.25,23876
2025-09-09T19:35:00-04:00,23876.25,23881,23875.5,23879.75,0,0,0,0,0,0,0,NaN,23881,23875.5,23879.75
2025-09-09T19:40:00-04:00,23880.25,23886,23879.25,23885,0,0,0,0,0,0,0,NaN,23886,23879.25,23885
2025-09-09T19:45:00-04:00,23885.25,23889,23880,23883.75,0,0,0,0,0,0,0,NaN,23889,23880,23883.75
2025-09-09T19:50:00-04:00,23883.25,23891,23882.25,23889,0,0,0,0,0,0,0,NaN,23891,23882.25,23889
2025-09-09T19:55:00-04:00,23888.25,23888.25,23879.25,23885.75,0,0,0,0,0,0,0,NaN,23888.25,23879.25,23885.75
2025-09-09T20:00:00-04:00,23884.75,23887.5,23881.25,23883.25,0,0,0,0,0,0,0,NaN,23887.5,23881.25,23883.25
2025-09-09T20:05:00-04:00,23884,23891.5,23884,23888.25,0,0,0,0,0,0,0,NaN,23891.5,23884,23888.25
2025-09-09T20:10:00-04:00,23888.5,23896.75,23887.25,23893.75,0,0,0,0,0,0,0,NaN,23896.75,23887.25,23893.75
2025-09-09T20:15:00-04:00,23893.25,23896.25,23889.5,23894.25,0,0,0,0,0,0,0,NaN,23896.25,23889.5,23894.25
2025-09-09T20:20:00-04:00,23893.75,23897.5,23893.5,23895.75,0,0,0,0,0,0,0,NaN,23897.5,23893.5,23895.75
2025-09-09T20:25:00-04:00,23895.5,23899.5,23895.25,23896,0,0,0,0,0,0,0,NaN,23899.5,23895.25,23896
2025-09-09T20:30:00-04:00,23895.75,23898.75,23895.5,23896.5,0,0,0,0,0,0,0,NaN,23898.75,23895.5,23896.5
2025-09-09T20:35:00-04:00,23895.75,23898.75,23894,23897.25,0,0,0,0,0,0,0,NaN,23898.75,23894,23897.25
2025-09-09T20:40:00-04:00,23897,23898.5,23889,23896,0,0,0,0,0,0,0,NaN,23898.5,23889,23896
2025-09-09T20:45:00-04:00,23895.25,23895.75,23885.5,23887.75,0,0,0,0,0,0,0,NaN,23895.75,23885.5,23887.75
2025-09-09T20:50:00-04:00,23888,23892,23883.75,23884.5,0,0,0,0,0,0,0,NaN,23892,23883.75,23884.5
2025-09-09T20:55:00-04:00,23884.25,23886,23881.75,23886,0,0,0,0,0,0,0,NaN,23886,23881.75,23886
2025-09-09T21:00:00-04:00,23886.25,23891.5,23878.5,23881.5,0,0,0,0,0,0,0,NaN,23891.5,23878.5,23881.5
2025-09-09T21:05:00-04:00,23881.25,23884,23878.5,23881,0,0,0,0,0,0,0,NaN,23884,23878.5,23881
2025-09-09T21:10:00-04:00,23880.75,23882,23878,23881.5,0,0,0,0,0,0,0,NaN,23882,23878,23881.5
2025-09-09T21:15:00-04:00,23881.25,23885.25,23879.25,23883.75,0,0,0,0,0,0,0,NaN,23885.25,23879.25,23883.75
2025-09-09T21:20:00-04:00,23882.75,23888,23879.5,23887.5,0,0,0,0,0,0,0,NaN,23888,23879.5,23887.5
2025-09-09T21:25:00-04:00,23887.5,23898.75,23886.75,23897,0,0,0,0,0,0,0,NaN,23898.75,23886.75,23897
2025-09-09T21:30:00-04:00,23897,23904.5,23895.75,23903,0,0,0,0,0,0,0,NaN,23904.5,23895.75,23903
2025-09-09T21:35:00-04:00,23903.5,23904.75,23898,23899,0,0,0,0,0,0,0,NaN,23904.75,23898,23899
2025-09-09T21:40:00-04:00,23898.75,23900,23893.25,23896,0,0,0,0,0,0,0,NaN,23900,23893.25,23896
2025-09-09T21:45:00-04:00,23896.5,23902.25,23896.5,23899.25,0,0,0,0,0,0,0,NaN,23902.25,23896.5,23899.25
2025-09-09T21:50:00-04:00,23898.75,23900.5,23896.5,23900.25,0,0,0,0,0,0,0,NaN,23900.5,23896.5,23900.25
2025-09-09T21:55:00-04:00,23900.75,23906.25,23898.75,23903,0,0,0,0,0,0,0,NaN,23906.25,23898.75,23903
2025-09-09T22:00:00-04:00,23903.25,23906,23900.5,23902.75,0,0,0,0,0,0,0,NaN,23906,23900.5,23902.75
2025-09-09T22:05:00-04:00,23902.5,23903.25,23897.25,23899.25,0,0,0,0,0,0,0,NaN,23903.25,23897.25,23899.25
2025-09-09T22:10:00-04:00,23899.75,23904.25,23899.75,23903.5,0,0,0,0,0,0,0,NaN,23904.25,23899.75,23903.5
2025-09-09T22:15:00-04:00,23902.5,23905.5,23897.5,23905.25,0,0,0,0,0,0,0,NaN,23905.5,23897.5,23905.25
2025-09-09T22:20:00-04:00,23904.5,23906,23902,23905,0,0,0,0,0,0,0,NaN,23906,23902,23905
2025-09-09T22:25:00-04:00,23904.75,23907,23901.25,23905,0,0,0,0,0,0,0,NaN,23907,23901.25,23905
2025-09-09T22:30:00-04:00,23905.5,23917.75,23903.75,23913,0,0,0,0,0,0,0,NaN,23917.75,23903.75,23913
2025-09-09T22:35:00-04:00,23913.25,23915,23905,23906.75,0,0,0,0,0,0,0,NaN,23915,23905,23906.75
2025-09-09T22:40:00-04:00,23906.75,23910,23905.5,23907,0,0,0,0,0,0,0,NaN,23910,23905.5,23907
2025-09-09T22:45:00-04:00,23906.75,23910.5,23906.25,23909.5,0,0,0,0,0,0,0,NaN,23910.5,23906.25,23909.5
2025-09-09T22:50:00-04:00,23909.25,23912,23907.25,23908.25,0,0,0,0,0,0,0,NaN,23912,23907.25,23908.25
2025-09-09T22:55:00-04:00,23908.75,23913.75,23907.5,23911,0,0,0,0,0,0,0,NaN,23913.75,23907.5,23911
2025-09-09T23:00:00-04:00,23911,23916.75,23910.75,23915,0,0,0,0,0,0,0,NaN,23916.75,23910.75,23915
2025-09-09T23:05:00-04:00,23915,23915.5,23912,23912.75,0,0,0,0,0,0,0,NaN,23915.5,23912,23912.75
2025-09-09T23:10:00-04:00,23913,23915.75,23912.25,23914.75,0,0,0,0,0,0,0,NaN,23915.75,23912.25,23914.75
2025-09-09T23:15:00-04:00,23914.5,23916,23911.5,23912.5,0,0,0,0,0,0,0,NaN,23916,23911.5,23912.5
2025-09-09T23:20:00-04:00,23912.75,23915.5,23912,23914,0,0,0,0,0,0,0,NaN,23915.5,23912,23914
2025-09-09T23:25:00-04:00,23914.5,23914.75,23912.75,23912.75,0,0,0,0,0,0,0,NaN,23914.75,23912.75,23912.75
2025-09-09T23:30:00-04:00,23913.75,23915.75,23913,23913.75,0,0,0,0,0,0,0,NaN,23915.75,23913,23913.75
2025-09-09T23:35:00-04:00,23913.25,23916,23911.75,23915.75,0,0,0,0,0,0,0,NaN,23916,23911.75,23915.75
2025-09-09T23:40:00-04:00,23915.25,23918.75,23914,23914.75,0,0,0,0,0,0,0,NaN,23918.75,23914,23914.75
2025-09-09T23:45:00-04:00,23915,23915.5,23913.25,23914.75,0,0,0,0,0,0,0,NaN,23915.5,23913.25,23914.75
2025-09-09T23:50:00-04:00,23915,23918,23914.25,23917,0,0,0,0,0,0,0,NaN,23918,23914.25,23917
2025-09-09T23:55:00-04:00,23916.5,23918,23912.75,23917.75,0,0,0,0,0,0,0,NaN,23918,23912.75,23917.75
2025-09-10T00:00:00-04:00,23917.75,23920.75,23916.75,23920,0,0,0,1,0,0,0,NaN,23920.75,23916.75,23920
2025-09-10T00:05:00-04:00,23920,23922.75,23918.25,23919,0,0,0,0,0,0,0,NaN,23922.75,23918.25,23919
2025-09-10T00:10:00-04:00,23918.25,23920.25,23917.5,23919,0,0,0,0,0,0,0,NaN,23920.25,23917.5,23919
2025-09-10T00:15:00-04:00,23919.5,23921.25,23919.5,23920.5,0,0,0,0,0,0,0,NaN,23921.25,23919.5,23920.5
2025-09-10T00:20:00-04:00,23920.75,23921.5,23917,23917,0,0,0,0,0,0,0,NaN,23921.5,23917,23917
2025-09-10T00:25:00-04:00,23917.75,23919.25,23917.25,23918.75,0,0,0,0,0,0,0,NaN,23919.25,23917.25,23918.75
2025-09-10T00:30:00-04:00,23918.5,23925,23918.5,23919,0,0,0,0,0,0,0,NaN,23925,23918.5,23919
2025-09-10T00:35:00-04:00,23918.75,23920.75,23917,23920.75,0,0,0,0,0,0,0,NaN,23920.75,23917,23920.75
2025-09-10T00:40:00-04:00,23919.5,23920,23918.25,23919.5,0,0,0,0,0,0,0,NaN,23920,23918.25,23919.5
2025-09-10T00:45:00-04:00,23920.25,23920.25,23917.25,23920.25,0,0,0,0,0,0,0,NaN,23920.25,23917.25,23920.25
2025-09-10T00:50:00-04:00,23920.5,23921.5,23919.25,23920,0,0,0,0,0,0,0,NaN,23921.5,23919.25,23920
2025-09-10T00:55:00-04:00,23920.5,23923.5,23920.25,23922,0,0,0,0,0,0,0,NaN,23923.5,23920.25,23922
2025-09-10T01:00:00-04:00,23922.25,23923,23917.75,23918.25,0,0,0,0,0,0,0,NaN,23923,23917.75,23918.25
2025-09-10T01:05:00-04:00,23918.25,23919.25,23915.25,23916,0,0,0,0,0,0,0,NaN,23919.25,23915.25,23916
2025-09-10T01:10:00-04:00,23915.75,23918.75,23912,23917.75,0,0,0,0,0,0,0,NaN,23918.75,23912,23917.75
2025-09-10T01:15:00-04:00,23918,23918.25,23912.25,23917.25,0,0,0,0,0,0,0,NaN,23918.25,23912.25,23917.25
2025-09-10T01:20:00-04:00,23917,23920.75,23916.5,23919.25,0,0,0,0,0,0,0,NaN,23920.75,23916.5,23919.25
2025-09-10T01:25:00-04:00,23919,23922.25,23918,23920.25,0,0,0,0,0,0,0,NaN,23922.25,23918,23920.25
2025-09-10T01:30:00-04:00,23920.25,23928.75,23913.25,23915.25,0,0,0,0,0,0,0,NaN,23928.75,23913.25,23915.25
2025-09-10T01:35:00-04:00,23915,23918.5,23913,23918.5,0,0,0,0,0,0,0,NaN,23918.5,23913,23918.5
2025-09-10T01:40:00-04:00,23918.25,23919,23913.5,23917,0,0,0,0,0,0,0,NaN,23919,23913.5,23917
2025-09-10T01:45:00-04:00,23916.75,23919.75,23916,23919.25,0,0,0,0,0,0,0,NaN,23919.75,23916,23919.25
2025-09-10T01:50:00-04:00,23919,23920,23914.75,23918.25,0,0,0,0,0,0,0,NaN,23920,23914.75,23918.25
2025-09-10T01:55:00-04:00,23918.75,23921,23915.25,23919,0,0,0,0,0,0,0,NaN,23921,23915.25,23919
2025-09-10T02:00:00-04:00,23919.5,23920.25,23915,23916.75,0,0,0,0,0,0,0,NaN,23920.25,23915,23916.75
2025-09-10T02:05:00-04:00,23917.5,23922.75,23912.5,23920.75,0,0,0,0,0,0,0,NaN,23922.75,23912.5,23920.75
2025-09-10T02:10:00-04:00,23920,23928.5,23915.5,23926.25,0,0,0,0,0,0,0,NaN,23928.5,23915.5,23926.25
2025-09-10T02:15:00-04:00,23926.75,23928.75,23921.5,23928,0,0,0,0,0,0,0,NaN,23928.75,23921.5,23928
2025-09-10T02:20:00-04:00,23928,23936,23928,23934.75,0,0,0,0,0,0,0,NaN,23936,23928,23934.75
2025-09-10T02:25:00-04:00,23934.25,23938.5,23933,23936.5,0,0,0,0,0,0,0,NaN,23938.5,23933,23936.5
2025-09-10T02:30:00-04:00,23936,23941,23936,23937.75,0,0,0,0,0,0,0,NaN,23941,23936,23937.75
2025-09-10T02:35:00-04:00,23938,23944.5,23938,23943.25,0,0,0,0,0,0,0,NaN,23944.5,23938,23943.25
2025-09-10T02:40:00-04:00,23943,23948.75,23940,23946.25,0,0,0,0,0,0,0,NaN,23948.75,23940,23946.25
2025-09-10T02:45:00-04:00,23946,23946,23936.5,23938,0,0,0,0,0,0,0,NaN,23946,23936.5,23938
2025-09-10T02:50:00-04:00,23937.5,23942.75,23930.25,23940.25,0,0,0,0,0,0,0,NaN,23942.75,23930.25,23940.25
2025-09-10T02:55:00-04:00,23940.5,23944.75,23936,23944.25,0,0,0,0,0,0,0,NaN,23944.75,23936,23944.25
2025-09-10T03:00:00-04:00,23943.25,23945.75,23937,23942.25,0,0,0,0,0,0,0,NaN,23945.75,23937,23942.25
2025-09-10T03:05:00-04:00,23942.5,23945.75,23940,23944.75,0,0,0,0,0,0,0,NaN,23945.75,23940,23944.75
2025-09-10T03:10:00-04:00,23945.5,23954,23945.25,23951,0,0,0,0,0,0,0,NaN,23954,23945.25,23951
2025-09-10T03:15:00-04:00,23951.25,23952.25,23941,23942,0,0,0,0,0,0,0,NaN,23952.25,23941,23942
2025-09-10T03:20:00-04:00,23942.25,23947,23941,23946.5,0,0,0,0,0,0,0,NaN,23947,23941,23946.5
2025-09-10T03:25:00-04:00,23946.75,23948.25,23942.75,23943.75,0,0,0,0,0,0,0,NaN,23948.25,23942.75,23943.75
2025-09-10T03:30:00-04:00,23943,23946.75,23938,23939.75,0,0,0,0,0,0,0,NaN,23946.75,23938,23939.75
2025-09-10T03:35:00-04:00,23940,23942.75,23935.75,23938,0,0,0,0,0,0,0,NaN,23942.75,23935.75,23938
2025-09-10T03:40:00-04:00,23938.25,23944.5,23935.25,23938.5,0,0,0,0,0,0,0,NaN,23944.5,23935.25,23938.5
2025-09-10T03:45:00-04:00,23939.25,23946.5,23936.5,23940,0,0,0,0,0,0,0,NaN,23946.5,23936.5,23940
2025-09-10T03:50:00-04:00,23940,23943.25,23935.75,23942,0,0,0,0,0,0,0,NaN,23943.25,23935.75,23942
2025-09-10T03:55:00-04:00,23942.5,23946.5,23937,23938,0,0,0,0,0,0,0,NaN,23946.5,23937,23938
2025-09-10T04:00:00-04:00,23938,23940,23927,23929.25,0,0,0,0,0,0,0,NaN,23940,23927,23929.25
2025-09-10T04:05:00-04:00,23929.5,23929.75,23917.75,23918.75,0,0,0,0,0,0,0,NaN,23929.75,23917.75,23918.75
2025-09-10T04:10:00-04:00,23918.5,23929.5,23918,23928.25,0,0,0,0,0,0,0,NaN,23929.5,23918,23928.25
2025-09-10T04:15:00-04:00,23928.25,23931.75,23921.5,23921.5,0,0,0,0,0,0,0,NaN,23931.75,23921.5,23921.5
2025-09-10T04:20:00-04:00,23921.25,23921.5,23908.5,23917.25,0,0,0,0,0,0,0,NaN,23921.5,23908.5,23917.25
2025-09-10T04:25:00-04:00,23916.75,23920,23910,23910,0,0,0,0,0,0,0,NaN,23920,23910,23910
2025-09-10T04:30:00-04:00,23910.5,23912.25,23893,23895.75,0,0,0,0,0,0,0,NaN,23912.25,23893,23895.75
2025-09-10T04:35:00-04:00,23895,23900.25,23888.5,23898.5,0,0,0,0,0,0,0,NaN,23900.25,23888.5,23898.5
2025-09-10T04:40:00-04:00,23899,23899,23890.75,23891.75,0,0,0,0,0,0,0,NaN,23899,23890.75,23891.75
2025-09-10T04:45:00-04:00,23891.25,23904,23887.25,23902.5,0,0,0,0,0,0,0,NaN,23904,23887.25,23902.5
2025-09-10T04:50:00-04:00,23902.75,23904.75,23891.75,23892,0,0,0,0,0,0,0,NaN,23904.75,23891.75,23892
2025-09-10T04:55:00-04:00,23892.25,23898.75,23892.25,23895.75,0,0,0,0,0,0,0,NaN,23898.75,23892.25,23895.75
2025-09-10T05:00:00-04:00,23896,23900.75,23887.5,23889.5,0,0,0,0,0,0,0,NaN,23900.75,23887.5,23889.5
2025-09-10T05:05:00-04:00,23888.75,23895.75,23887.75,23889.25,0,0,0,0,0,0,0,NaN,23895.75,23887.75,23889.25
2025-09-10T05:10:00-04:00,23889,23895.75,23885.25,23894.25,0,0,0,0,0,0,0,NaN,23895.75,23885.25,23894.25
2025-09-10T05:15:00-04:00,23893.75,23893.75,23883,23884,0,0,0,0,0,0,0,NaN,23893.75,23883,23884
2025-09-10T05:20:00-04:00,23883.25,23889.75,23882.25,23888.25,0,0,0,0,0,0,0,NaN,23889.75,23882.25,23888.25
2025-09-10T05:25:00-04:00,23889,23894.5,23888.25,23888.5,0,0,0,0,0,0,0,NaN,23894.5,23888.25,23888.5
2025-09-10T05:30:00-04:00,23889,23894.25,23885.75,23889.25,0,0,0,0,0,0,0,NaN,23894.25,23885.75,23889.25
2025-09-10T05:35:00-04:00,23889.25,23897,23889.25,23894,0,0,0,0,0,0,0,NaN,23897,23889.25,23894
2025-09-10T05:40:00-04:00,23893.75,23901.75,23891,23901.25,0,0,0,0,0,0,0,NaN,23901.75,23891,23901.25
2025-09-10T05:45:00-04:00,23901.25,23907.5,23900.5,23907.25,0,0,0,0,0,0,0,NaN,23907.5,23900.5,23907.25
2025-09-10T05:50:00-04:00,23907.25,23910.25,23904.25,23907.5,0,0,0,0,0,0,0,NaN,23910.25,23904.25,23907.5
2025-09-10T05:55:00-04:00,23907.5,23909.75,23905.5,23909.25,0,0,0,0,0,0,0,NaN,23909.75,23905.5,23909.25
2025-09-10T06:00:00-04:00,23908,23909,23903.5,23907.5,0,0,0,0,0,0,0,NaN,23909,23903.5,23907.5
2025-09-10T06:05:00-04:00,23907.25,23910.5,23905.5,23910.5,0,0,0,0,0,0,0,NaN,23910.5,23905.5,23910.5
2025-09-10T06:10:00-04:00,23910.5,23915.5,23910,23913.75,0,0,0,0,0,0,0,NaN,23915.5,23910,23913.75
2025-09-10T06:15:00-04:00,23914,23914,23906.75,23912.25,0,0,0,0,0,0,0,NaN,23914,23906.75,23912.25
2025-09-10T06:20:00-04:00,23911.25,23917,23907.5,23916.5,0,0,0,0,0,0,0,NaN,23917,23907.5,23916.5
2025-09-10T06:25:00-04:00,23916.25,23921,23915.75,23919.75,0,0,0,0,0,0,0,NaN,23921,23915.75,23919.75
2025-09-10T06:30:00-04:00,23919,23924.75,23916.75,23918.75,0,0,0,0,0,0,0,NaN,23924.75,23916.75,23918.75
2025-09-10T06:35:00-04:00,23918.5,23926.25,23917.5,23923.5,0,0,0,0,0,0,0,NaN,23926.25,23917.5,23923.5
2025-09-10T06:40:00-04:00,23923.25,23926.75,23919.75,23926,0,0,0,0,0,0,0,NaN,23926.75,23919.75,23926
2025-09-10T06:45:00-04:00,23925.25,23926.25,23920.75,23921.75,0,0,0,0,0,0,0,NaN,23926.25,23920.75,23921.75
2025-09-10T06:50:00-04:00,23922.25,23926.25,23921,23925.25,0,0,0,0,0,0,0,NaN,23926.25,23921,23925.25
2025-09-10T06:55:00-04:00,23925.5,23926.5,23921.75,23924.75,0,0,0,0,0,0,0,NaN,23926.5,23921.75,23924.75
2025-09-10T07:00:00-04:00,23925,23928,23922.5,23926.25,0,0,0,0,0,0,0,NaN,23928,23922.5,23926.25
2025-09-10T07:05:00-04:00,23926.5,23928,23925.25,23927,0,0,0,0,0,0,0,NaN,23928,23925.25,23927
2025-09-10T07:10:00-04:00,23926.75,23929.5,23923.75,23928,0,0,0,0,0,0,0,NaN,23929.5,23923.75,23928
2025-09-10T07:15:00-04:00,23928,23931.25,23922.5,23930,0,0,0,0,0,0,0,NaN,23931.25,23922.5,23930
2025-09-10T07:20:00-04:00,23929.75,23935.5,23925.5,23927,0,0,0,0,0,0,0,NaN,23935.5,23925.5,23927
2025-09-10T07:25:00-04:00,23926.75,23930,23923.25,23927.5,0,0,0,0,0,0,0,NaN,23930,23923.25,23927.5
2025-09-10T07:30:00-04:00,23928.25,23936,23927.75,23935.75,0,0,0,0,0,0,0,NaN,23936,23927.75,23935.75
2025-09-10T07:35:00-04:00,23935.75,23947.75,23935,23945,0,0,0,0,0,0,0,NaN,23947.75,23935,23945
2025-09-10T07:40:00-04:00,23945.25,23955,23944.5,23954.25,0,0,0,0,0,0,0,NaN,23955,23944.5,23954.25
2025-09-10T07:45:00-04:00,23954,23957.5,23951.25,23952.5,0,0,0,0,0,0,0,NaN,23957.5,23951.25,23952.5
2025-09-10T07:50:00-04:00,23952.25,23954.75,23948.5,23950.5,0,0,0,0,0,0,0,NaN,23954.75,23948.5,23950.5
2025-09-10T07:55:00-04:00,23951,23953.75,23947.75,23948.25,0,0,0,0,0,0,0,NaN,23953.75,23947.75,23948.25
2025-09-10T08:00:00-04:00,23948.5,23962.75,23942,23962.5,0,0,0,0,0,0,0,NaN,23962.75,23942,23962.5
2025-09-10T08:05:00-04:00,23962.5,23964.5,23952.5,23958.75,0,0,0,0,0,0,0,NaN,23964.5,23952.5,23958.75
2025-09-10T08:10:00-04:00,23959,23959.5,23947.5,23948.25,0,0,0,0,0,0,0,NaN,23959.5,23947.5,23948.25
2025-09-10T08:15:00-04:00,23948,23950.25,23941.5,23949.5,0,0,0,0,0,0,0,NaN,23950.25,23941.5,23949.5
2025-09-10T08:20:00-04:00,23948.75,23949.5,23938.25,23938.25,0,0,0,0,0,0,0,NaN,23949.5,23938.25,23938.25
2025-09-10T08:25:00-04:00,23938.5,23943.75,23934.25,23939,0,0,0,0,0,0,0,NaN,23943.75,23934.25,23939
2025-09-10T08:30:00-04:00,23938,24044.25,23926.5,24020.5,0,0,0,0,0,0,0,NaN,24044.25,23926.5,24020.5
2025-09-10T08:35:00-04:00,24020.25,24024,23992.25,24002.5,0,0,0,0,0,0,0,NaN,24024,23992.25,24002.5
2025-09-10T08:40:00-04:00,24002.75,24010.75,23996.25,24010.75,0,0,0,0,0,0,0,NaN,24010.75,23996.25,24010.75
2025-09-10T08:45:00-04:00,24010.75,24014.25,23996.5,24002,0,0,0,0,0,0,0,NaN,24014.25,23996.5,24002
2025-09-10T08:50:00-04:00,24001.5,24007,23995.25,23999.25,0,0,0,0,0,0,0,NaN,24007,23995.25,23999.25
2025-09-10T08:55:00-04:00,23999.25,24006.5,23997.5,24004.5,0,0,0,0,0,0,0,NaN,24006.5,23997.5,24004.5
2025-09-10T09:00:00-04:00,24004,24005.75,23977.75,23985,0,0,0,0,0,0,0,NaN,24005.75,23977.75,23985
2025-09-10T09:05:00-04:00,23984.75,23990,23978.5,23988.75,0,0,0,0,0,0,0,NaN,23990,23978.5,23988.75
2025-09-10T09:10:00-04:00,23989.5,24002.25,23986,23998.5,0,0,0,0,0,0,0,NaN,24002.25,23986,23998.5
2025-09-10T09:15:00-04:00,23998.25,24010,23997.75,24007.75,0,0,0,0,0,0,0,NaN,24010,23997.75,24007.75
2025-09-10T09:20:00-04:00,24007.5,24012.5,24004.25,24006,0,0,0,0,0,0,0,NaN,24012.5,24004.25,24006
2025-09-10T09:25:00-04:00,24006.75,24015,23996,23998.5,0,0,0,0,0,0,0,NaN,24015,23996,23998.5
2025-09-10T09:30:00-04:00,23998.75,24000.5,23931.75,23962.75,0,0,0,0,0,0,0,NaN,24000.5,23931.75,23962.75
2025-09-10T09:35:00-04:00,23962.25,23976,23925.25,23940.5,0,0,0,0,0,0,0,NaN,23976,23925.25,23940.5
2025-09-10T09:40:00-04:00,23940.5,23952,23917.75,23931.25,0,0,0,0,0,0,0,NaN,23952,23917.75,23931.25
2025-09-10T09:45:00-04:00,23931,23946.75,23910.25,23944.5,0,0,0,0,0,0,0,NaN,23946.75,23910.25,23944.5
2025-09-10T09:50:00-04:00,23944.5,23953,23900.25,23915.75,0,0,0,0,0,0,0,NaN,23953,23900.25,23915.75
2025-09-10T09:55:00-04:00,23916,23936,23905,23930.25,0,0,0,0,0,0,0,NaN,23936,23905,23930.25
2025-09-10T10:00:00-04:00,23930.75,23970,23924.75,23963,0,0,0,0,0,0,0,NaN,23970,23924.75,23963
2025-09-10T10:05:00-04:00,23963.25,23977,23945,23954.25,0,0,0,0,0,0,0,NaN,23977,23945,23954.25
2025-09-10T10:10:00-04:00,23954,23972,23946.25,23958.5,0,0,0,0,0,0,0,NaN,23972,23946.25,23958.5
2025-09-10T10:15:00-04:00,23958.25,23976.5,23948.75,23969.75,0,0,0,0,0,0,0,NaN,23976.5,23948.75,23969.75
2025-09-10T10:20:00-04:00,23969.75,23984.25,23960.25,23982.25,0,0,0,0,0,0,0,NaN,23984.25,23960.25,23982.25
2025-09-10T10:25:00-04:00,23982,23985.75,23959.75,23964.75,0,0,0,0,0,0,0,NaN,23985.75,23959.75,23964.75
2025-09-10T10:30:00-04:00,23963.75,23981.75,23960.5,23969.25,0,0,0,0,0,0,0,NaN,23981.75,23960.5,23969.25
2025-09-10T10:35:00-04:00,23969.5,23982.5,23957.5,23971.25,0,0,0,0,0,0,0,NaN,23982.5,23957.5,23971.25
2025-09-10T10:40:00-04:00,23970.75,23981.75,23962.75,23977,0,0,0,0,0,0,0,NaN,23981.75,23962.75,23977
2025-09-10T10:45:00-04:00,23976.75,23991,23972,23977.75,0,0,0,0,0,0,0,NaN,23991,23972,23977.75
2025-09-10T10:50:00-04:00,23978,23987.25,23959,23970,0,0,0,0,0,0,0,NaN,23987.25,23959,23970
2025-09-10T10:55:00-04:00,23969.5,23983.5,23958.5,23966.75,0,0,0,0,0,0,0,NaN,23983.5,23958.5,23966.75
2025-09-10T11:00:00-04:00,23966.75,23979,23960,23970.75,0,0,0,0,0,0,0,NaN,23979,23960,23970.75
2025-09-10T11:05:00-04:00,23970.75,23975.75,23959,23967.5,0,0,0,0,0,0,0,NaN,23975.75,23959,23967.5
2025-09-10T11:10:00-04:00,23967.75,23978.25,23966,23969,0,0,0,0,0,0,0,NaN,23978.25,23966,23969
2025-09-10T11:15:00-04:00,23969,23969.5,23936,23938.75,0,0,0,0,0,0,0,NaN,23969.5,23936,23938.75
2025-09-10T11:20:00-04:00,23938.25,23941.5,23926,23935,0,0,0,0,0,0,0,NaN,23941.5,23926,23935
2025-09-10T11:25:00-04:00,23934.75,23949.5,23922.5,23942.25,0,0,0,0,0,0,0,NaN,23949.5,23922.5,23942.25
2025-09-10T11:30:00-04:00,23943.5,23947,23923,23933.5,0,0,0,0,0,0,0,NaN,23947,23923,23933.5
2025-09-10T11:35:00-04:00,23933.25,23952.75,23927.75,23948.25,0,0,0,0,0,0,0,NaN,23952.75,23927.75,23948.25
2025-09-10T11:40:00-04:00,23948.25,23955.75,23944,23955.25,0,0,0,0,0,0,0,NaN,23955.75,23944,23955.25
2025-09-10T11:45:00-04:00,23955,23961.75,23948.25,23960.25,0,0,0,0,0,0,0,NaN,23961.75,23948.25,23960.25
2025-09-10T11:50:00-04:00,23960.25,23969.5,23958,23968,0,0,0,0,0,0,0,NaN,23969.5,23958,23968
2025-09-10T11:55:00-04:00,23967.75,23968.25,23949.5,23949.75,0,0,0,0,0,0,0,NaN,23968.25,23949.5,23949.75
2025-09-10T12:00:00-04:00,23950.25,23950.75,23928.25,23932,0,0,0,0,0,0,0,NaN,23950.75,23928.25,23932
2025-09-10T12:05:00-04:00,23932.25,23938,23923.5,23932,0,0,0,0,0,0,0,NaN,23938,23923.5,23932
2025-09-10T12:10:00-04:00,23932.25,23941.5,23931.25,23932.5,0,0,0,0,0,0,0,NaN,23941.5,23931.25,23932.5
2025-09-10T12:15:00-04:00,23933.25,23941,23919,23919.5,0,0,0,0,0,0,0,NaN,23941,23919,23919.5
2025-09-10T12:20:00-04:00,23919.75,23923,23904.5,23919.75,0,0,0,0,0,0,0,NaN,23923,23904.5,23919.75
2025-09-10T12:25:00-04:00,23920.25,23925.5,23914.75,23917.25,0,0,0,0,0,0,0,NaN,23925.5,23914.75,23917.25
2025-09-10T12:30:00-04:00,23917,23926.75,23917,23924.75,0,0,0,0,0,0,0,NaN,23926.75,23917,23924.75
2025-09-10T12:35:00-04:00,23924.25,23926.5,23912,23913.75,0,0,0,0,0,0,0,NaN,23926.5,23912,23913.75
2025-09-10T12:40:00-04:00,23914.25,23918,23901,23902.25,0,0,0,0,0,0,0,NaN,23918,23901,23902.25
2025-09-10T12:45:00-04:00,23902.75,23910.5,23897.25,23900.75,0,0,0,0,0,0,0,NaN,23910.5,23897.25,23900.75
2025-09-10T12:50:00-04:00,23901,23915,23898.5,23911,0,0,0,0,0,0,0,NaN,23915,23898.5,23911
2025-09-10T12:55:00-04:00,23911.5,23926.5,23911.5,23924.5,0,0,0,0,0,0,0,NaN,23926.5,23911.5,23924.5
2025-09-10T13:00:00-04:00,23924,23940.25,23919.75,23928.75,0,0,0,0,0,0,0,NaN,23940.25,23919.75,23928.75
2025-09-10T13:05:00-04:00,23929,23932.25,23920.75,23931.25,0,0,0,0,0,0,0,NaN,23932.25,23920.75,23931.25
2025-09-10T13:10:00-04:00,23930.75,23932,23923,23924.25,0,0,0,0,0,0,0,NaN,23932,23923,23924.25
2025-09-10T13:15:00-04:00,23925,23926.25,23910.5,23912,0,0,0,0,0,0,0,NaN,23926.25,23910.5,23912
2025-09-10T13:20:00-04:00,23912,23916.75,23889.5,23897.5,0,0,0,0,0,0,0,NaN,23916.75,23889.5,23897.5
2025-09-10T13:25:00-04:00,23897.25,23897.5,23872.5,23884.25,0,0,0,0,0,0,0,NaN,23897.5,23872.5,23884.25
2025-09-10T13:30:00-04:00,23884.5,23898,23877.5,23896.5,0,0,0,0,0,0,0,NaN,23898,23877.5,23896.5
2025-09-10T13:35:00-04:00,23896.25,23906.5,23888,23891,0,0,0,0,0,0,0,NaN,23906.5,23888,23891
2025-09-10T13:40:00-04:00,23890.75,23907.5,23887.5,23899.75,0,0,0,0,0,0,0,NaN,23907.5,23887.5,23899.75
2025-09-10T13:45:00-04:00,23899,23905.5,23893.75,23902.5,0,0,0,0,0,0,0,NaN,23905.5,23893.75,23902.5
2025-09-10T13:50:00-04:00,23903,23909.25,23880.25,23891.5,0,0,0,0,0,0,0,NaN,23909.25,23880.25,23891.5
2025-09-10T13:55:00-04:00,23891.25,23899.25,23881.25,23897.25,0,0,0,0,0,0,0,NaN,23899.25,23881.25,23897.25
2025-09-10T14:00:00-04:00,23897.75,23899.75,23890,23893,0,0,0,0,0,0,0,NaN,23899.75,23890,23893
2025-09-10T14:05:00-04:00,23892.5,23892.5,23881,23882,0,0,0,0,0,0,0,NaN,23892.5,23881,23882
2025-09-10T14:10:00-04:00,23882.25,23890.5,23876,23888.25,0,0,0,0,0,0,0,NaN,23890.5,23876,23888.25
2025-09-10T14:15:00-04:00,23887.75,23888,23857.25,23861,0,0,0,0,0,0,0,NaN,23888,23857.25,23861
2025-09-10T14:20:00-04:00,23861.25,23871.25,23856.75,23862.75,0,0,0,0,0,0,0,NaN,23871.25,23856.75,23862.75
2025-09-10T14:25:00-04:00,23863,23865.25,23845.75,23857.75,0,0,0,0,0,0,0,NaN,23865.25,23845.75,23857.75
2025-09-10T14:30:00-04:00,23857.75,23879,23854.25,23878,0,0,0,0,0,0,0,NaN,23879,23854.25,23878
2025-09-10T14:35:00-04:00,23877.75,23879.5,23858.75,23867,0,0,0,0,0,0,0,NaN,23879.5,23858.75,23867
2025-09-10T14:40:00-04:00,23867.25,23876.75,23860.25,23861.25,0,0,0,0,0,0,0,NaN,23876.75,23860.25,23861.25
2025-09-10T14:45:00-04:00,23861.5,23867.25,23840,23848,0,0,0,0,0,0,0,NaN,23867.25,23840,23848
2025-09-10T14:50:00-04:00,23848,23848.5,23835.75,23844.75,0,0,0,0,0,0,0,NaN,23848.5,23835.75,23844.75
2025-09-10T14:55:00-04:00,23845,23867.25,23844,23862.25,0,0,0,0,0,0,0,NaN,23867.25,23844,23862.25
2025-09-10T15:00:00-04:00,23862.5,23866.5,23838.5,23841.75,0,0,0,0,0,0,0,NaN,23866.5,23838.5,23841.75
2025-09-10T15:05:00-04:00,23841.75,23850.25,23823.75,23829.25,0,0,0,0,0,0,0,NaN,23850.25,23823.75,23829.25
2025-09-10T15:10:00-04:00,23828.25,23834.25,23805,23806.5,0,0,0,0,0,0,0,NaN,23834.25,23805,23806.5
2025-09-10T15:15:00-04:00,23806.75,23823.25,23801.5,23819.25,0,0,0,0,0,0,0,NaN,23823.25,23801.5,23819.25
2025-09-10T15:20:00-04:00,23819.25,23819.25,23785,23805,0,0,0,0,0,0,0,NaN,23819.25,23785,23805
2025-09-10T15:25:00-04:00,23805,23815.5,23801.25,23809.5,0,0,0,0,0,0,0,NaN,23815.5,23801.25,23809.5
2025-09-10T15:30:00-04:00,23810,23840,23809.25,23829.5,0,0,0,0,0,0,0,NaN,23840,23809.25,23829.5
2025-09-10T15:35:00-04:00,23830,23840.25,23812,23814.5,0,0,0,0,0,0,0,NaN,23840.25,23812,23814.5
2025-09-10T15:40:00-04:00,23814.25,23864.5,23808.75,23863,0,0,0,0,0,0,0,NaN,23864.5,23808.75,23863
2025-09-10T15:45:00-04:00,23863,23867.75,23850,23863.75,0,0,0,0,0,0,0,NaN,23867.75,23850,23863.75
2025-09-10T15:50:00-04:00,23863.75,23883.25,23863.25,23869.5,0,0,0,0,0,0,0,NaN,23883.25,23863.25,23869.5
2025-09-10T15:55:00-04:00,23869.25,23893,23868.75,23874.25,0,0,0,0,0,0,0,NaN,23893,23868.75,23874.25
2025-09-10T16:00:00-04:00,23874.5,23885.25,23866.25,23880.5,0,0,0,0,0,0,0,NaN,23885.25,23866.25,23880.5
2025-09-10T16:05:00-04:00,23880.5,23881.5,23873,23878.75,0,0,0,0,0,0,0,NaN,23881.5,23873,23878.75
2025-09-10T16:10:00-04:00,23878.75,23878.75,23870,23871,0,0,0,0,0,0,0,NaN,23878.75,23870,23871
2025-09-10T16:15:00-04:00,23871.25,23875.75,23867.25,23870.25,0,0,0,0,0,0,0,NaN,23875.75,23867.25,23870.25
2025-09-10T16:20:00-04:00,23869.75,23870.5,23865.25,23869.25,0,0,0,0,0,0,0,NaN,23870.5,23865.25,23869.25
2025-09-10T16:25:00-04:00,23869.25,23875.5,23868.75,23874.5,0,0,0,0,0,0,0,NaN,23875.5,23868.75,23874.5
2025-09-10T16:30:00-04:00,23874,23874.5,23869.25,23871.25,0,0,0,0,0,0,0,NaN,23874.5,23869.25,23871.25
2025-09-10T16:35:00-04:00,23870.75,23874,23869.5,23871,0,0,0,0,0,0,0,NaN,23874,23869.5,23871
2025-09-10T16:40:00-04:00,23870.75,23871.25,23867,23867.5,0,0,0,0,0,0,0,NaN,23871.25,23867,23867.5
2025-09-10T16:45:00-04:00,23867.5,23867.75,23857.25,23857.75,0,0,0,0,0,0,0,NaN,23867.75,23857.25,23857.75
2025-09-10T16:50:00-04:00,23857.75,23863.25,23857.5,23859.75,0,0,0,0,0,0,0,NaN,23863.25,23857.5,23859.75
2025-09-10T16:55:00-04:00,23859.25,23863,23858,23858,0,0,0,0,0,0,0,NaN,23863,23858,23858
2025-09-10T18:00:00-04:00,23853.75,23879.5,23852.75,23874.5,0,0,0,0,0,0,0,NaN,23879.5,23852.75,23874.5
2025-09-10T18:05:00-04:00,23874.5,23878.75,23870.25,23872,0,0,0,0,0,0,0,NaN,23878.75,23870.25,23872
2025-09-10T18:10:00-04:00,23871.75,23879.75,23869.25,23871.25,0,0,0,0,0,0,0,NaN,23879.75,23869.25,23871.25
2025-09-10T18:15:00-04:00,23870.75,23874,23867.25,23873.75,0,0,0,0,0,0,0,NaN,23874,23867.25,23873.75
2025-09-10T18:20:00-04:00,23874,23879.5,23869.75,23872,0,0,0,0,0,0,0,NaN,23879.5,23869.75,23872
2025-09-10T18:25:00-04:00,23871,23876.25,23869.75,23874.25,0,0,0,0,0,0,0,NaN,23876.25,23869.75,23874.25
2025-09-10T18:30:00-04:00,23874.5,23878.75,23874.5,23877.5,0,0,0,0,0,0,0,NaN,23878.75,23874.5,23877.5
2025-09-10T18:35:00-04:00,23877,23880,23876.75,23878.75,0,0,0,0,0,0,0,NaN,23880,23876.75,23878.75
2025-09-10T18:40:00-04:00,23879,23886.75,23879,23886.75,0,0,0,0,0,0,0,NaN,23886.75,23879,23886.75
2025-09-10T18:45:00-04:00,23886.5,23898.75,23885.75,23898.75,0,0,0,0,0,0,0,NaN,23898.75,23885.75,23898.75
2025-09-10T18:50:00-04:00,23898.5,23899.5,23890,23891.75,0,0,0,0,0,0,0,NaN,23899.5,23890,23891.75
2025-09-10T18:55:00-04:00,23892.75,23908.75,23892.75,23897,0,0,0,0,0,0,0,NaN,23908.75,23892.75,23897
2025-09-10T19:00:00-04:00,23897,23899,23892.5,23897,0,0,0,0,0,0,0,NaN,23899,23892.5,23897
2025-09-10T19:05:00-04:00,23897.5,23909.75,23897.5,23908,0,0,0,0,0,0,0,NaN,23909.75,23897.5,23908
2025-09-10T19:10:00-04:00,23908.25,23909.75,23900.25,23902.5,0,0,0,0,0,0,0,NaN,23909.75,23900.25,23902.5
2025-09-10T19:15:00-04:00,23902.75,23915,23900.75,23905,0,0,0,0,0,0,0,NaN,23915,23900.75,23905
2025-09-10T19:20:00-04:00,23906.25,23908.5,23903.75,23904.5,0,0,0,0,0,0,0,NaN,23908.5,23903.75,23904.5
2025-09-10T19:25:00-04:00,23904.5,23906,23899.75,23900.75,0,0,0,0,0,0,0,NaN,23906,23899.75,23900.75
2025-09-10T19:30:00-04:00,23901.25,23903.75,23898.25,23901,0,0,0,0,0,0,0,NaN,23903.75,23898.25,23901
2025-09-10T19:35:00-04:00,23900.75,23903.5,23900.25,23900.25,0,0,0,0,0,0,0,NaN,23903.5,23900.25,23900.25
2025-09-10T19:40:00-04:00,23901.5,23901.5,23893.5,23898.25,0,0,0,0,0,0,0,NaN,23901.5,23893.5,23898.25
2025-09-10T19:45:00-04:00,23898.75,23899.75,23894.25,23896.75,0,0,0,0,0,0,0,NaN,23899.75,23894.25,23896.75
2025-09-10T19:50:00-04:00,23896.5,23898.5,23892.5,23896.5,0,0,0,0,0,0,0,NaN,23898.5,23892.5,23896.5
2025-09-10T19:55:00-04:00,23896.25,23901,23895,23901,0,0,0,0,0,0,0,NaN,23901,23895,23901
2025-09-10T20:00:00-04:00,23900.25,23905.5,23893,23895.25,0,0,0,0,0,0,0,NaN,23905.5,23893,23895.25
2025-09-10T20:05:00-04:00,23895.5,23897,23887.25,23887.25,0,0,0,0,0,0,0,NaN,23897,23887.25,23887.25
2025-09-10T20:10:00-04:00,23888,23891,23882.5,23883.75,0,0,0,0,0,0,0,NaN,23891,23882.5,23883.75
2025-09-10T20:15:00-04:00,23883.75,23883.75,23871.5,23877.25,0,0,0,0,0,0,0,NaN,23883.75,23871.5,23877.25
2025-09-10T20:20:00-04:00,23877.25,23889,23876.5,23885,0,0,0,0,0,0,0,NaN,23889,23876.5,23885
2025-09-10T20:25:00-04:00,23885,23892.25,23884.25,23885,0,0,0,0,0,0,0,NaN,23892.25,23884.25,23885
2025-09-10T20:30:00-04:00,23885,23897.75,23881.5,23894,0,0,0,0,0,0,0,NaN,23897.75,23881.5,23894
2025-09-10T20:35:00-04:00,23892.75,23900,23891,23899.5,0,0,0,0,0,0,0,NaN,23900,23891,23899.5
2025-09-10T20:40:00-04:00,23899.5,23901.75,23895.5,23901.25,0,0,0,0,0,0,0,NaN,23901.75,23895.5,23901.25
2025-09-10T20:45:00-04:00,23900.75,23908.25,23899.5,23908.25,0,0,0,0,0,0,0,NaN,23908.25,23899.5,23908.25
2025-09-10T20:50:00-04:00,23908.5,23912.25,23900,23902.5,0,0,0,0,0,0,0,NaN,23912.25,23900,23902.5
2025-09-10T20:55:00-04:00,23902.5,23907.5,23901,23904.5,0,0,0,0,0,0,0,NaN,23907.5,23901,23904.5
2025-09-10T21:00:00-04:00,23904.25,23908.25,23899,23906.25,0,0,0,0,0,0,0,NaN,23908.25,23899,23906.25
2025-09-10T21:05:00-04:00,23906,23909.5,23905,23909.5,0,0,0,0,0,0,0,NaN,23909.5,23905,23909.5
2025-09-10T21:10:00-04:00,23909.5,23911.5,23905.5,23906.75,0,0,0,0,0,0,0,NaN,23911.5,23905.5,23906.75
2025-09-10T21:15:00-04:00,23906.25,23909,23904.5,23907,0,0,0,0,0,0,0,NaN,23909,23904.5,23907
2025-09-10T21:20:00-04:00,23906.25,23910,23902.5,23904.5,0,0,0,0,0,0,0,NaN,23910,23902.5,23904.5
2025-09-10T21:25:00-04:00,23904.5,23912.25,23903.75,23911.5,0,0,0,0,0,0,0,NaN,23912.25,23903.75,23911.5
2025-09-10T21:30:00-04:00,23910.75,23915.5,23909.25,23913.75,0,0,0,0,0,0,0,NaN,23915.5,23909.25,23913.75
2025-09-10T21:35:00-04:00,23913.5,23916.75,23906.5,23907.25,0,0,0,0,0,0,0,NaN,23916.75,23906.5,23907.25
2025-09-10T21:40:00-04:00,23908.5,23914.5,23908.5,23912.75,0,0,0,0,0,0,0,NaN,23914.5,23908.5,23912.75
2025-09-10T21:45:00-04:00,23911.25,23911.25,23904.25,23905.25,0,0,0,0,0,0,0,NaN,23911.25,23904.25,23905.25
2025-09-10T21:50:00-04:00,23905,23910,23902.75,23908.75,0,0,0,0,0,0,0,NaN,23910,23902.75,23908.75
2025-09-10T21:55:00-04:00,23909.5,23910.25,23904.75,23907.5,0,0,0,0,0,0,0,NaN,23910.25,23904.75,23907.5
2025-09-10T22:00:00-04:00,23907,23909.25,23902.5,23902.5,0,0,0,0,0,0,0,NaN,23909.25,23902.5,23902.5
2025-09-10T22:05:00-04:00,23902.5,23904.5,23899.75,23902,0,0,0,0,0,0,0,NaN,23904.5,23899.75,23902
2025-09-10T22:10:00-04:00,23903.5,23907,23902,23904.75,0,0,0,0,0,0,0,NaN,23907,23902,23904.75
2025-09-10T22:15:00-04:00,23905.25,23905.5,23900.5,23902.25,0,0,0,0,0,0,0,NaN,23905.5,23900.5,23902.25
2025-09-10T22:20:00-04:00,23904.5,23907.25,23903,23904.25,0,0,0,0,0,0,0,NaN,23907.25,23903,23904.25
2025-09-10T22:25:00-04:00,23905.75,23911.75,23905.75,23910,0,0,0,0,0,0,0,NaN,23911.75,23905.75,23910
2025-09-10T22:30:00-04:00,23910.25,23916.25,23909.75,23915.25,0,0,0,0,0,0,0,NaN,23916.25,23909.75,23915.25
2025-09-10T22:35:00-04:00,23915.5,23915.5,23907,23910.75,0,0,0,0,0,0,0,NaN,23915.5,23907,23910.75
2025-09-10T22:40:00-04:00,23912,23912.75,23906,23907.5,0,0,0,0,0,0,0,NaN,23912.75,23906,23907.5
2025-09-10T22:45:00-04:00,23907.25,23908.5,23901,23904.25,0,0,0,0,0,0,0,NaN,23908.5,23901,23904.25
2025-09-10T22:50:00-04:00,23904.25,23905,23901,23903.75,0,0,0,0,0,0,0,NaN,23905,23901,23903.75
2025-09-10T22:55:00-04:00,23903.5,23909.75,23903.5,23908,0,0,0,0,0,0,0,NaN,23909.75,23903.5,23908
2025-09-10T23:00:00-04:00,23907.5,23911.25,23905,23909,0,0,0,0,0,0,0,NaN,23911.25,23905,23909
2025-09-10T23:05:00-04:00,23909,23910.5,23905.75,23908.75,0,0,0,0,0,0,0,NaN,23910.5,23905.75,23908.75
2025-09-10T23:10:00-04:00,23909,23909.5,23906.25,23908.5,0,0,0,0,0,0,0,NaN,23909.5,23906.25,23908.5
2025-09-10T23:15:00-04:00,23909.25,23912,23908.5,23910.5,0,0,0,0,0,0,0,NaN,23912,23908.5,23910.5
2025-09-10T23:20:00-04:00,23910.5,23912,23910,23912,0,0,0,0,0,0,0,NaN,23912,23910,23912
2025-09-10T23:25:00-04:00,23911.5,23915,23910,23914,0,0,0,0,0,0,0,NaN,23915,23910,23914
2025-09-10T23:30:00-04:00,23913.75,23914.25,23908.75,23910.25,0,0,0,0,0,0,0,NaN,23914.25,23908.75,23910.25
2025-09-10T23:35:00-04:00,23910.75,23916.5,23910.75,23914.5,0,0,0,0,0,0,0,NaN,23916.5,23910.75,23914.5
2025-09-10T23:40:00-04:00,23915,23916.75,23913.5,23915,0,0,0,0,0,0,0,NaN,23916.75,23913.5,23915
2025-09-10T23:45:00-04:00,23914.5,23918,23911,23916.25,0,0,0,0,0,0,0,NaN,23918,23911,23916.25
2025-09-10T23:50:00-04:00,23915.75,23919,23915.75,23917.5,0,0,0,0,0,0,0,NaN,23919,23915.75,23917.5
2025-09-10T23:55:00-04:00,23917.5,23917.75,23911,23913.5,0,0,0,0,0,0,0,NaN,23917.75,23911,23913.5
2025-09-11T00:00:00-04:00,23913,23915.5,23909.5,23912.5,0,0,0,0,1,0,0,NaN,23915.5,23909.5,23912.5
2025-09-11T00:05:00-04:00,23912.5,23915,23910.25,23913,0,0,0,0,0,0,0,NaN,23915,23910.25,23913
2025-09-11T00:10:00-04:00,23912.75,23913.25,23907.5,23908.25,0,0,0,0,0,0,0,NaN,23913.25,23907.5,23908.25
2025-09-11T00:15:00-04:00,23908.25,23908.5,23897,23899.25,0,0,0,0,0,0,0,NaN,23908.5,23897,23899.25
2025-09-11T00:20:00-04:00,23898.75,23900.25,23885.25,23888.5,0,0,0,0,0,0,0,NaN,23900.25,23885.25,23888.5
2025-09-11T00:25:00-04:00,23887.25,23891.25,23881.5,23887.75,0,0,0,0,0,0,0,NaN,23891.25,23881.5,23887.75
2025-09-11T00:30:00-04:00,23888.25,23889,23881.5,23883.25,0,0,0,0,0,0,0,NaN,23889,23881.5,23883.25
2025-09-11T00:35:00-04:00,23882.5,23886.5,23880.5,23884,0,0,0,0,0,0,0,NaN,23886.5,23880.5,23884
2025-09-11T00:40:00-04:00,23884.25,23884.75,23880,23882.75,0,0,0,0,0,0,0,NaN,23884.75,23880,23882.75
2025-09-11T00:45:00-04:00,23882,23884.25,23879.5,23880.75,0,0,0,0,0,0,0,NaN,23884.25,23879.5,23880.75
2025-09-11T00:50:00-04:00,23880.75,23885.25,23877.5,23880.25,0,0,0,0,0,0,0,NaN,23885.25,23877.5,23880.25
2025-09-11T00:55:00-04:00,23880.75,23882.75,23878.75,23879.5,0,0,0,0,0,0,0,NaN,23882.75,23878.75,23879.5
2025-09-11T01:00:00-04:00,23880,23885.25,23877.25,23878.5,0,0,0,0,0,0,0,NaN,23885.25,23877.25,23878.5
2025-09-11T01:05:00-04:00,23878.5,23887.25,23878.25,23884.75,0,0,0,0,0,0,0,NaN,23887.25,23878.25,23884.75
2025-09-11T01:10:00-04:00,23883.5,23883.75,23872.5,23873,0,0,0,0,0,0,0,NaN,23883.75,23872.5,23873
2025-09-11T01:15:00-04:00,23874.25,23884.25,23871,23882,0,0,0,0,0,0,0,NaN,23884.25,23871,23882
2025-09-11T01:20:00-04:00,23882.25,23888.75,23877.25,23888.25,0,0,0,0,0,0,0,NaN,23888.75,23877.25,23888.25
2025-09-11T01:25:00-04:00,23887.5,23893.75,23887.25,23889.25,0,0,0,0,0,0,0,NaN,23893.75,23887.25,23889.25
2025-09-11T01:30:00-04:00,23889.25,23892,23884.5,23892,0,0,0,0,0,0,0,NaN,23892,23884.5,23892
2025-09-11T01:35:00-04:00,23892.25,23895,23886.25,23893.25,0,0,0,0,0,0,0,NaN,23895,23886.25,23893.25
2025-09-11T01:40:00-04:00,23893.25,23896.25,23892.25,23894.5,0,0,0,0,0,0,0,NaN,23896.25,23892.25,23894.5
2025-09-11T01:45:00-04:00,23894,23894.25,23887.75,23891,0,0,0,0,0,0,0,NaN,23894.25,23887.75,23891
2025-09-11T01:50:00-04:00,23890.75,23892.5,23884,23888,0,0,0,0,0,0,0,NaN,23892.5,23884,23888
2025-09-11T01:55:00-04:00,23887.5,23887.5,23881.25,23885.75,0,0,0,0,0,0,0,NaN,23887.5,23881.25,23885.75
2025-09-11T02:00:00-04:00,23885,23887,23878.5,23884.75,0,0,0,0,0,0,0,NaN,23887,23878.5,23884.75
2025-09-11T02:05:00-04:00,23884,23893.25,23884,23891.75,0,0,0,0,0,0,0,NaN,23893.25,23884,23891.75
2025-09-11T02:10:00-04:00,23891.75,23895.75,23889.25,23894.75,0,0,0,0,0,0,0,NaN,23895.75,23889.25,23894.75
2025-09-11T02:15:00-04:00,23894.25,23899,23891.5,23895,0,0,0,0,0,0,0,NaN,23899,23891.5,23895
2025-09-11T02:20:00-04:00,23895.75,23903,23894,23902,0,0,0,0,0,0,0,NaN,23903,23894,23902
2025-09-11T02:25:00-04:00,23901.75,23907.5,23901.75,23905.25,0,0,0,0,0,0,0,NaN,23907.5,23901.75,23905.25
2025-09-11T02:30:00-04:00,23905.25,23922,23904.25,23912.25,0,0,0,0,0,0,0,NaN,23922,23904.25,23912.25
2025-09-11T02:35:00-04:00,23912,23923,23911.75,23918,0,0,0,0,0,0,0,NaN,23923,23911.75,23918
2025-09-11T02:40:00-04:00,23918.25,23920,23913,23915.25,0,0,0,0,0,0,0,NaN,23920,23913,23915.25
2025-09-11T02:45:00-04:00,23914,23919.5,23914,23915.5,0,0,0,0,0,0,0,NaN,23919.5,23914,23915.5
2025-09-11T02:50:00-04:00,23916.25,23918,23914,23915.5,0,0,0,0,0,0,0,NaN,23918,23914,23915.5
2025-09-11T02:55:00-04:00,23915,23919.25,23910.75,23918.25,0,0,0,0,0,0,0,NaN,23919.25,23910.75,23918.25
2025-09-11T03:00:00-04:00,23918.25,23921.5,23910,23912.5,0,0,0,0,0,0,0,NaN,23921.5,23910,23912.5
2025-09-11T03:05:00-04:00,23912.25,23919.75,23906.5,23908.25,0,0,0,0,0,0,0,NaN,23919.75,23906.5,23908.25
2025-09-11T03:10:00-04:00,23908.25,23917.25,23907.25,23917.25,0,0,0,0,0,0,0,NaN,23917.25,23907.25,23917.25
2025-09-11T03:15:00-04:00,23916.25,23920,23909,23913.75,0,0,0,0,0,0,0,NaN,23920,23909,23913.75
2025-09-11T03:20:00-04:00,23913.5,23923.75,23911.75,23922.75,0,0,0,0,0,0,0,NaN,23923.75,23911.75,23922.75
2025-09-11T03:25:00-04:00,23923,23923,23911,23911.5,0,0,0,0,0,0,0,NaN,23923,23911,23911.5
2025-09-11T03:30:00-04:00,23911.25,23916.5,23908.75,23914.5,0,0,0,0,0,0,0,NaN,23916.5,23908.75,23914.5
2025-09-11T03:35:00-04:00,23914.25,23924.25,23914,23923.25,0,0,0,0,0,0,0,NaN,23924.25,23914,23923.25
2025-09-11T03:40:00-04:00,23923.5,23929.5,23920.75,23921.5,0,0,0,0,0,0,0,NaN,23929.5,23920.75,23921.5
2025-09-11T03:45:00-04:00,23921.25,23929.75,23918.5,23929.75,0,0,0,0,0,0,0,NaN,23929.75,23918.5,23929.75
2025-09-11T03:50:00-04:00,23929.25,23933.5,23927.75,23933,0,0,0,0,0,0,0,NaN,23933.5,23927.75,23933
2025-09-11T03:55:00-04:00,23933.25,23935.75,23928.75,23931.5,0,0,0,0,0,0,0,NaN,23935.75,23928.75,23931.5
2025-09-11T04:00:00-04:00,23931.25,23938.25,23927,23933.75,0,0,0,0,0,0,0,NaN,23938.25,23927,23933.75
2025-09-11T04:05:00-04:00,23933.75,23935,23929,23931.75,0,0,0,0,0,0,0,NaN,23935,23929,23931.75
2025-09-11T04:10:00-04:00,23931.25,23939.75,23931,23939,0,0,0,0,0,0,0,NaN,23939.75,23931,23939
2025-09-11T04:15:00-04:00,23938.75,23942.25,23931.25,23932.5,0,0,0,0,0,0,0,NaN,23942.25,23931.25,23932.5
2025-09-11T04:20:00-04:00,23932,23937.75,23927.75,23929.25,0,0,0,0,0,0,0,NaN,23937.75,23927.75,23929.25
2025-09-11T04:25:00-04:00,23930,23930.75,23922.75,23925.5,0,0,0,0,0,0,0,NaN,23930.75,23922.75,23925.5
2025-09-11T04:30:00-04:00,23925.25,23929,23920.5,23922.25,0,0,0,0,0,0,0,NaN,23929,23920.5,23922.25
2025-09-11T04:35:00-04:00,23922.5,23923.5,23917.25,23921,0,0,0,0,0,0,0,NaN,23923.5,23917.25,23921
2025-09-11T04:40:00-04:00,23921,23925.75,23917.5,23924.75,0,0,0,0,0,0,0,NaN,23925.75,23917.5,23924.75
2025-09-11T04:45:00-04:00,23925,23927,23922.5,23923.25,0,0,0,0,0,0,0,NaN,23927,23922.5,23923.25
2025-09-11T04:50:00-04:00,23923,23925,23920.5,23924,0,0,0,0,0,0,0,NaN,23925,23920.5,23924
2025-09-11T04:55:00-04:00,23924.75,23925,23921.25,23922,0,0,0,0,0,0,0,NaN,23925,23921.25,23922
2025-09-11T05:00:00-04:00,23923,23927.25,23922.5,23923.5,0,0,0,0,0,0,0,NaN,23927.25,23922.5,23923.5
2025-09-11T05:05:00-04:00,23924,23927.5,23921.75,23925.75,0,0,0,0,0,0,0,NaN,23927.5,23921.75,23925.75
2025-09-11T05:10:00-04:00,23925.75,23928.5,23920.25,23925.75,0,0,0,0,0,0,0,NaN,23928.5,23920.25,23925.75
2025-09-11T05:15:00-04:00,23925.5,23929.75,23925,23928.5,0,0,0,0,0,0,0,NaN,23929.75,23925,23928.5
2025-09-11T05:20:00-04:00,23928.75,23929.75,23923.5,23926.75,0,0,0,0,0,0,0,NaN,23929.75,23923.5,23926.75
2025-09-11T05:25:00-04:00,23926.5,23927,23922.75,23925.5,0,0,0,0,0,0,0,NaN,23927,23922.75,23925.5
2025-09-11T05:30:00-04:00,23924.75,23925.5,23922,23922,0,0,0,0,0,0,0,NaN,23925.5,23922,23922
2025-09-11T05:35:00-04:00,23922,23923.25,23914,23917,0,0,0,0,0,0,0,NaN,23923.25,23914,23917
2025-09-11T05:40:00-04:00,23917.25,23918.75,23913,23914.25,0,0,0,0,0,0,0,NaN,23918.75,23913,23914.25
2025-09-11T05:45:00-04:00,23914.25,23915.25,23908,23913.25,0,0,0,0,0,0,0,NaN,23915.25,23908,23913.25
2025-09-11T05:50:00-04:00,23912.25,23920.25,23911.75,23918.75,0,0,0,0,0,0,0,NaN,23920.25,23911.75,23918.75
2025-09-11T05:55:00-04:00,23919.25,23921.75,23918,23920,0,0,0,0,0,0,0,NaN,23921.75,23918,23920
2025-09-11T06:00:00-04:00,23920,23927.75,23918.25,23926.75,0,0,0,0,0,0,0,NaN,23927.75,23918.25,23926.75
2025-09-11T06:05:00-04:00,23927.5,23933,23924.25,23931.25,0,0,0,0,0,0,0,NaN,23933,23924.25,23931.25
2025-09-11T06:10:00-04:00,23931.5,23935.5,23930,23935,0,0,0,0,0,0,0,NaN,23935.5,23930,23935
2025-09-11T06:15:00-04:00,23934.75,23939,23931.5,23934.75,0,0,0,0,0,0,0,NaN,23939,23931.5,23934.75
2025-09-11T06:20:00-04:00,23935.5,23938.75,23934.5,23936,0,0,0,0,0,0,0,NaN,23938.75,23934.5,23936
2025-09-11T06:25:00-04:00,23935.25,23938.25,23933.5,23938.25,0,0,0,0,0,0,0,NaN,23938.25,23933.5,23938.25
2025-09-11T06:30:00-04:00,23937.5,23941.75,23936.5,23938.25,0,0,0,0,0,0,0,NaN,23941.75,23936.5,23938.25
2025-09-11T06:35:00-04:00,23938.25,23941.75,23935.5,23941.75,0,0,0,0,0,0,0,NaN,23941.75,23935.5,23941.75
2025-09-11T06:40:00-04:00,23941.75,23947,23938,23941.25,0,0,0,0,0,0,0,NaN,23947,23938,23941.25
2025-09-11T06:45:00-04:00,23941.75,23945,23938.75,23944.25,0,0,0,0,0,0,0,NaN,23945,23938.75,23944.25
2025-09-11T06:50:00-04:00,23944,23948.5,23942.75,23947.5,0,0,0,0,0,0,0,NaN,23948.5,23942.75,23947.5
2025-09-11T06:55:00-04:00,23948.25,23950,23945.25,23946,0,0,0,0,0,0,0,NaN,23950,23945.25,23946
2025-09-11T07:00:00-04:00,23946.75,23950,23944,23947.25,0,0,0,0,0,0,0,NaN,23950,23944,23947.25
2025-09-11T07:05:00-04:00,23947.75,23948.25,23944,23946,0,0,0,0,0,0,0,NaN,23948.25,23944,23946
2025-09-11T07:10:00-04:00,23945.75,23945.75,23943,23944.25,0,0,0,0,0,0,0,NaN,23945.75,23943,23944.25
2025-09-11T07:15:00-04:00,23944,23946,23939.5,23942.25,0,0,0,0,0,0,0,NaN,23946,23939.5,23942.25
2025-09-11T07:20:00-04:00,23942.25,23945.25,23940,23940.5,0,0,0,0,0,0,0,NaN,23945.25,23940,23940.5
2025-09-11T07:25:00-04:00,23941,23945,23939,23943.5,0,0,0,0,0,0,0,NaN,23945,23939,23943.5
2025-09-11T07:30:00-04:00,23943,23944.75,23940,23944.75,0,0,0,0,0,0,0,NaN,23944.75,23940,23944.75
2025-09-11T07:35:00-04:00,23944.75,23950.25,23941.5,23946.5,0,0,0,0,0,0,0,NaN,23950.25,23941.5,23946.5
2025-09-11T07:40:00-04:00,23946.5,23952.75,23946,23949.25,0,0,0,0,0,0,0,NaN,23952.75,23946,23949.25
2025-09-11T07:45:00-04:00,23948.75,23956,23947,23954,0,0,0,0,0,0,0,NaN,23956,23947,23954
2025-09-11T07:50:00-04:00,23953.5,23955.25,23943.75,23947.5,0,0,0,0,0,0,0,NaN,23955.25,23943.75,23947.5
2025-09-11T07:55:00-04:00,23947.25,23950.25,23946,23946.25,0,0,0,0,0,0,0,NaN,23950.25,23946,23946.25
2025-09-11T08:00:00-04:00,23946,23952,23943.25,23946.75,0,0,0,0,0,0,0,NaN,23952,23943.25,23946.75
2025-09-11T08:05:00-04:00,23947,23951.25,23942.75,23944.25,0,0,0,0,0,0,0,NaN,23951.25,23942.75,23944.25
2025-09-11T08:10:00-04:00,23945,23947.25,23939,23944.75,0,0,0,0,0,0,0,NaN,23947.25,23939,23944.75
2025-09-11T08:15:00-04:00,23945.5,23950.5,23939.75,23942.75,0,0,0,0,0,0,0,NaN,23950.5,23939.75,23942.75
2025-09-11T08:20:00-04:00,23943.5,23956.75,23940,23943,0,0,0,0,0,0,0,NaN,23956.75,23940,23943
2025-09-11T08:25:00-04:00,23943,23953.75,23930,23948,0,0,0,0,0,0,0,NaN,23953.75,23930,23948
2025-09-11T08:30:00-04:00,23951,23976,23838,23882.5,0,0,0,0,0,0,0,NaN,23976,23838,23882.5
2025-09-11T08:35:00-04:00,23882.5,23914.25,23881.25,23898.25,0,0,0,0,0,0,0,NaN,23914.25,23881.25,23898.25
2025-09-11T08:40:00-04:00,23898.5,23925,23897.5,23924.5,0,0,0,0,0,0,0,NaN,23925,23897.5,23924.5
2025-09-11T08:45:00-04:00,23924.5,23948,23915,23932.5,0,0,0,0,0,0,0,NaN,23948,23915,23932.5
2025-09-11T08:50:00-04:00,23932,23961.75,23928.5,23949.5,0,0,0,0,0,0,0,NaN,23961.75,23928.5,23949.5
2025-09-11T08:55:00-04:00,23949.25,23961.5,23939.75,23959.75,0,0,0,0,0,0,0,NaN,23961.5,23939.75,23959.75
2025-09-11T09:00:00-04:00,23959.25,23964.5,23952,23954,0,0,0,0,0,0,0,NaN,23964.5,23952,23954
2025-09-11T09:05:00-04:00,23952.75,23955,23941.25,23950.5,0,0,0,0,0,0,0,NaN,23955,23941.25,23950.5
2025-09-11T09:10:00-04:00,23950.75,23954.5,23940.25,23949.25,0,0,0,0,0,0,0,NaN,23954.5,23940.25,23949.25
2025-09-11T09:15:00-04:00,23949.25,23953.5,23939.75,23950.5,0,0,0,0,0,0,0,NaN,23953.5,23939.75,23950.5
2025-09-11T09:20:00-04:00,23951.75,23961,23950.5,23952.75,0,0,0,0,0,0,0,NaN,23961,23950.5,23952.75
2025-09-11T09:25:00-04:00,23953,23978,23952.5,23976.75,0,0,0,0,0,0,0,NaN,23978,23952.5,23976.75
2025-09-11T09:30:00-04:00,23977.25,23997.5,23967.75,23985,0,0,0,0,0,0,0,NaN,23997.5,23967.75,23985
2025-09-11T09:35:00-04:00,23984.75,23987.25,23926.75,23935,0,0,0,0,0,0,0,NaN,23987.25,23926.75,23935
2025-09-11T09:40:00-04:00,23935,23946,23911,23924.75,0,0,0,0,0,0,0,NaN,23946,23911,23924.75
2025-09-11T09:45:00-04:00,23924.25,23965.5,23909.75,23950.25,0,0,0,0,0,0,0,NaN,23965.5,23909.75,23950.25
2025-09-11T09:50:00-04:00,23950,23978.75,23940,23971.25,0,0,0,0,0,0,0,NaN,23978.75,23940,23971.25
2025-09-11T09:55:00-04:00,23971.25,23987.75,23960.75,23979.75,0,0,0,0,0,0,0,NaN,23987.75,23960.75,23979.75
2025-09-11T10:00:00-04:00,23978.75,23983.25,23962,23980.5,0,0,0,0,0,0,0,NaN,23983.25,23962,23980.5
2025-09-11T10:05:00-04:00,23980,24004,23977.5,23986.5,0,0,0,0,0,0,0,NaN,24004,23977.5,23986.5
2025-09-11T10:10:00-04:00,23986.5,23991.75,23955,23959.25,0,0,0,0,0,0,0,NaN,23991.75,23955,23959.25
2025-09-11T10:15:00-04:00,23959.5,23977.75,23947.5,23952.5,0,0,0,0,0,0,0,NaN,23977.75,23947.5,23952.5
2025-09-11T10:20:00-04:00,23951.75,23969,23947,23968.75,0,0,0,0,0,0,0,NaN,23969,23947,23968.75
2025-09-11T10:25:00-04:00,23968.5,23971.75,23951,23965.5,0,0,0,0,0,0,0,NaN,23971.75,23951,23965.5
2025-09-11T10:30:00-04:00,23965,23999.5,23961.25,23998.25,0,0,0,0,0,0,0,NaN,23999.5,23961.25,23998.25
2025-09-11T10:35:00-04:00,23997.75,24013,23996.25,24012,0,0,0,0,0,0,0,NaN,24013,23996.25,24012
2025-09-11T10:40:00-04:00,24012.25,24017.5,24006.25,24014.25,0,0,0,0,0,0,0,NaN,24017.5,24006.25,24014.25
2025-09-11T10:45:00-04:00,24014,24020,23993.75,24006,0,0,0,0,0,0,0,NaN,24020,23993.75,24006
2025-09-11T10:50:00-04:00,24006.5,24009.75,23975.75,23991.5,0,0,0,0,0,0,0,NaN,24009.75,23975.75,23991.5
2025-09-11T10:55:00-04:00,23991.25,24004,23975,24003.5,0,0,0,0,0,0,0,NaN,24004,23975,24003.5
2025-09-11T11:00:00-04:00,24003.5,24012,24001.25,24006.5,0,0,0,0,0,0,0,NaN,24012,24001.25,24006.5
2025-09-11T11:05:00-04:00,24006.75,24017.25,24000.5,24006.75,0,0,0,0,0,0,0,NaN,24017.25,24000.5,24006.75
2025-09-11T11:10:00-04:00,24007,24018.75,24005.75,24016.75,0,0,0,0,0,0,0,NaN,24018.75,24005.75,24016.75
2025-09-11T11:15:00-04:00,24016.5,24046,24014,24039.75,0,0,0,0,0,0,0,NaN,24046,24014,24039.75
2025-09-11T11:20:00-04:00,24040,24044,24025.5,24029,0,0,0,0,0,0,0,NaN,24044,24025.5,24029
2025-09-11T11:25:00-04:00,24028.75,24039.5,24025.25,24037.75,0,0,0,0,0,0,0,NaN,24039.5,24025.25,24037.75
2025-09-11T11:30:00-04:00,24037.75,24045.5,24036.25,24037,0,0,0,0,0,0,0,NaN,24045.5,24036.25,24037
2025-09-11T11:35:00-04:00,24037.5,24039.25,24023.25,24025,0,0,0,0,0,0,0,NaN,24039.25,24023.25,24025
2025-09-11T11:40:00-04:00,24024.25,24028.25,24018.75,24018.75,0,0,0,0,0,0,0,NaN,24028.25,24018.75,24018.75
2025-09-11T11:45:00-04:00,24019.25,24022.75,24003,24011.25,0,0,0,0,0,0,0,NaN,24022.75,24003,24011.25
2025-09-11T11:50:00-04:00,24011.25,24029.25,24010.5,24026.75,0,0,0,0,0,0,0,NaN,24029.25,24010.5,24026.75
2025-09-11T11:55:00-04:00,24026,24030,24021.75,24024.75,0,0,0,0,0,0,0,NaN,24030,24021.75,24024.75
2025-09-11T12:00:00-04:00,24024.5,24043.5,24021.5,24041.5,0,0,0,0,0,0,0,NaN,24043.5,24021.5,24041.5
2025-09-11T12:05:00-04:00,24041.75,24042.5,24033.5,24037,0,0,0,0,0,0,0,NaN,24042.5,24033.5,24037
2025-09-11T12:10:00-04:00,24037,24040.5,24032.5,24033.5,0,0,0,0,0,0,0,NaN,24040.5,24032.5,24033.5
2025-09-11T12:15:00-04:00,24033.75,24039,24025,24037.5,0,0,0,0,0,0,0,NaN,24039,24025,24037.5
2025-09-11T12:20:00-04:00,24037.25,24041.75,24029.75,24032.25,0,0,0,0,0,0,0,NaN,24041.75,24029.75,24032.25
2025-09-11T12:25:00-04:00,24032.5,24037.5,24023,24024.5,0,0,0,0,0,0,0,NaN,24037.5,24023,24024.5
2025-09-11T12:30:00-04:00,24024.5,24033.5,24022.5,24025.5,0,0,0,0,0,0,0,NaN,24033.5,24022.5,24025.5
2025-09-11T12:35:00-04:00,24025,24026.5,24016.75,24016.75,0,0,0,0,0,0,0,NaN,24026.5,24016.75,24016.75
2025-09-11T12:40:00-04:00,24017,24019,24006,24014.75,0,0,0,0,0,0,0,NaN,24019,24006,24014.75
2025-09-11T12:45:00-04:00,24014.5,24017.75,24007.25,24016.75,0,0,0,0,0,0,0,NaN,24017.75,24007.25,24016.75
2025-09-11T12:50:00-04:00,24016.25,24016.25,23994,24008.5,0,0,0,0,0,0,0,NaN,24016.25,23994,24008.5
2025-09-11T12:55:00-04:00,24008,24017,24001.75,24008.5,0,0,0,0,0,0,0,NaN,24017,24001.75,24008.5
2025-09-11T13:00:00-04:00,24009,24010.75,23998,24002.25,0,0,0,0,0,0,0,NaN,24010.75,23998,24002.25
2025-09-11T13:05:00-04:00,24001.25,24013.5,23997.25,24012.25,0,0,0,0,0,0,0,NaN,24013.5,23997.25,24012.25
2025-09-11T13:10:00-04:00,24012.25,24026.5,24012,24024.25,0,0,0,0,0,0,0,NaN,24026.5,24012,24024.25
2025-09-11T13:15:00-04:00,24024.5,24027.25,24011.75,24016.25,0,0,0,0,0,0,0,NaN,24027.25,24011.75,24016.25
2025-09-11T13:20:00-04:00,24016,24027,24014,24024.75,0,0,0,0,0,0,0,NaN,24027,24014,24024.75
2025-09-11T13:25:00-04:00,24024.75,24030,24012.75,24014,0,0,0,0,0,0,0,NaN,24030,24012.75,24014
2025-09-11T13:30:00-04:00,24014,24029.75,24013.5,24026.5,0,0,0,0,0,0,0,NaN,24029.75,24013.5,24026.5
2025-09-11T13:35:00-04:00,24026.25,24030.5,24020.25,24023.5,0,0,0,0,0,0,0,NaN,24030.5,24020.25,24023.5
2025-09-11T13:40:00-04:00,24024,24033.75,24021.75,24029.5,0,0,0,0,0,0,0,NaN,24033.75,24021.75,24029.5
2025-09-11T13:45:00-04:00,24029.75,24031.75,24008,24009.5,0,0,0,0,0,0,0,NaN,24031.75,24008,24009.5
2025-09-11T13:50:00-04:00,24009.75,24024.5,24004,24024.25,0,0,0,0,0,0,0,NaN,24024.5,24004,24024.25
2025-09-11T13:55:00-04:00,24023.75,24033,24017.75,24032.25,0,0,0,0,0,0,0,NaN,24033,24017.75,24032.25
2025-09-11T14:00:00-04:00,24032.75,24035.75,24023.25,24026.25,0,0,0,0,0,0,0,NaN,24035.75,24023.25,24026.25
2025-09-11T14:05:00-04:00,24026.5,24032.75,24024.5,24029.25,0,0,0,0,0,0,0,NaN,24032.75,24024.5,24029.25
2025-09-11T14:10:00-04:00,24029,24035,24022,24026.75,0,0,0,0,0,0,0,NaN,24035,24022,24026.75
2025-09-11T14:15:00-04:00,24026.75,24029.75,24021,24022.5,0,0,0,0,0,0,0,NaN,24029.75,24021,24022.5
2025-09-11T14:20:00-04:00,24022.75,24026.25,24015.75,24021.25,0,0,0,0,0,0,0,NaN,24026.25,24015.75,24021.25
2025-09-11T14:25:00-04:00,24020.75,24028.75,24014.25,24021.5,0,0,0,0,0,0,0,NaN,24028.75,24014.25,24021.5
2025-09-11T14:30:00-04:00,24021.25,24025.5,24017.25,24019.5,0,0,0,0,0,0,0,NaN,24025.5,24017.25,24019.5
2025-09-11T14:35:00-04:00,24019.75,24029.5,24017,24029,0,0,0,0,0,0,0,NaN,24029.5,24017,24029
2025-09-11T14:40:00-04:00,24028.75,24034.5,24025.75,24032.5,0,0,0,0,0,0,0,NaN,24034.5,24025.75,24032.5
2025-09-11T14:45:00-04:00,24032.75,24038,24030,24035.75,0,0,0,0,0,0,0,NaN,24038,24030,24035.75
2025-09-11T14:50:00-04:00,24036,24044.5,24032.75,24035,0,0,0,0,0,0,0,NaN,24044.5,24032.75,24035
2025-09-11T14:55:00-04:00,24034.75,24042,24031.75,24033.75,0,0,0,0,0,0,0,NaN,24042,24031.75,24033.75
2025-09-11T15:00:00-04:00,24033.75,24035,24028,24031,0,0,0,0,0,0,0,NaN,24035,24028,24031
2025-09-11T15:05:00-04:00,24030.5,24037.5,24024.25,24025,0,0,0,0,0,0,0,NaN,24037.5,24024.25,24025
2025-09-11T15:10:00-04:00,24025.25,24031.25,24022,24023.75,0,0,0,0,0,0,0,NaN,24031.25,24022,24023.75
2025-09-11T15:15:00-04:00,24023.25,24033.75,24021.25,24031,0,0,0,0,0,0,0,NaN,24033.75,24021.25,24031
2025-09-11T15:20:00-04:00,24030.75,24036.5,24027.5,24033.25,0,0,0,0,0,0,0,NaN,24036.5,24027.5,24033.25
2025-09-11T15:25:00-04:00,24033.5,24038.5,24029.75,24033,0,0,0,0,0,0,0,NaN,24038.5,24029.75,24033
2025-09-11T15:30:00-04:00,24033,24041.25,24028.5,24036,0,0,0,0,0,0,0,NaN,24041.25,24028.5,24036
2025-09-11T15:35:00-04:00,24036,24039,24030,24035.75,0,0,0,0,0,0,0,NaN,24039,24030,24035.75
2025-09-11T15:40:00-04:00,24036,24037.5,24024.5,24026,0,0,0,0,0,0,0,NaN,24037.5,24024.5,24026
2025-09-11T15:45:00-04:00,24026.25,24037.5,24024,24036,0,0,0,0,0,0,0,NaN,24037.5,24024,24036
2025-09-11T15:50:00-04:00,24036.25,24044,24027.25,24035.75,0,0,0,0,0,0,0,NaN,24044,24027.25,24035.75
2025-09-11T15:55:00-04:00,24035.75,24040.75,24007.5,24011.5,0,0,0,0,0,0,0,NaN,24040.75,24007.5,24011.5
2025-09-11T16:00:00-04:00,24012,24015.5,24003.75,24010,0,0,0,0,0,0,0,NaN,24015.5,24003.75,24010
2025-09-11T16:05:00-04:00,24010.25,24023.75,24009.25,24020.5,0,0,0,0,0,0,0,NaN,24023.75,24009.25,24020.5
2025-09-11T16:10:00-04:00,24020,24021.75,24004.75,24007.25,0,0,0,0,0,0,0,NaN,24021.75,24004.75,24007.25
2025-09-11T16:15:00-04:00,24007.5,24016,24006,24011,0,0,0,0,0,0,0,NaN,24016,24006,24011
2025-09-11T16:20:00-04:00,24011.25,24013.25,24009.75,24011.25,0,0,0,0,0,0,0,NaN,24013.25,24009.75,24011.25
2025-09-11T16:25:00-04:00,24010.75,24013.75,24009.5,24012.25,0,0,0,0,0,0,0,NaN,24013.75,24009.5,24012.25
2025-09-11T16:30:00-04:00,24011.75,24014.75,24010.75,24012.75,0,0,0,0,0,0,0,NaN,24014.75,24010.75,24012.75
2025-09-11T16:35:00-04:00,24012.25,24013.25,24008,24008.25,0,0,0,0,0,0,0,NaN,24013.25,24008,24008.25
2025-09-11T16:40:00-04:00,24008,24008.75,24005,24006.75,0,0,0,0,0,0,0,NaN,24008.75,24005,24006.75
2025-09-11T16:45:00-04:00,24006.5,24012,24004.25,24011.25,0,0,0,0,0,0,0,NaN,24012,24004.25,24011.25
2025-09-11T16:50:00-04:00,24011,24011.75,24007.25,24010.25,0,0,0,0,0,0,0,NaN,24011.75,24007.25,24010.25
2025-09-11T16:55:00-04:00,24009.75,24010.75,24005.75,24006.75,0,0,0,0,0,0,0,NaN,24010.75,24005.75,24006.75
2025-09-11T18:00:00-04:00,24028.25,24029.25,24012,24019.25,0,0,0,0,0,0,0,NaN,24029.25,24012,24019.25
2025-09-11T18:05:00-04:00,24017.5,24025,24014.25,24022.75,0,0,0,0,0,0,0,NaN,24025,24014.25,24022.75
2025-09-11T18:10:00-04:00,24024,24024.5,24014.25,24015,0,0,0,0,0,0,0,NaN,24024.5,24014.25,24015
2025-09-11T18:15:00-04:00,24014.5,24016.75,24009.75,24010.25,0,0,0,0,0,0,0,NaN,24016.75,24009.75,24010.25
2025-09-11T18:20:00-04:00,24010.5,24017.25,24006.5,24014,0,0,0,0,0,0,0,NaN,24017.25,24006.5,24014
2025-09-11T18:25:00-04:00,24014.25,24016.5,24011,24014,0,0,0,0,0,0,0,NaN,24016.5,24011,24014
2025-09-11T18:30:00-04:00,24014.5,24016.5,24007,24007.75,0,0,0,0,0,0,0,NaN,24016.5,24007,24007.75
2025-09-11T18:35:00-04:00,24008.25,24010.75,24005,24007,0,0,0,0,0,0,0,NaN,24010.75,24005,24007
2025-09-11T18:40:00-04:00,24006.5,24007.25,24001,24005,0,0,0,0,0,0,0,NaN,24007.25,24001,24005
2025-09-11T18:45:00-04:00,24004.75,24010.25,24003,24008.25,0,0,0,0,0,0,0,NaN,24010.25,24003,24008.25
2025-09-11T18:50:00-04:00,24007.75,24014.75,24007.25,24012.75,0,0,0,0,0,0,0,NaN,24014.75,24007.25,24012.75
2025-09-11T18:55:00-04:00,24013,24014,24011.5,24013.75,0,0,0,0,0,0,0,NaN,24014,24011.5,24013.75
2025-09-11T19:00:00-04:00,24013.5,24013.75,24009.75,24011.5,0,0,0,0,0,0,0,NaN,24013.75,24009.75,24011.5
2025-09-11T19:05:00-04:00,24011.25,24011.25,24005,24006.5,0,0,0,0,0,0,0,NaN,24011.25,24005,24006.5
2025-09-11T19:10:00-04:00,24007.25,24018,24006.25,24016.25,0,0,0,0,0,0,0,NaN,24018,24006.25,24016.25
2025-09-11T19:15:00-04:00,24015.75,24018.75,24014.25,24017.75,0,0,0,0,0,0,0,NaN,24018.75,24014.25,24017.75
2025-09-11T19:20:00-04:00,24017.5,24023.75,24017,24022,0,0,0,0,0,0,0,NaN,24023.75,24017,24022
2025-09-11T19:25:00-04:00,24022,24022.25,24016.25,24018.5,0,0,0,0,0,0,0,NaN,24022.25,24016.25,24018.5
2025-09-11T19:30:00-04:00,24018.25,24023.25,24018,24021.5,0,0,0,0,0,0,0,NaN,24023.25,24018,24021.5
2025-09-11T19:35:00-04:00,24022,24025,24017.5,24018.75,0,0,0,0,0,0,0,NaN,24025,24017.5,24018.75
2025-09-11T19:40:00-04:00,24018.5,24021.5,24018,24020.25,0,0,0,0,0,0,0,NaN,24021.5,24018,24020.25
2025-09-11T19:45:00-04:00,24020.25,24020.25,24017.75,24018,0,0,0,0,0,0,0,NaN,24020.25,24017.75,24018
2025-09-11T19:50:00-04:00,24017.25,24022.75,24016.5,24020.75,0,0,0,0,0,0,0,NaN,24022.75,24016.5,24020.75
2025-09-11T19:55:00-04:00,24020.5,24025.75,24018.75,24020.25,0,0,0,0,0,0,0,NaN,24025.75,24018.75,24020.25
2025-09-11T20:00:00-04:00,24019.75,24020.5,24008.25,24010.5,0,0,0,0,0,0,0,NaN,24020.5,24008.25,24010.5
2025-09-11T20:05:00-04:00,24010.25,24011.75,24006.25,24009.75,0,0,0,0,0,0,0,NaN,24011.75,24006.25,24009.75
2025-09-11T20:10:00-04:00,24009.25,24016.75,24008.5,24013,0,0,0,0,0,0,0,NaN,24016.75,24008.5,24013
2025-09-11T20:15:00-04:00,24013.25,24016.25,24011.25,24012.75,0,0,0,0,0,0,0,NaN,24016.25,24011.25,24012.75
2025-09-11T20:20:00-04:00,24012.25,24021.5,24012,24017.5,0,0,0,0,0,0,0,NaN,24021.5,24012,24017.5
2025-09-11T20:25:00-04:00,24018,24023,24016.25,24018,0,0,0,0,0,0,0,NaN,24023,24016.25,24018
2025-09-11T20:30:00-04:00,24017.75,24019.25,24008.25,24010.25,0,0,0,0,0,0,0,NaN,24019.25,24008.25,24010.25
2025-09-11T20:35:00-04:00,24010.25,24015,24009.75,24013.75,0,0,0,0,0,0,0,NaN,24015,24009.75,24013.75
2025-09-11T20:40:00-04:00,24013.5,24013.5,24009.75,24012.75,0,0,0,0,0,0,0,NaN,24013.5,24009.75,24012.75
2025-09-11T20:45:00-04:00,24012.5,24015,24010.75,24015,0,0,0,0,0,0,0,NaN,24015,24010.75,24015
2025-09-11T20:50:00-04:00,24014.75,24016,24007.5,24009.5,0,0,0,0,0,0,0,NaN,24016,24007.5,24009.5
2025-09-11T20:55:00-04:00,24009.75,24010.75,24008,24009.5,0,0,0,0,0,0,0,NaN,24010.75,24008,24009.5
2025-09-11T21:00:00-04:00,24010.5,24011.25,24005.5,24011,0,0,0,0,0,0,0,NaN,24011.25,24005.5,24011
2025-09-11T21:05:00-04:00,24010.75,24011.75,24008,24011,0,0,0,0,0,0,0,NaN,24011.75,24008,24011
2025-09-11T21:10:00-04:00,24010.5,24015.5,24010.25,24014.5,0,0,0,0,0,0,0,NaN,24015.5,24010.25,24014.5
2025-09-11T21:15:00-04:00,24015,24017.75,24011.25,24014.75,0,0,0,0,0,0,0,NaN,24017.75,24011.25,24014.75
2025-09-11T21:20:00-04:00,24015.5,24015.75,24008.75,24009,0,0,0,0,0,0,0,NaN,24015.75,24008.75,24009
2025-09-11T21:25:00-04:00,24008.75,24009,24003.75,24008,0,0,0,0,0,0,0,NaN,24009,24003.75,24008
2025-09-11T21:30:00-04:00,24008.5,24009.75,24002.5,24006.75,0,0,0,0,0,0,0,NaN,24009.75,24002.5,24006.75
2025-09-11T21:35:00-04:00,24006.25,24007.75,24002.75,24006,0,0,0,0,0,0,0,NaN,24007.75,24002.75,24006
2025-09-11T21:40:00-04:00,24005.5,24006.25,24003,24006,0,0,0,0,0,0,0,NaN,24006.25,24003,24006
2025-09-11T21:45:00-04:00,24006,24006,24001.25,24003,0,0,0,0,0,0,0,NaN,24006,24001.25,24003
2025-09-11T21:50:00-04:00,24002.75,24006,24001.25,24004.5,0,0,0,0,0,0,0,NaN,24006,24001.25,24004.5
2025-09-11T21:55:00-04:00,24004.75,24008,24002,24004.5,0,0,0,0,0,0,0,NaN,24008,24002,24004.5
2025-09-11T22:00:00-04:00,24005,24006.25,24002.75,24005.75,0,0,0,0,0,0,0,NaN,24006.25,24002.75,24005.75
2025-09-11T22:05:00-04:00,24005.25,24005.5,23999.75,24003,0,0,0,0,0,0,0,NaN,24005.5,23999.75,24003
2025-09-11T22:10:00-04:00,24003.5,24004.25,23996.5,23998,0,0,0,0,0,0,0,NaN,24004.25,23996.5,23998
2025-09-11T22:15:00-04:00,23997.5,23998.75,23992.5,23994,0,0,0,0,0,0,0,NaN,23998.75,23992.5,23994
2025-09-11T22:20:00-04:00,23994.25,23995.75,23992.5,23993,0,0,0,0,0,0,0,NaN,23995.75,23992.5,23993
2025-09-11T22:25:00-04:00,23993,23996.5,23992.25,23994.75,0,0,0,0,0,0,0,NaN,23996.5,23992.25,23994.75
2025-09-11T22:30:00-04:00,23995.25,23996.25,23992,23995.5,0,0,0,0,0,0,0,NaN,23996.25,23992,23995.5
2025-09-11T22:35:00-04:00,23995.75,24001,23995.25,24000,0,0,0,0,0,0,0,NaN,24001,23995.25,24000
2025-09-11T22:40:00-04:00,24000.25,24004.5,23999.5,24003.75,0,0,0,0,0,0,0,NaN,24004.5,23999.5,24003.75
2025-09-11T22:45:00-04:00,24003.25,24004.75,24001,24003.75,0,0,0,0,0,0,0,NaN,24004.75,24001,24003.75
2025-09-11T22:50:00-04:00,24003,24007.25,24003,24006.25,0,0,0,0,0,0,0,NaN,24007.25,24003,24006.25
2025-09-11T22:55:00-04:00,24006,24006.5,24002.75,24003,0,0,0,0,0,0,0,NaN,24006.5,24002.75,24003
2025-09-11T23:00:00-04:00,24004,24005.5,24002.5,24004,0,0,0,0,0,0,0,NaN,24005.5,24002.5,24004
2025-09-11T23:05:00-04:00,24003.75,24004.25,24001.25,24002.75,0,0,0,0,0,0,0,NaN,24004.25,24001.25,24002.75
2025-09-11T23:10:00-04:00,24003,24005.25,24002.75,24003.25,0,0,0,0,0,0,0,NaN,24005.25,24002.75,24003.25
2025-09-11T23:15:00-04:00,24003.25,24004.5,24002.5,24004.5,0,0,0,0,0,0,0,NaN,24004.5,24002.5,24004.5
2025-09-11T23:20:00-04:00,24004.25,24006.75,24003.25,24005.75,0,0,0,0,0,0,0,NaN,24006.75,24003.25,24005.75
2025-09-11T23:25:00-04:00,24005.5,24005.5,24000,24001.5,0,0,0,0,0,0,0,NaN,24005.5,24000,24001.5
2025-09-11T23:30:00-04:00,24002.25,24003.25,24000.5,24003,0,0,0,0,0,0,0,NaN,24003.25,24000.5,24003
2025-09-11T23:35:00-04:00,24002.5,24003.75,24000.5,24002.75,0,0,0,0,0,0,0,NaN,24003.75,24000.5,24002.75
2025-09-11T23:40:00-04:00,24002.75,24004,24000.75,24003.75,0,0,0,0,0,0,0,NaN,24004,24000.75,24003.75
2025-09-11T23:45:00-04:00,24002.5,24002.5,24000.5,24001.75,0,0,0,0,0,0,0,NaN,24002.5,24000.5,24001.75
2025-09-11T23:50:00-04:00,24002,24003.75,24001.5,24003.5,0,0,0,0,0,0,0,NaN,24003.75,24001.5,24003.5
2025-09-11T23:55:00-04:00,24003.5,24009.75,24003,24008.75,0,0,0,0,0,0,0,NaN,24009.75,24003,24008.75
2025-09-12T00:00:00-04:00,24008.5,24011.25,24007.5,24010.5,0,0,0,0,0,1,0,NaN,24011.25,24007.5,24010.5
2025-09-12T00:05:00-04:00,24010,24014.75,24010,24014,0,0,0,0,0,0,0,NaN,24014.75,24010,24014
2025-09-12T00:10:00-04:00,24013.5,24018.5,24013.5,24016,0,0,0,0,0,0,0,NaN,24018.5,24013.5,24016
2025-09-12T00:15:00-04:00,24015.5,24016.5,24012.25,24013.5,0,0,0,0,0,0,0,NaN,24016.5,24012.25,24013.5
2025-09-12T00:20:00-04:00,24013.25,24023,24013,24017.75,0,0,0,0,0,0,0,NaN,24023,24013,24017.75
2025-09-12T00:25:00-04:00,24017.5,24018.25,24015.75,24018,0,0,0,0,0,0,0,NaN,24018.25,24015.75,24018
2025-09-12T00:30:00-04:00,24018.25,24021.75,24017.25,24020.5,0,0,0,0,0,0,0,NaN,24021.75,24017.25,24020.5
2025-09-12T00:35:00-04:00,24020.5,24023.5,24018.75,24023,0,0,0,0,0,0,0,NaN,24023.5,24018.75,24023
2025-09-12T00:40:00-04:00,24022.5,24024.25,24021.5,24023.75,0,0,0,0,0,0,0,NaN,24024.25,24021.5,24023.75
2025-09-12T00:45:00-04:00,24023.75,24024,24020.75,24022.75,0,0,0,0,0,0,0,NaN,24024,24020.75,24022.75
2025-09-12T00:50:00-04:00,24022.5,24025.25,24022.25,24023.5,0,0,0,0,0,0,0,NaN,24025.25,24022.25,24023.5
2025-09-12T00:55:00-04:00,24023.25,24023.25,24018.5,24019.5,0,0,0,0,0,0,0,NaN,24023.25,24018.5,24019.5
2025-09-12T01:00:00-04:00,24020.25,24025.75,24018.25,24023.5,0,0,0,0,0,0,0,NaN,24025.75,24018.25,24023.5
2025-09-12T01:05:00-04:00,24024.5,24027,24022,24022.75,0,0,0,0,0,0,0,NaN,24027,24022,24022.75
2025-09-12T01:10:00-04:00,24023.25,24027.5,24020.5,24024.75,0,0,0,0,0,0,0,NaN,24027.5,24020.5,24024.75
2025-09-12T01:15:00-04:00,24024.5,24027.75,24023.25,24026.75,0,0,0,0,0,0,0,NaN,24027.75,24023.25,24026.75
2025-09-12T01:20:00-04:00,24028,24028.25,24022.75,24024.75,0,0,0,0,0,0,0,NaN,24028.25,24022.75,24024.75
2025-09-12T01:25:00-04:00,24024.75,24028.25,24023,24028.25,0,0,0,0,0,0,0,NaN,24028.25,24023,24028.25
2025-09-12T01:30:00-04:00,24027.5,24034,24027,24028.5,0,0,0,0,0,0,0,NaN,24034,24027,24028.5
2025-09-12T01:35:00-04:00,24028.5,24033.5,24024.5,24033.5,0,0,0,0,0,0,0,NaN,24033.5,24024.5,24033.5
2025-09-12T01:40:00-04:00,24032.75,24035.25,24032,24034,0,0,0,0,0,0,0,NaN,24035.25,24032,24034
2025-09-12T01:45:00-04:00,24033,24039.75,24032.25,24036.5,0,0,0,0,0,0,0,NaN,24039.75,24032.25,24036.5
2025-09-12T01:50:00-04:00,24036.75,24037.25,24033.75,24034.5,0,0,0,0,0,0,0,NaN,24037.25,24033.75,24034.5
2025-09-12T01:55:00-04:00,24034,24036.25,24032.75,24034.25,0,0,0,0,0,0,0,NaN,24036.25,24032.75,24034.25
2025-09-12T02:00:00-04:00,24035,24035.75,24025.5,24028,0,0,0,0,0,0,0,NaN,24035.75,24025.5,24028
2025-09-12T02:05:00-04:00,24027.75,24031.5,24024.75,24029.25,0,0,0,0,0,0,0,NaN,24031.5,24024.75,24029.25
2025-09-12T02:10:00-04:00,24028.75,24029.25,24025.75,24029.25,0,0,0,0,0,0,0,NaN,24029.25,24025.75,24029.25
2025-09-12T02:15:00-04:00,24028.75,24030.5,24028,24028.75,0,0,0,0,0,0,0,NaN,24030.5,24028,24028.75
2025-09-12T02:20:00-04:00,24028,24032,24025,24025.5,0,0,0,0,0,0,0,NaN,24032,24025,24025.5
2025-09-12T02:25:00-04:00,24025.25,24025.25,24013.25,24018.25,0,0,0,0,0,0,0,NaN,24025.25,24013.25,24018.25
2025-09-12T02:30:00-04:00,24019.25,24024.5,24014.5,24015.25,0,0,0,0,0,0,0,NaN,24024.5,24014.5,24015.25
2025-09-12T02:35:00-04:00,24014.75,24015.25,24008.25,24009,0,0,0,0,0,0,0,NaN,24015.25,24008.25,24009
2025-09-12T02:40:00-04:00,24008.5,24013.75,24008,24009,0,0,0,0,0,0,0,NaN,24013.75,24008,24009
2025-09-12T02:45:00-04:00,24008,24013.25,24006.25,24011,0,0,0,0,0,0,0,NaN,24013.25,24006.25,24011
2025-09-12T02:50:00-04:00,24011,24018.75,24011,24018,0,0,0,0,0,0,0,NaN,24018.75,24011,24018
2025-09-12T02:55:00-04:00,24017.75,24024.25,24015,24023.5,0,0,0,0,0,0,0,NaN,24024.25,24015,24023.5
2025-09-12T03:00:00-04:00,24023,24027.75,24018,24027,0,0,0,0,0,0,0,NaN,24027.75,24018,24027
2025-09-12T03:05:00-04:00,24027.75,24031.5,24019.5,24024,0,0,0,0,0,0,0,NaN,24031.5,24019.5,24024
2025-09-12T03:10:00-04:00,24023.25,24026.5,24020.25,24021.75,0,0,0,0,0,0,0,NaN,24026.5,24020.25,24021.75
2025-09-12T03:15:00-04:00,24022,24024.5,24016,24023,0,0,0,0,0,0,0,NaN,24024.5,24016,24023
2025-09-12T03:20:00-04:00,24022.5,24027.5,24020,24023,0,0,0,0,0,0,0,NaN,24027.5,24020,24023
2025-09-12T03:25:00-04:00,24023.25,24024.5,24017.5,24022.75,0,0,0,0,0,0,0,NaN,24024.5,24017.5,24022.75
2025-09-12T03:30:00-04:00,24022,24022.75,24015,24016.75,0,0,0,0,0,0,0,NaN,24022.75,24015,24016.75
2025-09-12T03:35:00-04:00,24018,24022,24016,24017.75,0,0,0,0,0,0,0,NaN,24022,24016,24017.75
2025-09-12T03:40:00-04:00,24018,24018.5,24006.75,24008.5,0,0,0,0,0,0,0,NaN,24018.5,24006.75,24008.5
2025-09-12T03:45:00-04:00,24008.75,24017,24007.75,24016,0,0,0,0,0,0,0,NaN,24017,24007.75,24016
2025-09-12T03:50:00-04:00,24016,24019.5,24015.25,24017.25,0,0,0,0,0,0,0,NaN,24019.5,24015.25,24017.25
2025-09-12T03:55:00-04:00,24017.25,24019,24008.5,24011,0,0,0,0,0,0,0,NaN,24019,24008.5,24011
2025-09-12T04:00:00-04:00,24010.25,24018.5,24002,24003.75,0,0,0,0,0,0,0,NaN,24018.5,24002,24003.75
2025-09-12T04:05:00-04:00,24003.75,24013,24002.25,24004.5,0,0,0,0,0,0,0,NaN,24013,24002.25,24004.5
2025-09-12T04:10:00-04:00,24003.25,24004.75,23984,23984.5,0,0,0,0,0,0,0,NaN,24004.75,23984,23984.5
2025-09-12T04:15:00-04:00,23985,23985.25,23969,23977.75,0,0,0,0,0,0,0,NaN,23985.25,23969,23977.75
2025-09-12T04:20:00-04:00,23978.75,23986.75,23973,23986.25,0,0,0,0,0,0,0,NaN,23986.75,23973,23986.25
2025-09-12T04:25:00-04:00,23986.5,23993,23985.75,23991,0,0,0,0,0,0,0,NaN,23993,23985.75,23991
2025-09-12T04:30:00-04:00,23990.5,23993.5,23989.5,23991.25,0,0,0,0,0,0,0,NaN,23993.5,23989.5,23991.25
2025-09-12T04:35:00-04:00,23991,24000.5,23987.25,23995.5,0,0,0,0,0,0,0,NaN,24000.5,23987.25,23995.5
2025-09-12T04:40:00-04:00,23995.25,23998.75,23992.75,23998.5,0,0,0,0,0,0,0,NaN,23998.75,23992.75,23998.5
2025-09-12T04:45:00-04:00,23998.75,24000.75,23996.5,23998.5,0,0,0,0,0,0,0,NaN,24000.75,23996.5,23998.5
2025-09-12T04:50:00-04:00,23998.25,24000,23994,23997,0,0,0,0,0,0,0,NaN,24000,23994,23997
2025-09-12T04:55:00-04:00,23997.75,24003,23996.25,24002.75,0,0,0,0,0,0,0,NaN,24003,23996.25,24002.75
2025-09-12T05:00:00-04:00,24002.25,24005.25,23998.75,24002.5,0,0,0,0,0,0,0,NaN,24005.25,23998.75,24002.5
2025-09-12T05:05:00-04:00,24002.75,24005.5,24000.25,24003,0,0,0,0,0,0,0,NaN,24005.5,24000.25,24003
2025-09-12T05:10:00-04:00,24002.75,24004.5,24001.25,24004,0,0,0,0,0,0,0,NaN,24004.5,24001.25,24004
2025-09-12T05:15:00-04:00,24004,24005.25,24000,24002.5,0,0,0,0,0,0,0,NaN,24005.25,24000,24002.5
2025-09-12T05:20:00-04:00,24002.25,24002.25,23996.75,24000.75,0,0,0,0,0,0,0,NaN,24002.25,23996.75,24000.75
2025-09-12T05:25:00-04:00,24001.5,24003.75,24000.5,24002,0,0,0,0,0,0,0,NaN,24003.75,24000.5,24002
2025-09-12T05:30:00-04:00,24002.25,24007,24001.25,24002,0,0,0,0,0,0,0,NaN,24007,24001.25,24002
2025-09-12T05:35:00-04:00,24001,24003.75,23996.25,24003,0,0,0,0,0,0,0,NaN,24003.75,23996.25,24003
2025-09-12T05:40:00-04:00,24002,24009.5,24001,24007.5,0,0,0,0,0,0,0,NaN,24009.5,24001,24007.5
2025-09-12T05:45:00-04:00,24008.25,24015.5,24006.75,24014.75,0,0,0,0,0,0,0,NaN,24015.5,24006.75,24014.75
2025-09-12T05:50:00-04:00,24014.75,24018.75,24012.75,24015.5,0,0,0,0,0,0,0,NaN,24018.75,24012.75,24015.5
2025-09-12T05:55:00-04:00,24016,24016.75,24008.5,24010.5,0,0,0,0,0,0,0,NaN,24016.75,24008.5,24010.5
2025-09-12T06:00:00-04:00,24010.75,24011.75,24005.5,24007.25,0,0,0,0,0,0,0,NaN,24011.75,24005.5,24007.25
2025-09-12T06:05:00-04:00,24007,24013.75,24006.25,24011.5,0,0,0,0,0,0,0,NaN,24013.75,24006.25,24011.5
2025-09-12T06:10:00-04:00,24011.25,24014,24009,24012.25,0,0,0,0,0,0,0,NaN,24014,24009,24012.25
2025-09-12T06:15:00-04:00,24012.25,24014,24010,24011.5,0,0,0,0,0,0,0,NaN,24014,24010,24011.5
2025-09-12T06:20:00-04:00,24012.25,24015.25,24010.25,24010.75,0,0,0,0,0,0,0,NaN,24015.25,24010.25,24010.75
2025-09-12T06:25:00-04:00,24010.75,24016.75,24010.5,24015.25,0,0,0,0,0,0,0,NaN,24016.75,24010.5,24015.25
2025-09-12T06:30:00-04:00,24015.25,24022,24012,24018.75,0,0,0,0,0,0,0,NaN,24022,24012,24018.75
2025-09-12T06:35:00-04:00,24018.5,24020.25,24016.75,24017,0,0,0,0,0,0,0,NaN,24020.25,24016.75,24017
2025-09-12T06:40:00-04:00,24016.75,24021,24016.5,24019.25,0,0,0,0,0,0,0,NaN,24021,24016.5,24019.25
2025-09-12T06:45:00-04:00,24019.5,24022.5,24017,24021.5,0,0,0,0,0,0,0,NaN,24022.5,24017,24021.5
2025-09-12T06:50:00-04:00,24022,24023.25,24017.25,24017.75,0,0,0,0,0,0,0,NaN,24023.25,24017.25,24017.75
2025-09-12T06:55:00-04:00,24017.75,24023.75,24017.75,24023.25,0,0,0,0,0,0,0,NaN,24023.75,24017.75,24023.25
2025-09-12T07:00:00-04:00,24023,24023.5,24016.25,24019.5,0,0,0,0,0,0,0,NaN,24023.5,24016.25,24019.5
2025-09-12T07:05:00-04:00,24019.25,24022.25,24009.5,24014,0,0,0,0,0,0,0,NaN,24022.25,24009.5,24014
2025-09-12T07:10:00-04:00,24013.75,24017.5,24013,24014.25,0,0,0,0,0,0,0,NaN,24017.5,24013,24014.25
2025-09-12T07:15:00-04:00,24013.5,24015.25,24011.25,24011.75,0,0,0,0,0,0,0,NaN,24015.25,24011.25,24011.75
2025-09-12T07:20:00-04:00,24012.25,24021.5,24010,24020.5,0,0,0,0,0,0,0,NaN,24021.5,24010,24020.5
2025-09-12T07:25:00-04:00,24020.5,24026,24020,24025.5,0,0,0,0,0,0,0,NaN,24026,24020,24025.5
2025-09-12T07:30:00-04:00,24025,24027,24022.5,24023.25,0,0,0,0,0,0,0,NaN,24027,24022.5,24023.25
2025-09-12T07:35:00-04:00,24023,24029,24021,24027.75,0,0,0,0,0,0,0,NaN,24029,24021,24027.75
2025-09-12T07:40:00-04:00,24028,24028.75,24024.5,24028.25,0,0,0,0,0,0,0,NaN,24028.75,24024.5,24028.25
2025-09-12T07:45:00-04:00,24028.25,24035.5,24027.25,24032,0,0,0,0,0,0,0,NaN,24035.5,24027.25,24032
2025-09-12T07:50:00-04:00,24031.75,24035.5,24029.5,24034.75,0,0,0,0,0,0,0,NaN,24035.5,24029.5,24034.75
2025-09-12T07:55:00-04:00,24035.25,24048.75,24035,24044.5,0,0,0,0,0,0,0,NaN,24048.75,24035,24044.5
2025-09-12T08:00:00-04:00,24044.5,24047,24029,24029.75,0,0,0,0,0,0,0,NaN,24047,24029,24029.75
2025-09-12T08:05:00-04:00,24030,24037.5,24024.75,24031.25,0,0,0,0,0,0,0,NaN,24037.5,24024.75,24031.25
2025-09-12T08:10:00-04:00,24031.5,24034.5,24029.25,24031.75,0,0,0,0,0,0,0,NaN,24034.5,24029.25,24031.75
2025-09-12T08:15:00-04:00,24033,24044,24033,24043,0,0,0,0,0,0,0,NaN,24044,24033,24043
2025-09-12T08:20:00-04:00,24043.75,24044.25,24036,24038.75,0,0,0,0,0,0,0,NaN,24044.25,24036,24038.75
2025-09-12T08:25:00-04:00,24038.75,24042,24027,24037.5,0,0,0,0,0,0,0,NaN,24042,24027,24037.5
2025-09-12T08:30:00-04:00,24036.5,24038.75,24015,24027,0,0,0,0,0,0,0,NaN,24038.75,24015,24027
2025-09-12T08:35:00-04:00,24027.25,24032.5,24020.25,24029,0,0,0,0,0,0,0,NaN,24032.5,24020.25,24029
2025-09-12T08:40:00-04:00,24028.75,24037,24024.75,24031.75,0,0,0,0,0,0,0,NaN,24037,24024.75,24031.75
2025-09-12T08:45:00-04:00,24032.25,24040,24031.75,24038.75,0,0,0,0,0,0,0,NaN,24040,24031.75,24038.75
2025-09-12T08:50:00-04:00,24038.75,24043.25,24036.5,24042.5,0,0,0,0,0,0,0,NaN,24043.25,24036.5,24042.5
2025-09-12T08:55:00-04:00,24042.25,24044.75,24040.5,24042,0,0,0,0,0,0,0,NaN,24044.75,24040.5,24042
2025-09-12T09:00:00-04:00,24041.75,24049,24039,24043.25,0,0,0,0,0,0,0,NaN,24049,24039,24043.25
2025-09-12T09:05:00-04:00,24043.75,24051.5,24043,24051,0,0,0,0,0,0,0,NaN,24051.5,24043,24051
2025-09-12T09:10:00-04:00,24050.75,24051.5,24046.25,24048.25,0,0,0,0,0,0,0,NaN,24051.5,24046.25,24048.25
2025-09-12T09:15:00-04:00,24048,24050,24045.5,24048,0,0,0,0,0,0,0,NaN,24050,24045.5,24048
2025-09-12T09:20:00-04:00,24048,24049,24044.5,24046.25,0,0,0,0,0,0,0,NaN,24049,24044.5,24046.25
2025-09-12T09:25:00-04:00,24046.25,24049,24037.5,24040.25,0,0,0,0,0,0,0,NaN,24049,24037.5,24040.25
2025-09-12T09:30:00-04:00,24040.75,24064.5,24026.25,24034.5,0,0,0,0,0,0,0,NaN,24064.5,24026.25,24034.5
2025-09-12T09:35:00-04:00,24034.25,24035,24001.5,24012.75,0,0,0,0,0,0,0,NaN,24035,24001.5,24012.75
2025-09-12T09:40:00-04:00,24013,24033.75,24007.25,24029.75,0,0,0,0,0,0,0,NaN,24033.75,24007.25,24029.75
2025-09-12T09:45:00-04:00,24029.75,24039.25,24020.5,24026.75,0,0,0,0,0,0,0,NaN,24039.25,24020.5,24026.75
2025-09-12T09:50:00-04:00,24026.5,24034.25,24016.5,24025.75,0,0,0,0,0,0,0,NaN,24034.25,24016.5,24025.75
2025-09-12T09:55:00-04:00,24025.75,24049.75,24025.25,24042.5,0,0,0,0,0,0,0,NaN,24049.75,24025.25,24042.5
2025-09-12T10:00:00-04:00,24049,24055,24023.25,24049.5,0,0,0,0,0,0,0,NaN,24055,24023.25,24049.5
2025-09-12T10:05:00-04:00,24049.75,24058.75,24046.5,24057.5,0,0,0,0,0,0,0,NaN,24058.75,24046.5,24057.5
2025-09-12T10:10:00-04:00,24057.25,24060.75,24028.5,24031.25,0,0,0,0,0,0,0,NaN,24060.75,24028.5,24031.25
2025-09-12T10:15:00-04:00,24031.75,24056.25,24026.5,24053.75,0,0,0,0,0,0,0,NaN,24056.25,24026.5,24053.75
2025-09-12T10:20:00-04:00,24053.75,24073.5,24050.5,24071.5,0,0,0,0,0,0,0,NaN,24073.5,24050.5,24071.5
2025-09-12T10:25:00-04:00,24071,24076.25,24066,24071.25,0,0,0,0,0,0,0,NaN,24076.25,24066,24071.25
2025-09-12T10:30:00-04:00,24071.25,24084.5,24064.5,24080,0,0,0,0,0,0,0,NaN,24084.5,24064.5,24080
2025-09-12T10:35:00-04:00,24079.75,24088.25,24077,24081.75,0,0,0,0,0,0,0,NaN,24088.25,24077,24081.75
2025-09-12T10:40:00-04:00,24082,24087.25,24075.25,24081.75,0,0,0,0,0,0,0,NaN,24087.25,24075.25,24081.75
2025-09-12T10:45:00-04:00,24082,24096.5,24079.5,24094.75,0,0,0,0,0,0,0,NaN,24096.5,24079.5,24094.75
2025-09-12T10:50:00-04:00,24095.25,24107,24091.25,24106.75,0,0,0,0,0,0,0,NaN,24107,24091.25,24106.75
2025-09-12T10:55:00-04:00,24107,24115.5,24100.25,24106,0,0,0,0,0,0,0,NaN,24115.5,24100.25,24106
2025-09-12T11:00:00-04:00,24106.25,24111.5,24085.25,24086.5,0,0,0,0,0,0,0,NaN,24111.5,24085.25,24086.5
2025-09-12T11:05:00-04:00,24086.75,24095.75,24082.75,24092.75,0,0,0,0,0,0,0,NaN,24095.75,24082.75,24092.75
2025-09-12T11:10:00-04:00,24092.5,24099,24084,24095,0,0,0,0,0,0,0,NaN,24099,24084,24095
2025-09-12T11:15:00-04:00,24095.5,24105.25,24087.25,24088.75,0,0,0,0,0,0,0,NaN,24105.25,24087.25,24088.75
2025-09-12T11:20:00-04:00,24088.75,24093,24079.25,24092,0,0,0,0,0,0,0,NaN,24093,24079.25,24092
2025-09-12T11:25:00-04:00,24092.5,24099,24086.25,24087.5,0,0,0,0,0,0,0,NaN,24099,24086.25,24087.5
2025-09-12T11:30:00-04:00,24086.75,24097,24077.5,24093,0,0,0,0,0,0,0,NaN,24097,24077.5,24093
2025-09-12T11:35:00-04:00,24092.75,24096.25,24082,24085.5,0,0,0,0,0,0,0,NaN,24096.25,24082,24085.5
2025-09-12T11:40:00-04:00,24085.5,24091.25,24076.25,24080,0,0,0,0,0,0,0,NaN,24091.25,24076.25,24080
2025-09-12T11:45:00-04:00,24080,24083.5,24072.25,24080.5,0,0,0,0,0,0,0,NaN,24083.5,24072.25,24080.5
2025-09-12T11:50:00-04:00,24080.25,24090.25,24079.25,24088.5,0,0,0,0,0,0,0,NaN,24090.25,24079.25,24088.5
2025-09-12T11:55:00-04:00,24088.75,24099.5,24088,24090.75,0,0,0,0,0,0,0,NaN,24099.5,24088,24090.75
2025-09-12T12:00:00-04:00,24090.75,24092.25,24074.5,24080.25,0,0,0,0,0,0,0,NaN,24092.25,24074.5,24080.25
2025-09-12T12:05:00-04:00,24080.25,24091.5,24071.75,24091.25,0,0,0,0,0,0,0,NaN,24091.5,24071.75,24091.25
2025-09-12T12:10:00-04:00,24091.25,24100.75,24090,24097.5,0,0,0,0,0,0,0,NaN,24100.75,24090,24097.5
2025-09-12T12:15:00-04:00,24098,24106.75,24098,24101,0,0,0,0,0,0,0,NaN,24106.75,24098,24101
2025-09-12T12:20:00-04:00,24101,24106.5,24091.75,24104.5,0,0,0,0,0,0,0,NaN,24106.5,24091.75,24104.5
2025-09-12T12:25:00-04:00,24104.5,24106.5,24100.5,24105,0,0,0,0,0,0,0,NaN,24106.5,24100.5,24105
2025-09-12T12:30:00-04:00,24105.25,24114,24102,24110.25,0,0,0,0,0,0,0,NaN,24114,24102,24110.25
2025-09-12T12:35:00-04:00,24110.5,24111,24097.75,24098.75,0,0,0,0,0,0,0,NaN,24111,24097.75,24098.75
2025-09-12T12:40:00-04:00,24098.5,24101.75,24096,24101.25,0,0,0,0,0,0,0,NaN,24101.75,24096,24101.25
2025-09-12T12:45:00-04:00,24101,24110,24096.75,24104.75,0,0,0,0,0,0,0,NaN,24110,24096.75,24104.75
2025-09-12T12:50:00-04:00,24105.25,24114,24102,24111.5,0,0,0,0,0,0,0,NaN,24114,24102,24111.5
2025-09-12T12:55:00-04:00,24111.75,24122,24107.75,24110.75,0,0,0,0,0,0,0,NaN,24122,24107.75,24110.75
2025-09-12T13:00:00-04:00,24111,24112,24101.5,24101.75,0,0,0,0,0,0,0,NaN,24112,24101.5,24101.75
2025-09-12T13:05:00-04:00,24102.25,24104.25,24098,24098.75,0,0,0,0,0,0,0,NaN,24104.25,24098,24098.75
2025-09-12T13:10:00-04:00,24098.75,24105.75,24097.5,24104.75,0,0,0,0,0,0,0,NaN,24105.75,24097.5,24104.75
2025-09-12T13:15:00-04:00,24105,24111.25,24098.75,24101,0,0,0,0,0,0,0,NaN,24111.25,24098.75,24101
2025-09-12T13:20:00-04:00,24101.25,24106.75,24099,24105.5,0,0,0,0,0,0,0,NaN,24106.75,24099,24105.5
2025-09-12T13:25:00-04:00,24105.5,24106,24099.75,24101,0,0,0,0,0,0,0,NaN,24106,24099.75,24101
2025-09-12T13:30:00-04:00,24101,24106.75,24098.5,24100,0,0,0,0,0,0,0,NaN,24106.75,24098.5,24100
2025-09-12T13:35:00-04:00,24100,24103.25,24091.5,24098,0,0,0,0,0,0,0,NaN,24103.25,24091.5,24098
2025-09-12T13:40:00-04:00,24098,24105,24097.75,24103,0,0,0,0,0,0,0,NaN,24105,24097.75,24103
2025-09-12T13:45:00-04:00,24103,24114.75,24102.75,24113.5,0,0,0,0,0,0,0,NaN,24114.75,24102.75,24113.5
2025-09-12T13:50:00-04:00,24113.5,24120.75,24111,24118,0,0,0,0,0,0,0,NaN,24120.75,24111,24118
2025-09-12T13:55:00-04:00,24118,24128.25,24116.75,24123.75,0,0,0,0,0,0,0,NaN,24128.25,24116.75,24123.75
2025-09-12T14:00:00-04:00,24123.75,24124.5,24113.25,24113.75,0,0,0,0,0,0,0,NaN,24124.5,24113.25,24113.75
2025-09-12T14:05:00-04:00,24113.25,24121,24113,24120.75,0,0,0,0,0,0,0,NaN,24121,24113,24120.75
2025-09-12T14:10:00-04:00,24120.5,24124.75,24116,24124,0,0,0,0,0,0,0,NaN,24124.75,24116,24124
2025-09-12T14:15:00-04:00,24124,24124,24116.75,24120.75,0,0,0,0,0,0,0,NaN,24124,24116.75,24120.75
2025-09-12T14:20:00-04:00,24120.5,24123.5,24118.75,24121.75,0,0,0,0,0,0,0,NaN,24123.5,24118.75,24121.75
2025-09-12T14:25:00-04:00,24122.25,24126.25,24120.5,24122,0,0,0,0,0,0,0,NaN,24126.25,24120.5,24122
2025-09-12T14:30:00-04:00,24122,24137.5,24119.5,24131.75,0,0,0,0,0,0,0,NaN,24137.5,24119.5,24131.75
2025-09-12T14:35:00-04:00,24132,24141,24128.75,24139.25,0,0,0,0,0,0,0,NaN,24141,24128.75,24139.25
2025-09-12T14:40:00-04:00,24138.5,24142.75,24135.5,24139.5,0,0,0,0,0,0,0,NaN,24142.75,24135.5,24139.5
2025-09-12T14:45:00-04:00,24139.5,24141.25,24118,24129.5,0,0,0,0,0,0,0,NaN,24141.25,24118,24129.5
2025-09-12T14:50:00-04:00,24129.5,24157.5,24129.5,24154,0,0,0,0,0,0,0,NaN,24157.5,24129.5,24154
2025-09-12T14:55:00-04:00,24153.5,24159,24150.5,24154,0,0,0,0,0,0,0,NaN,24159,24150.5,24154
2025-09-12T15:00:00-04:00,24154,24157.75,24151,24153.5,0,0,0,0,0,0,0,NaN,24157.75,24151,24153.5
2025-09-12T15:05:00-04:00,24153.5,24156.75,24147,24150.25,0,0,0,0,0,0,0,NaN,24156.75,24147,24150.25
2025-09-12T15:10:00-04:00,24150.5,24150.5,24135.25,24139,0,0,0,0,0,0,0,NaN,24150.5,24135.25,24139
2025-09-12T15:15:00-04:00,24139.5,24141.25,24133.5,24137.25,0,0,0,0,0,0,0,NaN,24141.25,24133.5,24137.25
2025-09-12T15:20:00-04:00,24137.5,24139.25,24127.75,24128,0,0,0,0,0,0,0,NaN,24139.25,24127.75,24128
2025-09-12T15:25:00-04:00,24128,24133.5,24119,24124.5,0,0,0,0,0,0,0,NaN,24133.5,24119,24124.5
2025-09-12T15:30:00-04:00,24124.25,24126,24104.25,24111.25,0,0,0,0,0,0,0,NaN,24126,24104.25,24111.25
2025-09-12T15:35:00-04:00,24110.75,24115.5,24097.5,24100.25,0,0,0,0,0,0,0,NaN,24115.5,24097.5,24100.25
2025-09-12T15:40:00-04:00,24100.25,24114.5,24087.5,24113.25,0,0,0,0,0,0,0,NaN,24114.5,24087.5,24113.25
2025-09-12T15:45:00-04:00,24113.25,24123.5,24107.75,24119.25,0,0,0,0,0,0,0,NaN,24123.5,24107.75,24119.25
2025-09-12T15:50:00-04:00,24119.25,24134,24118,24132.75,0,0,0,0,0,0,0,NaN,24134,24118,24132.75
2025-09-12T15:55:00-04:00,24133,24133,24108.5,24110.25,0,0,0,0,0,0,0,NaN,24133,24108.5,24110.25
2025-09-12T16:00:00-04:00,24110.25,24111.75,24097,24105.75,0,0,0,0,0,0,0,NaN,24111.75,24097,24105.75
2025-09-12T16:05:00-04:00,24105.5,24112.75,24104.75,24108.75,0,0,0,0,0,0,0,NaN,24112.75,24104.75,24108.75
2025-09-12T16:10:00-04:00,24108.5,24112.5,24108,24111.5,0,0,0,0,0,0,0,NaN,24112.5,24108,24111.5
2025-09-12T16:15:00-04:00,24111.75,24119.25,24111.25,24114.25,0,0,0,0,0,0,0,NaN,24119.25,24111.25,24114.25
2025-09-12T16:20:00-04:00,24114.75,24116.75,24111.75,24112.5,0,0,0,0,0,0,0,NaN,24116.75,24111.75,24112.5
2025-09-12T16:25:00-04:00,24112.75,24114.75,24112,24113.25,0,0,0,0,0,0,0,NaN,24114.75,24112,24113.25
2025-09-12T16:30:00-04:00,24113.25,24115,24110.75,24113.75,0,0,0,0,0,0,0,NaN,24115,24110.75,24113.75
2025-09-12T16:35:00-04:00,24113.5,24114.5,24110,24111.25,0,0,0,0,0,0,0,NaN,24114.5,24110,24111.25
2025-09-12T16:40:00-04:00,24111.5,24114.75,24110.75,24113.5,0,0,0,0,0,0,0,NaN,24114.75,24110.75,24113.5
2025-09-12T16:45:00-04:00,24113.75,24117,24113,24113,0,0,0,0,0,0,0,NaN,24117,24113,24113
2025-09-12T16:50:00-04:00,24113,24114.75,24112,24113.25,0,0,0,0,0,0,0,NaN,24114.75,24112,24113.25
2025-09-12T16:55:00-04:00,24113,24116.75,24110,24115.25,0,0,0,0,0,0,0,NaN,24116.75,24110,24115.25
2025-09-14T18:00:00-04:00,24115.25,24122.5,24099.75,24105.25,0,0,0,0,0,0,0,NaN,24122.5,24099.75,24105.25
2025-09-14T18:05:00-04:00,24105,24121.5,24101.75,24118.5,0,0,0,0,0,0,0,NaN,24121.5,24101.75,24118.5
2025-09-14T18:10:00-04:00,24118,24121.75,24113.75,24121.25,0,0,0,0,0,0,0,NaN,24121.75,24113.75,24121.25
2025-09-14T18:15:00-04:00,24120.5,24129.5,24120,24123.5,0,0,0,0,0,0,0,NaN,24129.5,24120,24123.5
2025-09-14T18:20:00-04:00,24123.25,24123.75,24116.5,24119.75,0,0,0,0,0,0,0,NaN,24123.75,24116.5,24119.75
2025-09-14T18:25:00-04:00,24118,24124.5,24117.75,24122,0,0,0,0,0,0,0,NaN,24124.5,24117.75,24122
2025-09-14T18:30:00-04:00,24123.5,24124,24119,24120.75,0,0,0,0,0,0,0,NaN,24124,24119,24120.75
2025-09-14T18:35:00-04:00,24120.5,24124,24118.75,24122.75,0,0,0,0,0,0,0,NaN,24124,24118.75,24122.75
2025-09-14T18:40:00-04:00,24123,24126.25,24121.75,24124,0,0,0,0,0,0,0,NaN,24126.25,24121.75,24124
2025-09-14T18:45:00-04:00,24124.75,24128.25,24124.5,24125.5,0,0,0,0,0,0,0,NaN,24128.25,24124.5,24125.5
2025-09-14T18:50:00-04:00,24125.25,24126.75,24120.75,24124,0,0,0,0,0,0,0,NaN,24126.75,24120.75,24124
2025-09-14T18:55:00-04:00,24124.5,24125.5,24122.5,24124.5,0,0,0,0,0,0,0,NaN,24125.5,24122.5,24124.5
2025-09-14T19:00:00-04:00,24124.5,24128.5,24123.25,24125.5,0,0,0,0,0,0,0,NaN,24128.5,24123.25,24125.5
2025-09-14T19:05:00-04:00,24125.25,24126,24119,24119,0,0,0,0,0,0,0,NaN,24126,24119,24119
2025-09-14T19:10:00-04:00,24119.5,24122.25,24117.5,24120.5,0,0,0,0,0,0,0,NaN,24122.25,24117.5,24120.5
2025-09-14T19:15:00-04:00,24120.25,24123,24119,24119.75,0,0,0,0,0,0,0,NaN,24123,24119,24119.75
2025-09-14T19:20:00-04:00,24119.5,24121,24116.75,24118.5,0,0,0,0,0,0,0,NaN,24121,24116.75,24118.5
2025-09-14T19:25:00-04:00,24118,24118,24111,24111.5,0,0,0,0,0,0,0,NaN,24118,24111,24111.5
2025-09-14T19:30:00-04:00,24111,24114.5,24102,24102.75,0,0,0,0,0,0,0,NaN,24114.5,24102,24102.75
2025-09-14T19:35:00-04:00,24103,24109,24100,24108.5,0,0,0,0,0,0,0,NaN,24109,24100,24108.5
2025-09-14T19:40:00-04:00,24108.25,24109.25,24100.5,24108.75,0,0,0,0,0,0,0,NaN,24109.25,24100.5,24108.75
2025-09-14T19:45:00-04:00,24109,24110,24101.5,24109.5,0,0,0,0,0,0,0,NaN,24110,24101.5,24109.5
2025-09-14T19:50:00-04:00,24108.25,24111.25,24106,24106,0,0,0,0,0,0,0,NaN,24111.25,24106,24106
2025-09-14T19:55:00-04:00,24106,24112.25,24102.75,24110.75,0,0,0,0,0,0,0,NaN,24112.25,24102.75,24110.75
2025-09-14T20:00:00-04:00,24111,24113.25,24104.75,24106.5,0,0,0,0,0,0,0,NaN,24113.25,24104.75,24106.5
2025-09-14T20:05:00-04:00,24105.5,24110,24100.25,24110,0,0,0,0,0,0,0,NaN,24110,24100.25,24110
2025-09-14T20:10:00-04:00,24110.25,24115,24107.5,24113.75,0,0,0,0,0,0,0,NaN,24115,24107.5,24113.75
2025-09-14T20:15:00-04:00,24112.75,24113.25,24095,24107.75,0,0,0,0,0,0,0,NaN,24113.25,24095,24107.75
2025-09-14T20:20:00-04:00,24108.5,24109,24101.5,24101.5,0,0,0,0,0,0,0,NaN,24109,24101.5,24101.5
2025-09-14T20:25:00-04:00,24101,24103.75,24092,24095.5,0,0,0,0,0,0,0,NaN,24103.75,24092,24095.5
2025-09-14T20:30:00-04:00,24096,24103.5,24095.25,24102.5,0,0,0,0,0,0,0,NaN,24103.5,24095.25,24102.5
2025-09-14T20:35:00-04:00,24101,24101.75,24095.25,24099.75,0,0,0,0,0,0,0,NaN,24101.75,24095.25,24099.75
2025-09-14T20:40:00-04:00,24098.75,24099.25,24095,24098.5,0,0,0,0,0,0,0,NaN,24099.25,24095,24098.5
2025-09-14T20:45:00-04:00,24099,24106,24097.75,24104.5,0,0,0,0,0,0,0,NaN,24106,24097.75,24104.5
2025-09-14T20:50:00-04:00,24104.5,24109.25,24100.75,24108,0,0,0,0,0,0,0,NaN,24109.25,24100.75,24108
2025-09-14T20:55:00-04:00,24108.25,24114.5,24106.75,24109,0,0,0,0,0,0,0,NaN,24114.5,24106.75,24109
2025-09-14T21:00:00-04:00,24109.5,24113.25,24106,24107.25,0,0,0,0,0,0,0,NaN,24113.25,24106,24107.25
2025-09-14T21:05:00-04:00,24107,24113,24107,24111,0,0,0,0,0,0,0,NaN,24113,24107,24111
2025-09-14T21:10:00-04:00,24110.5,24111.5,24105.75,24107.25,0,0,0,0,0,0,0,NaN,24111.5,24105.75,24107.25
2025-09-14T21:15:00-04:00,24107,24109.25,24106.25,24108,0,0,0,0,0,0,0,NaN,24109.25,24106.25,24108
2025-09-14T21:20:00-04:00,24108.25,24111.25,24105.25,24109.75,0,0,0,0,0,0,0,NaN,24111.25,24105.25,24109.75
2025-09-14T21:25:00-04:00,24110.25,24113,24108.25,24113,0,0,0,0,0,0,0,NaN,24113,24108.25,24113
2025-09-14T21:30:00-04:00,24113.5,24114.5,24108.5,24110.5,0,0,0,0,0,0,0,NaN,24114.5,24108.5,24110.5
2025-09-14T21:35:00-04:00,24111,24117.5,24111,24114.5,0,0,0,0,0,0,0,NaN,24117.5,24111,24114.5
2025-09-14T21:40:00-04:00,24114.25,24114.75,24109,24111.5,0,0,0,0,0,0,0,NaN,24114.75,24109,24111.5
2025-09-14T21:45:00-04:00,24111.5,24118.5,24111.5,24114.75,0,0,0,0,0,0,0,NaN,24118.5,24111.5,24114.75
2025-09-14T21:50:00-04:00,24115,24117.75,24114.5,24116,0,0,0,0,0,0,0,NaN,24117.75,24114.5,24116
2025-09-14T21:55:00-04:00,24116.5,24117.25,24114,24114,0,0,0,0,0,0,0,NaN,24117.25,24114,24114
2025-09-14T22:00:00-04:00,24114,24116.25,24108.25,24115.5,0,0,0,0,0,0,0,NaN,24116.25,24108.25,24115.5
2025-09-14T22:05:00-04:00,24115.25,24122,24114.75,24119.75,0,0,0,0,0,0,0,NaN,24122,24114.75,24119.75
2025-09-14T22:10:00-04:00,24119.75,24122.75,24119.5,24120,0,0,0,0,0,0,0,NaN,24122.75,24119.5,24120
2025-09-14T22:15:00-04:00,24119.25,24123.25,24117,24122.25,0,0,0,0,0,0,0,NaN,24123.25,24117,24122.25
2025-09-14T22:20:00-04:00,24121.5,24121.5,24114.5,24119.5,0,0,0,0,0,0,0,NaN,24121.5,24114.5,24119.5
2025-09-14T22:25:00-04:00,24119.75,24120.25,24116.25,24119.25,0,0,0,0,0,0,0,NaN,24120.25,24116.25,24119.25
2025-09-14T22:30:00-04:00,24118.75,24118.75,24115.5,24116,0,0,0,0,0,0,0,NaN,24118.75,24115.5,24116
2025-09-14T22:35:00-04:00,24116,24116.25,24112.25,24112.25,0,0,0,0,0,0,0,NaN,24116.25,24112.25,24112.25
2025-09-14T22:40:00-04:00,24112.25,24118,24112.25,24118,0,0,0,0,0,0,0,NaN,24118,24112.25,24118
2025-09-14T22:45:00-04:00,24118,24120,24116.25,24116.75,0,0,0,0,0,0,0,NaN,24120,24116.25,24116.75
2025-09-14T22:50:00-04:00,24116.75,24118.75,24116,24117.75,0,0,0,0,0,0,0,NaN,24118.75,24116,24117.75
2025-09-14T22:55:00-04:00,24118,24119,24114.75,24118.25,0,0,0,0,0,0,0,NaN,24119,24114.75,24118.25
2025-09-14T23:00:00-04:00,24117.75,24121,24116.5,24120.75,0,0,0,0,0,0,0,NaN,24121,24116.5,24120.75
2025-09-14T23:05:00-04:00,24120.75,24124,24120.25,24122.75,0,0,0,0,0,0,0,NaN,24124,24120.25,24122.75
2025-09-14T23:10:00-04:00,24122.75,24123.5,24120.25,24123,0,0,0,0,0,0,0,NaN,24123.5,24120.25,24123
2025-09-14T23:15:00-04:00,24123,24130.75,24121,24125.75,0,0,0,0,0,0,0,NaN,24130.75,24121,24125.75
2025-09-14T23:20:00-04:00,24126,24131,24125.25,24129,0,0,0,0,0,0,0,NaN,24131,24125.25,24129
2025-09-14T23:25:00-04:00,24128.75,24128.75,24120.5,24121.25,0,0,0,0,0,0,0,NaN,24128.75,24120.5,24121.25
2025-09-14T23:30:00-04:00,24121.25,24122.5,24118.5,24120.25,0,0,0,0,0,0,0,NaN,24122.5,24118.5,24120.25
2025-09-14T23:35:00-04:00,24119.5,24123.25,24119,24122,0,0,0,0,0,0,0,NaN,24123.25,24119,24122
2025-09-14T23:40:00-04:00,24122.25,24127.75,24122.25,24126.25,0,0,0,0,0,0,0,NaN,24127.75,24122.25,24126.25
2025-09-14T23:45:00-04:00,24126.25,24128.5,24124.5,24125.25,0,0,0,0,0,0,0,NaN,24128.5,24124.5,24125.25
2025-09-14T23:50:00-04:00,24125.5,24127.5,24125.25,24126.75,0,0,0,0,0,0,0,NaN,24127.5,24125.25,24126.75
2025-09-14T23:55:00-04:00,24126.75,24126.75,24121.5,24121.75,0,0,0,0,0,0,0,NaN,24126.75,24121.5,24121.75
2025-09-15T00:00:00-04:00,24121.25,24124,24120.75,24123.5,0,1,0,0,0,0,0,NaN,24124,24120.75,24123.5
2025-09-15T00:05:00-04:00,24123.5,24128.25,24122,24125.75,0,0,0,0,0,0,0,NaN,24128.25,24122,24125.75
2025-09-15T00:10:00-04:00,24124.75,24124.75,24120.25,24122.25,0,0,0,0,0,0,0,NaN,24124.75,24120.25,24122.25
2025-09-15T00:15:00-04:00,24122.5,24125,24120.75,24125,0,0,0,0,0,0,0,NaN,24125,24120.75,24125
2025-09-15T00:20:00-04:00,24125.75,24129.25,24125.5,24128,0,0,0,0,0,0,0,NaN,24129.25,24125.5,24128
2025-09-15T00:25:00-04:00,24127.25,24130,24125.5,24128.75,0,0,0,0,0,0,0,NaN,24130,24125.5,24128.75
2025-09-15T00:30:00-04:00,24128.75,24132.25,24128,24130,0,0,0,0,0,0,0,NaN,24132.25,24128,24130
2025-09-15T00:35:00-04:00,24129.25,24133,24129,24130.5,0,0,0,0,0,0,0,NaN,24133,24129,24130.5
2025-09-15T00:40:00-04:00,24130.5,24131.75,24128.25,24131.75,0,0,0,0,0,0,0,NaN,24131.75,24128.25,24131.75
2025-09-15T00:45:00-04:00,24131,24132,24129.75,24130.5,0,0,0,0,0,0,0,NaN,24132,24129.75,24130.5
2025-09-15T00:50:00-04:00,24130,24131.5,24127.5,24130.25,0,0,0,0,0,0,0,NaN,24131.5,24127.5,24130.25
2025-09-15T00:55:00-04:00,24129.25,24131,24129,24130.75,0,0,0,0,0,0,0,NaN,24131,24129,24130.75
2025-09-15T01:00:00-04:00,24131.5,24132.25,24128,24129,0,0,0,0,0,0,0,NaN,24132.25,24128,24129
2025-09-15T01:05:00-04:00,24129.5,24130.75,24129.25,24129.75,0,0,0,0,0,0,0,NaN,24130.75,24129.25,24129.75
2025-09-15T01:10:00-04:00,24130,24132,24128.25,24130,0,0,0,0,0,0,0,NaN,24132,24128.25,24130
2025-09-15T01:15:00-04:00,24130.25,24130.25,24123,24124.25,0,0,0,0,0,0,0,NaN,24130.25,24123,24124.25
2025-09-15T01:20:00-04:00,24124.75,24127,24123.75,24126.25,0,0,0,0,0,0,0,NaN,24127,24123.75,24126.25
2025-09-15T01:25:00-04:00,24126.75,24130.75,24126.75,24129.25,0,0,0,0,0,0,0,NaN,24130.75,24126.75,24129.25
2025-09-15T01:30:00-04:00,24128,24131,24126.5,24131,0,0,0,0,0,0,0,NaN,24131,24126.5,24131
2025-09-15T01:35:00-04:00,24131.25,24136.5,24130.5,24135.25,0,0,0,0,0,0,0,NaN,24136.5,24130.5,24135.25
2025-09-15T01:40:00-04:00,24135.5,24144,24134.5,24138.75,0,0,0,0,0,0,0,NaN,24144,24134.5,24138.75
2025-09-15T01:45:00-04:00,24139.25,24139.75,24135.75,24136.5,0,0,0,0,0,0,0,NaN,24139.75,24135.75,24136.5
2025-09-15T01:50:00-04:00,24135.75,24139.75,24134.75,24138.75,0,0,0,0,0,0,0,NaN,24139.75,24134.75,24138.75
2025-09-15T01:55:00-04:00,24139.25,24140.5,24137.75,24139.5,0,0,0,0,0,0,0,NaN,24140.5,24137.75,24139.5
2025-09-15T02:00:00-04:00,24140.25,24144.25,24137.25,24140.25,0,0,0,0,0,0,0,NaN,24144.25,24137.25,24140.25
2025-09-15T02:05:00-04:00,24141.5,24144.75,24136,24143.5,0,0,0,0,0,0,0,NaN,24144.75,24136,24143.5
2025-09-15T02:10:00-04:00,24143.25,24145.5,24138.75,24140.5,0,0,0,0,0,0,0,NaN,24145.5,24138.75,24140.5
2025-09-15T02:15:00-04:00,24141,24143,24139,24142.75,0,0,0,0,0,0,0,NaN,24143,24139,24142.75
2025-09-15T02:20:00-04:00,24141.75,24141.75,24135,24135.75,0,0,0,0,0,0,0,NaN,24141.75,24135,24135.75
2025-09-15T02:25:00-04:00,24135,24136.5,24132.25,24134.5,0,0,0,0,0,0,0,NaN,24136.5,24132.25,24134.5
2025-09-15T02:30:00-04:00,24134,24144.5,24132.25,24140.25,0,0,0,0,0,0,0,NaN,24144.5,24132.25,24140.25
2025-09-15T02:35:00-04:00,24139.25,24144,24138.25,24143.5,0,0,0,0,0,0,0,NaN,24144,24138.25,24143.5
2025-09-15T02:40:00-04:00,24143.5,24147.5,24143.25,24146.25,0,0,0,0,0,0,0,NaN,24147.5,24143.25,24146.25
2025-09-15T02:45:00-04:00,24146.25,24147,24142.25,24146,0,0,0,0,0,0,0,NaN,24147,24142.25,24146
2025-09-15T02:50:00-04:00,24145.25,24147.25,24142.75,24144,0,0,0,0,0,0,0,NaN,24147.25,24142.75,24144
2025-09-15T02:55:00-04:00,24143.5,24150,24143.5,24147,0,0,0,0,0,0,0,NaN,24150,24143.5,24147
2025-09-15T03:00:00-04:00,24146.25,24152.75,24143.75,24147,0,0,0,0,0,0,0,NaN,24152.75,24143.75,24147
2025-09-15T03:05:00-04:00,24146.75,24147.25,24143.75,24146.25,0,0,0,0,0,0,0,NaN,24147.25,24143.75,24146.25
2025-09-15T03:10:00-04:00,24146.75,24148.75,24144,24145.5,0,0,0,0,0,0,0,NaN,24148.75,24144,24145.5
2025-09-15T03:15:00-04:00,24145,24147.75,24138.75,24146.5,0,0,0,0,0,0,0,NaN,24147.75,24138.75,24146.5
2025-09-15T03:20:00-04:00,24146.75,24152.75,24146,24149.5,0,0,0,0,0,0,0,NaN,24152.75,24146,24149.5
2025-09-15T03:25:00-04:00,24150,24150.5,24143.5,24144,0,0,0,0,0,0,0,NaN,24150.5,24143.5,24144
2025-09-15T03:30:00-04:00,24143.75,24152.5,24140.5,24152.25,0,0,0,0,0,0,0,NaN,24152.5,24140.5,24152.25
2025-09-15T03:35:00-04:00,24153,24159.5,24148,24150.5,0,0,0,0,0,0,0,NaN,24159.5,24148,24150.5
2025-09-15T03:40:00-04:00,24151.25,24155,24143.75,24143.75,0,0,0,0,0,0,0,NaN,24155,24143.75,24143.75
2025-09-15T03:45:00-04:00,24145.25,24148.5,24144.25,24146.75,0,0,0,0,0,0,0,NaN,24148.5,24144.25,24146.75
2025-09-15T03:50:00-04:00,24145.5,24146.75,24139.75,24144.25,0,0,0,0,0,0,0,NaN,24146.75,24139.75,24144.25
2025-09-15T03:55:00-04:00,24145,24145.5,24138,24138.75,0,0,0,0,0,0,0,NaN,24145.5,24138,24138.75
2025-09-15T04:00:00-04:00,24140,24141.75,24076,24084,0,0,0,0,0,0,0,NaN,24141.75,24076,24084
2025-09-15T04:05:00-04:00,24084.25,24123.25,24082.25,24120.5,0,0,0,0,0,0,0,NaN,24123.25,24082.25,24120.5
2025-09-15T04:10:00-04:00,24120.25,24121.25,24104.5,24112.5,0,0,0,0,0,0,0,NaN,24121.25,24104.5,24112.5
2025-09-15T04:15:00-04:00,24112.25,24122.5,24097.25,24120,0,0,0,0,0,0,0,NaN,24122.5,24097.25,24120
2025-09-15T04:20:00-04:00,24118.75,24118.75,24101,24113.25,0,0,0,0,0,0,0,NaN,24118.75,24101,24113.25
2025-09-15T04:25:00-04:00,24112.5,24113.5,24095.25,24098.5,0,0,0,0,0,0,0,NaN,24113.5,24095.25,24098.5
2025-09-15T04:30:00-04:00,24098.5,24104.25,24080,24080.5,0,0,0,0,0,0,0,NaN,24104.25,24080,24080.5
2025-09-15T04:35:00-04:00,24080.75,24096,24080,24095.25,0,0,0,0,0,0,0,NaN,24096,24080,24095.25
2025-09-15T04:40:00-04:00,24095.25,24101,24090,24101,0,0,0,0,0,0,0,NaN,24101,24090,24101
2025-09-15T04:45:00-04:00,24100.25,24119.5,24100.25,24116,0,0,0,0,0,0,0,NaN,24119.5,24100.25,24116
2025-09-15T04:50:00-04:00,24116,24116.75,24100.5,24102.25,0,0,0,0,0,0,0,NaN,24116.75,24100.5,24102.25
2025-09-15T04:55:00-04:00,24101.25,24101.5,24091,24095.75,0,0,0,0,0,0,0,NaN,24101.5,24091,24095.75
2025-09-15T05:00:00-04:00,24095,24096.75,24086.5,24089.75,0,0,0,0,0,0,0,NaN,24096.75,24086.5,24089.75
2025-09-15T05:05:00-04:00,24089.75,24095.5,24087,24092.25,0,0,0,0,0,0,0,NaN,24095.5,24087,24092.25
2025-09-15T05:10:00-04:00,24091,24094.25,24088,24090.75,0,0,0,0,0,0,0,NaN,24094.25,24088,24090.75
2025-09-15T05:15:00-04:00,24090.5,24093,24083.75,24087,0,0,0,0,0,0,0,NaN,24093,24083.75,24087
2025-09-15T05:20:00-04:00,24086.75,24091,24080.25,24090.5,0,0,0,0,0,0,0,NaN,24091,24080.25,24090.5
2025-09-15T05:25:00-04:00,24090.5,24094.25,24088,24093,0,0,0,0,0,0,0,NaN,24094.25,24088,24093
2025-09-15T05:30:00-04:00,24093,24100,24091,24093.25,0,0,0,0,0,0,0,NaN,24100,24091,24093.25
2025-09-15T05:35:00-04:00,24093.75,24100,24089.75,24098.5,0,0,0,0,0,0,0,NaN,24100,24089.75,24098.5
2025-09-15T05:40:00-04:00,24098.75,24098.75,24089.75,24093.75,0,0,0,0,0,0,0,NaN,24098.75,24089.75,24093.75
2025-09-15T05:45:00-04:00,24095.5,24099,24093,24096.25,0,0,0,0,0,0,0,NaN,24099,24093,24096.25
2025-09-15T05:50:00-04:00,24094.25,24098.5,24094,24097.5,0,0,0,0,0,0,0,NaN,24098.5,24094,24097.5
2025-09-15T05:55:00-04:00,24097.5,24099.75,24095,24097,0,0,0,0,0,0,0,NaN,24099.75,24095,24097
2025-09-15T06:00:00-04:00,24095.5,24097.75,24092.25,24095.5,0,0,0,0,0,0,0,NaN,24097.75,24092.25,24095.5
2025-09-15T06:05:00-04:00,24096.25,24103,24095.75,24102,0,0,0,0,0,0,0,NaN,24103,24095.75,24102
2025-09-15T06:10:00-04:00,24101.5,24102.5,24096.25,24102.5,0,0,0,0,0,0,0,NaN,24102.5,24096.25,24102.5
2025-09-15T06:15:00-04:00,24101.5,24109,24101.25,24108.5,0,0,0,0,0,0,0,NaN,24109,24101.25,24108.5
2025-09-15T06:20:00-04:00,24107.25,24114.5,24106.5,24109,0,0,0,0,0,0,0,NaN,24114.5,24106.5,24109
2025-09-15T06:25:00-04:00,24110.5,24122.75,24109.25,24122.75,0,0,0,0,0,0,0,NaN,24122.75,24109.25,24122.75
2025-09-15T06:30:00-04:00,24123,24133.25,24122.25,24123.5,0,0,0,0,0,0,0,NaN,24133.25,24122.25,24123.5
2025-09-15T06:35:00-04:00,24125.25,24130.75,24118.5,24120,0,0,0,0,0,0,0,NaN,24130.75,24118.5,24120
2025-09-15T06:40:00-04:00,24120,24121.5,24115.5,24118.75,0,0,0,0,0,0,0,NaN,24121.5,24115.5,24118.75
2025-09-15T06:45:00-04:00,24117.75,24124.75,24116.75,24122.75,0,0,0,0,0,0,0,NaN,24124.75,24116.75,24122.75
2025-09-15T06:50:00-04:00,24123.25,24129.25,24120,24127.25,0,0,0,0,0,0,0,NaN,24129.25,24120,24127.25
2025-09-15T06:55:00-04:00,24126.5,24128.25,24124,24127,0,0,0,0,0,0,0,NaN,24128.25,24124,24127
2025-09-15T07:00:00-04:00,24128.5,24135.75,24125.75,24134.5,0,0,0,0,0,0,0,NaN,24135.75,24125.75,24134.5
2025-09-15T07:05:00-04:00,24135,24145,24130.25,24142.25,0,0,0,0,0,0,0,NaN,24145,24130.25,24142.25
2025-09-15T07:10:00-04:00,24143,24144.5,24137.75,24137.75,0,0,0,0,0,0,0,NaN,24144.5,24137.75,24137.75
2025-09-15T07:15:00-04:00,24139.75,24140.75,24133,24134.75,0,0,0,0,0,0,0,NaN,24140.75,24133,24134.75
2025-09-15T07:20:00-04:00,24136.75,24140.75,24136.5,24136.75,0,0,0,0,0,0,0,NaN,24140.75,24136.5,24136.75
2025-09-15T07:25:00-04:00,24136,24139,24131.75,24134.5,0,0,0,0,0,0,0,NaN,24139,24131.75,24134.5
2025-09-15T07:30:00-04:00,24134.75,24138,24129.75,24135.75,0,0,0,0,0,0,0,NaN,24138,24129.75,24135.75
2025-09-15T07:35:00-04:00,24134.75,24147.75,24134.5,24143,0,0,0,0,0,0,0,NaN,24147.75,24134.5,24143
2025-09-15T07:40:00-04:00,24143,24146.25,24136.25,24141.5,0,0,0,0,0,0,0,NaN,24146.25,24136.25,24141.5
2025-09-15T07:45:00-04:00,24141.75,24146.75,24141.5,24143.5,0,0,0,0,0,0,0,NaN,24146.75,24141.5,24143.5
2025-09-15T07:50:00-04:00,24142.5,24144.75,24139.25,24140.5,0,0,0,0,0,0,0,NaN,24144.75,24139.25,24140.5
2025-09-15T07:55:00-04:00,24139.25,24145.5,24135.25,24144.5,0,0,0,0,0,0,0,NaN,24145.5,24135.25,24144.5
2025-09-15T08:00:00-04:00,24143.25,24152.75,24142.25,24151,0,0,0,0,0,0,0,NaN,24152.75,24142.25,24151
2025-09-15T08:05:00-04:00,24152.25,24153,24143.75,24149,0,0,0,0,0,0,0,NaN,24153,24143.75,24149
2025-09-15T08:10:00-04:00,24149.25,24151,24145.75,24148,0,0,0,0,0,0,0,NaN,24151,24145.75,24148
2025-09-15T08:15:00-04:00,24148.75,24162.5,24143.5,24152,0,0,0,0,0,0,0,NaN,24162.5,24143.5,24152
2025-09-15T08:20:00-04:00,24152,24173.75,24148,24170.25,0,0,0,0,0,0,0,NaN,24173.75,24148,24170.25
2025-09-15T08:25:00-04:00,24170.75,24174.25,24155.5,24157.25,0,0,0,0,0,0,0,NaN,24174.25,24155.5,24157.25
2025-09-15T08:30:00-04:00,24157.75,24157.75,24145.5,24152.5,0,0,0,0,0,0,0,NaN,24157.75,24145.5,24152.5
2025-09-15T08:35:00-04:00,24152.5,24152.5,24141.5,24144.25,0,0,0,0,0,0,0,NaN,24152.5,24141.5,24144.25
2025-09-15T08:40:00-04:00,24144.5,24156,24139.5,24155.25,0,0,0,0,0,0,0,NaN,24156,24139.5,24155.25
2025-09-15T08:45:00-04:00,24154.75,24156.25,24148.25,24155.75,0,0,0,0,0,0,0,NaN,24156.25,24148.25,24155.75
2025-09-15T08:50:00-04:00,24155.5,24168.25,24154,24168,0,0,0,0,0,0,0,NaN,24168.25,24154,24168
2025-09-15T08:55:00-04:00,24167.5,24173,24160.5,24173,0,0,0,0,0,0,0,NaN,24173,24160.5,24173
2025-09-15T09:00:00-04:00,24172.75,24179.75,24169.25,24171,0,0,0,0,0,0,0,NaN,24179.75,24169.25,24171
2025-09-15T09:05:00-04:00,24171.25,24177.5,24170,24171.75,0,0,0,0,0,0,0,NaN,24177.5,24170,24171.75
2025-09-15T09:10:00-04:00,24172,24176.25,24170,24172,0,0,0,0,0,0,0,NaN,24176.25,24170,24172
2025-09-15T09:15:00-04:00,24172.75,24173.5,24162.25,24169.5,0,0,0,0,0,0,0,NaN,24173.5,24162.25,24169.5
2025-09-15T09:20:00-04:00,24169.75,24177.5,24169,24172.75,0,0,0,0,0,0,0,NaN,24177.5,24169,24172.75
2025-09-15T09:25:00-04:00,24173.5,24183,24167.25,24178,0,0,0,0,0,0,0,NaN,24183,24167.25,24178
2025-09-15T09:30:00-04:00,24177.75,24212,24172.75,24201.5,0,0,0,0,0,0,0,NaN,24212,24172.75,24201.5
2025-09-15T09:35:00-04:00,24201.5,24224.75,24196,24213.5,0,0,0,0,0,0,0,NaN,24224.75,24196,24213.5
2025-09-15T09:40:00-04:00,24213.5,24226.5,24197.25,24203.5,0,0,0,0,0,0,0,NaN,24226.5,24197.25,24203.5
2025-09-15T09:45:00-04:00,24203.5,24231.5,24203.5,24228.5,0,0,0,0,0,0,0,NaN,24231.5,24203.5,24228.5
2025-09-15T09:50:00-04:00,24228.75,24251,24226,24246.5,0,0,0,0,0,0,0,NaN,24251,24226,24246.5
2025-09-15T09:55:00-04:00,24246.5,24262.25,24239,24260.5,0,0,0,0,0,0,0,NaN,24262.25,24239,24260.5
2025-09-15T10:00:00-04:00,24260.5,24265.25,24248.75,24253.5,0,0,0,0,0,0,0,NaN,24265.25,24248.75,24253.5
2025-09-15T10:05:00-04:00,24253.25,24262,24245.75,24249.75,0,0,0,0,0,0,0,NaN,24262,24245.75,24249.75
2025-09-15T10:10:00-04:00,24249.75,24254.5,24238,24247.5,0,0,0,0,0,0,0,NaN,24254.5,24238,24247.5
2025-09-15T10:15:00-04:00,24247.75,24249.75,24238.75,24241.25,0,0,0,0,0,0,0,NaN,24249.75,24238.75,24241.25
2025-09-15T10:20:00-04:00,24242,24242.75,24227.75,24235,0,0,0,0,0,0,0,NaN,24242.75,24227.75,24235
2025-09-15T10:25:00-04:00,24234.25,24257.5,24230.5,24254.75,0,0,0,0,0,0,0,NaN,24257.5,24230.5,24254.75
2025-09-15T10:30:00-04:00,24254.25,24259.5,24236.75,24241.25,0,0,0,0,0,0,0,NaN,24259.5,24236.75,24241.25
2025-09-15T10:35:00-04:00,24241.5,24253.25,24237.5,24248.25,0,0,0,0,0,0,0,NaN,24253.25,24237.5,24248.25
2025-09-15T10:40:00-04:00,24248,24258.5,24245.75,24255,0,0,0,0,0,0,0,NaN,24258.5,24245.75,24255
2025-09-15T10:45:00-04:00,24255.25,24262.25,24240,24244.25,0,0,0,0,0,0,0,NaN,24262.25,24240,24244.25
2025-09-15T10:50:00-04:00,24244,24256.25,24240.5,24251.5,0,0,0,0,0,0,0,NaN,24256.25,24240.5,24251.5
2025-09-15T10:55:00-04:00,24251.5,24262,24250.75,24262,0,0,0,0,0,0,0,NaN,24262,24250.75,24262
2025-09-15T11:00:00-04:00,24262,24270,24257.25,24265.5,0,0,0,0,0,0,0,NaN,24270,24257.25,24265.5
2025-09-15T11:05:00-04:00,24266.25,24267.5,24249.5,24249.5,0,0,0,0,0,0,0,NaN,24267.5,24249.5,24249.5
2025-09-15T11:10:00-04:00,24250,24265,24246.25,24256,0,0,0,0,0,0,0,NaN,24265,24246.25,24256
2025-09-15T11:15:00-04:00,24255.75,24262,24248,24249.75,0,0,0,0,0,0,0,NaN,24262,24248,24249.75
2025-09-15T11:20:00-04:00,24250,24251,24240.25,24247.25,0,0,0,0,0,0,0,NaN,24251,24240.25,24247.25
2025-09-15T11:25:00-04:00,24247.25,24264,24247.25,24254,0,0,0,0,0,0,0,NaN,24264,24247.25,24254
2025-09-15T11:30:00-04:00,24253.25,24257.25,24250,24250.75,0,0,0,0,0,0,0,NaN,24257.25,24250,24250.75
2025-09-15T11:35:00-04:00,24251,24267,24250.5,24265,0,0,0,0,0,0,0,NaN,24267,24250.5,24265
2025-09-15T11:40:00-04:00,24265.25,24278.25,24260.25,24260.75,0,0,0,0,0,0,0,NaN,24278.25,24260.25,24260.75
2025-09-15T11:45:00-04:00,24261,24279,24259.5,24277.75,0,0,0,0,0,0,0,NaN,24279,24259.5,24277.75
2025-09-15T11:50:00-04:00,24277.25,24282.75,24273.25,24281.25,0,0,0,0,0,0,0,NaN,24282.75,24273.25,24281.25
2025-09-15T11:55:00-04:00,24281,24289.75,24275,24279.75,0,0,0,0,0,0,0,NaN,24289.75,24275,24279.75
2025-09-15T12:00:00-04:00,24280,24281.25,24265.75,24270,0,0,0,0,0,0,0,NaN,24281.25,24265.75,24270
2025-09-15T12:05:00-04:00,24270,24283.5,24269,24283.25,0,0,0,0,0,0,0,NaN,24283.5,24269,24283.25
2025-09-15T12:10:00-04:00,24283,24295,24276.5,24286,0,0,0,0,0,0,0,NaN,24295,24276.5,24286
2025-09-15T12:15:00-04:00,24286.25,24291.25,24280.75,24281.75,0,0,0,0,0,0,0,NaN,24291.25,24280.75,24281.75
2025-09-15T12:20:00-04:00,24282.25,24288.25,24276.75,24279.25,0,0,0,0,0,0,0,NaN,24288.25,24276.75,24279.25
2025-09-15T12:25:00-04:00,24279.5,24280.25,24267.5,24269.75,0,0,0,0,0,0,0,NaN,24280.25,24267.5,24269.75
2025-09-15T12:30:00-04:00,24269.75,24287.25,24268.75,24284.75,0,0,0,0,0,0,0,NaN,24287.25,24268.75,24284.75
2025-09-15T12:35:00-04:00,24285,24286.5,24277.25,24284.75,0,0,0,0,0,0,0,NaN,24286.5,24277.25,24284.75
2025-09-15T12:40:00-04:00,24284.5,24286.75,24275.75,24284,0,0,0,0,0,0,0,NaN,24286.75,24275.75,24284
2025-09-15T12:45:00-04:00,24283.75,24283.75,24272,24276.25,0,0,0,0,0,0,0,NaN,24283.75,24272,24276.25
2025-09-15T12:50:00-04:00,24276.25,24281,24268,24273.75,0,0,0,0,0,0,0,NaN,24281,24268,24273.75
2025-09-15T12:55:00-04:00,24273.5,24276,24261,24266,0,0,0,0,0,0,0,NaN,24276,24261,24266
2025-09-15T13:00:00-04:00,24266,24270.75,24263,24264.75,0,0,0,0,0,0,0,NaN,24270.75,24263,24264.75
2025-09-15T13:05:00-04:00,24265,24280.25,24264.5,24273,0,0,0,0,0,0,0,NaN,24280.25,24264.5,24273
2025-09-15T13:10:00-04:00,24273,24274.5,24262.75,24266,0,0,0,0,0,0,0,NaN,24274.5,24262.75,24266
2025-09-15T13:15:00-04:00,24265.25,24268,24256.5,24260,0,0,0,0,0,0,0,NaN,24268,24256.5,24260
2025-09-15T13:20:00-04:00,24259.75,24265.5,24253,24261,0,0,0,0,0,0,0,NaN,24265.5,24253,24261
2025-09-15T13:25:00-04:00,24261.25,24262,24253.5,24254.25,0,0,0,0,0,0,0,NaN,24262,24253.5,24254.25
2025-09-15T13:30:00-04:00,24253.75,24261.25,24248.75,24258.75,0,0,0,0,0,0,0,NaN,24261.25,24248.75,24258.75
2025-09-15T13:35:00-04:00,24258,24265.75,24251.75,24263.25,0,0,0,0,0,0,0,NaN,24265.75,24251.75,24263.25
2025-09-15T13:40:00-04:00,24263.25,24273,24263.25,24268.25,0,0,0,0,0,0,0,NaN,24273,24263.25,24268.25
2025-09-15T13:45:00-04:00,24268.25,24277.75,24263,24275.5,0,0,0,0,0,0,0,NaN,24277.75,24263,24275.5
2025-09-15T13:50:00-04:00,24275.75,24279.25,24274,24276.25,0,0,0,0,0,0,0,NaN,24279.25,24274,24276.25
2025-09-15T13:55:00-04:00,24276.75,24288.5,24275.25,24286.75,0,0,0,0,0,0,0,NaN,24288.5,24275.25,24286.75
2025-09-15T14:00:00-04:00,24286.5,24287.75,24277.5,24287.5,0,0,0,0,0,0,0,NaN,24287.75,24277.5,24287.5
2025-09-15T14:05:00-04:00,24287,24290.5,24280.25,24282.25,0,0,0,0,0,0,0,NaN,24290.5,24280.25,24282.25
2025-09-15T14:10:00-04:00,24282.5,24286,24273.25,24281.75,0,0,0,0,0,0,0,NaN,24286,24273.25,24281.75
2025-09-15T14:15:00-04:00,24281.75,24284.75,24270.75,24275.25,0,0,0,0,0,0,0,NaN,24284.75,24270.75,24275.25
2025-09-15T14:20:00-04:00,24275,24276.75,24270.25,24272.25,0,0,0,0,0,0,0,NaN,24276.75,24270.25,24272.25
2025-09-15T14:25:00-04:00,24272,24276,24264,24264.25,0,0,0,0,0,0,0,NaN,24276,24264,24264.25
2025-09-15T14:30:00-04:00,24264.5,24280,24263.5,24276.25,0,0,0,0,0,0,0,NaN,24280,24263.5,24276.25
2025-09-15T14:35:00-04:00,24276,24278.75,24265.25,24267.25,0,0,0,0,0,0,0,NaN,24278.75,24265.25,24267.25
2025-09-15T14:40:00-04:00,24266.75,24266.75,24245,24251.75,0,0,0,0,0,0,0,NaN,24266.75,24245,24251.75
2025-09-15T14:45:00-04:00,24251.5,24262.25,24251.5,24261.75,0,0,0,0,0,0,0,NaN,24262.25,24251.5,24261.75
2025-09-15T14:50:00-04:00,24261.25,24273.25,24258.5,24272,0,0,0,0,0,0,0,NaN,24273.25,24258.5,24272
2025-09-15T14:55:00-04:00,24272.25,24273.5,24266,24270.75,0,0,0,0,0,0,0,NaN,24273.5,24266,24270.75
2025-09-15T15:00:00-04:00,24271.25,24281,24266.5,24267,0,0,0,0,0,0,0,NaN,24281,24266.5,24267
2025-09-15T15:05:00-04:00,24267.5,24275.75,24262.5,24274,0,0,0,0,0,0,0,NaN,24275.75,24262.5,24274
2025-09-15T15:10:00-04:00,24273.25,24278,24269.75,24270.75,0,0,0,0,0,0,0,NaN,24278,24269.75,24270.75
2025-09-15T15:15:00-04:00,24270.75,24274,24261.75,24273.5,0,0,0,0,0,0,0,NaN,24274,24261.75,24273.5
2025-09-15T15:20:00-04:00,24273.75,24277.5,24268.25,24273.25,0,0,0,0,0,0,0,NaN,24277.5,24268.25,24273.25
2025-09-15T15:25:00-04:00,24273,24277.25,24269.5,24274.25,0,0,0,0,0,0,0,NaN,24277.25,24269.5,24274.25
2025-09-15T15:30:00-04:00,24273.25,24277.75,24268.75,24277.25,0,0,0,0,0,0,0,NaN,24277.75,24268.75,24277.25
2025-09-15T15:35:00-04:00,24277.75,24282.75,24274,24279.5,0,0,0,0,0,0,0,NaN,24282.75,24274,24279.5
2025-09-15T15:40:00-04:00,24279.5,24287,24275.25,24277.75,0,0,0,0,0,0,0,NaN,24287,24275.25,24277.75
2025-09-15T15:45:00-04:00,24277.5,24292.75,24276,24290.75,0,0,0,0,0,0,0,NaN,24292.75,24276,24290.75
2025-09-15T15:50:00-04:00,24290,24294,24265.5,24287.75,0,0,0,0,0,0,0,NaN,24294,24265.5,24287.75
2025-09-15T15:55:00-04:00,24287,24315.5,24276.5,24311.75,0,0,0,0,0,0,0,NaN,24315.5,24276.5,24311.75
2025-09-15T16:00:00-04:00,24311.75,24314.5,24292.25,24293.75,0,0,0,0,0,0,0,NaN,24314.5,24292.25,24293.75
2025-09-15T16:05:00-04:00,24294.25,24298.75,24290.25,24296.25,0,0,0,0,0,0,0,NaN,24298.75,24290.25,24296.25
2025-09-15T16:10:00-04:00,24296.5,24296.5,24286,24288,0,0,0,0,0,0,0,NaN,24296.5,24286,24288
2025-09-15T16:15:00-04:00,24287.5,24297,24286.5,24295,0,0,0,0,0,0,0,NaN,24297,24286.5,24295
2025-09-15T16:20:00-04:00,24295,24297.25,24294.5,24295.5,0,0,0,0,0,0,0,NaN,24297.25,24294.5,24295.5
2025-09-15T16:25:00-04:00,24295.75,24296,24289.75,24290,0,0,0,0,0,0,0,NaN,24296,24289.75,24290
2025-09-15T16:30:00-04:00,24290.25,24293.75,24289,24292.75,0,0,0,0,0,0,0,NaN,24293.75,24289,24292.75
2025-09-15T16:35:00-04:00,24292.5,24298.5,24292,24298.5,0,0,0,0,0,0,0,NaN,24298.5,24292,24298.5
2025-09-15T16:40:00-04:00,24297.75,24302.25,24296.75,24301.75,0,0,0,0,0,0,0,NaN,24302.25,24296.75,24301.75
2025-09-15T16:45:00-04:00,24301.25,24304.5,24298.25,24298.75,0,0,0,0,0,0,0,NaN,24304.5,24298.25,24298.75
2025-09-15T16:50:00-04:00,24298.5,24302.75,24298,24298.5,0,0,0,0,0,0,0,NaN,24302.75,24298,24298.5
2025-09-15T16:55:00-04:00,24298.75,24301.5,24296,24296.5,0,0,0,0,0,0,0,NaN,24301.5,24296,24296.5
2025-09-15T18:00:00-04:00,24533.75,24537,24526.25,24531,0,0,0,0,0,0,0,NaN,24537,24526.25,24531
2025-09-15T18:05:00-04:00,24531.5,24536.25,24528.75,24532.25,0,0,0,0,0,0,0,NaN,24536.25,24528.75,24532.25
2025-09-15T18:10:00-04:00,24533,24535,24529.5,24531.75,0,0,0,0,0,0,0,NaN,24535,24529.5,24531.75
2025-09-15T18:15:00-04:00,24532.5,24532.75,24529.75,24530.25,0,0,0,0,0,0,0,NaN,24532.75,24529.75,24530.25
2025-09-15T18:20:00-04:00,24530.75,24537.5,24528,24532.75,0,0,0,0,0,0,0,NaN,24537.5,24528,24532.75
2025-09-15T18:25:00-04:00,24532,24532.5,24527.25,24529.75,0,0,0,0,0,0,0,NaN,24532.5,24527.25,24529.75
2025-09-15T18:30:00-04:00,24530.25,24530.5,24524,24527.25,0,0,0,0,0,0,0,NaN,24530.5,24524,24527.25
2025-09-15T18:35:00-04:00,24527.25,24531,24526.5,24529.75,0,0,0,0,0,0,0,NaN,24531,24526.5,24529.75
2025-09-15T18:40:00-04:00,24530,24533.5,24529.5,24532.75,0,0,0,0,0,0,0,NaN,24533.5,24529.5,24532.75
2025-09-15T18:45:00-04:00,24532,24533.5,24530.5,24532,0,0,0,0,0,0,0,NaN,24533.5,24530.5,24532
2025-09-15T18:50:00-04:00,24532,24533.75,24530,24530.5,0,0,0,0,0,0,0,NaN,24533.75,24530,24530.5
2025-09-15T18:55:00-04:00,24530,24532.25,24525.75,24530.25,0,0,0,0,0,0,0,NaN,24532.25,24525.75,24530.25
2025-09-15T19:00:00-04:00,24531.5,24533.5,24528,24531,0,0,0,0,0,0,0,NaN,24533.5,24528,24531
2025-09-15T19:05:00-04:00,24531.75,24534,24529.5,24529.5,0,0,0,0,0,0,0,NaN,24534,24529.5,24529.5
2025-09-15T19:10:00-04:00,24529.5,24533.5,24529.5,24531.25,0,0,0,0,0,0,0,NaN,24533.5,24529.5,24531.25
2025-09-15T19:15:00-04:00,24532,24540.75,24531.25,24540,0,0,0,0,0,0,0,NaN,24540.75,24531.25,24540
2025-09-15T19:20:00-04:00,24540,24546.5,24538.5,24546,0,0,0,0,0,0,0,NaN,24546.5,24538.5,24546
2025-09-15T19:25:00-04:00,24546,24549.25,24544.5,24547,0,0,0,0,0,0,0,NaN,24549.25,24544.5,24547
2025-09-15T19:30:00-04:00,24545.25,24546,24540.5,24543.75,0,0,0,0,0,0,0,NaN,24546,24540.5,24543.75
2025-09-15T19:35:00-04:00,24544,24544,24540.75,24543,0,0,0,0,0,0,0,NaN,24544,24540.75,24543
2025-09-15T19:40:00-04:00,24542.5,24546.5,24540,24542.25,0,0,0,0,0,0,0,NaN,24546.5,24540,24542.25
2025-09-15T19:45:00-04:00,24541.75,24543.5,24537,24541.75,0,0,0,0,0,0,0,NaN,24543.5,24537,24541.75
2025-09-15T19:50:00-04:00,24541.5,24545.5,24541,24544.75,0,0,0,0,0,0,0,NaN,24545.5,24541,24544.75
2025-09-15T19:55:00-04:00,24545,24547.25,24544.25,24546.25,0,0,0,0,0,0,0,NaN,24547.25,24544.25,24546.25
2025-09-15T20:00:00-04:00,24546.75,24547.25,24538.25,24544.5,0,0,0,0,0,0,0,NaN,24547.25,24538.25,24544.5
2025-09-15T20:05:00-04:00,24544,24544.5,24540.5,24542.75,0,0,0,0,0,0,0,NaN,24544.5,24540.5,24542.75
2025-09-15T20:10:00-04:00,24542.5,24543.5,24538.75,24540,0,0,0,0,0,0,0,NaN,24543.5,24538.75,24540
2025-09-15T20:15:00-04:00,24538.75,24542.25,24536,24541.25,0,0,0,0,0,0,0,NaN,24542.25,24536,24541.25
2025-09-15T20:20:00-04:00,24541.25,24542.5,24538.75,24539.25,0,0,0,0,0,0,0,NaN,24542.5,24538.75,24539.25
2025-09-15T20:25:00-04:00,24538.75,24539,24534,24536,0,0,0,0,0,0,0,NaN,24539,24534,24536
2025-09-15T20:30:00-04:00,24536.25,24536.75,24526.75,24534.75,0,0,0,0,0,0,0,NaN,24536.75,24526.75,24534.75
2025-09-15T20:35:00-04:00,24534.5,24537,24532.25,24537,0,0,0,0,0,0,0,NaN,24537,24532.25,24537
2025-09-15T20:40:00-04:00,24537.25,24541.75,24535.25,24540.75,0,0,0,0,0,0,0,NaN,24541.75,24535.25,24540.75
2025-09-15T20:45:00-04:00,24541.25,24546,24537.5,24544.5,0,0,0,0,0,0,0,NaN,24546,24537.5,24544.5
2025-09-15T20:50:00-04:00,24544,24546.25,24542,24544,0,0,0,0,0,0,0,NaN,24546.25,24542,24544
2025-09-15T20:55:00-04:00,24544.75,24545,24542,24544.5,0,0,0,0,0,0,0,NaN,24545,24542,24544.5
2025-09-15T21:00:00-04:00,24545.25,24546,24541.5,24544.5,0,0,0,0,0,0,0,NaN,24546,24541.5,24544.5
2025-09-15T21:05:00-04:00,24545.5,24551.5,24545.5,24550,0,0,0,0,0,0,0,NaN,24551.5,24545.5,24550
2025-09-15T21:10:00-04:00,24550,24556.25,24550,24551.5,0,0,0,0,0,0,0,NaN,24556.25,24550,24551.5
2025-09-15T21:15:00-04:00,24552,24553.75,24549.75,24551,0,0,0,0,0,0,0,NaN,24553.75,24549.75,24551
2025-09-15T21:20:00-04:00,24550.25,24551.5,24548.75,24550.5,0,0,0,0,0,0,0,NaN,24551.5,24548.75,24550.5
2025-09-15T21:25:00-04:00,24551,24553,24548.5,24548.5,0,0,0,0,0,0,0,NaN,24553,24548.5,24548.5
2025-09-15T21:30:00-04:00,24549.25,24553.25,24548.75,24552.25,0,0,0,0,0,0,0,NaN,24553.25,24548.75,24552.25
2025-09-15T21:35:00-04:00,24552.75,24556.25,24552,24555,0,0,0,0,0,0,0,NaN,24556.25,24552,24555
2025-09-15T21:40:00-04:00,24555.5,24561.25,24551.5,24560.5,0,0,0,0,0,0,0,NaN,24561.25,24551.5,24560.5
2025-09-15T21:45:00-04:00,24560.75,24562.5,24558,24559,0,0,0,0,0,0,0,NaN,24562.5,24558,24559
2025-09-15T21:50:00-04:00,24559.25,24560,24553.25,24555.5,0,0,0,0,0,0,0,NaN,24560,24553.25,24555.5
2025-09-15T21:55:00-04:00,24555.25,24558.25,24554.25,24555.75,0,0,0,0,0,0,0,NaN,24558.25,24554.25,24555.75
2025-09-15T22:00:00-04:00,24556.5,24558,24554,24557,0,0,0,0,0,0,0,NaN,24558,24554,24557
2025-09-15T22:05:00-04:00,24557.5,24559.75,24556,24558.25,0,0,0,0,0,0,0,NaN,24559.75,24556,24558.25
2025-09-15T22:10:00-04:00,24558,24561.5,24558,24560.25,0,0,0,0,0,0,0,NaN,24561.5,24558,24560.25
2025-09-15T22:15:00-04:00,24560.25,24564.75,24560,24563,0,0,0,0,0,0,0,NaN,24564.75,24560,24563
2025-09-15T22:20:00-04:00,24562.5,24564,24561.25,24562.75,0,0,0,0,0,0,0,NaN,24564,24561.25,24562.75
2025-09-15T22:25:00-04:00,24563,24568,24561.5,24565.75,0,0,0,0,0,0,0,NaN,24568,24561.5,24565.75
2025-09-15T22:30:00-04:00,24565.5,24585.75,24565.25,24579.75,0,0,0,0,0,0,0,NaN,24585.75,24565.25,24579.75
2025-09-15T22:35:00-04:00,24579,24579.5,24573,24574.75,0,0,0,0,0,0,0,NaN,24579.5,24573,24574.75
2025-09-15T22:40:00-04:00,24574.75,24574.75,24569.25,24573,0,0,0,0,0,0,0,NaN,24574.75,24569.25,24573
2025-09-15T22:45:00-04:00,24572.75,24573,24569,24571.25,0,0,0,0,0,0,0,NaN,24573,24569,24571.25
2025-09-15T22:50:00-04:00,24572,24574.25,24571.5,24571.75,0,0,0,0,0,0,0,NaN,24574.25,24571.5,24571.75
2025-09-15T22:55:00-04:00,24572,24572,24568,24571,0,0,0,0,0,0,0,NaN,24572,24568,24571
2025-09-15T23:00:00-04:00,24571.5,24573.75,24569.75,24573.75,0,0,0,0,0,0,0,NaN,24573.75,24569.75,24573.75
2025-09-15T23:05:00-04:00,24573.75,24578,24573.25,24576.75,0,0,0,0,0,0,0,NaN,24578,24573.25,24576.75
2025-09-15T23:10:00-04:00,24577.25,24579.25,24575.5,24577.25,0,0,0,0,0,0,0,NaN,24579.25,24575.5,24577.25
2025-09-15T23:15:00-04:00,24577,24578.25,24574.5,24576,0,0,0,0,0,0,0,NaN,24578.25,24574.5,24576
2025-09-15T23:20:00-04:00,24575.5,24577.25,24573.75,24576.25,0,0,0,0,0,0,0,NaN,24577.25,24573.75,24576.25
2025-09-15T23:25:00-04:00,24575.75,24582,24575.75,24579.25,0,0,0,0,0,0,0,NaN,24582,24575.75,24579.25
2025-09-15T23:30:00-04:00,24579.75,24589.5,24578,24584.25,0,0,0,0,0,0,0,NaN,24589.5,24578,24584.25
2025-09-15T23:35:00-04:00,24583.75,24584,24579,24581.75,0,0,0,0,0,0,0,NaN,24584,24579,24581.75
2025-09-15T23:40:00-04:00,24582.5,24584.75,24581.5,24582.25,0,0,0,0,0,0,0,NaN,24584.75,24581.5,24582.25
2025-09-15T23:45:00-04:00,24582,24586,24579.25,24585.25,0,0,0,0,0,0,0,NaN,24586,24579.25,24585.25
2025-09-15T23:50:00-04:00,24585.5,24585.5,24578.5,24581.5,0,0,0,0,0,0,0,NaN,24585.5,24578.5,24581.5
2025-09-15T23:55:00-04:00,24583,24586.75,24583,24585.25,0,0,0,0,0,0,0,NaN,24586.75,24583,24585.25
2025-09-16T00:00:00-04:00,24584.75,24585.75,24581.5,24583.25,0,0,1,0,0,0,0,NaN,24585.75,24581.5,24583.25
2025-09-16T00:05:00-04:00,24583.25,24583.75,24581,24582,0,0,0,0,0,0,0,NaN,24583.75,24581,24582
2025-09-16T00:10:00-04:00,24581.75,24582.25,24576.75,24578.5,0,0,0,0,0,0,0,NaN,24582.25,24576.75,24578.5
2025-09-16T00:15:00-04:00,24577.5,24580.75,24577.5,24579,0,0,0,0,0,0,0,NaN,24580.75,24577.5,24579
2025-09-16T00:20:00-04:00,24579.75,24585,24579.5,24583.75,0,0,0,0,0,0,0,NaN,24585,24579.5,24583.75
2025-09-16T00:25:00-04:00,24583,24583,24580.5,24580.5,0,0,0,0,0,0,0,NaN,24583,24580.5,24580.5
2025-09-16T00:30:00-04:00,24580,24580.75,24577.5,24580.5,0,0,0,0,0,0,0,NaN,24580.75,24577.5,24580.5
2025-09-16T00:35:00-04:00,24581,24583,24579.25,24581,0,0,0,0,0,0,0,NaN,24583,24579.25,24581
2025-09-16T00:40:00-04:00,24581.25,24584.75,24580.5,24582,0,0,0,0,0,0,0,NaN,24584.75,24580.5,24582
2025-09-16T00:45:00-04:00,24582,24582.5,24579,24579.75,0,0,0,0,0,0,0,NaN,24582.5,24579,24579.75
2025-09-16T00:50:00-04:00,24578.75,24581,24577,24578,0,0,0,0,0,0,0,NaN,24581,24577,24578
2025-09-16T00:55:00-04:00,24579.5,24581.25,24578.5,24580,0,0,0,0,0,0,0,NaN,24581.25,24578.5,24580
2025-09-16T01:00:00-04:00,24580.75,24584,24577.5,24580.5,0,0,0,0,0,0,0,NaN,24584,24577.5,24580.5
2025-09-16T01:05:00-04:00,24580.25,24586.75,24579.25,24584.75,0,0,0,0,0,0,0,NaN,24586.75,24579.25,24584.75
2025-09-16T01:10:00-04:00,24584.5,24594.25,24584.25,24590.25,0,0,0,0,0,0,0,NaN,24594.25,24584.25,24590.25
2025-09-16T01:15:00-04:00,24590,24591.5,24583,24585.25,0,0,0,0,0,0,0,NaN,24591.5,24583,24585.25
2025-09-16T01:20:00-04:00,24584.5,24588,24582.25,24587.75,0,0,0,0,0,0,0,NaN,24588,24582.25,24587.75
2025-09-16T01:25:00-04:00,24587.25,24591,24585.75,24589.5,0,0,0,0,0,0,0,NaN,24591,24585.75,24589.5
2025-09-16T01:30:00-04:00,24588.75,24589.75,24583.5,24584.25,0,0,0,0,0,0,0,NaN,24589.75,24583.5,24584.25
2025-09-16T01:35:00-04:00,24585,24589,24584.75,24588.75,0,0,0,0,0,0,0,NaN,24589,24584.75,24588.75
2025-09-16T01:40:00-04:00,24588.75,24592,24586,24591,0,0,0,0,0,0,0,NaN,24592,24586,24591
2025-09-16T01:45:00-04:00,24589.5,24593.5,24586,24592.75,0,0,0,0,0,0,0,NaN,24593.5,24586,24592.75
2025-09-16T01:50:00-04:00,24593.5,24602,24593.5,24598.5,0,0,0,0,0,0,0,NaN,24602,24593.5,24598.5
2025-09-16T01:55:00-04:00,24598.5,24599,24593.25,24595,0,0,0,0,0,0,0,NaN,24599,24593.25,24595
2025-09-16T02:00:00-04:00,24595,24602.75,24594,24600.75,0,0,0,0,0,0,0,NaN,24602.75,24594,24600.75
2025-09-16T02:05:00-04:00,24600.75,24600.75,24595.75,24599,0,0,0,0,0,0,0,NaN,24600.75,24595.75,24599
2025-09-16T02:10:00-04:00,24599.5,24603.5,24597,24602,0,0,0,0,0,0,0,NaN,24603.5,24597,24602
2025-09-16T02:15:00-04:00,24601.5,24602.25,24598.25,24601,0,0,0,0,0,0,0,NaN,24602.25,24598.25,24601
2025-09-16T02:20:00-04:00,24600.5,24603.25,24596.25,24597,0,0,0,0,0,0,0,NaN,24603.25,24596.25,24597
2025-09-16T02:25:00-04:00,24597.25,24597.25,24591.5,24593.75,0,0,0,0,0,0,0,NaN,24597.25,24591.5,24593.75
2025-09-16T02:30:00-04:00,24594.25,24594.25,24584.75,24587.75,0,0,0,0,0,0,0,NaN,24594.25,24584.75,24587.75
2025-09-16T02:35:00-04:00,24587.5,24590,24585.25,24588.25,0,0,0,0,0,0,0,NaN,24590,24585.25,24588.25
2025-09-16T02:40:00-04:00,24588,24596,24586.5,24593.25,0,0,0,0,0,0,0,NaN,24596,24586.5,24593.25
2025-09-16T02:45:00-04:00,24593,24593,24588.75,24590,0,0,0,0,0,0,0,NaN,24593,24588.75,24590
2025-09-16T02:50:00-04:00,24589.25,24591,24588,24589,0,0,0,0,0,0,0,NaN,24591,24588,24589
2025-09-16T02:55:00-04:00,24588.75,24589.25,24585.25,24588.25,0,0,0,0,0,0,0,NaN,24589.25,24585.25,24588.25
2025-09-16T03:00:00-04:00,24588,24595.5,24585.25,24595,0,0,0,0,0,0,0,NaN,24595.5,24585.25,24595
2025-09-16T03:05:00-04:00,24595,24595.5,24581.5,24590.75,0,0,0,0,0,0,0,NaN,24595.5,24581.5,24590.75
2025-09-16T03:10:00-04:00,24590.5,24604.25,24589.75,24599.5,0,0,0,0,0,0,0,NaN,24604.25,24589.75,24599.5
2025-09-16T03:15:00-04:00,24599.5,24606.75,24594.25,24604.5,0,0,0,0,0,0,0,NaN,24606.75,24594.25,24604.5
2025-09-16T03:20:00-04:00,24605.25,24614.25,24596,24607.5,0,0,0,0,0,0,0,NaN,24614.25,24596,24607.5
2025-09-16T03:25:00-04:00,24607.75,24612,24605,24610,0,0,0,0,0,0,0,NaN,24612,24605,24610
2025-09-16T03:30:00-04:00,24610.25,24615,24606.5,24615,0,0,0,0,0,0,0,NaN,24615,24606.5,24615
2025-09-16T03:35:00-04:00,24615,24618,24609,24613.75,0,0,0,0,0,0,0,NaN,24618,24609,24613.75
2025-09-16T03:40:00-04:00,24613.75,24614.25,24604.25,24609.5,0,0,0,0,0,0,0,NaN,24614.25,24604.25,24609.5
2025-09-16T03:45:00-04:00,24609.75,24609.75,24604,24606.25,0,0,0,0,0,0,0,NaN,24609.75,24604,24606.25
2025-09-16T03:50:00-04:00,24605.75,24606.5,24595.75,24601.5,0,0,0,0,0,0,0,NaN,24606.5,24595.75,24601.5
2025-09-16T03:55:00-04:00,24601,24604.25,24598.75,24602,0,0,0,0,0,0,0,NaN,24604.25,24598.75,24602
2025-09-16T04:00:00-04:00,24602.25,24626.75,24601,24622.5,0,0,0,0,0,0,0,NaN,24626.75,24601,24622.5
2025-09-16T04:05:00-04:00,24622,24634.5,24620.25,24632.75,0,0,0,0,0,0,0,NaN,24634.5,24620.25,24632.75
2025-09-16T04:10:00-04:00,24633,24635.5,24628,24634,0,0,0,0,0,0,0,NaN,24635.5,24628,24634
2025-09-16T04:15:00-04:00,24633.75,24638,24629,24630,0,0,0,0,0,0,0,NaN,24638,24629,24630
2025-09-16T04:20:00-04:00,24629.5,24634,24625,24634,0,0,0,0,0,0,0,NaN,24634,24625,24634
2025-09-16T04:25:00-04:00,24634.5,24636.5,24628.75,24636.5,0,0,0,0,0,0,0,NaN,24636.5,24628.75,24636.5
2025-09-16T04:30:00-04:00,24636.25,24636.25,24628.5,24628.5,0,0,0,0,0,0,0,NaN,24636.25,24628.5,24628.5
2025-09-16T04:35:00-04:00,24628.25,24632,24626.5,24631.75,0,0,0,0,0,0,0,NaN,24632,24626.5,24631.75
2025-09-16T04:40:00-04:00,24632.5,24638.25,24632,24636,0,0,0,0,0,0,0,NaN,24638.25,24632,24636
2025-09-16T04:45:00-04:00,24636.75,24646.5,24635,24646.5,0,0,0,0,0,0,0,NaN,24646.5,24635,24646.5
2025-09-16T04:50:00-04:00,24645.25,24647.25,24640.5,24644,0,0,0,0,0,0,0,NaN,24647.25,24640.5,24644
2025-09-16T04:55:00-04:00,24643.25,24643.75,24633.75,24639.5,0,0,0,0,0,0,0,NaN,24643.75,24633.75,24639.5
2025-09-16T05:00:00-04:00,24640.25,24645.5,24638.25,24643.25,0,0,0,0,0,0,0,NaN,24645.5,24638.25,24643.25
2025-09-16T05:05:00-04:00,24644.5,24645.25,24640.5,24642.5,0,0,0,0,0,0,0,NaN,24645.25,24640.5,24642.5
2025-09-16T05:10:00-04:00,24642.25,24642.25,24637.25,24637.75,0,0,0,0,0,0,0,NaN,24642.25,24637.25,24637.75
2025-09-16T05:15:00-04:00,24637.25,24638.75,24628.5,24631,0,0,0,0,0,0,0,NaN,24638.75,24628.5,24631
2025-09-16T05:20:00-04:00,24630.75,24635,24628.75,24631.5,0,0,0,0,0,0,0,NaN,24635,24628.75,24631.5
2025-09-16T05:25:00-04:00,24631.5,24635,24628,24632.75,0,0,0,0,0,0,0,NaN,24635,24628,24632.75
2025-09-16T05:30:00-04:00,24632.75,24632.75,24621.75,24624.5,0,0,0,0,0,0,0,NaN,24632.75,24621.75,24624.5
2025-09-16T05:35:00-04:00,24624.25,24627.75,24616.75,24617.5,0,0,0,0,0,0,0,NaN,24627.75,24616.75,24617.5
2025-09-16T05:40:00-04:00,24617.25,24623.25,24617.25,24621.75,0,0,0,0,0,0,0,NaN,24623.25,24617.25,24621.75
2025-09-16T05:45:00-04:00,24621.5,24625.25,24620.75,24621.5,0,0,0,0,0,0,0,NaN,24625.25,24620.75,24621.5
2025-09-16T05:50:00-04:00,24621.25,24625.25,24619.5,24624.5,0,0,0,0,0,0,0,NaN,24625.25,24619.5,24624.5
2025-09-16T05:55:00-04:00,24625.25,24627.5,24620,24625.75,0,0,0,0,0,0,0,NaN,24627.5,24620,24625.75
2025-09-16T06:00:00-04:00,24625.75,24626.75,24620.5,24620.75,0,0,0,0,0,0,0,NaN,24626.75,24620.5,24620.75
2025-09-16T06:05:00-04:00,24620.5,24624.25,24619,24622,0,0,0,0,0,0,0,NaN,24624.25,24619,24622
2025-09-16T06:10:00-04:00,24622,24624.75,24617.75,24622.5,0,0,0,0,0,0,0,NaN,24624.75,24617.75,24622.5
2025-09-16T06:15:00-04:00,24622.5,24625.5,24620.25,24625,0,0,0,0,0,0,0,NaN,24625.5,24620.25,24625
2025-09-16T06:20:00-04:00,24624.75,24631,24624,24629.75,0,0,0,0,0,0,0,NaN,24631,24624,24629.75
2025-09-16T06:25:00-04:00,24630,24630.75,24625.25,24629,0,0,0,0,0,0,0,NaN,24630.75,24625.25,24629
2025-09-16T06:30:00-04:00,24629.5,24630,24622.75,24624.5,0,0,0,0,0,0,0,NaN,24630,24622.75,24624.5
2025-09-16T06:35:00-04:00,24623.75,24625,24620.75,24623.5,0,0,0,0,0,0,0,NaN,24625,24620.75,24623.5
2025-09-16T06:40:00-04:00,24623.5,24625.5,24620.75,24622.25,0,0,0,0,0,0,0,NaN,24625.5,24620.75,24622.25
2025-09-16T06:45:00-04:00,24621.75,24628,24621.5,24625.75,0,0,0,0,0,0,0,NaN,24628,24621.5,24625.75
2025-09-16T06:50:00-04:00,24626.5,24632.75,24625,24631.25,0,0,0,0,0,0,0,NaN,24632.75,24625,24631.25
2025-09-16T06:55:00-04:00,24631.25,24631.25,24623.75,24627,0,0,0,0,0,0,0,NaN,24631.25,24623.75,24627
2025-09-16T07:00:00-04:00,24627,24627.25,24620,24623.25,0,0,0,0,0,0,0,NaN,24627.25,24620,24623.25
2025-09-16T07:05:00-04:00,24623,24625.75,24617.25,24623.75,0,0,0,0,0,0,0,NaN,24625.75,24617.25,24623.75
2025-09-16T07:10:00-04:00,24624.25,24626.75,24618.5,24621.75,0,0,0,0,0,0,0,NaN,24626.75,24618.5,24621.75
2025-09-16T07:15:00-04:00,24621.5,24621.5,24600,24608,0,0,0,0,0,0,0,NaN,24621.5,24600,24608
2025-09-16T07:20:00-04:00,24608,24614.5,24606,24611.75,0,0,0,0,0,0,0,NaN,24614.5,24606,24611.75
2025-09-16T07:25:00-04:00,24610.25,24614.75,24609.25,24610,0,0,0,0,0,0,0,NaN,24614.75,24609.25,24610
2025-09-16T07:30:00-04:00,24610,24613.75,24607,24607,0,0,0,0,0,0,0,NaN,24613.75,24607,24607
2025-09-16T07:35:00-04:00,24607,24608.25,24601.25,24602.75,0,0,0,0,0,0,0,NaN,24608.25,24601.25,24602.75
2025-09-16T07:40:00-04:00,24603.25,24605.25,24597,24600.5,0,0,0,0,0,0,0,NaN,24605.25,24597,24600.5
2025-09-16T07:45:00-04:00,24601.25,24605.75,24600.5,24601,0,0,0,0,0,0,0,NaN,24605.75,24600.5,24601
2025-09-16T07:50:00-04:00,24601,24605.25,24599,24605.25,0,0,0,0,0,0,0,NaN,24605.25,24599,24605.25
2025-09-16T07:55:00-04:00,24605,24609.75,24605,24605,0,0,0,0,0,0,0,NaN,24609.75,24605,24605
2025-09-16T08:00:00-04:00,24605.25,24607,24591.75,24593.25,0,0,0,0,0,0,0,NaN,24607,24591.75,24593.25
2025-09-16T08:05:00-04:00,24593,24596,24591,24595.5,0,0,0,0,0,0,0,NaN,24596,24591,24595.5
2025-09-16T08:10:00-04:00,24595.75,24600.75,24589,24597.75,0,0,0,0,0,0,0,NaN,24600.75,24589,24597.75
2025-09-16T08:15:00-04:00,24598,24600.5,24594.75,24598.75,0,0,0,0,0,0,0,NaN,24600.5,24594.75,24598.75
2025-09-16T08:20:00-04:00,24598.5,24602,24593.75,24594.75,0,0,0,0,0,0,0,NaN,24602,24593.75,24594.75
2025-09-16T08:25:00-04:00,24594.5,24596.25,24586.5,24591.5,0,0,0,0,0,0,0,NaN,24596.25,24586.5,24591.5
2025-09-16T08:30:00-04:00,24590,24601,24584.5,24597.75,0,0,0,0,0,0,0,NaN,24601,24584.5,24597.75
2025-09-16T08:35:00-04:00,24597.75,24608.5,24595,24600.75,0,0,0,0,0,0,0,NaN,24608.5,24595,24600.75
2025-09-16T08:40:00-04:00,24600.25,24600.75,24590.25,24600,0,0,0,0,0,0,0,NaN,24600.75,24590.25,24600
2025-09-16T08:45:00-04:00,24600,24605.75,24598,24604,0,0,0,0,0,0,0,NaN,24605.75,24598,24604
2025-09-16T08:50:00-04:00,24604,24604,24595,24596.25,0,0,0,0,0,0,0,NaN,24604,24595,24596.25
2025-09-16T08:55:00-04:00,24596.25,24604.5,24588.25,24597,0,0,0,0,0,0,0,NaN,24604.5,24588.25,24597
2025-09-16T09:00:00-04:00,24597.25,24607.75,24593.25,24606.5,0,0,0,0,0,0,0,NaN,24607.75,24593.25,24606.5
2025-09-16T09:05:00-04:00,24605.75,24609.75,24596.75,24598,0,0,0,0,0,0,0,NaN,24609.75,24596.75,24598
2025-09-16T09:10:00-04:00,24597.5,24601.25,24595.75,24598,0,0,0,0,0,0,0,NaN,24601.25,24595.75,24598
2025-09-16T09:15:00-04:00,24596.75,24601,24595,24598.5,0,0,0,0,0,0,0,NaN,24601,24595,24598.5
2025-09-16T09:20:00-04:00,24599,24609.5,24597,24607.25,0,0,0,0,0,0,0,NaN,24609.5,24597,24607.25
2025-09-16T09:25:00-04:00,24608,24608,24586,24588.75,0,0,0,0,0,0,0,NaN,24608,24586,24588.75
2025-09-16T09:30:00-04:00,24588.25,24600.5,24559,24570.25,0,0,0,0,0,0,0,NaN,24600.5,24559,24570.25
2025-09-16T09:35:00-04:00,24570.5,24578.75,24555,24558,0,0,0,0,0,0,0,NaN,24578.75,24555,24558
2025-09-16T09:40:00-04:00,24557.5,24573,24551.75,24567.75,0,0,0,0,0,0,0,NaN,24573,24551.75,24567.75
2025-09-16T09:45:00-04:00,24567.75,24570.25,24545,24562,0,0,0,0,0,0,0,NaN,24570.25,24545,24562
2025-09-16T09:50:00-04:00,24562.25,24564.75,24527,24538,0,0,0,0,0,0,0,NaN,24564.75,24527,24538
2025-09-16T09:55:00-04:00,24537.75,24547,24523.75,24538.25,0,0,0,0,0,0,0,NaN,24547,24523.75,24538.25
2025-09-16T10:00:00-04:00,24538,24547.75,24527.75,24537,0,0,0,0,0,0,0,NaN,24547.75,24527.75,24537
2025-09-16T10:05:00-04:00,24536.75,24555.25,24536,24544.75,0,0,0,0,0,0,0,NaN,24555.25,24536,24544.75
2025-09-16T10:10:00-04:00,24544.75,24550.75,24520.75,24538.25,0,0,0,0,0,0,0,NaN,24550.75,24520.75,24538.25
2025-09-16T10:15:00-04:00,24538.5,24559.75,24536.5,24546.25,0,0,0,0,0,0,0,NaN,24559.75,24536.5,24546.25
2025-09-16T10:20:00-04:00,24547,24561.25,24534.5,24556.75,0,0,0,0,0,0,0,NaN,24561.25,24534.5,24556.75
2025-09-16T10:25:00-04:00,24556.75,24557.5,24535,24538.75,0,0,0,0,0,0,0,NaN,24557.5,24535,24538.75
2025-09-16T10:30:00-04:00,24539,24548.75,24534,24545.25,0,0,0,0,0,0,0,NaN,24548.75,24534,24545.25
2025-09-16T10:35:00-04:00,24545,24556.75,24527.25,24533,0,0,0,0,0,0,0,NaN,24556.75,24527.25,24533
2025-09-16T10:40:00-04:00,24534.5,24538.75,24530.5,24531.75,0,0,0,0,0,0,0,NaN,24538.75,24530.5,24531.75
2025-09-16T10:45:00-04:00,24532,24544.25,24527,24538,0,0,0,0,0,0,0,NaN,24544.25,24527,24538
2025-09-16T10:50:00-04:00,24538,24550.75,24536.5,24547,0,0,0,0,0,0,0,NaN,24550.75,24536.5,24547
2025-09-16T10:55:00-04:00,24547,24547,24535,24537.75,0,0,0,0,0,0,0,NaN,24547,24535,24537.75
2025-09-16T11:00:00-04:00,24538,24539.5,24511,24516.5,0,0,0,0,0,0,0,NaN,24539.5,24511,24516.5
2025-09-16T11:05:00-04:00,24516.25,24530,24515.5,24527.75,0,0,0,0,0,0,0,NaN,24530,24515.5,24527.75
2025-09-16T11:10:00-04:00,24528,24536,24519.5,24529.75,0,0,0,0,0,0,0,NaN,24536,24519.5,24529.75
2025-09-16T11:15:00-04:00,24529.5,24531.75,24518.25,24530.75,0,0,0,0,0,0,0,NaN,24531.75,24518.25,24530.75
2025-09-16T11:20:00-04:00,24531.25,24542.5,24524.75,24526,0,0,0,0,0,0,0,NaN,24542.5,24524.75,24526
2025-09-16T11:25:00-04:00,24525.25,24532,24515.75,24517,0,0,0,0,0,0,0,NaN,24532,24515.75,24517
2025-09-16T11:30:00-04:00,24517.25,24524,24513,24514.25,0,0,0,0,0,0,0,NaN,24524,24513,24514.25
2025-09-16T11:35:00-04:00,24514.75,24520.75,24509.5,24519.75,0,0,0,0,0,0,0,NaN,24520.75,24509.5,24519.75
2025-09-16T11:40:00-04:00,24519,24523.5,24502.5,24511.5,0,0,0,0,0,0,0,NaN,24523.5,24502.5,24511.5
2025-09-16T11:45:00-04:00,24511.5,24523.5,24510.25,24511.75,0,0,0,0,0,0,0,NaN,24523.5,24510.25,24511.75
2025-09-16T11:50:00-04:00,24512,24525.25,24507.25,24522.25,0,0,0,0,0,0,0,NaN,24525.25,24507.25,24522.25
2025-09-16T11:55:00-04:00,24522.5,24525,24502.25,24509.25,0,0,0,0,0,0,0,NaN,24525,24502.25,24509.25
2025-09-16T12:00:00-04:00,24508.75,24516,24499.25,24500.25,0,0,0,0,0,0,0,NaN,24516,24499.25,24500.25
2025-09-16T12:05:00-04:00,24500.25,24516,24499.75,24514.5,0,0,0,0,0,0,0,NaN,24516,24499.75,24514.5
2025-09-16T12:10:00-04:00,24514.5,24520,24508.75,24518,0,0,0,0,0,0,0,NaN,24520,24508.75,24518
2025-09-16T12:15:00-04:00,24518,24520.25,24514.25,24516.25,0,0,0,0,0,0,0,NaN,24520.25,24514.25,24516.25
2025-09-16T12:20:00-04:00,24516.25,24519,24510.25,24516.5,0,0,0,0,0,0,0,NaN,24519,24510.25,24516.5
2025-09-16T12:25:00-04:00,24516.5,24528,24514.5,24526,0,0,0,0,0,0,0,NaN,24528,24514.5,24526
2025-09-16T12:30:00-04:00,24526.5,24526.75,24517.25,24521.25,0,0,0,0,0,0,0,NaN,24526.75,24517.25,24521.25
2025-09-16T12:35:00-04:00,24521,24527.25,24507.5,24524.5,0,0,0,0,0,0,0,NaN,24527.25,24507.5,24524.5
2025-09-16T12:40:00-04:00,24524.25,24527.25,24512.75,24520.25,0,0,0,0,0,0,0,NaN,24527.25,24512.75,24520.25
2025-09-16T12:45:00-04:00,24520,24524.75,24514.75,24517.5,0,0,0,0,0,0,0,NaN,24524.75,24514.75,24517.5
2025-09-16T12:50:00-04:00,24517.5,24523.75,24515.25,24522.75,0,0,0,0,0,0,0,NaN,24523.75,24515.25,24522.75
2025-09-16T12:55:00-04:00,24522.75,24532.75,24522,24523.75,0,0,0,0,0,0,0,NaN,24532.75,24522,24523.75
2025-09-16T13:00:00-04:00,24523.75,24533.75,24523.25,24531,0,0,0,0,0,0,0,NaN,24533.75,24523.25,24531
2025-09-16T13:05:00-04:00,24531,24537.75,24528,24535.5,0,0,0,0,0,0,0,NaN,24537.75,24528,24535.5
2025-09-16T13:10:00-04:00,24535.75,24539.5,24531.25,24537.5,0,0,0,0,0,0,0,NaN,24539.5,24531.25,24537.5
2025-09-16T13:15:00-04:00,24537.75,24541.5,24533.75,24536.5,0,0,0,0,0,0,0,NaN,24541.5,24533.75,24536.5
2025-09-16T13:20:00-04:00,24536.75,24545.75,24535.5,24541.75,0,0,0,0,0,0,0,NaN,24545.75,24535.5,24541.75
2025-09-16T13:25:00-04:00,24541.75,24542,24531,24533,0,0,0,0,0,0,0,NaN,24542,24531,24533
2025-09-16T13:30:00-04:00,24533,24537,24528.25,24533.75,0,0,0,0,0,0,0,NaN,24537,24528.25,24533.75
2025-09-16T13:35:00-04:00,24533.75,24535.25,24525,24532.75,0,0,0,0,0,0,0,NaN,24535.25,24525,24532.75
2025-09-16T13:40:00-04:00,24532.5,24532.75,24527.25,24529.25,0,0,0,0,0,0,0,NaN,24532.75,24527.25,24529.25
2025-09-16T13:45:00-04:00,24528.5,24535.5,24527.25,24533.75,0,0,0,0,0,0,0,NaN,24535.5,24527.25,24533.75
2025-09-16T13:50:00-04:00,24533.5,24534.75,24522,24533.5,0,0,0,0,0,0,0,NaN,24534.75,24522,24533.5
2025-09-16T13:55:00-04:00,24533,24538.5,24532,24534.25,0,0,0,0,0,0,0,NaN,24538.5,24532,24534.25
2025-09-16T14:00:00-04:00,24534.25,24534.25,24522.25,24527.75,0,0,0,0,0,0,0,NaN,24534.25,24522.25,24527.75
2025-09-16T14:05:00-04:00,24527.5,24537.75,24524,24530.75,0,0,0,0,0,0,0,NaN,24537.75,24524,24530.75
2025-09-16T14:10:00-04:00,24530.5,24534.5,24523.5,24526,0,0,0,0,0,0,0,NaN,24534.5,24523.5,24526
2025-09-16T14:15:00-04:00,24525.25,24531.25,24524,24529.25,0,0,0,0,0,0,0,NaN,24531.25,24524,24529.25
2025-09-16T14:20:00-04:00,24528.75,24533.75,24525.25,24531.5,0,0,0,0,0,0,0,NaN,24533.75,24525.25,24531.5
2025-09-16T14:25:00-04:00,24531.25,24535.5,24528.75,24530.25,0,0,0,0,0,0,0,NaN,24535.5,24528.75,24530.25
2025-09-16T14:30:00-04:00,24530,24536.5,24526.75,24531,0,0,0,0,0,0,0,NaN,24536.5,24526.75,24531
2025-09-16T14:35:00-04:00,24531.25,24541.25,24528.5,24532.25,0,0,0,0,0,0,0,NaN,24541.25,24528.5,24532.25
2025-09-16T14:40:00-04:00,24532.25,24538.5,24532,24535.5,0,0,0,0,0,0,0,NaN,24538.5,24532,24535.5
2025-09-16T14:45:00-04:00,24536,24544.75,24535.75,24540.75,0,0,0,0,0,0,0,NaN,24544.75,24535.75,24540.75
2025-09-16T14:50:00-04:00,24540.75,24547.5,24540.5,24543.75,0,0,0,0,0,0,0,NaN,24547.5,24540.5,24543.75
2025-09-16T14:55:00-04:00,24543.75,24549,24541,24546.75,0,0,0,0,0,0,0,NaN,24549,24541,24546.75
2025-09-16T15:00:00-04:00,24546.75,24554.5,24545.5,24550,0,0,0,0,0,0,0,NaN,24554.5,24545.5,24550
2025-09-16T15:05:00-04:00,24550.5,24558.25,24549.5,24551.25,0,0,0,0,0,0,0,NaN,24558.25,24549.5,24551.25
2025-09-16T15:10:00-04:00,24551,24553.25,24545.5,24550.5,0,0,0,0,0,0,0,NaN,24553.25,24545.5,24550.5
2025-09-16T15:15:00-04:00,24550.25,24552.25,24547.25,24549.5,0,0,0,0,0,0,0,NaN,24552.25,24547.25,24549.5
2025-09-16T15:20:00-04:00,24549.5,24553.5,24543.25,24546.25,0,0,0,0,0,0,0,NaN,24553.5,24543.25,24546.25
2025-09-16T15:25:00-04:00,24546.25,24547,24533.75,24537,0,0,0,0,0,0,0,NaN,24547,24533.75,24537
2025-09-16T15:30:00-04:00,24536.75,24539,24531.75,24536,0,0,0,0,0,0,0,NaN,24539,24531.75,24536
2025-09-16T15:35:00-04:00,24535.75,24540.5,24529.25,24535,0,0,0,0,0,0,0,NaN,24540.5,24529.25,24535
2025-09-16T15:40:00-04:00,24534.5,24543.5,24532.75,24536.25,0,0,0,0,0,0,0,NaN,24543.5,24532.75,24536.25
2025-09-16T15:45:00-04:00,24536.25,24547.25,24536,24544.25,0,0,0,0,0,0,0,NaN,24547.25,24536,24544.25
2025-09-16T15:50:00-04:00,24544.75,24563,24536.5,24541.25,0,0,0,0,0,0,0,NaN,24563,24536.5,24541.25
2025-09-16T15:55:00-04:00,24540.5,24548,24517,24524.25,0,0,0,0,0,0,0,NaN,24548,24517,24524.25
2025-09-16T16:00:00-04:00,24524.25,24539,24521.25,24535.75,0,0,0,0,0,0,0,NaN,24539,24521.25,24535.75
2025-09-16T16:05:00-04:00,24536.25,24537.5,24527.75,24533.5,0,0,0,0,0,0,0,NaN,24537.5,24527.75,24533.5
2025-09-16T16:10:00-04:00,24533.5,24535.25,24531.75,24535,0,0,0,0,0,0,0,NaN,24535.25,24531.75,24535
2025-09-16T16:15:00-04:00,24535,24541.25,24534.25,24539.25,0,0,0,0,0,0,0,NaN,24541.25,24534.25,24539.25
2025-09-16T16:20:00-04:00,24539,24539.25,24534.75,24537.75,0,0,0,0,0,0,0,NaN,24539.25,24534.75,24537.75
2025-09-16T16:25:00-04:00,24537.75,24539.5,24536.5,24538.5,0,0,0,0,0,0,0,NaN,24539.5,24536.5,24538.5
2025-09-16T16:30:00-04:00,24538.75,24542,24538.25,24539.5,0,0,0,0,0,0,0,NaN,24542,24538.25,24539.5
2025-09-16T16:35:00-04:00,24539.5,24542.25,24538.75,24542.25,0,0,0,0,0,0,0,NaN,24542.25,24538.75,24542.25
2025-09-16T16:40:00-04:00,24542,24542.75,24540.25,24542.25,0,0,0,0,0,0,0,NaN,24542.75,24540.25,24542.25
2025-09-16T16:45:00-04:00,24542,24543.25,24538.5,24539.75,0,0,0,0,0,0,0,NaN,24543.25,24538.5,24539.75
2025-09-16T16:50:00-04:00,24539.25,24542.25,24538.25,24539.5,0,0,0,0,0,0,0,NaN,24542.25,24538.25,24539.5
2025-09-16T16:55:00-04:00,24539,24541,24530.25,24530.25,0,0,0,0,0,0,0,NaN,24541,24530.25,24530.25
2025-09-16T18:00:00-04:00,24526.75,24535,24525,24530.75,0,0,0,0,0,0,0,NaN,24535,24525,24530.75
2025-09-16T18:05:00-04:00,24531.25,24536.75,24531.25,24534.75,0,0,0,0,0,0,0,NaN,24536.75,24531.25,24534.75
2025-09-16T18:10:00-04:00,24535,24540.25,24534.5,24539.5,0,0,0,0,0,0,0,NaN,24540.25,24534.5,24539.5
2025-09-16T18:15:00-04:00,24539.25,24540.25,24535,24536.75,0,0,0,0,0,0,0,NaN,24540.25,24535,24536.75
2025-09-16T18:20:00-04:00,24537.25,24545.75,24537,24544.25,0,0,0,0,0,0,0,NaN,24545.75,24537,24544.25
2025-09-16T18:25:00-04:00,24545,24546.25,24541.25,24545.75,0,0,0,0,0,0,0,NaN,24546.25,24541.25,24545.75
2025-09-16T18:30:00-04:00,24546,24550,24545.5,24547.75,0,0,0,0,0,0,0,NaN,24550,24545.5,24547.75
2025-09-16T18:35:00-04:00,24547.5,24551.75,24547,24549.5,0,0,0,0,0,0,0,NaN,24551.75,24547,24549.5
2025-09-16T18:40:00-04:00,24549.5,24549.5,24545,24547.25,0,0,0,0,0,0,0,NaN,24549.5,24545,24547.25
2025-09-16T18:45:00-04:00,24547.25,24549.25,24545.25,24548.5,0,0,0,0,0,0,0,NaN,24549.25,24545.25,24548.5
2025-09-16T18:50:00-04:00,24548,24549.5,24546.75,24549.25,0,0,0,0,0,0,0,NaN,24549.5,24546.75,24549.25
2025-09-16T18:55:00-04:00,24548.75,24550,24545.25,24546,0,0,0,0,0,0,0,NaN,24550,24545.25,24546
2025-09-16T19:00:00-04:00,24546,24550.25,24545.5,24547.75,0,0,0,0,0,0,0,NaN,24550.25,24545.5,24547.75
2025-09-16T19:05:00-04:00,24547.75,24548.25,24545.75,24547,0,0,0,0,0,0,0,NaN,24548.25,24545.75,24547
2025-09-16T19:10:00-04:00,24548,24548,24544.75,24545.5,0,0,0,0,0,0,0,NaN,24548,24544.75,24545.5
2025-09-16T19:15:00-04:00,24545,24547.25,24542,24545.75,0,0,0,0,0,0,0,NaN,24547.25,24542,24545.75
2025-09-16T19:20:00-04:00,24546.25,24546.25,24541.5,24542,0,0,0,0,0,0,0,NaN,24546.25,24541.5,24542
2025-09-16T19:25:00-04:00,24541.75,24541.75,24536.75,24538.5,0,0,0,0,0,0,0,NaN,24541.75,24536.75,24538.5
2025-09-16T19:30:00-04:00,24538,24542.75,24537.25,24539.25,0,0,0,0,0,0,0,NaN,24542.75,24537.25,24539.25
2025-09-16T19:35:00-04:00,24539.5,24543.5,24539,24542.75,0,0,0,0,0,0,0,NaN,24543.5,24539,24542.75
2025-09-16T19:40:00-04:00,24542.5,24544.25,24539.75,24539.75,0,0,0,0,0,0,0,NaN,24544.25,24539.75,24539.75
2025-09-16T19:45:00-04:00,24540.5,24542.75,24539,24540,0,0,0,0,0,0,0,NaN,24542.75,24539,24540
2025-09-16T19:50:00-04:00,24541.25,24543,24540,24543,0,0,0,0,0,0,0,NaN,24543,24540,24543
2025-09-16T19:55:00-04:00,24543.25,24546.25,24542.75,24543.5,0,0,0,0,0,0,0,NaN,24546.25,24542.75,24543.5
2025-09-16T20:00:00-04:00,24543,24549.5,24540.75,24547.25,0,0,0,0,0,0,0,NaN,24549.5,24540.75,24547.25
2025-09-16T20:05:00-04:00,24547.75,24549.75,24546.25,24547.75,0,0,0,0,0,0,0,NaN,24549.75,24546.25,24547.75
2025-09-16T20:10:00-04:00,24547.75,24549.25,24531,24534,0,0,0,0,0,0,0,NaN,24549.25,24531,24534
2025-09-16T20:15:00-04:00,24533.5,24539,24532.5,24537,0,0,0,0,0,0,0,NaN,24539,24532.5,24537
2025-09-16T20:20:00-04:00,24537.5,24539.5,24532.75,24533.75,0,0,0,0,0,0,0,NaN,24539.5,24532.75,24533.75
2025-09-16T20:25:00-04:00,24534.75,24540.75,24534,24540.25,0,0,0,0,0,0,0,NaN,24540.75,24534,24540.25
2025-09-16T20:30:00-04:00,24539.5,24543.5,24538,24539,0,0,0,0,0,0,0,NaN,24543.5,24538,24539
2025-09-16T20:35:00-04:00,24537.25,24538.5,24532,24533,0,0,0,0,0,0,0,NaN,24538.5,24532,24533
2025-09-16T20:40:00-04:00,24533.75,24539.5,24533.25,24534,0,0,0,0,0,0,0,NaN,24539.5,24533.25,24534
2025-09-16T20:45:00-04:00,24534,24541,24533,24541,0,0,0,0,0,0,0,NaN,24541,24533,24541
2025-09-16T20:50:00-04:00,24540.25,24541,24537,24539.75,0,0,0,0,0,0,0,NaN,24541,24537,24539.75
2025-09-16T20:55:00-04:00,24540.75,24542.75,24538.5,24540.25,0,0,0,0,0,0,0,NaN,24542.75,24538.5,24540.25
2025-09-16T21:00:00-04:00,24540.5,24546,24540.5,24544.25,0,0,0,0,0,0,0,NaN,24546,24540.5,24544.25
2025-09-16T21:05:00-04:00,24544.5,24545.25,24541,24544.5,0,0,0,0,0,0,0,NaN,24545.25,24541,24544.5
2025-09-16T21:10:00-04:00,24544.25,24547.25,24542.75,24544.75,0,0,0,0,0,0,0,NaN,24547.25,24542.75,24544.75
2025-09-16T21:15:00-04:00,24544,24544.25,24538.5,24539.75,0,0,0,0,0,0,0,NaN,24544.25,24538.5,24539.75
2025-09-16T21:20:00-04:00,24540.5,24541.25,24535.5,24540.25,0,0,0,0,0,0,0,NaN,24541.25,24535.5,24540.25
2025-09-16T21:25:00-04:00,24540,24542.75,24537.25,24540.75,0,0,0,0,0,0,0,NaN,24542.75,24537.25,24540.75
2025-09-16T21:30:00-04:00,24539.75,24540.25,24530,24531,0,0,0,0,0,0,0,NaN,24540.25,24530,24531
2025-09-16T21:35:00-04:00,24530.75,24535,24528.75,24529.5,0,0,0,0,0,0,0,NaN,24535,24528.75,24529.5
2025-09-16T21:40:00-04:00,24529.75,24534.75,24529.25,24533.5,0,0,0,0,0,0,0,NaN,24534.75,24529.25,24533.5
2025-09-16T21:45:00-04:00,24533,24536,24532.25,24534.25,0,0,0,0,0,0,0,NaN,24536,24532.25,24534.25
2025-09-16T21:50:00-04:00,24534.75,24536,24531.5,24534.75,0,0,0,0,0,0,0,NaN,24536,24531.5,24534.75
2025-09-16T21:55:00-04:00,24533.75,24535.25,24530.25,24531,0,0,0,0,0,0,0,NaN,24535.25,24530.25,24531
2025-09-16T22:00:00-04:00,24530.5,24533,24527.75,24529.25,0,0,0,0,0,0,0,NaN,24533,24527.75,24529.25
2025-09-16T22:05:00-04:00,24529,24531.25,24526.5,24528.75,0,0,0,0,0,0,0,NaN,24531.25,24526.5,24528.75
2025-09-16T22:10:00-04:00,24529.25,24529.5,24522.5,24525.75,0,0,0,0,0,0,0,NaN,24529.5,24522.5,24525.75
2025-09-16T22:15:00-04:00,24526.25,24527.25,24521,24522.5,0,0,0,0,0,0,0,NaN,24527.25,24521,24522.5
2025-09-16T22:20:00-04:00,24521.5,24522,24513,24513.25,0,0,0,0,0,0,0,NaN,24522,24513,24513.25
2025-09-16T22:25:00-04:00,24513.5,24519.5,24513.25,24518.25,0,0,0,0,0,0,0,NaN,24519.5,24513.25,24518.25
2025-09-16T22:30:00-04:00,24517.25,24524.75,24516.5,24521.25,0,0,0,0,0,0,0,NaN,24524.75,24516.5,24521.25
2025-09-16T22:35:00-04:00,24521.25,24521.5,24518,24520.25,0,0,0,0,0,0,0,NaN,24521.5,24518,24520.25
2025-09-16T22:40:00-04:00,24520.5,24523.75,24520.25,24521.75,0,0,0,0,0,0,0,NaN,24523.75,24520.25,24521.75
2025-09-16T22:45:00-04:00,24522.25,24525,24517.75,24519.75,0,0,0,0,0,0,0,NaN,24525,24517.75,24519.75
2025-09-16T22:50:00-04:00,24518,24522.25,24518,24520.75,0,0,0,0,0,0,0,NaN,24522.25,24518,24520.75
2025-09-16T22:55:00-04:00,24521,24525.5,24520.25,24523.75,0,0,0,0,0,0,0,NaN,24525.5,24520.25,24523.75
2025-09-16T23:00:00-04:00,24523.75,24523.75,24519.5,24523,0,0,0,0,0,0,0,NaN,24523.75,24519.5,24523
2025-09-16T23:05:00-04:00,24522.75,24524.5,24520.75,24521.25,0,0,0,0,0,0,0,NaN,24524.5,24520.75,24521.25
2025-09-16T23:10:00-04:00,24521.75,24524.75,24520.5,24524,0,0,0,0,0,0,0,NaN,24524.75,24520.5,24524
2025-09-16T23:15:00-04:00,24524,24524.25,24521.25,24523,0,0,0,0,0,0,0,NaN,24524.25,24521.25,24523
2025-09-16T23:20:00-04:00,24523.5,24526,24521.75,24522,0,0,0,0,0,0,0,NaN,24526,24521.75,24522
2025-09-16T23:25:00-04:00,24522.25,24522.75,24521.5,24522.5,0,0,0,0,0,0,0,NaN,24522.75,24521.5,24522.5
2025-09-16T23:30:00-04:00,24522.75,24523,24518.75,24520.75,0,0,0,0,0,0,0,NaN,24523,24518.75,24520.75
2025-09-16T23:35:00-04:00,24520,24520.5,24518,24519,0,0,0,0,0,0,0,NaN,24520.5,24518,24519
2025-09-16T23:40:00-04:00,24518.25,24522.5,24518.25,24521,0,0,0,0,0,0,0,NaN,24522.5,24518.25,24521
2025-09-16T23:45:00-04:00,24521.25,24523,24519,24519,0,0,0,0,0,0,0,NaN,24523,24519,24519
2025-09-16T23:50:00-04:00,24519.5,24521,24517.25,24517.5,0,0,0,0,0,0,0,NaN,24521,24517.25,24517.5
2025-09-16T23:55:00-04:00,24517.5,24520,24517,24518,0,0,0,0,0,0,0,NaN,24520,24517,24518
2025-09-17T00:00:00-04:00,24519,24522.25,24517.25,24517.5,0,0,0,1,0,0,0,NaN,24522.25,24517.25,24517.5
2025-09-17T00:05:00-04:00,24517.25,24519.5,24515.25,24518.5,0,0,0,0,0,0,0,NaN,24519.5,24515.25,24518.5
2025-09-17T00:10:00-04:00,24519.25,24521,24513.5,24513.5,0,0,0,0,0,0,0,NaN,24521,24513.5,24513.5
2025-09-17T00:15:00-04:00,24513.25,24514,24507.75,24513.25,0,0,0,0,0,0,0,NaN,24514,24507.75,24513.25
2025-09-17T00:20:00-04:00,24514,24517.25,24511.25,24511.75,0,0,0,0,0,0,0,NaN,24517.25,24511.25,24511.75
2025-09-17T00:25:00-04:00,24511.25,24514,24511,24512.25,0,0,0,0,0,0,0,NaN,24514,24511,24512.25
2025-09-17T00:30:00-04:00,24511.5,24516,24511.5,24512.5,0,0,0,0,0,0,0,NaN,24516,24511.5,24512.5
2025-09-17T00:35:00-04:00,24511.75,24520.5,24511.25,24519.25,0,0,0,0,0,0,0,NaN,24520.5,24511.25,24519.25
2025-09-17T00:40:00-04:00,24519,24521.75,24518.25,24518.5,0,0,0,0,0,0,0,NaN,24521.75,24518.25,24518.5
2025-09-17T00:45:00-04:00,24519.25,24520.5,24516,24516,0,0,0,0,0,0,0,NaN,24520.5,24516,24516
2025-09-17T00:50:00-04:00,24516.75,24518.75,24516.5,24516.75,0,0,0,0,0,0,0,NaN,24518.75,24516.5,24516.75
2025-09-17T00:55:00-04:00,24517,24519.25,24516.25,24518.75,0,0,0,0,0,0,0,NaN,24519.25,24516.25,24518.75
2025-09-17T01:00:00-04:00,24519.25,24521.5,24517,24519.75,0,0,0,0,0,0,0,NaN,24521.5,24517,24519.75
2025-09-17T01:05:00-04:00,24519.5,24527,24509.5,24525.25,0,0,0,0,0,0,0,NaN,24527,24509.5,24525.25
2025-09-17T01:10:00-04:00,24525,24527,24517.75,24519.25,0,0,0,0,0,0,0,NaN,24527,24517.75,24519.25
2025-09-17T01:15:00-04:00,24518.75,24520.5,24497.5,24507.5,0,0,0,0,0,0,0,NaN,24520.5,24497.5,24507.5
2025-09-17T01:20:00-04:00,24507.25,24516,24507.25,24510.5,0,0,0,0,0,0,0,NaN,24516,24507.25,24510.5
2025-09-17T01:25:00-04:00,24511.75,24512.25,24508.5,24510,0,0,0,0,0,0,0,NaN,24512.25,24508.5,24510
2025-09-17T01:30:00-04:00,24511,24511,24508.25,24511,0,0,0,0,0,0,0,NaN,24511,24508.25,24511
2025-09-17T01:35:00-04:00,24511.25,24513,24507.25,24511.75,0,0,0,0,0,0,0,NaN,24513,24507.25,24511.75
2025-09-17T01:40:00-04:00,24512,24516.25,24508.5,24514.75,0,0,0,0,0,0,0,NaN,24516.25,24508.5,24514.75
2025-09-17T01:45:00-04:00,24515.25,24520,24514,24516.25,0,0,0,0,0,0,0,NaN,24520,24514,24516.25
2025-09-17T01:50:00-04:00,24516,24517.75,24513.25,24516.5,0,0,0,0,0,0,0,NaN,24517.75,24513.25,24516.5
2025-09-17T01:55:00-04:00,24516.25,24519.75,24516,24518,0,0,0,0,0,0,0,NaN,24519.75,24516,24518
2025-09-17T02:00:00-04:00,24518.5,24524.5,24516.5,24517.25,0,0,0,0,0,0,0,NaN,24524.5,24516.5,24517.25
2025-09-17T02:05:00-04:00,24516.75,24520.75,24515.5,24517,0,0,0,0,0,0,0,NaN,24520.75,24515.5,24517
2025-09-17T02:10:00-04:00,24515.5,24522,24509.5,24521.75,0,0,0,0,0,0,0,NaN,24522,24509.5,24521.75
2025-09-17T02:15:00-04:00,24521,24522,24517,24517,0,0,0,0,0,0,0,NaN,24522,24517,24517
2025-09-17T02:20:00-04:00,24517,24526.75,24517,24526.25,0,0,0,0,0,0,0,NaN,24526.75,24517,24526.25
2025-09-17T02:25:00-04:00,24526,24529.5,24524.5,24526.25,0,0,0,0,0,0,0,NaN,24529.5,24524.5,24526.25
2025-09-17T02:30:00-04:00,24525.5,24526,24516.75,24523.25,0,0,0,0,0,0,0,NaN,24526,24516.75,24523.25
2025-09-17T02:35:00-04:00,24524.25,24529.25,24523.75,24528.25,0,0,0,0,0,0,0,NaN,24529.25,24523.75,24528.25
2025-09-17T02:40:00-04:00,24528.5,24530.75,24524.75,24528.25,0,0,0,0,0,0,0,NaN,24530.75,24524.75,24528.25
2025-09-17T02:45:00-04:00,24528.75,24530.5,24527,24529.25,0,0,0,0,0,0,0,NaN,24530.5,24527,24529.25
2025-09-17T02:50:00-04:00,24528.25,24534.25,24528.25,24530.75,0,0,0,0,0,0,0,NaN,24534.25,24528.25,24530.75
2025-09-17T02:55:00-04:00,24530.25,24534.75,24528.5,24532.25,0,0,0,0,0,0,0,NaN,24534.75,24528.5,24532.25
2025-09-17T03:00:00-04:00,24532.5,24535,24524.5,24534.5,0,0,0,0,0,0,0,NaN,24535,24524.5,24534.5
2025-09-17T03:05:00-04:00,24534.75,24538.75,24530,24536,0,0,0,0,0,0,0,NaN,24538.75,24530,24536
2025-09-17T03:10:00-04:00,24536.75,24539.25,24532,24532.5,0,0,0,0,0,0,0,NaN,24539.25,24532,24532.5
2025-09-17T03:15:00-04:00,24532.25,24536.5,24530.5,24536.25,0,0,0,0,0,0,0,NaN,24536.5,24530.5,24536.25
2025-09-17T03:20:00-04:00,24536,24544,24535.5,24542.25,0,0,0,0,0,0,0,NaN,24544,24535.5,24542.25
2025-09-17T03:25:00-04:00,24542.25,24549,24542,24548.25,0,0,0,0,0,0,0,NaN,24549,24542,24548.25
2025-09-17T03:30:00-04:00,24547.5,24553,24546,24552.5,0,0,0,0,0,0,0,NaN,24553,24546,24552.5
2025-09-17T03:35:00-04:00,24552.25,24552.25,24542.5,24545.25,0,0,0,0,0,0,0,NaN,24552.25,24542.5,24545.25
2025-09-17T03:40:00-04:00,24545.25,24547.5,24542,24545.75,0,0,0,0,0,0,0,NaN,24547.5,24542,24545.75
2025-09-17T03:45:00-04:00,24546,24549.75,24543.5,24546,0,0,0,0,0,0,0,NaN,24549.75,24543.5,24546
2025-09-17T03:50:00-04:00,24546,24553,24546,24548.5,0,0,0,0,0,0,0,NaN,24553,24546,24548.5
2025-09-17T03:55:00-04:00,24548.25,24551,24547.25,24550,0,0,0,0,0,0,0,NaN,24551,24547.25,24550
2025-09-17T04:00:00-04:00,24550,24550.5,24538.5,24539.5,0,0,0,0,0,0,0,NaN,24550.5,24538.5,24539.5
2025-09-17T04:05:00-04:00,24539.25,24541.5,24532,24541.25,0,0,0,0,0,0,0,NaN,24541.5,24532,24541.25
2025-09-17T04:10:00-04:00,24540.75,24541.25,24527.25,24529,0,0,0,0,0,0,0,NaN,24541.25,24527.25,24529
2025-09-17T04:15:00-04:00,24527.5,24531,24521.5,24526,0,0,0,0,0,0,0,NaN,24531,24521.5,24526
2025-09-17T04:20:00-04:00,24526.75,24529.5,24524.5,24526.25,0,0,0,0,0,0,0,NaN,24529.5,24524.5,24526.25
2025-09-17T04:25:00-04:00,24525.5,24530.25,24524,24526.75,0,0,0,0,0,0,0,NaN,24530.25,24524,24526.75
2025-09-17T04:30:00-04:00,24527.75,24528.75,24501,24501,0,0,0,0,0,0,0,NaN,24528.75,24501,24501
2025-09-17T04:35:00-04:00,24501,24504,24470.25,24487,0,0,0,0,0,0,0,NaN,24504,24470.25,24487
2025-09-17T04:40:00-04:00,24488,24489.75,24456.25,24485.75,0,0,0,0,0,0,0,NaN,24489.75,24456.25,24485.75
2025-09-17T04:45:00-04:00,24485.75,24508.5,24479.75,24499.5,0,0,0,0,0,0,0,NaN,24508.5,24479.75,24499.5
2025-09-17T04:50:00-04:00,24500,24519.75,24500,24510,0,0,0,0,0,0,0,NaN,24519.75,24500,24510
2025-09-17T04:55:00-04:00,24509,24514.75,24506,24513,0,0,0,0,0,0,0,NaN,24514.75,24506,24513
2025-09-17T05:00:00-04:00,24513.75,24519.25,24509.75,24517.75,0,0,0,0,0,0,0,NaN,24519.25,24509.75,24517.75
2025-09-17T05:05:00-04:00,24518.5,24526.5,24517.5,24522.5,0,0,0,0,0,0,0,NaN,24526.5,24517.5,24522.5
2025-09-17T05:10:00-04:00,24522.5,24524.25,24515.75,24517.25,0,0,0,0,0,0,0,NaN,24524.25,24515.75,24517.25
2025-09-17T05:15:00-04:00,24517.75,24521,24510.5,24515.75,0,0,0,0,0,0,0,NaN,24521,24510.5,24515.75
2025-09-17T05:20:00-04:00,24516.25,24522,24516,24519,0,0,0,0,0,0,0,NaN,24522,24516,24519
2025-09-17T05:25:00-04:00,24519.5,24525.75,24519.5,24522.75,0,0,0,0,0,0,0,NaN,24525.75,24519.5,24522.75
2025-09-17T05:30:00-04:00,24523.5,24528.25,24521.5,24525.75,0,0,0,0,0,0,0,NaN,24528.25,24521.5,24525.75
2025-09-17T05:35:00-04:00,24525.25,24528.25,24524,24526.5,0,0,0,0,0,0,0,NaN,24528.25,24524,24526.5
2025-09-17T05:40:00-04:00,24526.25,24528.5,24517,24517,0,0,0,0,0,0,0,NaN,24528.5,24517,24517
2025-09-17T05:45:00-04:00,24516.5,24524.25,24515.25,24516.5,0,0,0,0,0,0,0,NaN,24524.25,24515.25,24516.5
2025-09-17T05:50:00-04:00,24516.25,24518,24506.5,24514.25,0,0,0,0,0,0,0,NaN,24518,24506.5,24514.25
2025-09-17T05:55:00-04:00,24515,24518.25,24508.5,24511.5,0,0,0,0,0,0,0,NaN,24518.25,24508.5,24511.5
2025-09-17T06:00:00-04:00,24511.75,24520.5,24507.75,24514.75,0,0,0,0,0,0,0,NaN,24520.5,24507.75,24514.75
2025-09-17T06:05:00-04:00,24515,24516,24510.75,24515.75,0,0,0,0,0,0,0,NaN,24516,24510.75,24515.75
2025-09-17T06:10:00-04:00,24515.5,24516.25,24503.5,24504,0,0,0,0,0,0,0,NaN,24516.25,24503.5,24504
2025-09-17T06:15:00-04:00,24504.25,24511.75,24503.5,24507.25,0,0,0,0,0,0,0,NaN,24511.75,24503.5,24507.25
2025-09-17T06:20:00-04:00,24506.5,24511,24502.5,24502.5,0,0,0,0,0,0,0,NaN,24511,24502.5,24502.5
2025-09-17T06:25:00-04:00,24502.75,24504.25,24498.75,24501.25,0,0,0,0,0,0,0,NaN,24504.25,24498.75,24501.25
2025-09-17T06:30:00-04:00,24502,24505.25,24495.75,24501,0,0,0,0,0,0,0,NaN,24505.25,24495.75,24501
2025-09-17T06:35:00-04:00,24500.5,24504.75,24490,24503.75,0,0,0,0,0,0,0,NaN,24504.75,24490,24503.75
2025-09-17T06:40:00-04:00,24503.5,24508.25,24499,24499,0,0,0,0,0,0,0,NaN,24508.25,24499,24499
2025-09-17T06:45:00-04:00,24499.25,24506.75,24498.5,24500,0,0,0,0,0,0,0,NaN,24506.75,24498.5,24500
2025-09-17T06:50:00-04:00,24500,24502.5,24494.25,24501.75,0,0,0,0,0,0,0,NaN,24502.5,24494.25,24501.75
2025-09-17T06:55:00-04:00,24502,24502,24492,24500,0,0,0,0,0,0,0,NaN,24502,24492,24500
2025-09-17T07:00:00-04:00,24500.5,24504.5,24492,24494,0,0,0,0,0,0,0,NaN,24504.5,24492,24494
2025-09-17T07:05:00-04:00,24492.75,24504.5,24486.5,24503,0,0,0,0,0,0,0,NaN,24504.5,24486.5,24503
2025-09-17T07:10:00-04:00,24503,24516.25,24502.5,24514.25,0,0,0,0,0,0,0,NaN,24516.25,24502.5,24514.25
2025-09-17T07:15:00-04:00,24514,24516,24506,24506.75,0,0,0,0,0,0,0,NaN,24516,24506,24506.75
2025-09-17T07:20:00-04:00,24506.75,24515.75,24506.75,24512.75,0,0,0,0,0,0,0,NaN,24515.75,24506.75,24512.75
2025-09-17T07:25:00-04:00,24512.75,24513,24504.5,24507.25,0,0,0,0,0,0,0,NaN,24513,24504.5,24507.25
2025-09-17T07:30:00-04:00,24506.75,24508,24498,24498.75,0,0,0,0,0,0,0,NaN,24508,24498,24498.75
2025-09-17T07:35:00-04:00,24498,24498,24487.5,24491.75,0,0,0,0,0,0,0,NaN,24498,24487.5,24491.75
2025-09-17T07:40:00-04:00,24492.25,24496.25,24489.75,24489.75,0,0,0,0,0,0,0,NaN,24496.25,24489.75,24489.75
2025-09-17T07:45:00-04:00,24490.25,24503,24490.25,24502,0,0,0,0,0,0,0,NaN,24503,24490.25,24502
2025-09-17T07:50:00-04:00,24502.25,24508,24501.25,24505.75,0,0,0,0,0,0,0,NaN,24508,24501.25,24505.75
2025-09-17T07:55:00-04:00,24505.5,24506.25,24499,24502.5,0,0,0,0,0,0,0,NaN,24506.25,24499,24502.5
2025-09-17T08:00:00-04:00,24502.5,24509.5,24499.25,24503.75,0,0,0,0,0,0,0,NaN,24509.5,24499.25,24503.75
2025-09-17T08:05:00-04:00,24503.5,24505.75,24500.75,24502.25,0,0,0,0,0,0,0,NaN,24505.75,24500.75,24502.25
2025-09-17T08:10:00-04:00,24502.25,24509.75,24498.5,24508.75,0,0,0,0,0,0,0,NaN,24509.75,24498.5,24508.75
2025-09-17T08:15:00-04:00,24508.25,24512.25,24503.75,24511.5,0,0,0,0,0,0,0,NaN,24512.25,24503.75,24511.5
2025-09-17T08:20:00-04:00,24512.25,24514.75,24508.5,24513.75,0,0,0,0,0,0,0,NaN,24514.75,24508.5,24513.75
2025-09-17T08:25:00-04:00,24513.5,24519,24512.5,24516.5,0,0,0,0,0,0,0,NaN,24519,24512.5,24516.5
2025-09-17T08:30:00-04:00,24516.5,24525,24516,24517,0,0,0,0,0,0,0,NaN,24525,24516,24517
2025-09-17T08:35:00-04:00,24516.75,24522.5,24516,24518.5,0,0,0,0,0,0,0,NaN,24522.5,24516,24518.5
2025-09-17T08:40:00-04:00,24518.25,24521.5,24511.5,24513,0,0,0,0,0,0,0,NaN,24521.5,24511.5,24513
2025-09-17T08:45:00-04:00,24513,24517.5,24508,24514.5,0,0,0,0,0,0,0,NaN,24517.5,24508,24514.5
2025-09-17T08:50:00-04:00,24514.25,24520.75,24511.25,24520.75,0,0,0,0,0,0,0,NaN,24520.75,24511.25,24520.75
2025-09-17T08:55:00-04:00,24520.75,24526,24519.25,24524.75,0,0,0,0,0,0,0,NaN,24526,24519.25,24524.75
2025-09-17T09:00:00-04:00,24524.5,24528,24521.25,24524.25,0,0,0,0,0,0,0,NaN,24528,24521.25,24524.25
2025-09-17T09:05:00-04:00,24524.5,24528.25,24519.25,24521,0,0,0,0,0,0,0,NaN,24528.25,24519.25,24521
2025-09-17T09:10:00-04:00,24520.5,24524,24519.75,24521.25,0,0,0,0,0,0,0,NaN,24524,24519.75,24521.25
2025-09-17T09:15:00-04:00,24521,24523.5,24516.25,24520.25,0,0,0,0,0,0,0,NaN,24523.5,24516.25,24520.25
2025-09-17T09:20:00-04:00,24520.25,24521.25,24512.5,24518.25,0,0,0,0,0,0,0,NaN,24521.25,24512.5,24518.25
2025-09-17T09:25:00-04:00,24518.5,24531.75,24516.75,24521.5,0,0,0,0,0,0,0,NaN,24531.75,24516.75,24521.5
2025-09-17T09:30:00-04:00,24521,24540.75,24496,24501.25,0,0,0,0,0,0,0,NaN,24540.75,24496,24501.25
2025-09-17T09:35:00-04:00,24501.5,24510.75,24478.5,24481.75,0,0,0,0,0,0,0,NaN,24510.75,24478.5,24481.75
2025-09-17T09:40:00-04:00,24481.5,24487.75,24466,24475.75,0,0,0,0,0,0,0,NaN,24487.75,24466,24475.75
2025-09-17T09:45:00-04:00,24475.75,24501,24460.25,24497.25,0,0,0,0,0,0,0,NaN,24501,24460.25,24497.25
2025-09-17T09:50:00-04:00,24496.5,24520.5,24494,24499.5,0,0,0,0,0,0,0,NaN,24520.5,24494,24499.5
2025-09-17T09:55:00-04:00,24499.5,24506.75,24473,24477,0,0,0,0,0,0,0,NaN,24506.75,24473,24477
2025-09-17T10:00:00-04:00,24477.5,24480.5,24446.75,24472.25,0,0,0,0,0,0,0,NaN,24480.5,24446.75,24472.25
2025-09-17T10:05:00-04:00,24472,24478.5,24462.5,24466,0,0,0,0,0,0,0,NaN,24478.5,24462.5,24466
2025-09-17T10:10:00-04:00,24465,24475.5,24460,24474.25,0,0,0,0,0,0,0,NaN,24475.5,24460,24474.25
2025-09-17T10:15:00-04:00,24474,24481,24454.75,24463.25,0,0,0,0,0,0,0,NaN,24481,24454.75,24463.25
2025-09-17T10:20:00-04:00,24463.5,24473.5,24452,24454,0,0,0,0,0,0,0,NaN,24473.5,24452,24454
2025-09-17T10:25:00-04:00,24453.5,24458.25,24436,24440.25,0,0,0,0,0,0,0,NaN,24458.25,24436,24440.25
2025-09-17T10:30:00-04:00,24440,24459.75,24434.5,24447.75,0,0,0,0,0,0,0,NaN,24459.75,24434.5,24447.75
2025-09-17T10:35:00-04:00,24448.5,24450.25,24429.75,24443.25,0,0,0,0,0,0,0,NaN,24450.25,24429.75,24443.25
2025-09-17T10:40:00-04:00,24442.5,24449,24423.5,24425,0,0,0,0,0,0,0,NaN,24449,24423.5,24425
2025-09-17T10:45:00-04:00,24425.25,24435,24415.75,24429,0,0,0,0,0,0,0,NaN,24435,24415.75,24429
2025-09-17T10:50:00-04:00,24429.25,24432,24410,24430,0,0,0,0,0,0,0,NaN,24432,24410,24430
2025-09-17T10:55:00-04:00,24430.25,24436.5,24417.25,24420.25,0,0,0,0,0,0,0,NaN,24436.5,24417.25,24420.25
2025-09-17T11:00:00-04:00,24420.25,24425.75,24408.75,24411.75,0,0,0,0,0,0,0,NaN,24425.75,24408.75,24411.75
2025-09-17T11:05:00-04:00,24411.5,24417.75,24404,24416.75,0,0,0,0,0,0,0,NaN,24417.75,24404,24416.75
2025-09-17T11:10:00-04:00,24417,24433,24407.25,24432,0,0,0,0,0,0,0,NaN,24433,24407.25,24432
2025-09-17T11:15:00-04:00,24431.5,24445,24425,24437.25,0,0,0,0,0,0,0,NaN,24445,24425,24437.25
2025-09-17T11:20:00-04:00,24437,24439,24422,24423.25,0,0,0,0,0,0,0,NaN,24439,24422,24423.25
2025-09-17T11:25:00-04:00,24423.5,24425.75,24405.75,24412.75,0,0,0,0,0,0,0,NaN,24425.75,24405.75,24412.75
2025-09-17T11:30:00-04:00,24412.5,24420.75,24408,24415.25,0,0,0,0,0,0,0,NaN,24420.75,24408,24415.25
2025-09-17T11:35:00-04:00,24415.5,24423.5,24406.75,24408.25,0,0,0,0,0,0,0,NaN,24423.5,24406.75,24408.25
2025-09-17T11:40:00-04:00,24408.75,24418.25,24398,24416.75,0,0,0,0,0,0,0,NaN,24418.25,24398,24416.75
2025-09-17T11:45:00-04:00,24417,24423.5,24408.25,24415.75,0,0,0,0,0,0,0,NaN,24423.5,24408.25,24415.75
2025-09-17T11:50:00-04:00,24415.75,24418.25,24401.25,24403.75,0,0,0,0,0,0,0,NaN,24418.25,24401.25,24403.75
2025-09-17T11:55:00-04:00,24403.25,24414.75,24402.25,24411.25,0,0,0,0,0,0,0,NaN,24414.75,24402.25,24411.25
2025-09-17T12:00:00-04:00,24410.75,24414.25,24401.5,24401.5,0,0,0,0,0,0,0,NaN,24414.25,24401.5,24401.5
2025-09-17T12:05:00-04:00,24401.75,24411.25,24398.75,24403.25,0,0,0,0,0,0,0,NaN,24411.25,24398.75,24403.25
2025-09-17T12:10:00-04:00,24403,24405,24389.25,24400.5,0,0,0,0,0,0,0,NaN,24405,24389.25,24400.5
2025-09-17T12:15:00-04:00,24400.5,24407,24398.5,24404.5,0,0,0,0,0,0,0,NaN,24407,24398.5,24404.5
2025-09-17T12:20:00-04:00,24404.75,24416,24402.75,24413.25,0,0,0,0,0,0,0,NaN,24416,24402.75,24413.25
2025-09-17T12:25:00-04:00,24413,24422,24409.5,24420.5,0,0,0,0,0,0,0,NaN,24422,24409.5,24420.5
2025-09-17T12:30:00-04:00,24420.25,24421,24397.75,24398.5,0,0,0,0,0,0,0,NaN,24421,24397.75,24398.5
2025-09-17T12:35:00-04:00,24399,24403,24381.75,24382,0,0,0,0,0,0,0,NaN,24403,24381.75,24382
2025-09-17T12:40:00-04:00,24382.25,24397,24374.75,24394.75,0,0,0,0,0,0,0,NaN,24397,24374.75,24394.75
2025-09-17T12:45:00-04:00,24394.75,24395,24376,24384.75,0,0,0,0,0,0,0,NaN,24395,24376,24384.75
2025-09-17T12:50:00-04:00,24385,24399.25,24384.75,24394.25,0,0,0,0,0,0,0,NaN,24399.25,24384.75,24394.25
2025-09-17T12:55:00-04:00,24394.25,24398,24383.5,24389.75,0,0,0,0,0,0,0,NaN,24398,24383.5,24389.75
2025-09-17T13:00:00-04:00,24389.75,24402.75,24388.5,24400,0,0,0,0,0,0,0,NaN,24402.75,24388.5,24400
2025-09-17T13:05:00-04:00,24400,24402.75,24395.25,24397.25,0,0,0,0,0,0,0,NaN,24402.75,24395.25,24397.25
2025-09-17T13:10:00-04:00,24397.75,24402.75,24388,24402.5,0,0,0,0,0,0,0,NaN,24402.75,24388,24402.5
2025-09-17T13:15:00-04:00,24402.5,24404.5,24395.75,24404,0,0,0,0,0,0,0,NaN,24404.5,24395.75,24404
2025-09-17T13:20:00-04:00,24404,24408,24393.25,24406,0,0,0,0,0,0,0,NaN,24408,24393.25,24406
2025-09-17T13:25:00-04:00,24406.5,24410.5,24401.5,24409.75,0,0,0,0,0,0,0,NaN,24410.5,24401.5,24409.75
2025-09-17T13:30:00-04:00,24410,24424.25,24410,24421.25,0,0,0,0,0,0,0,NaN,24424.25,24410,24421.25
2025-09-17T13:35:00-04:00,24420.75,24446,24419.5,24442,0,0,0,0,0,0,0,NaN,24446,24419.5,24442
2025-09-17T13:40:00-04:00,24441.25,24449,24433,24435.75,0,0,0,0,0,0,0,NaN,24449,24433,24435.75
2025-09-17T13:45:00-04:00,24436,24441.75,24426.5,24429.25,0,0,0,0,0,0,0,NaN,24441.75,24426.5,24429.25
2025-09-17T13:50:00-04:00,24429,24434.5,24423.5,24434,0,0,0,0,0,0,0,NaN,24434.5,24423.5,24434
2025-09-17T13:55:00-04:00,24434.25,24461.25,24426.5,24455.5,0,0,0,0,0,0,0,NaN,24461.25,24426.5,24455.5
2025-09-17T14:00:00-04:00,24455.75,24524,24439.5,24512.25,0,0,0,0,0,0,0,NaN,24524,24439.5,24512.25
2025-09-17T14:05:00-04:00,24511.75,24515,24436.25,24441,0,0,0,0,0,0,0,NaN,24515,24436.25,24441
2025-09-17T14:10:00-04:00,24441,24452.25,24323.25,24324,0,0,0,0,0,0,0,NaN,24452.25,24323.25,24324
2025-09-17T14:15:00-04:00,24324,24388.75,24291.75,24374.75,0,0,0,0,0,0,0,NaN,24388.75,24291.75,24374.75
2025-09-17T14:20:00-04:00,24374,24424.75,24333.25,24413,0,0,0,0,0,0,0,NaN,24424.75,24333.25,24413
2025-09-17T14:25:00-04:00,24413.75,24444.25,24387.5,24441.25,0,0,0,0,0,0,0,NaN,24444.25,24387.5,24441.25
2025-09-17T14:30:00-04:00,24442.25,24453.5,24347.25,24366.75,0,0,0,0,0,0,0,NaN,24453.5,24347.25,24366.75
2025-09-17T14:35:00-04:00,24365.75,24414.25,24323.25,24324.75,0,0,0,0,0,0,0,NaN,24414.25,24323.25,24324.75
2025-09-17T14:40:00-04:00,24325,24374,24288.5,24318,0,0,0,0,0,0,0,NaN,24374,24288.5,24318
2025-09-17T14:45:00-04:00,24319.25,24361.5,24264.75,24341.75,0,0,0,0,0,0,0,NaN,24361.5,24264.75,24341.75
2025-09-17T14:50:00-04:00,24341.5,24354,24242,24268.5,0,0,0,0,0,0,0,NaN,24354,24242,24268.5
2025-09-17T14:55:00-04:00,24268,24396.75,24266.5,24393,0,0,0,0,0,0,0,NaN,24396.75,24266.5,24393
2025-09-17T15:00:00-04:00,24392.25,24455.25,24382.75,24450.25,0,0,0,0,0,0,0,NaN,24455.25,24382.75,24450.25
2025-09-17T15:05:00-04:00,24451,24516.5,24436,24490.25,0,0,0,0,0,0,0,NaN,24516.5,24436,24490.25
2025-09-17T15:10:00-04:00,24491.75,24520,24412.75,24431.25,0,0,0,0,0,0,0,NaN,24520,24412.75,24431.25
2025-09-17T15:15:00-04:00,24430.75,24502.25,24428.75,24471.75,0,0,0,0,0,0,0,NaN,24502.25,24428.75,24471.75
2025-09-17T15:20:00-04:00,24472,24530,24453,24520.25,0,0,0,0,0,0,0,NaN,24530,24453,24520.25
2025-09-17T15:25:00-04:00,24521,24550.75,24510.75,24530.5,0,0,0,0,0,0,0,NaN,24550.75,24510.75,24530.5
2025-09-17T15:30:00-04:00,24530.75,24547.25,24472,24493.5,0,0,0,0,0,0,0,NaN,24547.25,24472,24493.5
2025-09-17T15:35:00-04:00,24494.5,24530.5,24490,24491.75,0,0,0,0,0,0,0,NaN,24530.5,24490,24491.75
2025-09-17T15:40:00-04:00,24491.75,24515.5,24476.5,24498,0,0,0,0,0,0,0,NaN,24515.5,24476.5,24498
2025-09-17T15:45:00-04:00,24498.75,24504.25,24474.75,24489,0,0,0,0,0,0,0,NaN,24504.25,24474.75,24489
2025-09-17T15:50:00-04:00,24490.25,24511.75,24456.25,24482.25,0,0,0,0,0,0,0,NaN,24511.75,24456.25,24482.25
2025-09-17T15:55:00-04:00,24483.25,24505,24447.75,24475.25,0,0,0,0,0,0,0,NaN,24505,24447.75,24475.25
2025-09-17T16:00:00-04:00,24475,24512.75,24472.25,24503.5,0,0,0,0,0,0,0,NaN,24512.75,24472.25,24503.5
2025-09-17T16:05:00-04:00,24503.75,24523.75,24499.25,24512.75,0,0,0,0,0,0,0,NaN,24523.75,24499.25,24512.75
2025-09-17T16:10:00-04:00,24512.25,24518.75,24503.5,24507.5,0,0,0,0,0,0,0,NaN,24518.75,24503.5,24507.5
2025-09-17T16:15:00-04:00,24507,24508.75,24487.75,24498,0,0,0,0,0,0,0,NaN,24508.75,24487.75,24498
2025-09-17T16:20:00-04:00,24498.5,24501,24487.25,24492.5,0,0,0,0,0,0,0,NaN,24501,24487.25,24492.5
2025-09-17T16:25:00-04:00,24493.75,24509.25,24492,24508.5,0,0,0,0,0,0,0,NaN,24509.25,24492,24508.5
2025-09-17T16:30:00-04:00,24507.75,24517.25,24505.5,24516,0,0,0,0,0,0,0,NaN,24517.25,24505.5,24516
2025-09-17T16:35:00-04:00,24516.75,24517.25,24500.5,24502.25,0,0,0,0,0,0,0,NaN,24517.25,24500.5,24502.25
2025-09-17T16:40:00-04:00,24502.25,24504,24497.5,24501.5,0,0,0,0,0,0,0,NaN,24504,24497.5,24501.5
2025-09-17T16:45:00-04:00,24501.25,24502.5,24491.25,24491.25,0,0,0,0,0,0,0,NaN,24502.5,24491.25,24491.25
2025-09-17T16:50:00-04:00,24491,24492.75,24487,24487.25,0,0,0,0,0,0,0,NaN,24492.75,24487,24487.25
2025-09-17T16:55:00-04:00,24487,24504,24486.5,24502,0,0,0,0,0,0,0,NaN,24504,24486.5,24502
2025-09-17T18:00:00-04:00,24498.5,24509,24495.25,24507.25,0,0,0,0,0,0,0,NaN,24509,24495.25,24507.25
2025-09-17T18:05:00-04:00,24507,24519.5,24506.25,24515.25,0,0,0,0,0,0,0,NaN,24519.5,24506.25,24515.25
2025-09-17T18:10:00-04:00,24516,24518,24509.75,24517,0,0,0,0,0,0,0,NaN,24518,24509.75,24517
2025-09-17T18:15:00-04:00,24516.25,24518,24515,24517,0,0,0,0,0,0,0,NaN,24518,24515,24517
2025-09-17T18:20:00-04:00,24517,24524,24514,24522.5,0,0,0,0,0,0,0,NaN,24524,24514,24522.5
2025-09-17T18:25:00-04:00,24522.25,24532,24522.25,24529.75,0,0,0,0,0,0,0,NaN,24532,24522.25,24529.75
2025-09-17T18:30:00-04:00,24529.5,24534.25,24527,24534.25,0,0,0,0,0,0,0,NaN,24534.25,24527,24534.25
2025-09-17T18:35:00-04:00,24534.25,24541.75,24532.25,24541.75,0,0,0,0,0,0,0,NaN,24541.75,24532.25,24541.75
2025-09-17T18:40:00-04:00,24540.5,24549,24538.75,24545,0,0,0,0,0,0,0,NaN,24549,24538.75,24545
2025-09-17T18:45:00-04:00,24545,24563,24542,24562,0,0,0,0,0,0,0,NaN,24563,24542,24562
2025-09-17T18:50:00-04:00,24562.5,24574.25,24560.25,24570.75,0,0,0,0,0,0,0,NaN,24574.25,24560.25,24570.75
2025-09-17T18:55:00-04:00,24570.75,24572.25,24566.25,24567.5,0,0,0,0,0,0,0,NaN,24572.25,24566.25,24567.5
2025-09-17T19:00:00-04:00,24567.5,24575.5,24567.5,24573.5,0,0,0,0,0,0,0,NaN,24575.5,24567.5,24573.5
2025-09-17T19:05:00-04:00,24574,24576.5,24569.25,24574,0,0,0,0,0,0,0,NaN,24576.5,24569.25,24574
2025-09-17T19:10:00-04:00,24573.5,24577.25,24567.75,24568.75,0,0,0,0,0,0,0,NaN,24577.25,24567.75,24568.75
2025-09-17T19:15:00-04:00,24568.5,24579,24568.5,24574.5,0,0,0,0,0,0,0,NaN,24579,24568.5,24574.5
2025-09-17T19:20:00-04:00,24573.75,24577.5,24572.5,24574,0,0,0,0,0,0,0,NaN,24577.5,24572.5,24574
2025-09-17T19:25:00-04:00,24574,24577,24573.25,24575.25,0,0,0,0,0,0,0,NaN,24577,24573.25,24575.25
2025-09-17T19:30:00-04:00,24574.75,24585.75,24574.25,24578,0,0,0,0,0,0,0,NaN,24585.75,24574.25,24578
2025-09-17T19:35:00-04:00,24578.5,24579.75,24571,24572.5,0,0,0,0,0,0,0,NaN,24579.75,24571,24572.5
2025-09-17T19:40:00-04:00,24572.75,24574.75,24569,24572.25,0,0,0,0,0,0,0,NaN,24574.75,24569,24572.25
2025-09-17T19:45:00-04:00,24572.75,24586,24572.5,24586,0,0,0,0,0,0,0,NaN,24586,24572.5,24586
2025-09-17T19:50:00-04:00,24583.75,24584.25,24578,24584.25,0,0,0,0,0,0,0,NaN,24584.25,24578,24584.25
2025-09-17T19:55:00-04:00,24584.5,24589,24580.75,24583.5,0,0,0,0,0,0,0,NaN,24589,24580.75,24583.5
2025-09-17T20:00:00-04:00,24584.25,24584.25,24568.25,24568.25,0,0,0,0,0,0,0,NaN,24584.25,24568.25,24568.25
2025-09-17T20:05:00-04:00,24568.25,24578.25,24568,24575.5,0,0,0,0,0,0,0,NaN,24578.25,24568,24575.5
2025-09-17T20:10:00-04:00,24575.75,24579.75,24570.25,24573.75,0,0,0,0,0,0,0,NaN,24579.75,24570.25,24573.75
2025-09-17T20:15:00-04:00,24573.75,24576.25,24571.75,24571.75,0,0,0,0,0,0,0,NaN,24576.25,24571.75,24571.75
2025-09-17T20:20:00-04:00,24571.75,24573.5,24560.75,24564.25,0,0,0,0,0,0,0,NaN,24573.5,24560.75,24564.25
2025-09-17T20:25:00-04:00,24565,24566.5,24560,24563,0,0,0,0,0,0,0,NaN,24566.5,24560,24563
2025-09-17T20:30:00-04:00,24563,24568.5,24561.75,24565.75,0,0,0,0,0,0,0,NaN,24568.5,24561.75,24565.75
2025-09-17T20:35:00-04:00,24566.5,24568.5,24563,24563.5,0,0,0,0,0,0,0,NaN,24568.5,24563,24563.5
2025-09-17T20:40:00-04:00,24563.5,24570,24563,24567,0,0,0,0,0,0,0,NaN,24570,24563,24567
2025-09-17T20:45:00-04:00,24566.75,24570,24564.25,24564.25,0,0,0,0,0,0,0,NaN,24570,24564.25,24564.25
2025-09-17T20:50:00-04:00,24564,24568.25,24560.75,24567.5,0,0,0,0,0,0,0,NaN,24568.25,24560.75,24567.5
2025-09-17T20:55:00-04:00,24566.75,24570.5,24563.5,24564.5,0,0,0,0,0,0,0,NaN,24570.5,24563.5,24564.5
2025-09-17T21:00:00-04:00,24564.25,24569.5,24560.5,24567.75,0,0,0,0,0,0,0,NaN,24569.5,24560.5,24567.75
2025-09-17T21:05:00-04:00,24568.25,24593.5,24566.5,24586.25,0,0,0,0,0,0,0,NaN,24593.5,24566.5,24586.25
2025-09-17T21:10:00-04:00,24585.5,24594.5,24585.25,24587.75,0,0,0,0,0,0,0,NaN,24594.5,24585.25,24587.75
2025-09-17T21:15:00-04:00,24587.75,24588.5,24577.25,24577.25,0,0,0,0,0,0,0,NaN,24588.5,24577.25,24577.25
2025-09-17T21:20:00-04:00,24578.25,24578.25,24567.5,24577,0,0,0,0,0,0,0,NaN,24578.25,24567.5,24577
2025-09-17T21:25:00-04:00,24577.25,24580.5,24574.75,24577,0,0,0,0,0,0,0,NaN,24580.5,24574.75,24577
2025-09-17T21:30:00-04:00,24577,24585.5,24576,24582,0,0,0,0,0,0,0,NaN,24585.5,24576,24582
2025-09-17T21:35:00-04:00,24582.5,24588.25,24582.5,24588.25,0,0,0,0,0,0,0,NaN,24588.25,24582.5,24588.25
2025-09-17T21:40:00-04:00,24588.25,24589.5,24584,24588,0,0,0,0,0,0,0,NaN,24589.5,24584,24588
2025-09-17T21:45:00-04:00,24588,24594,24586.75,24591.25,0,0,0,0,0,0,0,NaN,24594,24586.75,24591.25
2025-09-17T21:50:00-04:00,24591.25,24593.25,24587.5,24593.25,0,0,0,0,0,0,0,NaN,24593.25,24587.5,24593.25
2025-09-17T21:55:00-04:00,24593.75,24598,24592,24592.75,0,0,0,0,0,0,0,NaN,24598,24592,24592.75
2025-09-17T22:00:00-04:00,24592,24593.25,24590,24593,0,0,0,0,0,0,0,NaN,24593.25,24590,24593
2025-09-17T22:05:00-04:00,24592.5,24593,24587.5,24588,0,0,0,0,0,0,0,NaN,24593,24587.5,24588
2025-09-17T22:10:00-04:00,24587.75,24598,24586.75,24596.75,0,0,0,0,0,0,0,NaN,24598,24586.75,24596.75
2025-09-17T22:15:00-04:00,24597,24605.5,24596.5,24604.25,0,0,0,0,0,0,0,NaN,24605.5,24596.5,24604.25
2025-09-17T22:20:00-04:00,24604,24606.25,24598.5,24603.25,0,0,0,0,0,0,0,NaN,24606.25,24598.5,24603.25
2025-09-17T22:25:00-04:00,24603.75,24605.5,24601.5,24604.5,0,0,0,0,0,0,0,NaN,24605.5,24601.5,24604.5
2025-09-17T22:30:00-04:00,24603.75,24607.25,24602.25,24603.25,0,0,0,0,0,0,0,NaN,24607.25,24602.25,24603.25
2025-09-17T22:35:00-04:00,24603,24612,24603,24610,0,0,0,0,0,0,0,NaN,24612,24603,24610
2025-09-17T22:40:00-04:00,24609,24613.25,24608,24611.25,0,0,0,0,0,0,0,NaN,24613.25,24608,24611.25
2025-09-17T22:45:00-04:00,24611.25,24617.5,24611.25,24616,0,0,0,0,0,0,0,NaN,24617.5,24611.25,24616
2025-09-17T22:50:00-04:00,24616.75,24619.75,24612.75,24615.5,0,0,0,0,0,0,0,NaN,24619.75,24612.75,24615.5
2025-09-17T22:55:00-04:00,24616,24623.5,24613.5,24620.75,0,0,0,0,0,0,0,NaN,24623.5,24613.5,24620.75
2025-09-17T23:00:00-04:00,24620.75,24645,24620,24639.25,0,0,0,0,0,0,0,NaN,24645,24620,24639.25
2025-09-17T23:05:00-04:00,24639,24643,24634.75,24636.5,0,0,0,0,0,0,0,NaN,24643,24634.75,24636.5
2025-09-17T23:10:00-04:00,24636,24636.75,24629.25,24630.75,0,0,0,0,0,0,0,NaN,24636.75,24629.25,24630.75
2025-09-17T23:15:00-04:00,24632,24637,24629,24637,0,0,0,0,0,0,0,NaN,24637,24629,24637
2025-09-17T23:20:00-04:00,24636.5,24642.25,24635.75,24639.5,0,0,0,0,0,0,0,NaN,24642.25,24635.75,24639.5
2025-09-17T23:25:00-04:00,24638,24643.25,24637,24638,0,0,0,0,0,0,0,NaN,24643.25,24637,24638
2025-09-17T23:30:00-04:00,24638.5,24642.5,24635,24638.75,0,0,0,0,0,0,0,NaN,24642.5,24635,24638.75
2025-09-17T23:35:00-04:00,24638.25,24638.5,24633.75,24637.75,0,0,0,0,0,0,0,NaN,24638.5,24633.75,24637.75
2025-09-17T23:40:00-04:00,24638,24638.5,24633.75,24634.5,0,0,0,0,0,0,0,NaN,24638.5,24633.75,24634.5
2025-09-17T23:45:00-04:00,24634,24634.25,24628,24630.25,0,0,0,0,0,0,0,NaN,24634.25,24628,24630.25
2025-09-17T23:50:00-04:00,24630.5,24634.25,24626.25,24633.25,0,0,0,0,0,0,0,NaN,24634.25,24626.25,24633.25
2025-09-17T23:55:00-04:00,24633,24639.75,24632.5,24635.75,0,0,0,0,0,0,0,NaN,24639.75,24632.5,24635.75
2025-09-18T00:00:00-04:00,24635.75,24640,24632.75,24638,0,0,0,0,1,0,0,NaN,24640,24632.75,24638
2025-09-18T00:05:00-04:00,24637.5,24637.75,24630,24632.5,0,0,0,0,0,0,0,NaN,24637.75,24630,24632.5
2025-09-18T00:10:00-04:00,24632,24640.75,24631,24639.75,0,0,0,0,0,0,0,NaN,24640.75,24631,24639.75
2025-09-18T00:15:00-04:00,24639.5,24641.25,24635.25,24640.25,0,0,0,0,0,0,0,NaN,24641.25,24635.25,24640.25
2025-09-18T00:20:00-04:00,24640,24646,24637,24639.75,0,0,0,0,0,0,0,NaN,24646,24637,24639.75
2025-09-18T00:25:00-04:00,24639.5,24644,24638.5,24644,0,0,0,0,0,0,0,NaN,24644,24638.5,24644
2025-09-18T00:30:00-04:00,24644.5,24653.5,24641,24642.25,0,0,0,0,0,0,0,NaN,24653.5,24641,24642.25
2025-09-18T00:35:00-04:00,24641.75,24644,24635.75,24640.75,0,0,0,0,0,0,0,NaN,24644,24635.75,24640.75
2025-09-18T00:40:00-04:00,24640.25,24645.5,24637.5,24644.75,0,0,0,0,0,0,0,NaN,24645.5,24637.5,24644.75
2025-09-18T00:45:00-04:00,24645,24645.25,24640.75,24644.5,0,0,0,0,0,0,0,NaN,24645.25,24640.75,24644.5
2025-09-18T00:50:00-04:00,24644.5,24647,24643.75,24644.5,0,0,0,0,0,0,0,NaN,24647,24643.75,24644.5
2025-09-18T00:55:00-04:00,24645,24648,24641.75,24646,0,0,0,0,0,0,0,NaN,24648,24641.75,24646
2025-09-18T01:00:00-04:00,24645.5,24650.75,24643.5,24648,0,0,0,0,0,0,0,NaN,24650.75,24643.5,24648
2025-09-18T01:05:00-04:00,24647.5,24650,24642.5,24647.75,0,0,0,0,0,0,0,NaN,24650,24642.5,24647.75
2025-09-18T01:10:00-04:00,24647,24647.75,24643.75,24645,0,0,0,0,0,0,0,NaN,24647.75,24643.75,24645
2025-09-18T01:15:00-04:00,24645,24646.25,24634.75,24637,0,0,0,0,0,0,0,NaN,24646.25,24634.75,24637
2025-09-18T01:20:00-04:00,24636.5,24636.75,24630.5,24634.75,0,0,0,0,0,0,0,NaN,24636.75,24630.5,24634.75
2025-09-18T01:25:00-04:00,24633.5,24633.5,24615,24617.25,0,0,0,0,0,0,0,NaN,24633.5,24615,24617.25
2025-09-18T01:30:00-04:00,24617,24623,24611,24616,0,0,0,0,0,0,0,NaN,24623,24611,24616
2025-09-18T01:35:00-04:00,24616,24618.5,24613.75,24615,0,0,0,0,0,0,0,NaN,24618.5,24613.75,24615
2025-09-18T01:40:00-04:00,24615.25,24622.5,24614.25,24615.25,0,0,0,0,0,0,0,NaN,24622.5,24614.25,24615.25
2025-09-18T01:45:00-04:00,24615.75,24616.75,24611.25,24615,0,0,0,0,0,0,0,NaN,24616.75,24611.25,24615
2025-09-18T01:50:00-04:00,24615,24621.25,24614.5,24615.5,0,0,0,0,0,0,0,NaN,24621.25,24614.5,24615.5
2025-09-18T01:55:00-04:00,24615,24618.25,24612,24615,0,0,0,0,0,0,0,NaN,24618.25,24612,24615
2025-09-18T02:00:00-04:00,24614.5,24617.5,24606.5,24608.5,0,0,0,0,0,0,0,NaN,24617.5,24606.5,24608.5
2025-09-18T02:05:00-04:00,24608.75,24609.75,24595.5,24601.25,0,0,0,0,0,0,0,NaN,24609.75,24595.5,24601.25
2025-09-18T02:10:00-04:00,24602.25,24602.75,24589.5,24594,0,0,0,0,0,0,0,NaN,24602.75,24589.5,24594
2025-09-18T02:15:00-04:00,24593.5,24602.25,24587.5,24600,0,0,0,0,0,0,0,NaN,24602.25,24587.5,24600
2025-09-18T02:20:00-04:00,24599.5,24600.25,24590,24592.5,0,0,0,0,0,0,0,NaN,24600.25,24590,24592.5
2025-09-18T02:25:00-04:00,24593.25,24597.5,24591,24594.25,0,0,0,0,0,0,0,NaN,24597.5,24591,24594.25
2025-09-18T02:30:00-04:00,24594.25,24605.75,24586.5,24605.75,0,0,0,0,0,0,0,NaN,24605.75,24586.5,24605.75
2025-09-18T02:35:00-04:00,24605.25,24612,24602.25,24610,0,0,0,0,0,0,0,NaN,24612,24602.25,24610
2025-09-18T02:40:00-04:00,24609.25,24616.25,24607,24614.75,0,0,0,0,0,0,0,NaN,24616.25,24607,24614.75
2025-09-18T02:45:00-04:00,24614.75,24622.5,24612.25,24614.5,0,0,0,0,0,0,0,NaN,24622.5,24612.25,24614.5
2025-09-18T02:50:00-04:00,24614,24618.25,24610.25,24618.25,0,0,0,0,0,0,0,NaN,24618.25,24610.25,24618.25
2025-09-18T02:55:00-04:00,24618,24625.75,24618,24624.5,0,0,0,0,0,0,0,NaN,24625.75,24618,24624.5
2025-09-18T03:00:00-04:00,24624.75,24630,24620.25,24629.25,0,0,0,0,0,0,0,NaN,24630,24620.25,24629.25
2025-09-18T03:05:00-04:00,24629.75,24635.25,24623.75,24625.75,0,0,0,0,0,0,0,NaN,24635.25,24623.75,24625.75
2025-09-18T03:10:00-04:00,24625,24633.25,24622.75,24632.25,0,0,0,0,0,0,0,NaN,24633.25,24622.75,24632.25
2025-09-18T03:15:00-04:00,24632.25,24653.25,24628.75,24651.75,0,0,0,0,0,0,0,NaN,24653.25,24628.75,24651.75
2025-09-18T03:20:00-04:00,24651.75,24651.75,24625.25,24627,0,0,0,0,0,0,0,NaN,24651.75,24625.25,24627
2025-09-18T03:25:00-04:00,24625.25,24631.25,24619.5,24626,0,0,0,0,0,0,0,NaN,24631.25,24619.5,24626
2025-09-18T03:30:00-04:00,24625.5,24632.75,24623.5,24628,0,0,0,0,0,0,0,NaN,24632.75,24623.5,24628
2025-09-18T03:35:00-04:00,24628.25,24632,24625,24629.25,0,0,0,0,0,0,0,NaN,24632,24625,24629.25
2025-09-18T03:40:00-04:00,24630,24642.5,24628.75,24638.75,0,0,0,0,0,0,0,NaN,24642.5,24628.75,24638.75
2025-09-18T03:45:00-04:00,24637.75,24654.5,24637.75,24652.5,0,0,0,0,0,0,0,NaN,24654.5,24637.75,24652.5
2025-09-18T03:50:00-04:00,24652.5,24667.75,24652.5,24666.5,0,0,0,0,0,0,0,NaN,24667.75,24652.5,24666.5
2025-09-18T03:55:00-04:00,24665.75,24670.75,24661.5,24663.25,0,0,0,0,0,0,0,NaN,24670.75,24661.5,24663.25
2025-09-18T04:00:00-04:00,24663.5,24678.75,24656.25,24678.5,0,0,0,0,0,0,0,NaN,24678.75,24656.25,24678.5
2025-09-18T04:05:00-04:00,24678.25,24683.75,24669.5,24676,0,0,0,0,0,0,0,NaN,24683.75,24669.5,24676
2025-09-18T04:10:00-04:00,24676.75,24695.25,24674.75,24686.75,0,0,0,0,0,0,0,NaN,24695.25,24674.75,24686.75
2025-09-18T04:15:00-04:00,24687,24693,24681.5,24684.75,0,0,0,0,0,0,0,NaN,24693,24681.5,24684.75
2025-09-18T04:20:00-04:00,24685,24692.25,24679.75,24691.5,0,0,0,0,0,0,0,NaN,24692.25,24679.75,24691.5
2025-09-18T04:25:00-04:00,24691.25,24696,24684.25,24692.75,0,0,0,0,0,0,0,NaN,24696,24684.25,24692.75
2025-09-18T04:30:00-04:00,24692.75,24699,24688.5,24696.25,0,0,0,0,0,0,0,NaN,24699,24688.5,24696.25
2025-09-18T04:35:00-04:00,24697,24706.75,24695.5,24703.75,0,0,0,0,0,0,0,NaN,24706.75,24695.5,24703.75
2025-09-18T04:40:00-04:00,24704,24708,24700.5,24703.25,0,0,0,0,0,0,0,NaN,24708,24700.5,24703.25
2025-09-18T04:45:00-04:00,24703.75,24719,24699.5,24718.75,0,0,0,0,0,0,0,NaN,24719,24699.5,24718.75
2025-09-18T04:50:00-04:00,24719,24725.75,24717.5,24723.5,0,0,0,0,0,0,0,NaN,24725.75,24717.5,24723.5
2025-09-18T04:55:00-04:00,24723.75,24732.75,24720.5,24727.5,0,0,0,0,0,0,0,NaN,24732.75,24720.5,24727.5
2025-09-18T05:00:00-04:00,24728.75,24731,24720.25,24723,0,0,0,0,0,0,0,NaN,24731,24720.25,24723
2025-09-18T05:05:00-04:00,24722.75,24729.75,24718.25,24728.25,0,0,0,0,0,0,0,NaN,24729.75,24718.25,24728.25
2025-09-18T05:10:00-04:00,24728,24732.25,24708.25,24711.25,0,0,0,0,0,0,0,NaN,24732.25,24708.25,24711.25
2025-09-18T05:15:00-04:00,24711.25,24724,24711.25,24717.5,0,0,0,0,0,0,0,NaN,24724,24711.25,24717.5
2025-09-18T05:20:00-04:00,24718,24720.25,24711.75,24712.25,0,0,0,0,0,0,0,NaN,24720.25,24711.75,24712.25
2025-09-18T05:25:00-04:00,24712.5,24722.25,24709.75,24718.5,0,0,0,0,0,0,0,NaN,24722.25,24709.75,24718.5
2025-09-18T05:30:00-04:00,24718.5,24728.5,24717.5,24728.25,0,0,0,0,0,0,0,NaN,24728.5,24717.5,24728.25
2025-09-18T05:35:00-04:00,24728.25,24731.75,24721.5,24726.75,0,0,0,0,0,0,0,NaN,24731.75,24721.5,24726.75
2025-09-18T05:40:00-04:00,24727,24729,24718.75,24719.75,0,0,0,0,0,0,0,NaN,24729,24718.75,24719.75
2025-09-18T05:45:00-04:00,24719.5,24724.25,24713.25,24720,0,0,0,0,0,0,0,NaN,24724.25,24713.25,24720
2025-09-18T05:50:00-04:00,24720.75,24730.5,24718,24718,0,0,0,0,0,0,0,NaN,24730.5,24718,24718
2025-09-18T05:55:00-04:00,24719,24721.5,24715.25,24718,0,0,0,0,0,0,0,NaN,24721.5,24715.25,24718
2025-09-18T06:00:00-04:00,24717.75,24721.5,24713.5,24721,0,0,0,0,0,0,0,NaN,24721.5,24713.5,24721
2025-09-18T06:05:00-04:00,24721.25,24729.25,24720.5,24729.25,0,0,0,0,0,0,0,NaN,24729.25,24720.5,24729.25
2025-09-18T06:10:00-04:00,24729.5,24729.5,24724.5,24727.5,0,0,0,0,0,0,0,NaN,24729.5,24724.5,24727.5
2025-09-18T06:15:00-04:00,24727,24728.25,24721.5,24722.75,0,0,0,0,0,0,0,NaN,24728.25,24721.5,24722.75
2025-09-18T06:20:00-04:00,24723.25,24724.5,24714.25,24717.25,0,0,0,0,0,0,0,NaN,24724.5,24714.25,24717.25
2025-09-18T06:25:00-04:00,24717.5,24717.75,24706,24710,0,0,0,0,0,0,0,NaN,24717.75,24706,24710
2025-09-18T06:30:00-04:00,24709.75,24709.75,24700.75,24701,0,0,0,0,0,0,0,NaN,24709.75,24700.75,24701
2025-09-18T06:35:00-04:00,24701.25,24706.25,24700.25,24704,0,0,0,0,0,0,0,NaN,24706.25,24700.25,24704
2025-09-18T06:40:00-04:00,24704.5,24706.75,24701,24703,0,0,0,0,0,0,0,NaN,24706.75,24701,24703
2025-09-18T06:45:00-04:00,24702,24708.25,24697.25,24698.75,0,0,0,0,0,0,0,NaN,24708.25,24697.25,24698.75
2025-09-18T06:50:00-04:00,24698.75,24701.25,24693,24696.75,0,0,0,0,0,0,0,NaN,24701.25,24693,24696.75
2025-09-18T06:55:00-04:00,24696.75,24708,24695,24706.5,0,0,0,0,0,0,0,NaN,24708,24695,24706.5
2025-09-18T07:00:00-04:00,24706.75,24738,24700.5,24725.25,0,0,0,0,0,0,0,NaN,24738,24700.5,24725.25
2025-09-18T07:05:00-04:00,24725.75,24734.25,24716.25,24733,0,0,0,0,0,0,0,NaN,24734.25,24716.25,24733
2025-09-18T07:10:00-04:00,24733.25,24751,24732,24746.75,0,0,0,0,0,0,0,NaN,24751,24732,24746.75
2025-09-18T07:15:00-04:00,24746.5,24752.5,24739,24744.5,0,0,0,0,0,0,0,NaN,24752.5,24739,24744.5
2025-09-18T07:20:00-04:00,24745,24755.75,24743,24744.5,0,0,0,0,0,0,0,NaN,24755.75,24743,24744.5
2025-09-18T07:25:00-04:00,24745.5,24746.25,24734,24742,0,0,0,0,0,0,0,NaN,24746.25,24734,24742
2025-09-18T07:30:00-04:00,24741.5,24744.5,24736.5,24739,0,0,0,0,0,0,0,NaN,24744.5,24736.5,24739
2025-09-18T07:35:00-04:00,24739.5,24742.25,24736,24739.5,0,0,0,0,0,0,0,NaN,24742.25,24736,24739.5
2025-09-18T07:40:00-04:00,24739.25,24739.75,24715.5,24722.75,0,0,0,0,0,0,0,NaN,24739.75,24715.5,24722.75
2025-09-18T07:45:00-04:00,24722.25,24732.5,24719.25,24728.25,0,0,0,0,0,0,0,NaN,24732.5,24719.25,24728.25
2025-09-18T07:50:00-04:00,24727.75,24737,24725.75,24733.25,0,0,0,0,0,0,0,NaN,24737,24725.75,24733.25
2025-09-18T07:55:00-04:00,24733.25,24743.75,24730.25,24742.25,0,0,0,0,0,0,0,NaN,24743.75,24730.25,24742.25
2025-09-18T08:00:00-04:00,24742.5,24743.5,24737.25,24743.25,0,0,0,0,0,0,0,NaN,24743.5,24737.25,24743.25
2025-09-18T08:05:00-04:00,24743.25,24747,24731.5,24731.5,0,0,0,0,0,0,0,NaN,24747,24731.5,24731.5
2025-09-18T08:10:00-04:00,24732,24736.5,24723,24733.5,0,0,0,0,0,0,0,NaN,24736.5,24723,24733.5
2025-09-18T08:15:00-04:00,24734.75,24740.5,24728.75,24739.25,0,0,0,0,0,0,0,NaN,24740.5,24728.75,24739.25
2025-09-18T08:20:00-04:00,24739.5,24753,24736.75,24750,0,0,0,0,0,0,0,NaN,24753,24736.75,24750
2025-09-18T08:25:00-04:00,24750.5,24762.75,24750,24753.75,0,0,0,0,0,0,0,NaN,24762.75,24750,24753.75
2025-09-18T08:30:00-04:00,24752.25,24761,24727.75,24729.75,0,0,0,0,0,0,0,NaN,24761,24727.75,24729.75
2025-09-18T08:35:00-04:00,24729.75,24741.25,24726.25,24729.25,0,0,0,0,0,0,0,NaN,24741.25,24726.25,24729.25
2025-09-18T08:40:00-04:00,24729.25,24737.75,24727,24730,0,0,0,0,0,0,0,NaN,24737.75,24727,24730
2025-09-18T08:45:00-04:00,24730.75,24737.25,24729.75,24733.5,0,0,0,0,0,0,0,NaN,24737.25,24729.75,24733.5
2025-09-18T08:50:00-04:00,24733.25,24733.75,24708.75,24711,0,0,0,0,0,0,0,NaN,24733.75,24708.75,24711
2025-09-18T08:55:00-04:00,24711.5,24716,24689.5,24689.75,0,0,0,0,0,0,0,NaN,24716,24689.5,24689.75
2025-09-18T09:00:00-04:00,24690.25,24693,24658.5,24668,0,0,0,0,0,0,0,NaN,24693,24658.5,24668
2025-09-18T09:05:00-04:00,24667.75,24680,24650.5,24679,0,0,0,0,0,0,0,NaN,24680,24650.5,24679
2025-09-18T09:10:00-04:00,24678.25,24690.75,24671,24676.5,0,0,0,0,0,0,0,NaN,24690.75,24671,24676.5
2025-09-18T09:15:00-04:00,24676.75,24694.5,24673.5,24675,0,0,0,0,0,0,0,NaN,24694.5,24673.5,24675
2025-09-18T09:20:00-04:00,24674.25,24686.5,24673.75,24678.5,0,0,0,0,0,0,0,NaN,24686.5,24673.75,24678.5
2025-09-18T09:25:00-04:00,24679.25,24691,24673.25,24679.5,0,0,0,0,0,0,0,NaN,24691,24673.25,24679.5
2025-09-18T09:30:00-04:00,24679.5,24708.75,24653.75,24698.25,0,0,0,0,0,0,0,NaN,24708.75,24653.75,24698.25
2025-09-18T09:35:00-04:00,24697.5,24713.25,24666.5,24668.25,0,0,0,0,0,0,0,NaN,24713.25,24666.5,24668.25
2025-09-18T09:40:00-04:00,24668.5,24676.5,24623.75,24625,0,0,0,0,0,0,0,NaN,24676.5,24623.75,24625
2025-09-18T09:45:00-04:00,24624.75,24657.75,24598.75,24656.75,0,0,0,0,0,0,0,NaN,24657.75,24598.75,24656.75
2025-09-18T09:50:00-04:00,24656,24698.5,24653.25,24660.75,0,0,0,0,0,0,0,NaN,24698.5,24653.25,24660.75
2025-09-18T09:55:00-04:00,24660.25,24698.5,24641.5,24697,0,0,0,0,0,0,0,NaN,24698.5,24641.5,24697
2025-09-18T10:00:00-04:00,24696.75,24730,24694,24722,0,0,0,0,0,0,0,NaN,24730,24694,24722
2025-09-18T10:05:00-04:00,24722.25,24749,24721.75,24749,0,0,0,0,0,0,0,NaN,24749,24721.75,24749
2025-09-18T10:10:00-04:00,24749,24767,24742.75,24748.75,0,0,0,0,0,0,0,NaN,24767,24742.75,24748.75
2025-09-18T10:15:00-04:00,24749,24772.5,24746.5,24770.25,0,0,0,0,0,0,0,NaN,24772.5,24746.5,24770.25
2025-09-18T10:20:00-04:00,24770.25,24781.25,24754,24769,0,0,0,0,0,0,0,NaN,24781.25,24754,24769
2025-09-18T10:25:00-04:00,24769.25,24788.5,24768.75,24786.75,0,0,0,0,0,0,0,NaN,24788.5,24768.75,24786.75
2025-09-18T10:30:00-04:00,24786.5,24809.25,24781.25,24782.5,0,0,0,0,0,0,0,NaN,24809.25,24781.25,24782.5
2025-09-18T10:35:00-04:00,24783,24786.5,24762.5,24763.5,0,0,0,0,0,0,0,NaN,24786.5,24762.5,24763.5
2025-09-18T10:40:00-04:00,24763.75,24776,24758,24760.25,0,0,0,0,0,0,0,NaN,24776,24758,24760.25
2025-09-18T10:45:00-04:00,24760,24778.5,24751,24768.75,0,0,0,0,0,0,0,NaN,24778.5,24751,24768.75
2025-09-18T10:50:00-04:00,24769.25,24769.25,24745.5,24746.5,0,0,0,0,0,0,0,NaN,24769.25,24745.5,24746.5
2025-09-18T10:55:00-04:00,24746.5,24761.5,24731.75,24734.5,0,0,0,0,0,0,0,NaN,24761.5,24731.75,24734.5
2025-09-18T11:00:00-04:00,24734.75,24771.25,24734.25,24756.75,0,0,0,0,0,0,0,NaN,24771.25,24734.25,24756.75
2025-09-18T11:05:00-04:00,24757.75,24778.5,24746.25,24774,0,0,0,0,0,0,0,NaN,24778.5,24746.25,24774
2025-09-18T11:10:00-04:00,24774,24787.25,24763,24777.75,0,0,0,0,0,0,0,NaN,24787.25,24763,24777.75
2025-09-18T11:15:00-04:00,24778,24810,24771,24808,0,0,0,0,0,0,0,NaN,24810,24771,24808
2025-09-18T11:20:00-04:00,24808.5,24816,24792.25,24796.5,0,0,0,0,0,0,0,NaN,24816,24792.25,24796.5
2025-09-18T11:25:00-04:00,24797,24801.5,24776.25,24782.5,0,0,0,0,0,0,0,NaN,24801.5,24776.25,24782.5
2025-09-18T11:30:00-04:00,24782.75,24805.75,24782.75,24790.75,0,0,0,0,0,0,0,NaN,24805.75,24782.75,24790.75
2025-09-18T11:35:00-04:00,24790.5,24791.75,24781,24790.25,0,0,0,0,0,0,0,NaN,24791.75,24781,24790.25
2025-09-18T11:40:00-04:00,24790.25,24794,24769.25,24773.5,0,0,0,0,0,0,0,NaN,24794,24769.25,24773.5
2025-09-18T11:45:00-04:00,24773.5,24777,24761,24764.25,0,0,0,0,0,0,0,NaN,24777,24761,24764.25
2025-09-18T11:50:00-04:00,24764,24766.5,24725.75,24741.5,0,0,0,0,0,0,0,NaN,24766.5,24725.75,24741.5
2025-09-18T11:55:00-04:00,24742,24750.75,24726.75,24736.5,0,0,0,0,0,0,0,NaN,24750.75,24726.75,24736.5
2025-09-18T12:00:00-04:00,24736.25,24756,24732.25,24755.75,0,0,0,0,0,0,0,NaN,24756,24732.25,24755.75
2025-09-18T12:05:00-04:00,24755.25,24758,24727,24729.5,0,0,0,0,0,0,0,NaN,24758,24727,24729.5
2025-09-18T12:10:00-04:00,24728.75,24757.75,24720.75,24754,0,0,0,0,0,0,0,NaN,24757.75,24720.75,24754
2025-09-18T12:15:00-04:00,24754,24774,24752.75,24759.75,0,0,0,0,0,0,0,NaN,24774,24752.75,24759.75
2025-09-18T12:20:00-04:00,24759.25,24773.25,24753.25,24767,0,0,0,0,0,0,0,NaN,24773.25,24753.25,24767
2025-09-18T12:25:00-04:00,24767.25,24774.5,24761,24770.25,0,0,0,0,0,0,0,NaN,24774.5,24761,24770.25
2025-09-18T12:30:00-04:00,24770.5,24788,24770,24783,0,0,0,0,0,0,0,NaN,24788,24770,24783
2025-09-18T12:35:00-04:00,24783,24789,24779.25,24786.25,0,0,0,0,0,0,0,NaN,24789,24779.25,24786.25
2025-09-18T12:40:00-04:00,24786.75,24786.75,24780,24782.75,0,0,0,0,0,0,0,NaN,24786.75,24780,24782.75
2025-09-18T12:45:00-04:00,24782.5,24791.5,24781,24790,0,0,0,0,0,0,0,NaN,24791.5,24781,24790
2025-09-18T12:50:00-04:00,24790,24793.25,24785.75,24786.25,0,0,0,0,0,0,0,NaN,24793.25,24785.75,24786.25
2025-09-18T12:55:00-04:00,24786,24791.75,24781.25,24787.75,0,0,0,0,0,0,0,NaN,24791.75,24781.25,24787.75
2025-09-18T13:00:00-04:00,24787.5,24796,24785.25,24790.25,0,0,0,0,0,0,0,NaN,24796,24785.25,24790.25
2025-09-18T13:05:00-04:00,24790.25,24796.75,24787.5,24791.25,0,0,0,0,0,0,0,NaN,24796.75,24787.5,24791.25
2025-09-18T13:10:00-04:00,24790.5,24793,24782.5,24783.5,0,0,0,0,0,0,0,NaN,24793,24782.5,24783.5
2025-09-18T13:15:00-04:00,24784.25,24792.25,24778.5,24782.75,0,0,0,0,0,0,0,NaN,24792.25,24778.5,24782.75
2025-09-18T13:20:00-04:00,24783.5,24787,24772.5,24774.75,0,0,0,0,0,0,0,NaN,24787,24772.5,24774.75
2025-09-18T13:25:00-04:00,24775,24776.75,24762.25,24762.75,0,0,0,0,0,0,0,NaN,24776.75,24762.25,24762.75
2025-09-18T13:30:00-04:00,24763.25,24766.5,24745.75,24748,0,0,0,0,0,0,0,NaN,24766.5,24745.75,24748
2025-09-18T13:35:00-04:00,24747.75,24748.25,24730.5,24746.5,0,0,0,0,0,0,0,NaN,24748.25,24730.5,24746.5
2025-09-18T13:40:00-04:00,24746.25,24747.75,24728.25,24735.25,0,0,0,0,0,0,0,NaN,24747.75,24728.25,24735.25
2025-09-18T13:45:00-04:00,24735.25,24745.25,24728,24736.25,0,0,0,0,0,0,0,NaN,24745.25,24728,24736.25
2025-09-18T13:50:00-04:00,24736.5,24748,24726.5,24745.5,0,0,0,0,0,0,0,NaN,24748,24726.5,24745.5
2025-09-18T13:55:00-04:00,24745.75,24747.25,24723.5,24734.25,0,0,0,0,0,0,0,NaN,24747.25,24723.5,24734.25
2025-09-18T14:00:00-04:00,24734.5,24747.75,24728,24747,0,0,0,0,0,0,0,NaN,24747.75,24728,24747
2025-09-18T14:05:00-04:00,24747,24762.25,24746,24753.5,0,0,0,0,0,0,0,NaN,24762.25,24746,24753.5
2025-09-18T14:10:00-04:00,24753.25,24753.25,24728.75,24738.75,0,0,0,0,0,0,0,NaN,24753.25,24728.75,24738.75
2025-09-18T14:15:00-04:00,24739.25,24751.5,24729.5,24733,0,0,0,0,0,0,0,NaN,24751.5,24729.5,24733
2025-09-18T14:20:00-04:00,24734,24745.25,24728.75,24743,0,0,0,0,0,0,0,NaN,24745.25,24728.75,24743
2025-09-18T14:25:00-04:00,24743,24751.5,24737.25,24738.25,0,0,0,0,0,0,0,NaN,24751.5,24737.25,24738.25
2025-09-18T14:30:00-04:00,24738.25,24748.75,24737.75,24747.5,0,0,0,0,0,0,0,NaN,24748.75,24737.75,24747.5
2025-09-18T14:35:00-04:00,24747.75,24752,24742,24747.5,0,0,0,0,0,0,0,NaN,24752,24742,24747.5
2025-09-18T14:40:00-04:00,24747.25,24752,24727.75,24732.75,0,0,0,0,0,0,0,NaN,24752,24727.75,24732.75
2025-09-18T14:45:00-04:00,24732.25,24761.5,24730,24750.25,0,0,0,0,0,0,0,NaN,24761.5,24730,24750.25
2025-09-18T14:50:00-04:00,24750.25,24763.5,24749.75,24761.5,0,0,0,0,0,0,0,NaN,24763.5,24749.75,24761.5
2025-09-18T14:55:00-04:00,24761.75,24769,24755,24756.25,0,0,0,0,0,0,0,NaN,24769,24755,24756.25
2025-09-18T15:00:00-04:00,24756,24758.75,24743.75,24749.5,0,0,0,0,0,0,0,NaN,24758.75,24743.75,24749.5
2025-09-18T15:05:00-04:00,24750,24756.75,24746,24754,0,0,0,0,0,0,0,NaN,24756.75,24746,24754
2025-09-18T15:10:00-04:00,24754.25,24755.5,24744.5,24746.5,0,0,0,0,0,0,0,NaN,24755.5,24744.5,24746.5
2025-09-18T15:15:00-04:00,24746,24750.25,24736.25,24747.75,0,0,0,0,0,0,0,NaN,24750.25,24736.25,24747.75
2025-09-18T15:20:00-04:00,24748.5,24748.75,24729,24730.5,0,0,0,0,0,0,0,NaN,24748.75,24729,24730.5
2025-09-18T15:25:00-04:00,24730.5,24734.25,24716.5,24721.25,0,0,0,0,0,0,0,NaN,24734.25,24716.5,24721.25
2025-09-18T15:30:00-04:00,24721.5,24732,24709,24717,0,0,0,0,0,0,0,NaN,24732,24709,24717
2025-09-18T15:35:00-04:00,24716.75,24728,24711.5,24715.5,0,0,0,0,0,0,0,NaN,24728,24711.5,24715.5
2025-09-18T15:40:00-04:00,24715.25,24722.75,24705.5,24714.5,0,0,0,0,0,0,0,NaN,24722.75,24705.5,24714.5
2025-09-18T15:45:00-04:00,24714.25,24716.75,24696.75,24707,0,0,0,0,0,0,0,NaN,24716.75,24696.75,24707
2025-09-18T15:50:00-04:00,24707,24728.75,24699.25,24722.25,0,0,0,0,0,0,0,NaN,24728.75,24699.25,24722.25
2025-09-18T15:55:00-04:00,24722.75,24726.25,24696.75,24698.25,0,0,0,0,0,0,0,NaN,24726.25,24696.75,24698.25
2025-09-18T16:00:00-04:00,24698.5,24710.25,24687.75,24700.25,0,0,0,0,0,0,0,NaN,24710.25,24687.75,24700.25
2025-09-18T16:05:00-04:00,24700.5,24712.25,24700.25,24710.75,0,0,0,0,0,0,0,NaN,24712.25,24700.25,24710.75
2025-09-18T16:10:00-04:00,24710.75,24711,24692.25,24693,0,0,0,0,0,0,0,NaN,24711,24692.25,24693
2025-09-18T16:15:00-04:00,24693.25,24699.25,24685,24694.75,0,0,0,0,0,0,0,NaN,24699.25,24685,24694.75
2025-09-18T16:20:00-04:00,24694.75,24711.75,24694.25,24708.75,0,0,0,0,0,0,0,NaN,24711.75,24694.25,24708.75
2025-09-18T16:25:00-04:00,24708.75,24711.5,24707.5,24710.25,0,0,0,0,0,0,0,NaN,24711.5,24707.5,24710.25
2025-09-18T16:30:00-04:00,24710.25,24717.5,24708.75,24714.25,0,0,0,0,0,0,0,NaN,24717.5,24708.75,24714.25
2025-09-18T16:35:00-04:00,24714,24719.5,24714,24717.25,0,0,0,0,0,0,0,NaN,24719.5,24714,24717.25
2025-09-18T16:40:00-04:00,24717.25,24720.25,24714,24718.25,0,0,0,0,0,0,0,NaN,24720.25,24714,24718.25
2025-09-18T16:45:00-04:00,24718.25,24722.75,24716.75,24719.25,0,0,0,0,0,0,0,NaN,24722.75,24716.75,24719.25
2025-09-18T16:50:00-04:00,24719.25,24720.75,24717.25,24718.5,0,0,0,0,0,0,0,NaN,24720.75,24717.25,24718.5
2025-09-18T16:55:00-04:00,24718.75,24721.25,24713.25,24713.75,0,0,0,0,0,0,0,NaN,24721.25,24713.25,24713.75
2025-09-18T18:00:00-04:00,24717.75,24732.25,24713.75,24730.75,0,0,0,0,0,0,0,NaN,24732.25,24713.75,24730.75
2025-09-18T18:05:00-04:00,24730.75,24738,24730.75,24737.25,0,0,0,0,0,0,0,NaN,24738,24730.75,24737.25
2025-09-18T18:10:00-04:00,24737.75,24740.75,24732.75,24740.75,0,0,0,0,0,0,0,NaN,24740.75,24732.75,24740.75
2025-09-18T18:15:00-04:00,24739.25,24741.5,24734.75,24735.75,0,0,0,0,0,0,0,NaN,24741.5,24734.75,24735.75
2025-09-18T18:20:00-04:00,24735,24738,24730.5,24738,0,0,0,0,0,0,0,NaN,24738,24730.5,24738
2025-09-18T18:25:00-04:00,24737,24742.75,24737,24739.75,0,0,0,0,0,0,0,NaN,24742.75,24737,24739.75
2025-09-18T18:30:00-04:00,24740.5,24743,24732,24733,0,0,0,0,0,0,0,NaN,24743,24732,24733
2025-09-18T18:35:00-04:00,24732,24732,24721,24721.75,0,0,0,0,0,0,0,NaN,24732,24721,24721.75
2025-09-18T18:40:00-04:00,24722,24722,24711.5,24716,0,0,0,0,0,0,0,NaN,24722,24711.5,24716
2025-09-18T18:45:00-04:00,24716.5,24725.5,24716.5,24725,0,0,0,0,0,0,0,NaN,24725.5,24716.5,24725
2025-09-18T18:50:00-04:00,24723.75,24733,24722.75,24731.5,0,0,0,0,0,0,0,NaN,24733,24722.75,24731.5
2025-09-18T18:55:00-04:00,24732,24740.25,24731.75,24738,0,0,0,0,0,0,0,NaN,24740.25,24731.75,24738
2025-09-18T19:00:00-04:00,24737.75,24740.75,24732,24736.75,0,0,0,0,0,0,0,NaN,24740.75,24732,24736.75
2025-09-18T19:05:00-04:00,24737,24739.75,24734,24734.25,0,0,0,0,0,0,0,NaN,24739.75,24734,24734.25
2025-09-18T19:10:00-04:00,24735,24741.75,24731,24733,0,0,0,0,0,0,0,NaN,24741.75,24731,24733
2025-09-18T19:15:00-04:00,24733.25,24739.25,24732,24736.75,0,0,0,0,0,0,0,NaN,24739.25,24732,24736.75
2025-09-18T19:20:00-04:00,24736.75,24741.5,24736.75,24738,0,0,0,0,0,0,0,NaN,24741.5,24736.75,24738
2025-09-18T19:25:00-04:00,24737.5,24739.25,24734,24736.75,0,0,0,0,0,0,0,NaN,24739.25,24734,24736.75
2025-09-18T19:30:00-04:00,24736.75,24744.25,24736.25,24743.25,0,0,0,0,0,0,0,NaN,24744.25,24736.25,24743.25
2025-09-18T19:35:00-04:00,24743,24747.5,24741.5,24746,0,0,0,0,0,0,0,NaN,24747.5,24741.5,24746
2025-09-18T19:40:00-04:00,24747,24748,24742.25,24745.5,0,0,0,0,0,0,0,NaN,24748,24742.25,24745.5
2025-09-18T19:45:00-04:00,24745,24748.75,24742.25,24744.75,0,0,0,0,0,0,0,NaN,24748.75,24742.25,24744.75
2025-09-18T19:50:00-04:00,24743.5,24747.25,24741.5,24742,0,0,0,0,0,0,0,NaN,24747.25,24741.5,24742
2025-09-18T19:55:00-04:00,24743.25,24747.5,24739.75,24740,0,0,0,0,0,0,0,NaN,24747.5,24739.75,24740
2025-09-18T20:00:00-04:00,24739.5,24749,24739.5,24743.75,0,0,0,0,0,0,0,NaN,24749,24739.5,24743.75
2025-09-18T20:05:00-04:00,24744.25,24747.5,24737.75,24741.75,0,0,0,0,0,0,0,NaN,24747.5,24737.75,24741.75
2025-09-18T20:10:00-04:00,24741.75,24741.75,24722.75,24722.75,0,0,0,0,0,0,0,NaN,24741.75,24722.75,24722.75
2025-09-18T20:15:00-04:00,24723.25,24727.5,24715.5,24717.75,0,0,0,0,0,0,0,NaN,24727.5,24715.5,24717.75
2025-09-18T20:20:00-04:00,24717,24720.25,24702.75,24707.25,0,0,0,0,0,0,0,NaN,24720.25,24702.75,24707.25
2025-09-18T20:25:00-04:00,24707,24712.5,24701.25,24705.5,0,0,0,0,0,0,0,NaN,24712.5,24701.25,24705.5
2025-09-18T20:30:00-04:00,24705,24710,24703.25,24706,0,0,0,0,0,0,0,NaN,24710,24703.25,24706
2025-09-18T20:35:00-04:00,24705.75,24711.75,24701.5,24709,0,0,0,0,0,0,0,NaN,24711.75,24701.5,24709
2025-09-18T20:40:00-04:00,24708.5,24709.5,24694.75,24701.5,0,0,0,0,0,0,0,NaN,24709.5,24694.75,24701.5
2025-09-18T20:45:00-04:00,24700.5,24708.25,24699.5,24703.5,0,0,0,0,0,0,0,NaN,24708.25,24699.5,24703.5
2025-09-18T20:50:00-04:00,24703.5,24707.5,24699.25,24706.25,0,0,0,0,0,0,0,NaN,24707.5,24699.25,24706.25
2025-09-18T20:55:00-04:00,24706.25,24715.5,24705.25,24710.25,0,0,0,0,0,0,0,NaN,24715.5,24705.25,24710.25
2025-09-18T21:00:00-04:00,24710,24713.25,24704.75,24709.25,0,0,0,0,0,0,0,NaN,24713.25,24704.75,24709.25
2025-09-18T21:05:00-04:00,24708.75,24713,24703.5,24705.5,0,0,0,0,0,0,0,NaN,24713,24703.5,24705.5
2025-09-18T21:10:00-04:00,24705,24714.5,24701.5,24714,0,0,0,0,0,0,0,NaN,24714.5,24701.5,24714
2025-09-18T21:15:00-04:00,24714,24715.25,24703.75,24713.5,0,0,0,0,0,0,0,NaN,24715.25,24703.75,24713.5
2025-09-18T21:20:00-04:00,24712.25,24716.25,24706,24708.5,0,0,0,0,0,0,0,NaN,24716.25,24706,24708.5
2025-09-18T21:25:00-04:00,24709,24713.25,24705,24712.75,0,0,0,0,0,0,0,NaN,24713.25,24705,24712.75
2025-09-18T21:30:00-04:00,24713.25,24717.75,24709.5,24711,0,0,0,0,0,0,0,NaN,24717.75,24709.5,24711
2025-09-18T21:35:00-04:00,24710,24716.75,24710,24713,0,0,0,0,0,0,0,NaN,24716.75,24710,24713
2025-09-18T21:40:00-04:00,24712.75,24717.5,24710.5,24715,0,0,0,0,0,0,0,NaN,24717.5,24710.5,24715
2025-09-18T21:45:00-04:00,24716,24718.75,24708,24709.5,0,0,0,0,0,0,0,NaN,24718.75,24708,24709.5
2025-09-18T21:50:00-04:00,24710,24714.5,24706,24714.5,0,0,0,0,0,0,0,NaN,24714.5,24706,24714.5
2025-09-18T21:55:00-04:00,24714.75,24720.75,24714.5,24716.5,0,0,0,0,0,0,0,NaN,24720.75,24714.5,24716.5
2025-09-18T22:00:00-04:00,24716.75,24722.75,24714.25,24717,0,0,0,0,0,0,0,NaN,24722.75,24714.25,24717
2025-09-18T22:05:00-04:00,24716.5,24717.25,24710.5,24713.75,0,0,0,0,0,0,0,NaN,24717.25,24710.5,24713.75
2025-09-18T22:10:00-04:00,24713,24713.5,24705,24706.25,0,0,0,0,0,0,0,NaN,24713.5,24705,24706.25
2025-09-18T22:15:00-04:00,24706,24712.5,24701.5,24706.5,0,0,0,0,0,0,0,NaN,24712.5,24701.5,24706.5
2025-09-18T22:20:00-04:00,24708,24710.5,24703.75,24707.75,0,0,0,0,0,0,0,NaN,24710.5,24703.75,24707.75
2025-09-18T22:25:00-04:00,24708,24708,24700,24701.75,0,0,0,0,0,0,0,NaN,24708,24700,24701.75
2025-09-18T22:30:00-04:00,24702,24707,24701,24706,0,0,0,0,0,0,0,NaN,24707,24701,24706
2025-09-18T22:35:00-04:00,24706.25,24715,24706.25,24713.25,0,0,0,0,0,0,0,NaN,24715,24706.25,24713.25
2025-09-18T22:40:00-04:00,24714.25,24715,24709.25,24710.25,0,0,0,0,0,0,0,NaN,24715,24709.25,24710.25
2025-09-18T22:45:00-04:00,24709.75,24712.25,24709.25,24709.5,0,0,0,0,0,0,0,NaN,24712.25,24709.25,24709.5
2025-09-18T22:50:00-04:00,24709.5,24713.5,24709.5,24711.75,0,0,0,0,0,0,0,NaN,24713.5,24709.5,24711.75
2025-09-18T22:55:00-04:00,24711.5,24713.75,24709.25,24712,0,0,0,0,0,0,0,NaN,24713.75,24709.25,24712
2025-09-18T23:00:00-04:00,24712,24714,24710,24713,0,0,0,0,0,0,0,NaN,24714,24710,24713
2025-09-18T23:05:00-04:00,24713.5,24721.5,24711.25,24720.25,0,0,0,0,0,0,0,NaN,24721.5,24711.25,24720.25
2025-09-18T23:10:00-04:00,24721,24735,24720.25,24733.25,0,0,0,0,0,0,0,NaN,24735,24720.25,24733.25
2025-09-18T23:15:00-04:00,24732.75,24735,24730,24732.25,0,0,0,0,0,0,0,NaN,24735,24730,24732.25
2025-09-18T23:20:00-04:00,24732,24736,24726.5,24734,0,0,0,0,0,0,0,NaN,24736,24726.5,24734
2025-09-18T23:25:00-04:00,24734,24737.5,24729.75,24734,0,0,0,0,0,0,0,NaN,24737.5,24729.75,24734
2025-09-18T23:30:00-04:00,24734.5,24736.75,24727,24727,0,0,0,0,0,0,0,NaN,24736.75,24727,24727
2025-09-18T23:35:00-04:00,24726.25,24729,24716.5,24728,0,0,0,0,0,0,0,NaN,24729,24716.5,24728
2025-09-18T23:40:00-04:00,24727,24731.75,24724,24726.25,0,0,0,0,0,0,0,NaN,24731.75,24724,24726.25
2025-09-18T23:45:00-04:00,24725.25,24732.25,24703.5,24716,0,0,0,0,0,0,0,NaN,24732.25,24703.5,24716
2025-09-18T23:50:00-04:00,24715.5,24723.5,24709.75,24711,0,0,0,0,0,0,0,NaN,24723.5,24709.75,24711
2025-09-18T23:55:00-04:00,24710.25,24712.75,24704.5,24712,0,0,0,0,0,0,0,NaN,24712.75,24704.5,24712
2025-09-19T00:00:00-04:00,24713,24715,24690.75,24698.25,0,0,0,0,0,1,0,NaN,24715,24690.75,24698.25
2025-09-19T00:05:00-04:00,24697.5,24707,24696.25,24700.5,0,0,0,0,0,0,0,NaN,24707,24696.25,24700.5
2025-09-19T00:10:00-04:00,24700.5,24702,24688.75,24690.5,0,0,0,0,0,0,0,NaN,24702,24688.75,24690.5
2025-09-19T00:15:00-04:00,24689.75,24699.5,24686.75,24688.5,0,0,0,0,0,0,0,NaN,24699.5,24686.75,24688.5
2025-09-19T00:20:00-04:00,24688.5,24696,24682,24687.75,0,0,0,0,0,0,0,NaN,24696,24682,24687.75
2025-09-19T00:25:00-04:00,24688.25,24706,24688.25,24705.25,0,0,0,0,0,0,0,NaN,24706,24688.25,24705.25
2025-09-19T00:30:00-04:00,24705.5,24712,24702.75,24709,0,0,0,0,0,0,0,NaN,24712,24702.75,24709
2025-09-19T00:35:00-04:00,24708.75,24713.75,24707,24712,0,0,0,0,0,0,0,NaN,24713.75,24707,24712
2025-09-19T00:40:00-04:00,24712,24714.25,24709,24710.75,0,0,0,0,0,0,0,NaN,24714.25,24709,24710.75
2025-09-19T00:45:00-04:00,24711,24715.5,24708.75,24715,0,0,0,0,0,0,0,NaN,24715.5,24708.75,24715
2025-09-19T00:50:00-04:00,24715.75,24715.75,24711.25,24714.25,0,0,0,0,0,0,0,NaN,24715.75,24711.25,24714.25
2025-09-19T00:55:00-04:00,24714,24722.75,24714,24720.25,0,0,0,0,0,0,0,NaN,24722.75,24714,24720.25
2025-09-19T01:00:00-04:00,24720.5,24723.5,24717,24717.75,0,0,0,0,0,0,0,NaN,24723.5,24717,24717.75
2025-09-19T01:05:00-04:00,24718,24719.25,24716.5,24717.75,0,0,0,0,0,0,0,NaN,24719.25,24716.5,24717.75
2025-09-19T01:10:00-04:00,24718.25,24718.25,24709.5,24714,0,0,0,0,0,0,0,NaN,24718.25,24709.5,24714
2025-09-19T01:15:00-04:00,24714.25,24715.75,24710.5,24715,0,0,0,0,0,0,0,NaN,24715.75,24710.5,24715
2025-09-19T01:20:00-04:00,24715,24718.75,24714,24717.75,0,0,0,0,0,0,0,NaN,24718.75,24714,24717.75
2025-09-19T01:25:00-04:00,24717.5,24720.75,24709,24709,0,0,0,0,0,0,0,NaN,24720.75,24709,24709
2025-09-19T01:30:00-04:00,24708.25,24712,24701.25,24707,0,0,0,0,0,0,0,NaN,24712,24701.25,24707
2025-09-19T01:35:00-04:00,24707,24713.5,24702,24713.5,0,0,0,0,0,0,0,NaN,24713.5,24702,24713.5
2025-09-19T01:40:00-04:00,24713.75,24715,24697.25,24699.5,0,0,0,0,0,0,0,NaN,24715,24697.25,24699.5
2025-09-19T01:45:00-04:00,24699.75,24703.25,24697,24701.25,0,0,0,0,0,0,0,NaN,24703.25,24697,24701.25
2025-09-19T01:50:00-04:00,24700.5,24706.25,24697.25,24705,0,0,0,0,0,0,0,NaN,24706.25,24697.25,24705
2025-09-19T01:55:00-04:00,24706,24709,24705,24706.5,0,0,0,0,0,0,0,NaN,24709,24705,24706.5
2025-09-19T02:00:00-04:00,24706.25,24714.25,24700.75,24713.5,0,0,0,0,0,0,0,NaN,24714.25,24700.75,24713.5
2025-09-19T02:05:00-04:00,24713.25,24716.75,24709.5,24712.25,0,0,0,0,0,0,0,NaN,24716.75,24709.5,24712.25
2025-09-19T02:10:00-04:00,24713.25,24716.75,24709.25,24710.25,0,0,0,0,0,0,0,NaN,24716.75,24709.25,24710.25
2025-09-19T02:15:00-04:00,24710.5,24713.75,24701.25,24703.25,0,0,0,0,0,0,0,NaN,24713.75,24701.25,24703.25
2025-09-19T02:20:00-04:00,24704.75,24710,24679.25,24688.75,0,0,0,0,0,0,0,NaN,24710,24679.25,24688.75
2025-09-19T02:25:00-04:00,24688,24690.75,24674.75,24688.25,0,0,0,0,0,0,0,NaN,24690.75,24674.75,24688.25
2025-09-19T02:30:00-04:00,24688.5,24693.5,24680.5,24682.75,0,0,0,0,0,0,0,NaN,24693.5,24680.5,24682.75
2025-09-19T02:35:00-04:00,24682.5,24702,24681.5,24701.25,0,0,0,0,0,0,0,NaN,24702,24681.5,24701.25
2025-09-19T02:40:00-04:00,24701.25,24704.25,24695.75,24698,0,0,0,0,0,0,0,NaN,24704.25,24695.75,24698
2025-09-19T02:45:00-04:00,24697.5,24699.5,24684.25,24689.5,0,0,0,0,0,0,0,NaN,24699.5,24684.25,24689.5
2025-09-19T02:50:00-04:00,24690.5,24695.5,24680.5,24684.75,0,0,0,0,0,0,0,NaN,24695.5,24680.5,24684.75
2025-09-19T02:55:00-04:00,24684.5,24690,24672,24673,0,0,0,0,0,0,0,NaN,24690,24672,24673
2025-09-19T03:00:00-04:00,24672,24682.75,24666.25,24667.25,0,0,0,0,0,0,0,NaN,24682.75,24666.25,24667.25
2025-09-19T03:05:00-04:00,24666.5,24670,24655,24664.25,0,0,0,0,0,0,0,NaN,24670,24655,24664.25
2025-09-19T03:10:00-04:00,24664.5,24680,24663.25,24669,0,0,0,0,0,0,0,NaN,24680,24663.25,24669
2025-09-19T03:15:00-04:00,24668.75,24680.5,24666.75,24679,0,0,0,0,0,0,0,NaN,24680.5,24666.75,24679
2025-09-19T03:20:00-04:00,24678.5,24686.25,24675.5,24685,0,0,0,0,0,0,0,NaN,24686.25,24675.5,24685
2025-09-19T03:25:00-04:00,24685.5,24692,24678,24687.5,0,0,0,0,0,0,0,NaN,24692,24678,24687.5
2025-09-19T03:30:00-04:00,24688.25,24688.5,24680,24682,0,0,0,0,0,0,0,NaN,24688.5,24680,24682
2025-09-19T03:35:00-04:00,24681.5,24685,24673.25,24683.25,0,0,0,0,0,0,0,NaN,24685,24673.25,24683.25
2025-09-19T03:40:00-04:00,24684,24687,24679.75,24685,0,0,0,0,0,0,0,NaN,24687,24679.75,24685
2025-09-19T03:45:00-04:00,24684,24684.25,24671,24675.25,0,0,0,0,0,0,0,NaN,24684.25,24671,24675.25
2025-09-19T03:50:00-04:00,24675.5,24688.25,24672.75,24688,0,0,0,0,0,0,0,NaN,24688.25,24672.75,24688
2025-09-19T03:55:00-04:00,24688,24690.25,24681.75,24685,0,0,0,0,0,0,0,NaN,24690.25,24681.75,24685
2025-09-19T04:00:00-04:00,24685.25,24694,24680.5,24691,0,0,0,0,0,0,0,NaN,24694,24680.5,24691
2025-09-19T04:05:00-04:00,24691,24697.5,24687.5,24697.5,0,0,0,0,0,0,0,NaN,24697.5,24687.5,24697.5
2025-09-19T04:10:00-04:00,24697,24703.75,24695.5,24699.5,0,0,0,0,0,0,0,NaN,24703.75,24695.5,24699.5
2025-09-19T04:15:00-04:00,24699.5,24706,24697,24703.25,0,0,0,0,0,0,0,NaN,24706,24697,24703.25
2025-09-19T04:20:00-04:00,24704.5,24708.75,24702,24705.5,0,0,0,0,0,0,0,NaN,24708.75,24702,24705.5
2025-09-19T04:25:00-04:00,24706,24711.25,24702,24709,0,0,0,0,0,0,0,NaN,24711.25,24702,24709
2025-09-19T04:30:00-04:00,24709.75,24711.25,24706.5,24710.5,0,0,0,0,0,0,0,NaN,24711.25,24706.5,24710.5
2025-09-19T04:35:00-04:00,24711,24714.75,24711,24711.75,0,0,0,0,0,0,0,NaN,24714.75,24711,24711.75
2025-09-19T04:40:00-04:00,24712.5,24712.5,24702.5,24705.75,0,0,0,0,0,0,0,NaN,24712.5,24702.5,24705.75
2025-09-19T04:45:00-04:00,24706.25,24706.5,24702.25,24702.25,0,0,0,0,0,0,0,NaN,24706.5,24702.25,24702.25
2025-09-19T04:50:00-04:00,24702.25,24709.25,24701,24706,0,0,0,0,0,0,0,NaN,24709.25,24701,24706
2025-09-19T04:55:00-04:00,24704.75,24708.5,24702.5,24705,0,0,0,0,0,0,0,NaN,24708.5,24702.5,24705
2025-09-19T05:00:00-04:00,24706.25,24714.25,24703.25,24708.25,0,0,0,0,0,0,0,NaN,24714.25,24703.25,24708.25
2025-09-19T05:05:00-04:00,24708,24716.25,24705,24711.5,0,0,0,0,0,0,0,NaN,24716.25,24705,24711.5
2025-09-19T05:10:00-04:00,24711,24714.75,24705.5,24707,0,0,0,0,0,0,0,NaN,24714.75,24705.5,24707
2025-09-19T05:15:00-04:00,24707,24715.25,24706.25,24715,0,0,0,0,0,0,0,NaN,24715.25,24706.25,24715
2025-09-19T05:20:00-04:00,24714.5,24722.25,24712.75,24722,0,0,0,0,0,0,0,NaN,24722.25,24712.75,24722
2025-09-19T05:25:00-04:00,24721.5,24723.75,24719.5,24720.5,0,0,0,0,0,0,0,NaN,24723.75,24719.5,24720.5
2025-09-19T05:30:00-04:00,24721.5,24729.75,24718.5,24726.25,0,0,0,0,0,0,0,NaN,24729.75,24718.5,24726.25
2025-09-19T05:35:00-04:00,24725.25,24729.75,24722.5,24729.25,0,0,0,0,0,0,0,NaN,24729.75,24722.5,24729.25
2025-09-19T05:40:00-04:00,24728.5,24729.75,24724,24724,0,0,0,0,0,0,0,NaN,24729.75,24724,24724
2025-09-19T05:45:00-04:00,24724.25,24728,24719.25,24720.75,0,0,0,0,0,0,0,NaN,24728,24719.25,24720.75
2025-09-19T05:50:00-04:00,24721.25,24722.75,24705.75,24708,0,0,0,0,0,0,0,NaN,24722.75,24705.75,24708
2025-09-19T05:55:00-04:00,24708.25,24713.75,24706.5,24706.75,0,0,0,0,0,0,0,NaN,24713.75,24706.5,24706.75
2025-09-19T06:00:00-04:00,24707.75,24708.5,24700.25,24707.5,0,0,0,0,0,0,0,NaN,24708.5,24700.25,24707.5
2025-09-19T06:05:00-04:00,24707.25,24711.75,24706,24710.5,0,0,0,0,0,0,0,NaN,24711.75,24706,24710.5
2025-09-19T06:10:00-04:00,24710.5,24716,24705.75,24713.75,0,0,0,0,0,0,0,NaN,24716,24705.75,24713.75
2025-09-19T06:15:00-04:00,24713.75,24727.5,24713.25,24720.25,0,0,0,0,0,0,0,NaN,24727.5,24713.25,24720.25
2025-09-19T06:20:00-04:00,24721,24721,24710.75,24715.75,0,0,0,0,0,0,0,NaN,24721,24710.75,24715.75
2025-09-19T06:25:00-04:00,24715.75,24726.25,24715.75,24723.25,0,0,0,0,0,0,0,NaN,24726.25,24715.75,24723.25
2025-09-19T06:30:00-04:00,24723.25,24725,24719.25,24723,0,0,0,0,0,0,0,NaN,24725,24719.25,24723
2025-09-19T06:35:00-04:00,24723.25,24732.25,24720.75,24726.25,0,0,0,0,0,0,0,NaN,24732.25,24720.75,24726.25
2025-09-19T06:40:00-04:00,24726.5,24731.25,24723.5,24723.75,0,0,0,0,0,0,0,NaN,24731.25,24723.5,24723.75
2025-09-19T06:45:00-04:00,24723.25,24726.75,24716.5,24717.5,0,0,0,0,0,0,0,NaN,24726.75,24716.5,24717.5
2025-09-19T06:50:00-04:00,24717,24722.75,24716,24719.5,0,0,0,0,0,0,0,NaN,24722.75,24716,24719.5
2025-09-19T06:55:00-04:00,24718,24727.75,24711.25,24724.5,0,0,0,0,0,0,0,NaN,24727.75,24711.25,24724.5
2025-09-19T07:00:00-04:00,24724.5,24735.25,24722.75,24728,0,0,0,0,0,0,0,NaN,24735.25,24722.75,24728
2025-09-19T07:05:00-04:00,24728.5,24731.25,24722,24723.25,0,0,0,0,0,0,0,NaN,24731.25,24722,24723.25
2025-09-19T07:10:00-04:00,24723.25,24724,24713,24718.75,0,0,0,0,0,0,0,NaN,24724,24713,24718.75
2025-09-19T07:15:00-04:00,24718.5,24722.5,24716.75,24720.75,0,0,0,0,0,0,0,NaN,24722.5,24716.75,24720.75
2025-09-19T07:20:00-04:00,24721.5,24723,24716.25,24720.25,0,0,0,0,0,0,0,NaN,24723,24716.25,24720.25
2025-09-19T07:25:00-04:00,24719.75,24725.5,24716,24723.75,0,0,0,0,0,0,0,NaN,24725.5,24716,24723.75
2025-09-19T07:30:00-04:00,24722.75,24725.25,24716.75,24725.25,0,0,0,0,0,0,0,NaN,24725.25,24716.75,24725.25
2025-09-19T07:35:00-04:00,24724.5,24730.25,24724,24730.25,0,0,0,0,0,0,0,NaN,24730.25,24724,24730.25
2025-09-19T07:40:00-04:00,24730.5,24733,24721.75,24722,0,0,0,0,0,0,0,NaN,24733,24721.75,24722
2025-09-19T07:45:00-04:00,24721.75,24730.25,24720,24728.5,0,0,0,0,0,0,0,NaN,24730.25,24720,24728.5
2025-09-19T07:50:00-04:00,24728.25,24733.5,24728,24733.25,0,0,0,0,0,0,0,NaN,24733.5,24728,24733.25
2025-09-19T07:55:00-04:00,24732.75,24736.25,24730.5,24736.25,0,0,0,0,0,0,0,NaN,24736.25,24730.5,24736.25
2025-09-19T08:00:00-04:00,24735.75,24743.75,24731.5,24742.75,0,0,0,0,0,0,0,NaN,24743.75,24731.5,24742.75
2025-09-19T08:05:00-04:00,24743.25,24744.75,24737.25,24739,0,0,0,0,0,0,0,NaN,24744.75,24737.25,24739
2025-09-19T08:10:00-04:00,24738.5,24745.5,24738.5,24744,0,0,0,0,0,0,0,NaN,24745.5,24738.5,24744
2025-09-19T08:15:00-04:00,24744,24745.5,24740.75,24742.5,0,0,0,0,0,0,0,NaN,24745.5,24740.75,24742.5
2025-09-19T08:20:00-04:00,24743,24746.5,24738.75,24744.5,0,0,0,0,0,0,0,NaN,24746.5,24738.75,24744.5
2025-09-19T08:25:00-04:00,24744.75,24754.75,24741.75,24751.5,0,0,0,0,0,0,0,NaN,24754.75,24741.75,24751.5
2025-09-19T08:30:00-04:00,24751.25,24754.5,24745.25,24745.5,0,0,0,0,0,0,0,NaN,24754.5,24745.25,24745.5
2025-09-19T08:35:00-04:00,24745.5,24751.75,24737.5,24745.75,0,0,0,0,0,0,0,NaN,24751.75,24737.5,24745.75
2025-09-19T08:40:00-04:00,24746.25,24750.75,24735.75,24738.25,0,0,0,0,0,0,0,NaN,24750.75,24735.75,24738.25
2025-09-19T08:45:00-04:00,24739.25,24748.75,24738,24748.5,0,0,0,0,0,0,0,NaN,24748.75,24738,24748.5
2025-09-19T08:50:00-04:00,24748.25,24750,24735.25,24736,0,0,0,0,0,0,0,NaN,24750,24735.25,24736
2025-09-19T08:55:00-04:00,24735.5,24743,24734,24738.25,0,0,0,0,0,0,0,NaN,24743,24734,24738.25
2025-09-19T09:00:00-04:00,24738.25,24745.75,24734.75,24743.75,0,0,0,0,0,0,0,NaN,24745.75,24734.75,24743.75
2025-09-19T09:05:00-04:00,24743.75,24752.25,24743,24749.25,0,0,0,0,0,0,0,NaN,24752.25,24743,24749.25
2025-09-19T09:10:00-04:00,24748.75,24760.75,24748.75,24759,0,0,0,0,0,0,0,NaN,24760.75,24748.75,24759
2025-09-19T09:15:00-04:00,24759,24765.75,24755.75,24757.5,0,0,0,0,0,0,0,NaN,24765.75,24755.75,24757.5
2025-09-19T09:20:00-04:00,24757.75,24767.5,24755.25,24765.5,0,0,0,0,0,0,0,NaN,24767.5,24755.25,24765.5
2025-09-19T09:25:00-04:00,24766,24784.75,24765,24768.5,0,0,0,0,0,0,0,NaN,24784.75,24765,24768.5
2025-09-19T09:30:00-04:00,24767.75,24783.25,24743.75,24752.5,0,0,0,0,0,0,0,NaN,24783.25,24743.75,24752.5
2025-09-19T09:35:00-04:00,24752.25,24761.75,24737.5,24752.75,0,0,0,0,0,0,0,NaN,24761.75,24737.5,24752.75
2025-09-19T09:40:00-04:00,24752.5,24782,24748.5,24767,0,0,0,0,0,0,0,NaN,24782,24748.5,24767
2025-09-19T09:45:00-04:00,24767,24802.25,24747.5,24793.25,0,0,0,0,0,0,0,NaN,24802.25,24747.5,24793.25
2025-09-19T09:50:00-04:00,24793.25,24817.5,24787,24802.5,0,0,0,0,0,0,0,NaN,24817.5,24787,24802.5
2025-09-19T09:55:00-04:00,24802.5,24812.25,24781.25,24791,0,0,0,0,0,0,0,NaN,24812.25,24781.25,24791
2025-09-19T10:00:00-04:00,24790.5,24804.75,24784.5,24799.5,0,0,0,0,0,0,0,NaN,24804.75,24784.5,24799.5
2025-09-19T10:05:00-04:00,24799.25,24807.5,24783,24786.75,0,0,0,0,0,0,0,NaN,24807.5,24783,24786.75
2025-09-19T10:10:00-04:00,24787,24801,24778,24789.25,0,0,0,0,0,0,0,NaN,24801,24778,24789.25
2025-09-19T10:15:00-04:00,24789.5,24791,24762,24767.25,0,0,0,0,0,0,0,NaN,24791,24762,24767.25
2025-09-19T10:20:00-04:00,24766.75,24787.75,24754.5,24782.25,0,0,0,0,0,0,0,NaN,24787.75,24754.5,24782.25
2025-09-19T10:25:00-04:00,24781.75,24800,24777.5,24782.75,0,0,0,0,0,0,0,NaN,24800,24777.5,24782.75
2025-09-19T10:30:00-04:00,24782.75,24789.25,24773.5,24783.25,0,0,0,0,0,0,0,NaN,24789.25,24773.5,24783.25
2025-09-19T10:35:00-04:00,24783.75,24789.75,24766.25,24772,0,0,0,0,0,0,0,NaN,24789.75,24766.25,24772
2025-09-19T10:40:00-04:00,24771.75,24772.25,24752.5,24753.25,0,0,0,0,0,0,0,NaN,24772.25,24752.5,24753.25
2025-09-19T10:45:00-04:00,24753.5,24760.75,24734,24756.25,0,0,0,0,0,0,0,NaN,24760.75,24734,24756.25
2025-09-19T10:50:00-04:00,24756,24778.25,24745.5,24760.25,0,0,0,0,0,0,0,NaN,24778.25,24745.5,24760.25
2025-09-19T10:55:00-04:00,24760.5,24770,24746,24763.5,0,0,0,0,0,0,0,NaN,24770,24746,24763.5
2025-09-19T11:00:00-04:00,24763.5,24778.5,24745,24745.5,0,0,0,0,0,0,0,NaN,24778.5,24745,24745.5
2025-09-19T11:05:00-04:00,24745,24751.75,24733,24741.75,0,0,0,0,0,0,0,NaN,24751.75,24733,24741.75
2025-09-19T11:10:00-04:00,24741.75,24746.75,24731.25,24735.25,0,0,0,0,0,0,0,NaN,24746.75,24731.25,24735.25
2025-09-19T11:15:00-04:00,24735,24739.5,24724.5,24737.75,0,0,0,0,0,0,0,NaN,24739.5,24724.5,24737.75
2025-09-19T11:20:00-04:00,24737.75,24749.75,24719.5,24738.5,0,0,0,0,0,0,0,NaN,24749.75,24719.5,24738.5
2025-09-19T11:25:00-04:00,24738,24741,24720.5,24727.25,0,0,0,0,0,0,0,NaN,24741,24720.5,24727.25
2025-09-19T11:30:00-04:00,24727,24727.75,24708,24724.5,0,0,0,0,0,0,0,NaN,24727.75,24708,24724.5
2025-09-19T11:35:00-04:00,24724.25,24735,24721.5,24728,0,0,0,0,0,0,0,NaN,24735,24721.5,24728
2025-09-19T11:40:00-04:00,24727.5,24754,24727.5,24747.25,0,0,0,0,0,0,0,NaN,24754,24727.5,24747.25
2025-09-19T11:45:00-04:00,24747.25,24752.25,24744,24749,0,0,0,0,0,0,0,NaN,24752.25,24744,24749
2025-09-19T11:50:00-04:00,24749,24767,24748.5,24764.75,0,0,0,0,0,0,0,NaN,24767,24748.5,24764.75
2025-09-19T11:55:00-04:00,24764.5,24774.25,24757.75,24771.25,0,0,0,0,0,0,0,NaN,24774.25,24757.75,24771.25
2025-09-19T12:00:00-04:00,24771,24798.25,24770.25,24794.75,0,0,0,0,0,0,0,NaN,24798.25,24770.25,24794.75
2025-09-19T12:05:00-04:00,24795,24805.75,24790.75,24797,0,0,0,0,0,0,0,NaN,24805.75,24790.75,24797
2025-09-19T12:10:00-04:00,24797.5,24812,24795.5,24806,0,0,0,0,0,0,0,NaN,24812,24795.5,24806
2025-09-19T12:15:00-04:00,24805.75,24813.75,24803.25,24808.75,0,0,0,0,0,0,0,NaN,24813.75,24803.25,24808.75
2025-09-19T12:20:00-04:00,24809,24824.5,24801.75,24811.5,0,0,0,0,0,0,0,NaN,24824.5,24801.75,24811.5
2025-09-19T12:25:00-04:00,24811.75,24818.75,24808.5,24817.75,0,0,0,0,0,0,0,NaN,24818.75,24808.5,24817.75
2025-09-19T12:30:00-04:00,24817.5,24823.25,24801.5,24806.25,0,0,0,0,0,0,0,NaN,24823.25,24801.5,24806.25
2025-09-19T12:35:00-04:00,24806.5,24817.75,24806,24810,0,0,0,0,0,0,0,NaN,24817.75,24806,24810
2025-09-19T12:40:00-04:00,24810,24827.25,24809.5,24826.5,0,0,0,0,0,0,0,NaN,24827.25,24809.5,24826.5
2025-09-19T12:45:00-04:00,24826,24835.5,24817.25,24825.75,0,0,0,0,0,0,0,NaN,24835.5,24817.25,24825.75
2025-09-19T12:50:00-04:00,24825.25,24826,24815.75,24822.75,0,0,0,0,0,0,0,NaN,24826,24815.75,24822.75
2025-09-19T12:55:00-04:00,24822.75,24826.25,24816.5,24821.5,0,0,0,0,0,0,0,NaN,24826.25,24816.5,24821.5
2025-09-19T13:00:00-04:00,24821.5,24824.75,24817.25,24818.25,0,0,0,0,0,0,0,NaN,24824.75,24817.25,24818.25
2025-09-19T13:05:00-04:00,24818,24819.25,24809.5,24811.25,0,0,0,0,0,0,0,NaN,24819.25,24809.5,24811.25
2025-09-19T13:10:00-04:00,24811,24811.25,24804.5,24808,0,0,0,0,0,0,0,NaN,24811.25,24804.5,24808
2025-09-19T13:15:00-04:00,24808,24810.5,24799.5,24801.25,0,0,0,0,0,0,0,NaN,24810.5,24799.5,24801.25
2025-09-19T13:20:00-04:00,24801.25,24810.5,24798.25,24806.75,0,0,0,0,0,0,0,NaN,24810.5,24798.25,24806.75
2025-09-19T13:25:00-04:00,24807.25,24808,24795.5,24806,0,0,0,0,0,0,0,NaN,24808,24795.5,24806
2025-09-19T13:30:00-04:00,24805.75,24821.25,24805,24813.75,0,0,0,0,0,0,0,NaN,24821.25,24805,24813.75
2025-09-19T13:35:00-04:00,24813.25,24817,24807,24816.5,0,0,0,0,0,0,0,NaN,24817,24807,24816.5
2025-09-19T13:40:00-04:00,24816.5,24825,24813.75,24824.75,0,0,0,0,0,0,0,NaN,24825,24813.75,24824.75
2025-09-19T13:45:00-04:00,24824.75,24829.25,24824.5,24827.75,0,0,0,0,0,0,0,NaN,24829.25,24824.5,24828