time,open,high,low,close,Chars,Chars,Chars,Chars,Chars,Chars,Chars,PlotCandle (Open),PlotCandle (High,PlotCandle (Low),PlotCandle (Close)
1755211800,23887,23891.25,23885.75,23890.75,0,0,0,0,0,0,0,NaN,23891.25,23885.75,23890.75
1755212100,23890.25,23897,23889.75,23895.5,0,0,0,0,0,0,0,NaN,23897,23889.75,23895.5
1755212400,23896.5,23907.5,23895.5,23903,0,0,0,0,0,0,0,NaN,23907.5,23895.5,23903
1755212700,23903,23908.5,23900.75,23905.75,0,0,0,0,0,0,0,NaN,23908.5,23900.75,23905.75
1755213000,23906,23908.5,23900.25,23901.5,0,0,0,0,0,0,0,NaN,23908.5,23900.25,23901.5
1755213300,23901.5,23906,23901,23906,0,0,0,0,0,0,0,NaN,23906,23901,23906
1755213600,23905.25,23910.75,23901.25,23903.75,0,0,0,0,0,0,0,NaN,23910.75,23901.25,23903.75
1755213900,23904.5,23904.75,23900.75,23903,0,0,0,0,0,0,0,NaN,23904.75,23900.75,23903
1755214200,23901.75,23903.5,23897,23897,0,0,0,0,0,0,0,NaN,23903.5,23897,23897
1755214500,23897.5,23903.75,23897.25,23903,0,0,0,0,0,0,0,NaN,23903.75,23897.25,23903
1755214800,23902,23908.25,23901.75,23904.25,0,0,0,0,0,0,0,NaN,23908.25,23901.75,23904.25
1755215100,23904.75,23911,23899.75,23900.5,0,0,0,0,0,0,0,NaN,23911,23899.75,23900.5
1755215400,23899.75,23901.5,23890.25,23896,0,0,0,0,0,0,0,NaN,23901.5,23890.25,23896
1755215700,23895,23896.5,23888.25,23888.5,0,0,0,0,0,0,0,NaN,23896.5,23888.25,23888.5
1755216000,23889.25,23894.25,23884.75,23889.25,0,0,0,0,0,0,0,NaN,23894.25,23884.75,23889.25
1755216300,23890,23890,23880.25,23880.5,0,0,0,0,0,0,0,NaN,23890,23880.25,23880.5
1755216600,23880,23887,23873.75,23887,0,0,0,0,0,0,0,NaN,23887,23873.75,23887
1755216900,23885.5,23889,23880.5,23883.5,0,0,0,0,0,0,0,NaN,23889,23880.5,23883.5
1755217200,23884.25,23886,23874.25,23885.5,0,0,0,0,0,0,0,NaN,23886,23874.25,23885.5
1755217500,23886,23889.75,23881.75,23889.75,0,0,0,0,0,0,0,NaN,23889.75,23881.75,23889.75
1755217800,23889.25,23895.25,23888.25,23892.25,0,0,0,0,0,0,0,NaN,23895.25,23888.25,23892.25
1755218100,23892,23905.75,23892,23903.5,0,0,0,0,0,0,0,NaN,23905.75,23892,23903.5
1755218400,23905,23913.5,23904.75,23906.75,0,0,0,0,0,0,0,NaN,23913.5,23904.75,23906.75
1755218700,23907,23909.75,23893.75,23896,0,0,0,0,0,0,0,NaN,23909.75,23893.75,23896
1755219000,23896.5,23897.5,23890.5,23893.25,0,0,0,0,0,0,0,NaN,23897.5,23890.5,23893.25
1755219300,23893.75,23895,23890,23892,0,0,0,0,0,0,0,NaN,23895,23890,23892
1755219600,23892.25,23899.5,23890.25,23896.25,0,0,0,0,0,0,0,NaN,23899.5,23890.25,23896.25
1755219900,23897,23899.5,23895.5,23897.5,0,0,0,0,0,0,0,NaN,23899.5,23895.5,23897.5
1755220200,23898.25,23900,23893,23894.25,0,0,0,0,0,0,0,NaN,23900,23893,23894.25
1755220500,23894,23898,23891.25,23896,0,0,0,0,0,0,0,NaN,23898,23891.25,23896
1755220800,23896,23900,23890.5,23898.75,0,0,0,0,0,0,0,NaN,23900,23890.5,23898.75
1755221100,23898.5,23898.5,23893.25,23897.25,0,0,0,0,0,0,0,NaN,23898.5,23893.25,23897.25
1755221400,23897,23901.5,23896,23901,0,0,0,0,0,0,0,NaN,23901.5,23896,23901
1755221700,23901.75,23907.75,23901.25,23906.25,0,0,0,0,0,0,0,NaN,23907.75,23901.25,23906.25
1755222000,23906.5,23910.75,23905.75,23908.25,0,0,0,0,0,0,0,NaN,23910.75,23905.75,23908.25
1755222300,23908.75,23911.5,23904,23906,0,0,0,0,0,0,0,NaN,23911.5,23904,23906
1755222600,23906,23906.5,23900.75,23903.5,0,0,0,0,0,0,0,NaN,23906.5,23900.75,23903.5
1755222900,23904,23907.75,23902.75,23902.75,0,0,0,0,0,0,0,NaN,23907.75,23902.75,23902.75
1755223200,23903,23907,23903,23906.75,0,0,0,0,0,0,0,NaN,23907,23903,23906.75
1755223500,23907.25,23921,23904.75,23919.75,0,0,0,0,0,0,0,NaN,23921,23904.75,23919.75
1755223800,23920,23923,23916,23917.75,0,0,0,0,0,0,0,NaN,23923,23916,23917.75
1755224100,23918.25,23923.25,23915.25,23922,0,0,0,0,0,0,0,NaN,23923.25,23915.25,23922
1755224400,23922.75,23927,23921.25,23926.5,0,0,0,0,0,0,0,NaN,23927,23921.25,23926.5
1755224700,23926.25,23926.5,23917,23920.5,0,0,0,0,0,0,0,NaN,23926.5,23917,23920.5
1755225000,23921,23921.5,23912.75,23915.75,0,0,0,0,0,0,0,NaN,23921.5,23912.75,23915.75
1755225300,23915.75,23921.5,23915.25,23916.25,0,0,0,0,0,0,0,NaN,23921.5,23915.25,23916.25
1755225600,23917.25,23917.5,23910,23910.5,0,0,0,0,0,0,0,NaN,23917.5,23910,23910.5
1755225900,23910.75,23916.5,23908,23916.5,0,0,0,0,0,0,0,NaN,23916.5,23908,23916.5
1755226200,23916.25,23919.25,23914.75,23918.5,0,0,0,0,0,0,0,NaN,23919.25,23914.75,23918.5
1755226500,23917.75,23923.25,23917,23918.5,0,0,0,0,0,0,0,NaN,23923.25,23917,23918.5
1755226800,23917,23922.25,23915.5,23920.75,0,0,0,0,0,0,0,NaN,23922.25,23915.5,23920.75
1755227100,23921,23923.25,23919.5,23919.75,0,0,0,0,0,0,0,NaN,23923.25,23919.5,23919.75
1755227400,23920,23920,23915,23916.75,0,0,0,0,0,0,0,NaN,23920,23915,23916.75
1755227700,23917.25,23925,23913,23921.5,0,0,0,0,0,0,0,NaN,23925,23913,23921.5
1755228000,23921.75,23922.25,23915.25,23915.75,0,0,0,0,0,0,0,NaN,23922.25,23915.25,23915.75
1755228300,23915,23919.75,23914,23918,0,0,0,0,0,0,0,NaN,23919.75,23914,23918
1755228600,23917.5,23923,23915,23916.75,0,0,0,0,0,0,0,NaN,23923,23915,23916.75
1755228900,23916,23916.5,23911.25,23914.5,0,0,0,0,0,0,0,NaN,23916.5,23911.25,23914.5
1755229200,23914,23914.25,23910,23912.75,0,0,0,0,0,0,0,NaN,23914.25,23910,23912.75
1755229500,23913.5,23921.75,23912.25,23920.25,0,0,0,0,0,0,0,NaN,23921.75,23912.25,23920.25
1755229800,23920.75,23925,23918.75,23922.75,0,0,0,0,0,0,0,NaN,23925,23918.75,23922.75
1755230100,23922.5,23929.5,23922.25,23929,0,0,0,0,0,0,0,NaN,23929.5,23922.25,23929
1755230400,23929.25,23938.75,23929,23936.25,0,0,0,0,0,1,0,NaN,23938.75,23929,23936.25
1755230700,23936.25,23942.25,23932.5,23940,0,0,0,0,0,0,0,NaN,23942.25,23932.5,23940
1755231000,23940.25,23941.5,23932.25,23935.75,0,0,0,0,0,0,0,NaN,23941.5,23932.25,23935.75
1755231300,23936,23936.5,23931.5,23936,0,0,0,0,0,0,0,NaN,23936.5,23931.5,23936
1755231600,23935.75,23941.75,23935.25,23936.5,0,0,0,0,0,0,0,NaN,23941.75,23935.25,23936.5
1755231900,23936.25,23938,23932.5,23934.75,0,0,0,0,0,0,0,NaN,23938,23932.5,23934.75
1755232200,23934.75,23939.75,23932.5,23938.5,0,0,0,0,0,0,0,NaN,23939.75,23932.5,23938.5
1755232500,23938.25,23946.5,23937.25,23944,0,0,0,0,0,0,0,NaN,23946.5,23937.25,23944
1755232800,23943.5,23946,23943.25,23944,0,0,0,0,0,0,0,NaN,23946,23943.25,23944
1755233100,23944,23944,23940,23940,0,0,0,0,0,0,0,NaN,23944,23940,23940
1755233400,23940.5,23940.5,23934.5,23936.75,0,0,0,0,0,0,0,NaN,23940.5,23934.5,23936.75
1755233700,23937.25,23938,23936,23937.75,0,0,0,0,0,0,0,NaN,23938,23936,23937.75
1755234000,23937.5,23944.75,23934.25,23941.25,0,0,0,0,0,0,0,NaN,23944.75,23934.25,23941.25
1755234300,23941.5,23944.25,23933,23934.25,0,0,0,0,0,0,0,NaN,23944.25,23933,23934.25
1755234600,23933.75,23935.25,23927.5,23928.5,0,0,0,0,0,0,0,NaN,23935.25,23927.5,23928.5
1755234900,23929.25,23931.25,23926,23929,0,0,0,0,0,0,0,NaN,23931.25,23926,23929
1755235200,23928,23929.75,23923.5,23926.5,0,0,0,0,0,0,0,NaN,23929.75,23923.5,23926.5
1755235500,23926.25,23927,23923.75,23926.5,0,0,0,0,0,0,0,NaN,23927,23923.75,23926.5
1755235800,23924.75,23931.75,23924.75,23930.5,0,0,0,0,0,0,0,NaN,23931.75,23924.75,23930.5
1755236100,23931,23939.5,23931,23938.75,0,0,0,0,0,0,0,NaN,23939.5,23931,23938.75
1755236400,23939.75,23944,23938.25,23941.25,0,0,0,0,0,0,0,NaN,23944,23938.25,23941.25
1755236700,23941.75,23943.5,23940.75,23941.75,0,0,0,0,0,0,0,NaN,23943.5,23940.75,23941.75
1755237000,23941.75,23942.5,23939,23940.75,0,0,0,0,0,0,0,NaN,23942.5,23939,23940.75
1755237300,23941,23942.75,23940.5,23941.25,0,0,0,0,0,0,0,NaN,23942.75,23940.5,23941.25
1755237600,23941.25,23945,23937.75,23943,0,0,0,0,0,0,0,NaN,23945,23937.75,23943
1755237900,23942.75,23943.25,23936.25,23938.75,0,0,0,0,0,0,0,NaN,23943.25,23936.25,23938.75
1755238200,23938.5,23942.5,23936,23942.25,0,0,0,0,0,0,0,NaN,23942.5,23936,23942.25
1755238500,23943,23948.25,23943,23946.5,0,0,0,0,0,0,0,NaN,23948.25,23943,23946.5
1755238800,23946,23949,23936,23939.75,0,0,0,0,0,0,0,NaN,23949,23936,23939.75
1755239100,23939.5,23941,23933.5,23938.5,0,0,0,0,0,0,0,NaN,23941,23933.5,23938.5
1755239400,23939.25,23949.25,23938.75,23943,0,0,0,0,0,0,0,NaN,23949.25,23938.75,23943
1755239700,23943.25,23950.5,23942.75,23944,0,0,0,0,0,0,0,NaN,23950.5,23942.75,23944
1755240000,23943.5,23951.75,23942.5,23948.75,0,0,0,0,0,0,0,NaN,23951.75,23942.5,23948.75
1755240300,23949.5,23952.25,23948.25,23951,0,0,0,0,0,0,0,NaN,23952.25,23948.25,23951
1755240600,23951.25,23960.25,23949.25,23959.75,0,0,0,0,0,0,0,NaN,23960.25,23949.25,23959.75
1755240900,23959.5,23959.5,23948.25,23950.25,0,0,0,0,0,0,0,NaN,23959.5,23948.25,23950.25
1755241200,23950.5,23957,23945,23955.75,0,0,0,0,0,0,0,NaN,23957,23945,23955.75
1755241500,23956.5,23963,23953.75,23958,0,0,0,0,0,0,0,NaN,23963,23953.75,23958
1755241800,23957.5,23958.75,23947.5,23948,0,0,0,0,0,0,0,NaN,23958.75,23947.5,23948
1755242100,23949,23953.5,23942.5,23949.5,0,0,0,0,0,0,0,NaN,23953.5,23942.5,23949.5
1755242400,23949.25,23952,23944,23949.5,0,0,0,0,0,0,0,NaN,23952,23944,23949.5
1755242700,23949.25,23950,23945,23946.5,0,0,0,0,0,0,0,NaN,23950,23945,23946.5
1755243000,23946.75,23947.75,23940.25,23945.5,0,0,0,0,0,0,0,NaN,23947.75,23940.25,23945.5
1755243300,23946.25,23949.75,23945,23948.5,0,0,0,0,0,0,0,NaN,23949.75,23945,23948.5
1755243600,23948,23948,23937.5,23941.75,0,0,0,0,0,0,0,NaN,23948,23937.5,23941.75
1755243900,23941.25,23943.75,23934.75,23935.25,0,0,0,0,0,0,0,NaN,23943.75,23934.75,23935.25
1755244200,23935.25,23938,23928.75,23934.5,0,0,0,0,0,0,0,NaN,23938,23928.75,23934.5
1755244500,23935.25,23941,23933.75,23940.25,0,0,0,0,0,0,0,NaN,23941,23933.75,23940.25
1755244800,23940.25,23951,23938.75,23951,0,0,0,0,0,0,0,NaN,23951,23938.75,23951
1755245100,23951,23953.75,23945.5,23947.5,0,0,0,0,0,0,0,NaN,23953.75,23945.5,23947.5
1755245400,23947.25,23951.25,23940.5,23944.25,0,0,0,0,0,0,0,NaN,23951.25,23940.5,23944.25
1755245700,23945,23947.5,23942,23945,0,0,0,0,0,0,0,NaN,23947.5,23942,23945
1755246000,23944.75,23946,23935,23937.5,0,0,0,0,0,0,0,NaN,23946,23935,23937.5
1755246300,23937.25,23939.75,23932.75,23934.75,0,0,0,0,0,0,0,NaN,23939.75,23932.75,23934.75
1755246600,23934.75,23936.25,23925.75,23930.25,0,0,0,0,0,0,0,NaN,23936.25,23925.75,23930.25
1755246900,23930.25,23930.5,23914.75,23916,0,0,0,0,0,0,0,NaN,23930.5,23914.75,23916
1755247200,23916.75,23916.75,23906.75,23915.75,0,0,0,0,0,0,0,NaN,23916.75,23906.75,23915.75
1755247500,23914.75,23914.75,23879,23879.5,0,0,0,0,0,0,0,NaN,23914.75,23879,23879.5
1755247800,23878.75,23891,23876,23886,0,0,0,0,0,0,0,NaN,23891,23876,23886
1755248100,23886,23893.5,23881,23883.5,0,0,0,0,0,0,0,NaN,23893.5,23881,23883.5
1755248400,23883.25,23891.25,23880.5,23884.25,0,0,0,0,0,0,0,NaN,23891.25,23880.5,23884.25
1755248700,23883.5,23891.75,23878.5,23887.5,0,0,0,0,0,0,0,NaN,23891.75,23878.5,23887.5
1755249000,23888,23896.75,23887.75,23894.5,0,0,0,0,0,0,0,NaN,23896.75,23887.75,23894.5
1755249300,23894.5,23896.25,23884,23889.75,0,0,0,0,0,0,0,NaN,23896.25,23884,23889.75
1755249600,23888.75,23893,23880.5,23884.5,0,0,0,0,0,0,0,NaN,23893,23880.5,23884.5
1755249900,23884,23893,23881.5,23892.75,0,0,0,0,0,0,0,NaN,23893,23881.5,23892.75
1755250200,23892.25,23892.25,23880,23882.25,0,0,0,0,0,0,0,NaN,23892.25,23880,23882.25
1755250500,23882,23888.75,23878,23884,0,0,0,0,0,0,0,NaN,23888.75,23878,23884
1755250800,23883.75,23887,23881.5,23885.75,0,0,0,0,0,0,0,NaN,23887,23881.5,23885.75
1755251100,23886.5,23893.5,23886,23893,0,0,0,0,0,0,0,NaN,23893.5,23886,23893
1755251400,23891.25,23893.75,23884.25,23888.75,0,0,0,0,0,0,0,NaN,23893.75,23884.25,23888.75
1755251700,23889.25,23891,23878,23879.75,0,0,0,0,0,0,0,NaN,23891,23878,23879.75
1755252000,23880.25,23882.75,23875,23877.5,0,0,0,0,0,0,0,NaN,23882.75,23875,23877.5
1755252300,23878,23887.5,23872,23885,0,0,0,0,0,0,0,NaN,23887.5,23872,23885
1755252600,23885.5,23889,23885,23887.75,0,0,0,0,0,0,0,NaN,23889,23885,23887.75
1755252900,23887.5,23888.25,23884,23884.75,0,0,0,0,0,0,0,NaN,23888.25,23884,23884.75
1755253200,23885.25,23895,23883.25,23890.75,0,0,0,0,0,0,0,NaN,23895,23883.25,23890.75
1755253500,23890.25,23894.5,23889.25,23894.5,0,0,0,0,0,0,0,NaN,23894.5,23889.25,23894.5
1755253800,23894.25,23910,23893.5,23908.5,0,0,0,0,0,0,0,NaN,23910,23893.5,23908.5
1755254100,23908.75,23909.25,23899.25,23903.25,0,0,0,0,0,0,0,NaN,23909.25,23899.25,23903.25
1755254400,23902.5,23908.75,23900.25,23905.5,0,0,0,0,0,0,0,NaN,23908.75,23900.25,23905.5
1755254700,23906,23908,23899,23904.75,0,0,0,0,0,0,0,NaN,23908,23899,23904.75
1755255000,23904.75,23906,23904,23906,0,0,0,0,0,0,0,NaN,23906,23904,23906
1755255300,23905.5,23919.25,23905.5,23907.5,0,0,0,0,0,0,0,NaN,23919.25,23905.5,23907.5
1755255600,23907.25,23916.75,23905,23914.75,0,0,0,0,0,0,0,NaN,23916.75,23905,23914.75
1755255900,23914.75,23915,23909.75,23911.5,0,0,0,0,0,0,0,NaN,23915,23909.75,23911.5
1755256200,23911.75,23915.25,23909,23912.5,0,0,0,0,0,0,0,NaN,23915.25,23909,23912.5
1755256500,23911.75,23915.75,23909,23913.5,0,0,0,0,0,0,0,NaN,23915.75,23909,23913.5
1755256800,23913.5,23920,23912.25,23919.5,0,0,0,0,0,0,0,NaN,23920,23912.25,23919.5
1755257100,23919.5,23925.25,23917,23919.75,0,0,0,0,0,0,0,NaN,23925.25,23917,23919.75
1755257400,23919,23921.5,23913.5,23916.75,0,0,0,0,0,0,0,NaN,23921.5,23913.5,23916.75
1755257700,23915.25,23921,23912.5,23920.75,0,0,0,0,0,0,0,NaN,23921,23912.5,23920.75
1755258000,23920.5,23923,23918,23921.25,0,0,0,0,0,0,0,NaN,23923,23918,23921.25
1755258300,23921,23925,23915.75,23923.25,0,0,0,0,0,0,0,NaN,23925,23915.75,23923.25
1755258600,23922.75,23927.25,23922.5,23923.75,0,0,0,0,0,0,0,NaN,23927.25,23922.5,23923.75
1755258900,23923.25,23923.5,23915,23920.25,0,0,0,0,0,0,0,NaN,23923.5,23915,23920.25
1755259200,23920.5,23921.25,23904.5,23909.75,0,0,0,0,0,0,0,NaN,23921.25,23904.5,23909.75
1755259500,23910.25,23913.75,23907.75,23913,0,0,0,0,0,0,0,NaN,23913.75,23907.75,23913
1755259800,23913.25,23917.25,23906,23907.5,0,0,0,0,0,0,0,NaN,23917.25,23906,23907.5
1755260100,23908.25,23911.25,23904.75,23908.5,0,0,0,0,0,0,0,NaN,23911.25,23904.75,23908.5
1755260400,23908.75,23911,23886.25,23894,0,0,0,0,0,0,0,NaN,23911,23886.25,23894
1755260700,23894,23903,23889,23902.25,0,0,0,0,0,0,0,NaN,23903,23889,23902.25
1755261000,23897.25,23915,23885,23907,0,0,0,0,0,0,0,NaN,23915,23885,23907
1755261300,23906,23914.5,23892.75,23901,0,0,0,0,0,0,0,NaN,23914.5,23892.75,23901
1755261600,23901,23911.5,23896.25,23900.5,0,0,0,0,0,0,0,NaN,23911.5,23896.25,23900.5
1755261900,23901.25,23911.5,23901.25,23906.5,0,0,0,0,0,0,0,NaN,23911.5,23901.25,23906.5
1755262200,23907,23911,23901.5,23907.5,0,0,0,0,0,0,0,NaN,23911,23901.5,23907.5
1755262500,23907.75,23911,23902,23905.25,0,0,0,0,0,0,0,NaN,23911,23902,23905.25
1755262800,23904.5,23907.5,23896,23903.5,0,0,0,0,0,0,0,NaN,23907.5,23896,23903.5
1755263100,23903.5,23910.25,23894.25,23898.25,0,0,0,0,0,0,0,NaN,23910.25,23894.25,23898.25
1755263400,23898.25,23899,23892.5,23897.25,0,0,0,0,0,0,0,NaN,23899,23892.5,23897.25
1755263700,23896.5,23908,23895.5,23907.25,0,0,0,0,0,0,0,NaN,23908,23895.5,23907.25
1755264000,23907.5,23914.5,23902.25,23905,0,0,0,0,0,0,0,NaN,23914.5,23902.25,23905
1755264300,23905.25,23924.25,23888,23909,0,0,0,0,0,0,0,NaN,23924.25,23888,23909
1755264600,23909.25,23911,23850,23856.5,0,0,0,0,0,0,0,NaN,23911,23850,23856.5
1755264900,23857,23886.5,23851.25,23853,0,0,0,0,0,0,0,NaN,23886.5,23851.25,23853
1755265200,23852.5,23864,23835,23852.5,0,0,0,0,0,0,0,NaN,23864,23835,23852.5
1755265500,23853,23854,23776.75,23783.5,0,0,0,0,0,0,0,NaN,23854,23776.75,23783.5
1755265800,23784,23806,23770.25,23785.5,0,0,0,0,0,0,0,NaN,23806,23770.25,23785.5
1755266100,23786,23814.25,23785,23807,0,0,0,0,0,0,0,NaN,23814.25,23785,23807
1755266400,23801,23859,23770.25,23853.5,0,0,0,0,0,0,0,NaN,23859,23770.25,23853.5
1755266700,23854,23867.75,23841,23866,0,0,0,0,0,0,0,NaN,23867.75,23841,23866
1755267000,23865.75,23875,23848.75,23871.75,0,0,0,0,0,0,0,NaN,23875,23848.75,23871.75
1755267300,23872.25,23881,23856.75,23864.5,0,0,0,0,0,0,0,NaN,23881,23856.75,23864.5
1755267600,23865.25,23871.5,23846.5,23854.5,0,0,0,0,0,0,0,NaN,23871.5,23846.5,23854.5
1755267900,23855.25,23876.75,23839.25,23855.75,0,0,0,0,0,0,0,NaN,23876.75,23839.25,23855.75
1755268200,23855.5,23862.5,23835.75,23840,0,0,0,0,0,0,0,NaN,23862.5,23835.75,23840
1755268500,23839,23854,23829,23848.25,0,0,0,0,0,0,0,NaN,23854,23829,23848.25
1755268800,23848.25,23855.5,23827.5,23832.5,0,0,0,0,0,0,0,NaN,23855.5,23827.5,23832.5
1755269100,23832.75,23834,23803,23816,0,0,0,0,0,0,0,NaN,23834,23803,23816
1755269400,23815.25,23818.25,23801.5,23808,0,0,0,0,0,0,0,NaN,23818.25,23801.5,23808
1755269700,23808.25,23817,23785.25,23800.5,0,0,0,0,0,0,0,NaN,23817,23785.25,23800.5
1755270000,23800.25,23808.5,23790.25,23801,0,0,0,0,0,0,0,NaN,23808.5,23790.25,23801
1755270300,23800.75,23805.75,23787.75,23801.75,0,0,0,0,0,0,0,NaN,23805.75,23787.75,23801.75
1755270600,23801.5,23814.5,23795.75,23810.75,0,0,0,0,0,0,0,NaN,23814.5,23795.75,23810.75
1755270900,23810.5,23836.5,23807.75,23824,0,0,0,0,0,0,0,NaN,23836.5,23807.75,23824
1755271200,23824.25,23833,23801.5,23804.25,0,0,0,0,0,0,0,NaN,23833,23801.5,23804.25
1755271500,23803.75,23815.25,23800,23802.5,0,0,0,0,0,0,0,NaN,23815.25,23800,23802.5
1755271800,23802.25,23819.25,23798.25,23812.25,0,0,0,0,0,0,0,NaN,23819.25,23798.25,23812.25
1755272100,23812.75,23813.25,23774.25,23774.75,0,0,0,0,0,0,0,NaN,23813.25,23774.25,23774.75
1755272400,23774.75,23779,23734.5,23741.75,0,0,0,0,0,0,0,NaN,23779,23734.5,23741.75
1755272700,23741.75,23780.5,23741.5,23779.25,0,0,0,0,0,0,0,NaN,23780.5,23741.5,23779.25
1755273000,23779,23817,23775,23812.25,0,0,0,0,0,0,0,NaN,23817,23775,23812.25
1755273300,23812,23819,23782.75,23787.75,0,0,0,0,0,0,0,NaN,23819,23782.75,23787.75
1755273600,23787.75,23792.75,23767.75,23776.75,0,0,0,0,0,0,0,NaN,23792.75,23767.75,23776.75
1755273900,23776.75,23797,23774,23795.25,0,0,0,0,0,0,0,NaN,23797,23774,23795.25
1755274200,23794.75,23810,23791.75,23809.25,0,0,0,0,0,0,0,NaN,23810,23791.75,23809.25
1755274500,23809.5,23809.75,23777.75,23783,0,0,0,0,0,0,0,NaN,23809.75,23777.75,23783
1755274800,23783.25,23785.75,23772.25,23776.25,0,0,0,0,0,0,0,NaN,23785.75,23772.25,23776.25
1755275100,23776,23789,23763.75,23767.75,0,0,0,0,0,0,0,NaN,23789,23763.75,23767.75
1755275400,23767.75,23786.75,23763.75,23784.5,0,0,0,0,0,0,0,NaN,23786.75,23763.75,23784.5
1755275700,23784.5,23785.5,23770,23782.5,0,0,0,0,0,0,0,NaN,23785.5,23770,23782.5
1755276000,23782.5,23797.25,23776.5,23790.5,0,0,0,0,0,0,0,NaN,23797.25,23776.5,23790.5
1755276300,23791.25,23806,23783.5,23805.25,0,0,0,0,0,0,0,NaN,23806,23783.5,23805.25
1755276600,23805.5,23818.25,23803,23813,0,0,0,0,0,0,0,NaN,23818.25,23803,23813
1755276900,23812.5,23826,23806.75,23819,0,0,0,0,0,0,0,NaN,23826,23806.75,23819
1755277200,23818.5,23824,23811.75,23814.75,0,0,0,0,0,0,0,NaN,23824,23811.75,23814.75
1755277500,23814.25,23824.5,23807.5,23811.25,0,0,0,0,0,0,0,NaN,23824.5,23807.5,23811.25
1755277800,23811.75,23813.25,23797,23803.5,0,0,0,0,0,0,0,NaN,23813.25,23797,23803.5
1755278100,23803.5,23809.5,23788.25,23790.25,0,0,0,0,0,0,0,NaN,23809.5,23788.25,23790.25
1755278400,23789.5,23796.75,23786,23792.5,0,0,0,0,0,0,0,NaN,23796.75,23786,23792.5
1755278700,23792.5,23808,23788,23806.25,0,0,0,0,0,0,0,NaN,23808,23788,23806.25
1755279000,23805.75,23827.75,23804.75,23818.25,0,0,0,0,0,0,0,NaN,23827.75,23804.75,23818.25
1755279300,23819,23819,23806.25,23810.5,0,0,0,0,0,0,0,NaN,23819,23806.25,23810.5
1755279600,23810.5,23817.5,23806,23810,0,0,0,0,0,0,0,NaN,23817.5,23806,23810
1755279900,23810,23812.25,23801.75,23807.75,0,0,0,0,0,0,0,NaN,23812.25,23801.75,23807.75
1755280200,23807.75,23812.5,23802.75,23809.5,0,0,0,0,0,0,0,NaN,23812.5,23802.75,23809.5
1755280500,23809,23843.25,23808.5,23839.75,0,0,0,0,0,0,0,NaN,23843.25,23808.5,23839.75
1755280800,23839.75,23847.5,23811.25,23830.75,0,0,0,0,0,0,0,NaN,23847.5,23811.25,23830.75
1755281100,23831,23834,23819.75,23830.75,0,0,0,0,0,0,0,NaN,23834,23819.75,23830.75
1755281400,23830.5,23833.25,23818.25,23821,0,0,0,0,0,0,0,NaN,23833.25,23818.25,23821
1755281700,23820.5,23822,23806.5,23809.5,0,0,0,0,0,0,0,NaN,23822,23806.5,23809.5
1755282000,23809.5,23815.25,23802,23814.25,0,0,0,0,0,0,0,NaN,23815.25,23802,23814.25
1755282300,23813.25,23827.75,23809.5,23824.5,0,0,0,0,0,0,0,NaN,23827.75,23809.5,23824.5
1755282600,23823.75,23830.5,23819.5,23823.25,0,0,0,0,0,0,0,NaN,23830.5,23819.5,23823.25
1755282900,23823.75,23825.25,23810.25,23813,0,0,0,0,0,0,0,NaN,23825.25,23810.25,23813
1755283200,23813.25,23818.25,23806.5,23808,0,0,0,0,0,0,0,NaN,23818.25,23806.5,23808
1755283500,23808.5,23814.25,23797.25,23800.75,0,0,0,0,0,0,0,NaN,23814.25,23797.25,23800.75
1755283800,23801,23819,23800.75,23816.75,0,0,0,0,0,0,0,NaN,23819,23800.75,23816.75
1755284100,23816.5,23821,23790,23811.5,0,0,0,0,0,0,0,NaN,23821,23790,23811.5
1755284400,23811,23812.75,23775.75,23789.5,0,0,0,0,0,0,0,NaN,23812.75,23775.75,23789.5
1755284700,23789.25,23801.5,23777.5,23800.5,0,0,0,0,0,0,0,NaN,23801.5,23777.5,23800.5
1755285000,23801,23809.5,23801,23807.25,0,0,0,0,0,0,0,NaN,23809.5,23801,23807.25
1755285300,23807.75,23814,23788.5,23802.25,0,0,0,0,0,0,0,NaN,23814,23788.5,23802.25
1755285600,23802.75,23814.5,23801,23806.5,0,0,0,0,0,0,0,NaN,23814.5,23801,23806.5
1755285900,23806.25,23812.75,23801.75,23807.25,0,0,0,0,0,0,0,NaN,23812.75,23801.75,23807.25
1755286200,23807.25,23815,23803.25,23811,0,0,0,0,0,0,0,NaN,23815,23803.25,23811
1755286500,23811,23819.5,23808.75,23809.5,0,0,0,0,0,0,0,NaN,23819.5,23808.75,23809.5
1755286800,23809.5,23827,23809.5,23821.5,0,0,0,0,0,0,0,NaN,23827,23809.5,23821.5
1755287100,23821.75,23826.25,23819,23823.75,0,0,0,0,0,0,0,NaN,23826.25,23819,23823.75
1755287400,23823.25,23830.5,23801,23805.75,0,0,0,0,0,0,0,NaN,23830.5,23801,23805.75
1755287700,23805.5,23810.5,23792.25,23806,0,0,0,0,0,0,0,NaN,23810.5,23792.25,23806
1755288000,23805.75,23811.25,23777.75,23789.5,0,0,0,0,0,0,0,NaN,23811.25,23777.75,23789.5
1755288300,23789.75,23796.75,23787.25,23793.5,0,0,0,0,0,0,0,NaN,23796.75,23787.25,23793.5
1755288600,23793.5,23811.25,23790,23809.25,0,0,0,0,0,0,0,NaN,23811.25,23790,23809.25
1755288900,23809,23811.25,23799,23802.25,0,0,0,0,0,0,0,NaN,23811.25,23799,23802.25
1755289200,23802.25,23805,23792.75,23795.5,0,0,0,0,0,0,0,NaN,23805,23792.75,23795.5
1755289500,23795.5,23797.25,23791.75,23795.25,0,0,0,0,0,0,0,NaN,23797.25,23791.75,23795.25
1755289800,23795.5,23798.5,23793.25,23798.5,0,0,0,0,0,0,0,NaN,23798.5,23793.25,23798.5
1755290100,23798.5,23798.5,23790.5,23792.25,0,0,0,0,0,0,0,NaN,23798.5,23790.5,23792.25
1755290400,23791.25,23794.5,23790.5,23793.25,0,0,0,0,0,0,0,NaN,23794.5,23790.5,23793.25
1755290700,23793.75,23794.5,23790.5,23792.25,0,0,0,0,0,0,0,NaN,23794.5,23790.5,23792.25
1755291000,23792,23796.5,23791.75,23795.5,0,0,0,0,0,0,0,NaN,23796.5,23791.75,23795.5
1755291300,23795.25,23798,23791.75,23796.75,0,0,0,0,0,0,0,NaN,23798,23791.75,23796.75
1755468000,23795,23828.25,23795,23825.75,0,0,0,0,0,0,0,NaN,23828.25,23795,23825.75
1755468300,23826,23841.75,23825.75,23838.5,0,0,0,0,0,0,0,NaN,23841.75,23825.75,23838.5
1755468600,23839,23845,23838.75,23842,0,0,0,0,0,0,0,NaN,23845,23838.75,23842
1755468900,23842.5,23849.5,23833.25,23837.75,0,0,0,0,0,0,0,NaN,23849.5,23833.25,23837.75
1755469200,23838,23844.5,23835,23844.25,0,0,0,0,0,0,0,NaN,23844.5,23835,23844.25
1755469500,23841.75,23848.25,23841.75,23844.25,0,0,0,0,0,0,0,NaN,23848.25,23841.75,23844.25
1755469800,23844.5,23848.5,23842.75,23848.5,0,0,0,0,0,0,0,NaN,23848.5,23842.75,23848.5
1755470100,23848.5,23850,23844,23846.25,0,0,0,0,0,0,0,NaN,23850,23844,23846.25
1755470400,23846.25,23849.75,23844.5,23848.75,0,0,0,0,0,0,0,NaN,23849.75,23844.5,23848.75
1755470700,23849.5,23850,23845.25,23849.25,0,0,0,0,0,0,0,NaN,23850,23845.25,23849.25
1755471000,23848.5,23853.5,23847.25,23849,0,0,0,0,0,0,0,NaN,23853.5,23847.25,23849
1755471300,23849.5,23849.5,23846,23847.75,0,0,0,0,0,0,0,NaN,23849.5,23846,23847.75
1755471600,23848,23850.75,23843.5,23845.75,0,0,0,0,0,0,0,NaN,23850.75,23843.5,23845.75
1755471900,23844.75,23847.25,23840.5,23847.25,0,0,0,0,0,0,0,NaN,23847.25,23840.5,23847.25
1755472200,23847.75,23850.25,23845.25,23845.5,0,0,0,0,0,0,0,NaN,23850.25,23845.25,23845.5
1755472500,23845.75,23849,23845,23848.25,0,0,0,0,0,0,0,NaN,23849,23845,23848.25
1755472800,23848.5,23848.5,23843.25,23843.75,0,0,0,0,0,0,0,NaN,23848.5,23843.25,23843.75
1755473100,23843.75,23847.5,23842.5,23846,0,0,0,0,0,0,0,NaN,23847.5,23842.5,23846
1755473400,23845.75,23852.5,23845.25,23849,0,0,0,0,0,0,0,NaN,23852.5,23845.25,23849
1755473700,23849,23853,23848,23851,0,0,0,0,0,0,0,NaN,23853,23848,23851
1755474000,23850.75,23860,23850.75,23858,0,0,0,0,0,0,0,NaN,23860,23850.75,23858
1755474300,23857.75,23858.25,23845,23845,0,0,0,0,0,0,0,NaN,23858.25,23845,23845
1755474600,23845.25,23848.75,23843,23847.5,0,0,0,0,0,0,0,NaN,23848.75,23843,23847.5
1755474900,23848,23851.5,23845.25,23851,0,0,0,0,0,0,0,NaN,23851.5,23845.25,23851
1755475200,23850.75,23856,23845.75,23854.75,0,0,0,0,0,0,0,NaN,23856,23845.75,23854.75
1755475500,23855.25,23865,23853,23865,0,0,0,0,0,0,0,NaN,23865,23853,23865
1755475800,23865,23867,23862.5,23864.75,0,0,0,0,0,0,0,NaN,23867,23862.5,23864.75
1755476100,23864,23864.5,23857.5,23858.25,0,0,0,0,0,0,0,NaN,23864.5,23857.5,23858.25
1755476400,23858.5,23861.75,23857,23857.75,0,0,0,0,0,0,0,NaN,23861.75,23857,23857.75
1755476700,23857,23862,23857,23861.25,0,0,0,0,0,0,0,NaN,23862,23857,23861.25
1755477000,23861,23862.25,23858.5,23859.5,0,0,0,0,0,0,0,NaN,23862.25,23858.5,23859.5
1755477300,23860,23865.25,23859.75,23863,0,0,0,0,0,0,0,NaN,23865.25,23859.75,23863
1755477600,23862,23865.25,23861,23861.5,0,0,0,0,0,0,0,NaN,23865.25,23861,23861.5
1755477900,23862,23862.5,23856,23859.5,0,0,0,0,0,0,0,NaN,23862.5,23856,23859.5
1755478200,23860.75,23861.25,23856.25,23859.75,0,0,0,0,0,0,0,NaN,23861.25,23856.25,23859.75
1755478500,23860.5,23860.5,23854.25,23857,0,0,0,0,0,0,0,NaN,23860.5,23854.25,23857
1755478800,23857.25,23860.75,23855.25,23859.5,0,0,0,0,0,0,0,NaN,23860.75,23855.25,23859.5
1755479100,23858.5,23861,23857.5,23857.75,0,0,0,0,0,0,0,NaN,23861,23857.5,23857.75
1755479400,23858.75,23862.5,23858.25,23862.5,0,0,0,0,0,0,0,NaN,23862.5,23858.25,23862.5
1755479700,23862.75,23865.75,23861.25,23861.25,0,0,0,0,0,0,0,NaN,23865.75,23861.25,23861.25
1755480000,23862,23865.75,23862,23864.5,0,0,0,0,0,0,0,NaN,23865.75,23862,23864.5
1755480300,23864.75,23873.75,23863.5,23871.25,0,0,0,0,0,0,0,NaN,23873.75,23863.5,23871.25
1755480600,23871.75,23874.5,23870,23873.75,0,0,0,0,0,0,0,NaN,23874.5,23870,23873.75
1755480900,23873.5,23875,23872,23874.25,0,0,0,0,0,0,0,NaN,23875,23872,23874.25
1755481200,23874.75,23876.5,23873,23874.75,0,0,0,0,0,0,0,NaN,23876.5,23873,23874.75
1755481500,23874.5,23877.5,23874,23876.5,0,0,0,0,0,0,0,NaN,23877.5,23874,23876.5
1755481800,23877.5,23879.25,23875.75,23879,0,0,0,0,0,0,0,NaN,23879.25,23875.75,23879
1755482100,23879.25,23881.5,23876.5,23881.5,0,0,0,0,0,0,0,NaN,23881.5,23876.5,23881.5
1755482400,23881,23881.75,23876,23878.25,0,0,0,0,0,0,0,NaN,23881.75,23876,23878.25
1755482700,23878,23879.25,23875.25,23877.5,0,0,0,0,0,0,0,NaN,23879.25,23875.25,23877.5
1755483000,23877.25,23879,23876.25,23878.75,0,0,0,0,0,0,0,NaN,23879,23876.25,23878.75
1755483300,23879,23880,23877.25,23877.25,0,0,0,0,0,0,0,NaN,23880,23877.25,23877.25
1755483600,23877.5,23877.75,23867.75,23869.75,0,0,0,0,0,0,0,NaN,23877.75,23867.75,23869.75
1755483900,23869.75,23878,23868.75,23874.75,0,0,0,0,0,0,0,NaN,23878,23868.75,23874.75
1755484200,23874,23876.5,23873.5,23875.75,0,0,0,0,0,0,0,NaN,23876.5,23873.5,23875.75
1755484500,23876.5,23878,23875.25,23876.5,0,0,0,0,0,0,0,NaN,23878,23875.25,23876.5
1755484800,23876.75,23879,23873.75,23875.5,0,0,0,0,0,0,0,NaN,23879,23873.75,23875.5
1755485100,23875.25,23877.25,23874,23874.5,0,0,0,0,0,0,0,NaN,23877.25,23874,23874.5
1755485400,23874.75,23876.5,23872.75,23875.25,0,0,0,0,0,0,0,NaN,23876.5,23872.75,23875.25
1755485700,23875.5,23877.5,23875.5,23877.5,0,0,0,0,0,0,0,NaN,23877.5,23875.5,23877.5
1755486000,23877.25,23877.75,23875.75,23877,0,0,0,0,0,0,0,NaN,23877.75,23875.75,23877
1755486300,23877,23878,23876.25,23876.5,0,0,0,0,0,0,0,NaN,23878,23876.25,23876.5
1755486600,23876.5,23878.75,23876.5,23878,0,0,0,0,0,0,0,NaN,23878.75,23876.5,23878
1755486900,23878.5,23879.5,23873.75,23874,0,0,0,0,0,0,0,NaN,23879.5,23873.75,23874
1755487200,23873.5,23874.25,23870.75,23872.75,0,0,0,0,0,0,0,NaN,23874.25,23870.75,23872.75
1755487500,23872.75,23874,23869,23869.25,0,0,0,0,0,0,0,NaN,23874,23869,23869.25
1755487800,23869.75,23869.75,23861,23861,0,0,0,0,0,0,0,NaN,23869.75,23861,23861
1755488100,23861.25,23864.75,23859.25,23860.5,0,0,0,0,0,0,0,NaN,23864.75,23859.25,23860.5
1755488400,23860.25,23860.25,23856,23857.75,0,0,0,0,0,0,0,NaN,23860.25,23856,23857.75
1755488700,23857.25,23865.25,23856.5,23862.5,0,0,0,0,0,0,0,NaN,23865.25,23856.5,23862.5
1755489000,23862.75,23863.5,23859,23859.5,0,0,0,0,0,0,0,NaN,23863.5,23859,23859.5
1755489300,23859.75,23863,23857.75,23857.75,0,0,0,0,0,0,0,NaN,23863,23857.75,23857.75
1755489600,23857.25,23859,23855.25,23858,0,1,0,0,0,0,0,NaN,23859,23855.25,23858
1755489900,23857.5,23857.75,23853,23855.5,0,0,0,0,0,0,0,NaN,23857.75,23853,23855.5
1755490200,23855.5,23855.75,23846,23849.25,0,0,0,0,0,0,0,NaN,23855.75,23846,23849.25
1755490500,23847.75,23852.25,23845.25,23849.5,0,0,0,0,0,0,0,NaN,23852.25,23845.25,23849.5
1755490800,23849.25,23854.25,23847.25,23853.25,0,0,0,0,0,0,0,NaN,23854.25,23847.25,23853.25
1755491100,23853,23857.25,23852.75,23855.5,0,0,0,0,0,0,0,NaN,23857.25,23852.75,23855.5
1755491400,23855.5,23857.5,23854.25,23857,0,0,0,0,0,0,0,NaN,23857.5,23854.25,23857
1755491700,23857.5,23860,23856.75,23858.25,0,0,0,0,0,0,0,NaN,23860,23856.75,23858.25
1755492000,23858.25,23858.5,23852.25,23853.25,0,0,0,0,0,0,0,NaN,23858.5,23852.25,23853.25
1755492300,23853,23855.75,23849.25,23854.25,0,0,0,0,0,0,0,NaN,23855.75,23849.25,23854.25
1755492600,23855.25,23855.5,23852.75,23854.25,0,0,0,0,0,0,0,NaN,23855.5,23852.75,23854.25
1755492900,23854.5,23854.5,23848.25,23848.75,0,0,0,0,0,0,0,NaN,23854.5,23848.25,23848.75
1755493200,23849.25,23852.5,23849.25,23851,0,0,0,0,0,0,0,NaN,23852.5,23849.25,23851
1755493500,23850.5,23858.5,23849.5,23850.5,0,0,0,0,0,0,0,NaN,23858.5,23849.5,23850.5
1755493800,23850,23851.5,23847,23848.25,0,0,0,0,0,0,0,NaN,23851.5,23847,23848.25
1755494100,23848.5,23852.25,23847.75,23851.5,0,0,0,0,0,0,0,NaN,23852.25,23847.75,23851.5
1755494400,23852,23853.25,23842,23842.75,0,0,0,0,0,0,0,NaN,23853.25,23842,23842.75
1755494700,23843.25,23847,23841.75,23844.25,0,0,0,0,0,0,0,NaN,23847,23841.75,23844.25
1755495000,23845.25,23846.5,23843.5,23845,0,0,0,0,0,0,0,NaN,23846.5,23843.5,23845
1755495300,23845,23850.75,23845,23847.5,0,0,0,0,0,0,0,NaN,23850.75,23845,23847.5
1755495600,23848,23851.5,23847.75,23848.25,0,0,0,0,0,0,0,NaN,23851.5,23847.75,23848.25
1755495900,23848,23850.5,23848,23849.5,0,0,0,0,0,0,0,NaN,23850.5,23848,23849.5
1755496200,23850,23853,23849,23851.75,0,0,0,0,0,0,0,NaN,23853,23849,23851.75
1755496500,23852,23856.25,23849.5,23852,0,0,0,0,0,0,0,NaN,23856.25,23849.5,23852
1755496800,23852,23854.75,23842.25,23843.25,0,0,0,0,0,0,0,NaN,23854.75,23842.25,23843.25
1755497100,23843,23848.75,23837.75,23839.75,0,0,0,0,0,0,0,NaN,23848.75,23837.75,23839.75
1755497400,23839.5,23839.5,23828.25,23828.5,0,0,0,0,0,0,0,NaN,23839.5,23828.25,23828.5
1755497700,23828,23829.5,23816.25,23817.5,0,0,0,0,0,0,0,NaN,23829.5,23816.25,23817.5
1755498000,23817.25,23819.25,23811,23812.5,0,0,0,0,0,0,0,NaN,23819.25,23811,23812.5
1755498300,23811.75,23816,23800,23804.75,0,0,0,0,0,0,0,NaN,23816,23800,23804.75
1755498600,23804.25,23822,23802.5,23821.75,0,0,0,0,0,0,0,NaN,23822,23802.5,23821.75
1755498900,23820.75,23823.5,23813,23813.5,0,0,0,0,0,0,0,NaN,23823.5,23813,23813.5
1755499200,23814.75,23815.75,23771.25,23783.75,0,0,0,0,0,0,0,NaN,23815.75,23771.25,23783.75
1755499500,23784.25,23800,23777.5,23799,0,0,0,0,0,0,0,NaN,23800,23777.5,23799
1755499800,23798.75,23804,23788.25,23790.5,0,0,0,0,0,0,0,NaN,23804,23788.25,23790.5
1755500100,23790.25,23805,23789.5,23802.5,0,0,0,0,0,0,0,NaN,23805,23789.5,23802.5
1755500400,23803,23816.25,23800.75,23816.25,0,0,0,0,0,0,0,NaN,23816.25,23800.75,23816.25
1755500700,23815.75,23815.75,23782.75,23797.25,0,0,0,0,0,0,0,NaN,23815.75,23782.75,23797.25
1755501000,23798,23804.25,23790.25,23797.5,0,0,0,0,0,0,0,NaN,23804.25,23790.25,23797.5
1755501300,23797.75,23806.75,23794,23800,0,0,0,0,0,0,0,NaN,23806.75,23794,23800
1755501600,23800.25,23814.75,23794.75,23810,0,0,0,0,0,0,0,NaN,23814.75,23794.75,23810
1755501900,23811,23813,23796.75,23799.25,0,0,0,0,0,0,0,NaN,23813,23796.75,23799.25
1755502200,23799.75,23800.25,23780.75,23782.5,0,0,0,0,0,0,0,NaN,23800.25,23780.75,23782.5
1755502500,23783.25,23800,23780.5,23797.75,0,0,0,0,0,0,0,NaN,23800,23780.5,23797.75
1755502800,23797.25,23807,23795.5,23802.75,0,0,0,0,0,0,0,NaN,23807,23795.5,23802.75
1755503100,23802.5,23809.5,23792.25,23801.75,0,0,0,0,0,0,0,NaN,23809.5,23792.25,23801.75
1755503400,23801.75,23807.5,23797.25,23804.25,0,0,0,0,0,0,0,NaN,23807.5,23797.25,23804.25
1755503700,23805,23807,23800.75,23806.25,0,0,0,0,0,0,0,NaN,23807,23800.75,23806.25
1755504000,23805.5,23811.75,23796,23796.75,0,0,0,0,0,0,0,NaN,23811.75,23796,23796.75
1755504300,23796.5,23805,23782.75,23784.25,0,0,0,0,0,0,0,NaN,23805,23782.75,23784.25
1755504600,23783,23788.25,23767,23770.25,0,0,0,0,0,0,0,NaN,23788.25,23767,23770.25
1755504900,23768.75,23775.5,23762,23774.5,0,0,0,0,0,0,0,NaN,23775.5,23762,23774.5
1755505200,23774,23780.75,23759.5,23760.75,0,0,0,0,0,0,0,NaN,23780.75,23759.5,23760.75
1755505500,23762.25,23767,23743.5,23765.75,0,0,0,0,0,0,0,NaN,23767,23743.5,23765.75
1755505800,23766,23785,23759,23784.5,0,0,0,0,0,0,0,NaN,23785,23759,23784.5
1755506100,23784,23787.5,23781,23787.25,0,0,0,0,0,0,0,NaN,23787.5,23781,23787.25
1755506400,23787.25,23796.25,23786.25,23791.5,0,0,0,0,0,0,0,NaN,23796.25,23786.25,23791.5
1755506700,23791.25,23791.75,23781.5,23788.75,0,0,0,0,0,0,0,NaN,23791.75,23781.5,23788.75
1755507000,23788.75,23792.5,23775.75,23783,0,0,0,0,0,0,0,NaN,23792.5,23775.75,23783
1755507300,23784,23786.5,23775.75,23778.5,0,0,0,0,0,0,0,NaN,23786.5,23775.75,23778.5
1755507600,23779,23781,23767.25,23776,0,0,0,0,0,0,0,NaN,23781,23767.25,23776
1755507900,23774.75,23775.75,23767,23771.25,0,0,0,0,0,0,0,NaN,23775.75,23767,23771.25
1755508200,23770.25,23776.5,23766.75,23768,0,0,0,0,0,0,0,NaN,23776.5,23766.75,23768
1755508500,23767.5,23768.25,23756.5,23759.75,0,0,0,0,0,0,0,NaN,23768.25,23756.5,23759.75
1755508800,23761,23766.5,23745.5,23749,0,0,0,0,0,0,0,NaN,23766.5,23745.5,23749
1755509100,23747.5,23755.75,23739.5,23750.25,0,0,0,0,0,0,0,NaN,23755.75,23739.5,23750.25
1755509400,23750,23761.5,23749.75,23761.5,0,0,0,0,0,0,0,NaN,23761.5,23749.75,23761.5
1755509700,23760.25,23766.75,23755.75,23757.25,0,0,0,0,0,0,0,NaN,23766.75,23755.75,23757.25
1755510000,23758.25,23765.25,23758.25,23762.25,0,0,0,0,0,0,0,NaN,23765.25,23758.25,23762.25
1755510300,23761,23763.5,23755.5,23757.5,0,0,0,0,0,0,0,NaN,23763.5,23755.5,23757.5
1755510600,23757.5,23758.25,23754.25,23757.25,0,0,0,0,0,0,0,NaN,23758.25,23754.25,23757.25
1755510900,23757.5,23765.25,23757.5,23759.5,0,0,0,0,0,0,0,NaN,23765.25,23757.5,23759.5
1755511200,23758.75,23772.25,23757.25,23770,0,0,0,0,0,0,0,NaN,23772.25,23757.25,23770
1755511500,23770,23774.25,23766,23769.5,0,0,0,0,0,0,0,NaN,23774.25,23766,23769.5
1755511800,23769.25,23769.25,23764.75,23768.75,0,0,0,0,0,0,0,NaN,23769.25,23764.75,23768.75
1755512100,23768.5,23770.5,23756.75,23762,0,0,0,0,0,0,0,NaN,23770.5,23756.75,23762
1755512400,23762.25,23769,23761.75,23768.5,0,0,0,0,0,0,0,NaN,23769,23761.75,23768.5
1755512700,23770,23770.5,23762.5,23764.25,0,0,0,0,0,0,0,NaN,23770.5,23762.5,23764.25
1755513000,23764.75,23774.75,23764.5,23772,0,0,0,0,0,0,0,NaN,23774.75,23764.5,23772
1755513300,23770.5,23776.75,23769,23776.75,0,0,0,0,0,0,0,NaN,23776.75,23769,23776.75
1755513600,23776.25,23787.75,23775.75,23787.25,0,0,0,0,0,0,0,NaN,23787.75,23775.75,23787.25
1755513900,23786.75,23788.75,23784.5,23786,0,0,0,0,0,0,0,NaN,23788.75,23784.5,23786
1755514200,23786.25,23791.5,23786,23789,0,0,0,0,0,0,0,NaN,23791.5,23786,23789
1755514500,23789.5,23792,23786.75,23788,0,0,0,0,0,0,0,NaN,23792,23786.75,23788
1755514800,23788.25,23791,23778,23788.5,0,0,0,0,0,0,0,NaN,23791,23778,23788.5
1755515100,23788,23789.75,23779.75,23782.5,0,0,0,0,0,0,0,NaN,23789.75,23779.75,23782.5
1755515400,23782.75,23785.5,23775.75,23777.75,0,0,0,0,0,0,0,NaN,23785.5,23775.75,23777.75
1755515700,23777.25,23779.5,23768.5,23771,0,0,0,0,0,0,0,NaN,23779.5,23768.5,23771
1755516000,23771,23771.5,23762.75,23763,0,0,0,0,0,0,0,NaN,23771.5,23762.75,23763
1755516300,23762.75,23769,23759.75,23764.75,0,0,0,0,0,0,0,NaN,23769,23759.75,23764.75
1755516600,23764,23765,23754.25,23754.25,0,0,0,0,0,0,0,NaN,23765,23754.25,23754.25
1755516900,23754.75,23759.75,23746.75,23752.5,0,0,0,0,0,0,0,NaN,23759.75,23746.75,23752.5
1755517200,23753,23755.75,23747.25,23751.25,0,0,0,0,0,0,0,NaN,23755.75,23747.25,23751.25
1755517500,23751.5,23761.5,23751,23760.75,0,0,0,0,0,0,0,NaN,23761.5,23751,23760.75
1755517800,23760.5,23763.5,23753,23763,0,0,0,0,0,0,0,NaN,23763.5,23753,23763
1755518100,23762.5,23773.75,23760.75,23770.75,0,0,0,0,0,0,0,NaN,23773.75,23760.75,23770.75
1755518400,23770.25,23770.75,23750,23750.5,0,0,0,0,0,0,0,NaN,23770.75,23750,23750.5
1755518700,23750.75,23756.5,23746.25,23755.75,0,0,0,0,0,0,0,NaN,23756.5,23746.25,23755.75
1755519000,23756.25,23764,23752,23760,0,0,0,0,0,0,0,NaN,23764,23752,23760
1755519300,23759.75,23763.5,23757.5,23761,0,0,0,0,0,0,0,NaN,23763.5,23757.5,23761
1755519600,23762,23768.25,23759.5,23765.25,0,0,0,0,0,0,0,NaN,23768.25,23759.5,23765.25
1755519900,23765.5,23771.75,23761.75,23771.25,0,0,0,0,0,0,0,NaN,23771.75,23761.75,23771.25
1755520200,23770.5,23771.25,23754.75,23755.75,0,0,0,0,0,0,0,NaN,23771.25,23754.75,23755.75
1755520500,23755.5,23767.25,23753.25,23760.5,0,0,0,0,0,0,0,NaN,23767.25,23753.25,23760.5
1755520800,23760.25,23768.25,23756.25,23765.5,0,0,0,0,0,0,0,NaN,23768.25,23756.25,23765.5
1755521100,23766.25,23772.5,23765.25,23769.5,0,0,0,0,0,0,0,NaN,23772.5,23765.25,23769.5
1755521400,23770.5,23774.25,23767.75,23773.75,0,0,0,0,0,0,0,NaN,23774.25,23767.75,23773.75
1755521700,23773.75,23777,23769.5,23775.5,0,0,0,0,0,0,0,NaN,23777,23769.5,23775.5
1755522000,23775,23788.5,23772.25,23785,0,0,0,0,0,0,0,NaN,23788.5,23772.25,23785
1755522300,23785.25,23788.5,23777.5,23778.25,0,0,0,0,0,0,0,NaN,23788.5,23777.5,23778.25
1755522600,23778.5,23779.25,23757.25,23762.25,0,0,0,0,0,0,0,NaN,23779.25,23757.25,23762.25
1755522900,23761.5,23773.5,23760.25,23770.75,0,0,0,0,0,0,0,NaN,23773.5,23760.25,23770.75
1755523200,23771.25,23773.25,23766,23769.25,0,0,0,0,0,0,0,NaN,23773.25,23766,23769.25
1755523500,23768.75,23778,23761.5,23768.25,0,0,0,0,0,0,0,NaN,23778,23761.5,23768.25
1755523800,23768.25,23816.75,23768,23815,0,0,0,0,0,0,0,NaN,23816.75,23768,23815
1755524100,23815.5,23817.25,23787.25,23805.75,0,0,0,0,0,0,0,NaN,23817.25,23787.25,23805.75
1755524400,23805.75,23809.75,23771,23776.5,0,0,0,0,0,0,0,NaN,23809.75,23771,23776.5
1755524700,23776.5,23804.75,23772.25,23791.5,0,0,0,0,0,0,0,NaN,23804.75,23772.25,23791.5
1755525000,23791.5,23791.5,23744.5,23757.5,0,0,0,0,0,0,0,NaN,23791.5,23744.5,23757.5
1755525300,23757.75,23769,23735,23749,0,0,0,0,0,0,0,NaN,23769,23735,23749
1755525600,23749,23788.5,23745.75,23782.25,0,0,0,0,0,0,0,NaN,23788.5,23745.75,23782.25
1755525900,23782.5,23788.25,23767.25,23768.75,0,0,0,0,0,0,0,NaN,23788.25,23767.25,23768.75
1755526200,23768.75,23777.25,23758.75,23773.25,0,0,0,0,0,0,0,NaN,23777.25,23758.75,23773.25
1755526500,23773,23784.75,23761,23771.25,0,0,0,0,0,0,0,NaN,23784.75,23761,23771.25
1755526800,23771.5,23819.75,23769,23817,0,0,0,0,0,0,0,NaN,23819.75,23769,23817
1755527100,23817.25,23824.25,23776,23776,0,0,0,0,0,0,0,NaN,23824.25,23776,23776
1755527400,23775.75,23789,23754.75,23778.75,0,0,0,0,0,0,0,NaN,23789,23754.75,23778.75
1755527700,23779.25,23788,23761.5,23763,0,0,0,0,0,0,0,NaN,23788,23761.5,23763
1755528000,23763,23775,23751.5,23752,0,0,0,0,0,0,0,NaN,23775,23751.5,23752
1755528300,23751.75,23755.5,23719,23749,0,0,0,0,0,0,0,NaN,23755.5,23719,23749
1755528600,23748.75,23779.25,23745.25,23774,0,0,0,0,0,0,0,NaN,23779.25,23745.25,23774
1755528900,23774.25,23781.5,23762.75,23778,0,0,0,0,0,0,0,NaN,23781.5,23762.75,23778
1755529200,23777.5,23784.25,23771.75,23775.5,0,0,0,0,0,0,0,NaN,23784.25,23771.75,23775.5
1755529500,23775.25,23782.5,23764.5,23780.25,0,0,0,0,0,0,0,NaN,23782.5,23764.5,23780.25
1755529800,23780.5,23781,23758,23758.75,0,0,0,0,0,0,0,NaN,23781,23758,23758.75
1755530100,23758.75,23763.5,23745,23755.25,0,0,0,0,0,0,0,NaN,23763.5,23745,23755.25
1755530400,23755.25,23771,23754.25,23761.75,0,0,0,0,0,0,0,NaN,23771,23754.25,23761.75
1755530700,23762,23762,23738.5,23744.25,0,0,0,0,0,0,0,NaN,23762,23738.5,23744.25
1755531000,23744.5,23746.75,23731,23738,0,0,0,0,0,0,0,NaN,23746.75,23731,23738
1755531300,23737.75,23754.75,23728.75,23749.75,0,0,0,0,0,0,0,NaN,23754.75,23728.75,23749.75
1755531600,23749,23752.5,23740.5,23744.5,0,0,0,0,0,0,0,NaN,23752.5,23740.5,23744.5
1755531900,23744.5,23759.5,23744.5,23755.75,0,0,0,0,0,0,0,NaN,23759.5,23744.5,23755.75
1755532200,23755.75,23758,23745.25,23751.25,0,0,0,0,0,0,0,NaN,23758,23745.25,23751.25
1755532500,23751,23751.5,23740,23747.75,0,0,0,0,0,0,0,NaN,23751.5,23740,23747.75
1755532800,23747.25,23759.5,23744.5,23753.75,0,0,0,0,0,0,0,NaN,23759.5,23744.5,23753.75
1755533100,23753.5,23764.25,23750,23759.75,0,0,0,0,0,0,0,NaN,23764.25,23750,23759.75
1755533400,23759.5,23771.75,23750.5,23754.75,0,0,0,0,0,0,0,NaN,23771.75,23750.5,23754.75
1755533700,23754.75,23768.75,23751,23768.25,0,0,0,0,0,0,0,NaN,23768.75,23751,23768.25
1755534000,23768.25,23777.75,23766,23775.75,0,0,0,0,0,0,0,NaN,23777.75,23766,23775.75
1755534300,23776.5,23777,23767.5,23770.25,0,0,0,0,0,0,0,NaN,23777,23767.5,23770.25
1755534600,23770,23780.5,23761.25,23765.5,0,0,0,0,0,0,0,NaN,23780.5,23761.25,23765.5
1755534900,23765.25,23766.5,23735.25,23741,0,0,0,0,0,0,0,NaN,23766.5,23735.25,23741
1755535200,23740.75,23750.75,23737,23741.5,0,0,0,0,0,0,0,NaN,23750.75,23737,23741.5
1755535500,23741.5,23745,23722.5,23736.25,0,0,0,0,0,0,0,NaN,23745,23722.5,23736.25
1755535800,23735.75,23748.25,23728.75,23739.5,0,0,0,0,0,0,0,NaN,23748.25,23728.75,23739.5
1755536100,23739.25,23744.5,23731.5,23735,0,0,0,0,0,0,0,NaN,23744.5,23731.5,23735
1755536400,23735.25,23754.5,23733,23752.25,0,0,0,0,0,0,0,NaN,23754.5,23733,23752.25
1755536700,23752,23754,23742,23747.75,0,0,0,0,0,0,0,NaN,23754,23742,23747.75
1755537000,23747.5,23761.25,23745.5,23758.75,0,0,0,0,0,0,0,NaN,23761.25,23745.5,23758.75
1755537300,23759,23766.25,23757,23764.25,0,0,0,0,0,0,0,NaN,23766.25,23757,23764.25
1755537600,23764.5,23765,23752.75,23756.75,0,0,0,0,0,0,0,NaN,23765,23752.75,23756.75
1755537900,23756.75,23770,23755.75,23768.75,0,0,0,0,0,0,0,NaN,23770,23755.75,23768.75
1755538200,23769,23800,23768.5,23782.5,0,0,0,0,0,0,0,NaN,23800,23768.5,23782.5
1755538500,23783,23787.75,23758.75,23760,0,0,0,0,0,0,0,NaN,23787.75,23758.75,23760
1755538800,23759.75,23764.5,23750.5,23758.75,0,0,0,0,0,0,0,NaN,23764.5,23750.5,23758.75
1755539100,23758.75,23761.5,23751.5,23758.5,0,0,0,0,0,0,0,NaN,23761.5,23751.5,23758.5
1755539400,23758.25,23763.75,23752.25,23762,0,0,0,0,0,0,0,NaN,23763.75,23752.25,23762
1755539700,23761.75,23765.5,23754.25,23760,0,0,0,0,0,0,0,NaN,23765.5,23754.25,23760
1755540000,23761.25,23761.25,23748.25,23758,0,0,0,0,0,0,0,NaN,23761.25,23748.25,23758
1755540300,23757.75,23770.5,23755.75,23768,0,0,0,0,0,0,0,NaN,23770.5,23755.75,23768
1755540600,23767.5,23773.75,23759.5,23760.75,0,0,0,0,0,0,0,NaN,23773.75,23759.5,23760.75
1755540900,23760.5,23765.5,23752.25,23761.25,0,0,0,0,0,0,0,NaN,23765.5,23752.25,23761.25
1755541200,23761.25,23769.75,23756.5,23769.25,0,0,0,0,0,0,0,NaN,23769.75,23756.5,23769.25
1755541500,23769,23775,23761.5,23767,0,0,0,0,0,0,0,NaN,23775,23761.5,23767
1755541800,23767,23782.25,23766,23775.5,0,0,0,0,0,0,0,NaN,23782.25,23766,23775.5
1755542100,23775.5,23781.5,23770.5,23774,0,0,0,0,0,0,0,NaN,23781.5,23770.5,23774
1755542400,23774,23785,23768.25,23783,0,0,0,0,0,0,0,NaN,23785,23768.25,23783
1755542700,23783.5,23789.5,23777.25,23782.75,0,0,0,0,0,0,0,NaN,23789.5,23777.25,23782.75
1755543000,23782.75,23796.25,23781.75,23795.5,0,0,0,0,0,0,0,NaN,23796.25,23781.75,23795.5
1755543300,23795.5,23802,23791.5,23795.5,0,0,0,0,0,0,0,NaN,23802,23791.5,23795.5
1755543600,23795.5,23804.5,23790.25,23801,0,0,0,0,0,0,0,NaN,23804.5,23790.25,23801
1755543900,23801,23812,23797.5,23803.25,0,0,0,0,0,0,0,NaN,23812,23797.5,23803.25
1755544200,23802.75,23805,23787.5,23789.5,0,0,0,0,0,0,0,NaN,23805,23787.5,23789.5
1755544500,23789.75,23803.5,23784.5,23799.75,0,0,0,0,0,0,0,NaN,23803.5,23784.5,23799.75
1755544800,23799.75,23800.75,23789.75,23791.75,0,0,0,0,0,0,0,NaN,23800.75,23789.75,23791.75
1755545100,23792.25,23793.5,23787,23792,0,0,0,0,0,0,0,NaN,23793.5,23787,23792
1755545400,23791.5,23792.25,23786,23789.5,0,0,0,0,0,0,0,NaN,23792.25,23786,23789.5
1755545700,23790,23803.75,23788.75,23791,0,0,0,0,0,0,0,NaN,23803.75,23788.75,23791
1755546000,23791,23797,23788.25,23795.75,0,0,0,0,0,0,0,NaN,23797,23788.25,23795.75
1755546300,23795.5,23808.5,23795.5,23804.5,0,0,0,0,0,0,0,NaN,23808.5,23795.5,23804.5
1755546600,23805,23814.75,23792,23812.75,0,0,0,0,0,0,0,NaN,23814.75,23792,23812.75
1755546900,23812.75,23816.25,23793.5,23797,0,0,0,0,0,0,0,NaN,23816.25,23793.5,23797
1755547200,23797,23800,23788.75,23793.5,0,0,0,0,0,0,0,NaN,23800,23788.75,23793.5
1755547500,23793.5,23806.25,23793,23799,0,0,0,0,0,0,0,NaN,23806.25,23793,23799
1755547800,23799.5,23800.75,23794.5,23797.5,0,0,0,0,0,0,0,NaN,23800.75,23794.5,23797.5
1755548100,23797.5,23798.75,23792.5,23794.75,0,0,0,0,0,0,0,NaN,23798.75,23792.5,23794.75
1755548400,23794.5,23794.5,23783.75,23787.5,0,0,0,0,0,0,0,NaN,23794.5,23783.75,23787.5
1755548700,23787.75,23792.25,23787,23791,0,0,0,0,0,0,0,NaN,23792.25,23787,23791
1755549000,23790.5,23793.25,23785,23792.75,0,0,0,0,0,0,0,NaN,23793.25,23785,23792.75
1755549300,23792.5,23795.75,23786.75,23787.5,0,0,0,0,0,0,0,NaN,23795.75,23786.75,23787.5
1755549600,23787.5,23789.75,23787,23789.25,0,0,0,0,0,0,0,NaN,23789.75,23787,23789.25
1755549900,23789,23793.75,23786.75,23792.25,0,0,0,0,0,0,0,NaN,23793.75,23786.75,23792.25
1755550200,23792.25,23795,23792,23793.5,0,0,0,0,0,0,0,NaN,23795,23792,23793.5
1755550500,23793,23795.5,23788,23788,0,0,0,0,0,0,0,NaN,23795.5,23788,23788
1755554400,23800.75,23821.75,23792.25,23819.5,0,0,0,0,0,0,0,NaN,23821.75,23792.25,23819.5
1755554700,23819.75,23838,23819.75,23828.5,0,0,0,0,0,0,0,NaN,23838,23819.75,23828.5
1755555000,23828.25,23829.5,23822.5,23828.5,0,0,0,0,0,0,0,NaN,23829.5,23822.5,23828.5
1755555300,23827.5,23829.25,23820,23821.25,0,0,0,0,0,0,0,NaN,23829.25,23820,23821.25
1755555600,23821,23822.75,23813.5,23814,0,0,0,0,0,0,0,NaN,23822.75,23813.5,23814
1755555900,23813.75,23815.5,23811.25,23813,0,0,0,0,0,0,0,NaN,23815.5,23811.25,23813
1755556200,23813.25,23816.5,23811,23812.75,0,0,0,0,0,0,0,NaN,23816.5,23811,23812.75
1755556500,23813.75,23819.5,23807.5,23809.75,0,0,0,0,0,0,0,NaN,23819.5,23807.5,23809.75
1755556800,23810.25,23812.75,23807.75,23812.25,0,0,0,0,0,0,0,NaN,23812.75,23807.75,23812.25
1755557100,23812.25,23817,23812.25,23814,0,0,0,0,0,0,0,NaN,23817,23812.25,23814
1755557400,23814.5,23824.75,23814.5,23822,0,0,0,0,0,0,0,NaN,23824.75,23814.5,23822
1755557700,23823,23823.25,23818.75,23820.25,0,0,0,0,0,0,0,NaN,23823.25,23818.75,23820.25
1755558000,23820.25,23824.5,23810,23813.5,0,0,0,0,0,0,0,NaN,23824.5,23810,23813.5
1755558300,23813.5,23816.25,23811.5,23815.25,0,0,0,0,0,0,0,NaN,23816.25,23811.5,23815.25
1755558600,23815,23816,23809.5,23812.75,0,0,0,0,0,0,0,NaN,23816,23809.5,23812.75
1755558900,23813,23818.5,23812.75,23818,0,0,0,0,0,0,0,NaN,23818.5,23812.75,23818
1755559200,23816.25,23817.75,23813,23817.25,0,0,0,0,0,0,0,NaN,23817.75,23813,23817.25
1755559500,23816,23817,23815.25,23816.5,0,0,0,0,0,0,0,NaN,23817,23815.25,23816.5
1755559800,23815.5,23815.5,23802,23807,0,0,0,0,0,0,0,NaN,23815.5,23802,23807
1755560100,23807.25,23807.75,23803.25,23806,0,0,0,0,0,0,0,NaN,23807.75,23803.25,23806
1755560400,23807,23808.5,23803.5,23803.5,0,0,0,0,0,0,0,NaN,23808.5,23803.5,23803.5
1755560700,23803.75,23813.5,23803.75,23811.75,0,0,0,0,0,0,0,NaN,23813.5,23803.75,23811.75
1755561000,23811.25,23812,23808.25,23811.25,0,0,0,0,0,0,0,NaN,23812,23808.25,23811.25
1755561300,23810,23813,23803.5,23804.75,0,0,0,0,0,0,0,NaN,23813,23803.5,23804.75
1755561600,23805.5,23805.5,23793.25,23802.25,0,0,0,0,0,0,0,NaN,23805.5,23793.25,23802.25
1755561900,23802,23802.5,23791.5,23797.75,0,0,0,0,0,0,0,NaN,23802.5,23791.5,23797.75
1755562200,23797,23799.75,23794.5,23798.75,0,0,0,0,0,0,0,NaN,23799.75,23794.5,23798.75
1755562500,23798.5,23802.5,23796.5,23798,0,0,0,0,0,0,0,NaN,23802.5,23796.5,23798
1755562800,23798,23799.5,23794,23797.5,0,0,0,0,0,0,0,NaN,23799.5,23794,23797.5
1755563100,23797,23797.5,23781,23783,0,0,0,0,0,0,0,NaN,23797.5,23781,23783
1755563400,23782.25,23784.75,23765.75,23773,0,0,0,0,0,0,0,NaN,23784.75,23765.75,23773
1755563700,23772,23780,23769.75,23777,0,0,0,0,0,0,0,NaN,23780,23769.75,23777
1755564000,23777.75,23779.5,23761,23772,0,0,0,0,0,0,0,NaN,23779.5,23761,23772
1755564300,23771,23784,23770.5,23777.5,0,0,0,0,0,0,0,NaN,23784,23770.5,23777.5
1755564600,23778.25,23784,23778.25,23780,0,0,0,0,0,0,0,NaN,23784,23778.25,23780
1755564900,23780,23784.75,23778.5,23780.75,0,0,0,0,0,0,0,NaN,23784.75,23778.5,23780.75
1755565200,23782.75,23792.25,23780,23791,0,0,0,0,0,0,0,NaN,23792.25,23780,23791
1755565500,23790.75,23792.25,23780.5,23786.25,0,0,0,0,0,0,0,NaN,23792.25,23780.5,23786.25
1755565800,23786.75,23789.5,23776.25,23780.5,0,0,0,0,0,0,0,NaN,23789.5,23776.25,23780.5
1755566100,23779.25,23786.25,23778,23783.75,0,0,0,0,0,0,0,NaN,23786.25,23778,23783.75
1755566400,23783.25,23787,23777.75,23782,0,0,0,0,0,0,0,NaN,23787,23777.75,23782
1755566700,23781.75,23788,23778.75,23779,0,0,0,0,0,0,0,NaN,23788,23778.75,23779
1755567000,23779.25,23782.5,23773.5,23780,0,0,0,0,0,0,0,NaN,23782.5,23773.5,23780
1755567300,23779.25,23779.5,23770.5,23774,0,0,0,0,0,0,0,NaN,23779.5,23770.5,23774
1755567600,23774.25,23785,23773,23784.25,0,0,0,0,0,0,0,NaN,23785,23773,23784.25
1755567900,23783,23785.75,23775.5,23777.75,0,0,0,0,0,0,0,NaN,23785.75,23775.5,23777.75
1755568200,23778.75,23779.75,23773,23775,0,0,0,0,0,0,0,NaN,23779.75,23773,23775
1755568500,23775.75,23778,23770.75,23771,0,0,0,0,0,0,0,NaN,23778,23770.75,23771
1755568800,23770.75,23777.5,23768.5,23777.25,0,0,0,0,0,0,0,NaN,23777.5,23768.5,23777.25
1755569100,23777.25,23779.75,23769.5,23777.5,0,0,0,0,0,0,0,NaN,23779.75,23769.5,23777.5
1755569400,23777.75,23784.75,23775.5,23779.75,0,0,0,0,0,0,0,NaN,23784.75,23775.5,23779.75
1755569700,23779.5,23780.5,23770.75,23772.75,0,0,0,0,0,0,0,NaN,23780.5,23770.75,23772.75
1755570000,23773.25,23775.75,23771.75,23772.25,0,0,0,0,0,0,0,NaN,23775.75,23771.75,23772.25
1755570300,23772.25,23776.5,23764.5,23774.25,0,0,0,0,0,0,0,NaN,23776.5,23764.5,23774.25
1755570600,23774,23778.75,23773.25,23777,0,0,0,0,0,0,0,NaN,23778.75,23773.25,23777
1755570900,23777.25,23783,23776.5,23781.5,0,0,0,0,0,0,0,NaN,23783,23776.5,23781.5
1755571200,23780.75,23781.75,23774.5,23775.5,0,0,0,0,0,0,0,NaN,23781.75,23774.5,23775.5
1755571500,23775,23775.25,23766.75,23772.75,0,0,0,0,0,0,0,NaN,23775.25,23766.75,23772.75
1755571800,23773.5,23776,23769.5,23772.5,0,0,0,0,0,0,0,NaN,23776,23769.5,23772.5
1755572100,23771.75,23772,23762.25,23764,0,0,0,0,0,0,0,NaN,23772,23762.25,23764
1755572400,23764.25,23766.75,23761.5,23763.25,0,0,0,0,0,0,0,NaN,23766.75,23761.5,23763.25
1755572700,23762.25,23764.75,23761.25,23763.75,0,0,0,0,0,0,0,NaN,23764.75,23761.25,23763.75
1755573000,23763.75,23763.75,23755.75,23763.5,0,0,0,0,0,0,0,NaN,23763.75,23755.75,23763.5
1755573300,23763.5,23765.5,23761,23765.25,0,0,0,0,0,0,0,NaN,23765.5,23761,23765.25
1755573600,23766,23777.25,23766,23777,0,0,0,0,0,0,0,NaN,23777.25,23766,23777
1755573900,23777.5,23787.5,23775,23784,0,0,0,0,0,0,0,NaN,23787.5,23775,23784
1755574200,23784,23784,23769.5,23770,0,0,0,0,0,0,0,NaN,23784,23769.5,23770
1755574500,23771.25,23771.25,23752.5,23755,0,0,0,0,0,0,0,NaN,23771.25,23752.5,23755
1755574800,23754.5,23759,23753.5,23755.25,0,0,0,0,0,0,0,NaN,23759,23753.5,23755.25
1755575100,23755,23756.5,23750.5,23753.75,0,0,0,0,0,0,0,NaN,23756.5,23750.5,23753.75
1755575400,23753.25,23756.5,23751.25,23754.25,0,0,0,0,0,0,0,NaN,23756.5,23751.25,23754.25
1755575700,23755,23759.25,23753,23753.75,0,0,0,0,0,0,0,NaN,23759.25,23753,23753.75
1755576000,23754.25,23755,23747.25,23749.5,0,0,1,0,0,0,0,NaN,23755,23747.25,23749.5
1755576300,23748.5,23750.5,23746.25,23749.25,0,0,0,0,0,0,0,NaN,23750.5,23746.25,23749.25
1755576600,23750.25,23751.75,23745.5,23750,0,0,0,0,0,0,0,NaN,23751.75,23745.5,23750
1755576900,23750,23751.5,23745,23748.75,0,0,0,0,0,0,0,NaN,23751.5,23745,23748.75
1755577200,23748.75,23748.75,23744,23744.75,0,0,0,0,0,0,0,NaN,23748.75,23744,23744.75
1755577500,23744.5,23744.5,23738.5,23740.75,0,0,0,0,0,0,0,NaN,23744.5,23738.5,23740.75
1755577800,23740.25,23747.5,23739.75,23747.5,0,0,0,0,0,0,0,NaN,23747.5,23739.75,23747.5
1755578100,23747,23747.25,23741.5,23747,0,0,0,0,0,0,0,NaN,23747.25,23741.5,23747
1755578400,23747.5,23756,23747,23751.75,0,0,0,0,0,0,0,NaN,23756,23747,23751.75
1755578700,23751.5,23754,23750.5,23753.75,0,0,0,0,0,0,0,NaN,23754,23750.5,23753.75
1755579000,23754,23761.25,23752.75,23758.75,0,0,0,0,0,0,0,NaN,23761.25,23752.75,23758.75
1755579300,23758.75,23759.75,23755.75,23757.75,0,0,0,0,0,0,0,NaN,23759.75,23755.75,23757.75
1755579600,23757.75,23763.75,23754.25,23756.75,0,0,0,0,0,0,0,NaN,23763.75,23754.25,23756.75
1755579900,23756.25,23759,23741.75,23742.5,0,0,0,0,0,0,0,NaN,23759,23741.75,23742.5
1755580200,23743.5,23744,23738,23739.25,0,0,0,0,0,0,0,NaN,23744,23738,23739.25
1755580500,23739.75,23743,23739,23741.25,0,0,0,0,0,0,0,NaN,23743,23739,23741.25
1755580800,23741.75,23743.25,23730.75,23734,0,0,0,0,0,0,0,NaN,23743.25,23730.75,23734
1755581100,23734.25,23738.75,23733.5,23738,0,0,0,0,0,0,0,NaN,23738.75,23733.5,23738
1755581400,23738.25,23748.75,23736.5,23745.25,0,0,0,0,0,0,0,NaN,23748.75,23736.5,23745.25
1755581700,23745,23745,23734.75,23738.5,0,0,0,0,0,0,0,NaN,23745,23734.75,23738.5
1755582000,23738,23743.75,23737.75,23741.25,0,0,0,0,0,0,0,NaN,23743.75,23737.75,23741.25
1755582300,23741.5,23743.5,23732.25,23740,0,0,0,0,0,0,0,NaN,23743.5,23732.25,23740
1755582600,23741,23741.25,23733.5,23735,0,0,0,0,0,0,0,NaN,23741.25,23733.5,23735
1755582900,23735,23736.5,23731,23736.25,0,0,0,0,0,0,0,NaN,23736.5,23731,23736.25
1755583200,23735.5,23746.25,23734,23745.25,0,0,0,0,0,0,0,NaN,23746.25,23734,23745.25
1755583500,23745.5,23748.5,23742,23747.75,0,0,0,0,0,0,0,NaN,23748.5,23742,23747.75
1755583800,23747.25,23750.75,23745,23746,0,0,0,0,0,0,0,NaN,23750.75,23745,23746
1755584100,23745.25,23750,23737.25,23748,0,0,0,0,0,0,0,NaN,23750,23737.25,23748
1755584400,23748,23752.25,23746.25,23750.5,0,0,0,0,0,0,0,NaN,23752.25,23746.25,23750.5
1755584700,23751.75,23754.25,23748.75,23751.5,0,0,0,0,0,0,0,NaN,23754.25,23748.75,23751.5
1755585000,23751.75,23754.5,23749,23753.5,0,0,0,0,0,0,0,NaN,23754.5,23749,23753.5
1755585300,23754.25,23757.25,23753,23754,0,0,0,0,0,0,0,NaN,23757.25,23753,23754
1755585600,23753.25,23754.5,23751,23753.25,0,0,0,0,0,0,0,NaN,23754.5,23751,23753.25
1755585900,23753.25,23755,23751.75,23754.25,0,0,0,0,0,0,0,NaN,23755,23751.75,23754.25
1755586200,23753.75,23761,23753.75,23761,0,0,0,0,0,0,0,NaN,23761,23753.75,23761
1755586500,23760.25,23767,23758,23763.25,0,0,0,0,0,0,0,NaN,23767,23758,23763.25
1755586800,23763,23771.25,23760.25,23769.25,0,0,0,0,0,0,0,NaN,23771.25,23760.25,23769.25
1755587100,23768.5,23768.5,23759.5,23761.5,0,0,0,0,0,0,0,NaN,23768.5,23759.5,23761.5
1755587400,23762.25,23762.25,23756,23758.25,0,0,0,0,0,0,0,NaN,23762.25,23756,23758.25
1755587700,23758,23765.75,23758,23764.75,0,0,0,0,0,0,0,NaN,23765.75,23758,23764.75
1755588000,23764.5,23765.5,23756.25,23758,0,0,0,0,0,0,0,NaN,23765.5,23756.25,23758
1755588300,23758.25,23760.5,23755.25,23757.75,0,0,0,0,0,0,0,NaN,23760.5,23755.25,23757.75
1755588600,23757.5,23757.5,23748.75,23750.75,0,0,0,0,0,0,0,NaN,23757.5,23748.75,23750.75
1755588900,23751.25,23757.75,23747.75,23756.5,0,0,0,0,0,0,0,NaN,23757.75,23747.75,23756.5
1755589200,23756.75,23766.75,23756,23766,0,0,0,0,0,0,0,NaN,23766.75,23756,23766
1755589500,23766.25,23772.25,23763.25,23767.75,0,0,0,0,0,0,0,NaN,23772.25,23763.25,23767.75
1755589800,23769,23771.25,23766.25,23769.25,0,0,0,0,0,0,0,NaN,23771.25,23766.25,23769.25
1755590100,23769.25,23771,23767,23770.5,0,0,0,0,0,0,0,NaN,23771,23767,23770.5
1755590400,23770,23784.25,23769,23771.75,0,0,0,0,0,0,0,NaN,23784.25,23769,23771.75
1755590700,23771.5,23771.5,23760.75,23763.5,0,0,0,0,0,0,0,NaN,23771.5,23760.75,23763.5
1755591000,23764,23764,23745.5,23753.75,0,0,0,0,0,0,0,NaN,23764,23745.5,23753.75
1755591300,23754.25,23757,23749,23756,0,0,0,0,0,0,0,NaN,23757,23749,23756
1755591600,23756.5,23764.25,23753.5,23762.25,0,0,0,0,0,0,0,NaN,23764.25,23753.5,23762.25
1755591900,23762.75,23770,23762,23770,0,0,0,0,0,0,0,NaN,23770,23762,23770
1755592200,23769.75,23771.75,23767,23769.25,0,0,0,0,0,0,0,NaN,23771.75,23767,23769.25
1755592500,23769.25,23770,23763,23765.75,0,0,0,0,0,0,0,NaN,23770,23763,23765.75
1755592800,23766,23776.5,23765.25,23773.25,0,0,0,0,0,0,0,NaN,23776.5,23765.25,23773.25
1755593100,23773.75,23783.75,23773.5,23782.5,0,0,0,0,0,0,0,NaN,23783.75,23773.5,23782.5
1755593400,23783,23787,23780,23786,0,0,0,0,0,0,0,NaN,23787,23780,23786
1755593700,23786.75,23787.75,23784.25,23786.75,0,0,0,0,0,0,0,NaN,23787.75,23784.25,23786.75
1755594000,23786.5,23787.25,23782,23782.25,0,0,0,0,0,0,0,NaN,23787.25,23782,23782.25
1755594300,23782,23790,23781.75,23789.25,0,0,0,0,0,0,0,NaN,23790,23781.75,23789.25
1755594600,23790.25,23792.5,23783.5,23788.25,0,0,0,0,0,0,0,NaN,23792.5,23783.5,23788.25
1755594900,23788.25,23794,23787,23793,0,0,0,0,0,0,0,NaN,23794,23787,23793
1755595200,23793,23804.75,23792.75,23800.5,0,0,0,0,0,0,0,NaN,23804.75,23792.75,23800.5
1755595500,23800.5,23802.75,23796.5,23800.25,0,0,0,0,0,0,0,NaN,23802.75,23796.5,23800.25
1755595800,23800.75,23803.5,23797.25,23801,0,0,0,0,0,0,0,NaN,23803.5,23797.25,23801
1755596100,23800,23800.75,23795.75,23795.75,0,0,0,0,0,0,0,NaN,23800.75,23795.75,23795.75
1755596400,23795.5,23795.75,23790.25,23791.75,0,0,0,0,0,0,0,NaN,23795.75,23790.25,23791.75
1755596700,23791.5,23795.5,23790.5,23791.25,0,0,0,0,0,0,0,NaN,23795.5,23790.5,23791.25
1755597000,23790.75,23792.25,23785.75,23788.75,0,0,0,0,0,0,0,NaN,23792.25,23785.75,23788.75
1755597300,23788,23791.5,23784.25,23787.25,0,0,0,0,0,0,0,NaN,23791.5,23784.25,23787.25
1755597600,23787.75,23790,23772.75,23784.75,0,0,0,0,0,0,0,NaN,23790,23772.75,23784.75
1755597900,23785.25,23790.75,23783.75,23785.5,0,0,0,0,0,0,0,NaN,23790.75,23783.75,23785.5
1755598200,23785.5,23789.75,23780.75,23781.75,0,0,0,0,0,0,0,NaN,23789.75,23780.75,23781.75
1755598500,23782,23786.5,23777.25,23779.25,0,0,0,0,0,0,0,NaN,23786.5,23777.25,23779.25
1755598800,23779.5,23781.5,23773.75,23774,0,0,0,0,0,0,0,NaN,23781.5,23773.75,23774
1755599100,23774.25,23781.5,23773.5,23779.25,0,0,0,0,0,0,0,NaN,23781.5,23773.5,23779.25
1755599400,23778.75,23780.25,23771.5,23772,0,0,0,0,0,0,0,NaN,23780.25,23771.5,23772
1755599700,23771.75,23778.5,23769.5,23772.75,0,0,0,0,0,0,0,NaN,23778.5,23769.5,23772.75
1755600000,23773,23776,23760,23773.75,0,0,0,0,0,0,0,NaN,23776,23760,23773.75
1755600300,23773.5,23774.75,23762.5,23768.75,0,0,0,0,0,0,0,NaN,23774.75,23762.5,23768.75
1755600600,23768.5,23769.5,23751,23761.75,0,0,0,0,0,0,0,NaN,23769.5,23751,23761.75
1755600900,23760.75,23766.25,23757,23763.75,0,0,0,0,0,0,0,NaN,23766.25,23757,23763.75
1755601200,23763.5,23770.25,23758.75,23763.25,0,0,0,0,0,0,0,NaN,23770.25,23758.75,23763.25
1755601500,23763.25,23764.5,23755.5,23760.25,0,0,0,0,0,0,0,NaN,23764.5,23755.5,23760.25
1755601800,23761.25,23768,23759.75,23765.75,0,0,0,0,0,0,0,NaN,23768,23759.75,23765.75
1755602100,23765.75,23768.25,23761,23765.5,0,0,0,0,0,0,0,NaN,23768.25,23761,23765.5
1755602400,23766.25,23768.75,23764,23764.75,0,0,0,0,0,0,0,NaN,23768.75,23764,23764.75
1755602700,23764.5,23769,23763,23763.75,0,0,0,0,0,0,0,NaN,23769,23763,23763.75
1755603000,23763,23765,23757,23757.25,0,0,0,0,0,0,0,NaN,23765,23757,23757.25
1755603300,23757.75,23764.5,23756.75,23758.25,0,0,0,0,0,0,0,NaN,23764.5,23756.75,23758.25
1755603600,23758.25,23762.75,23754.5,23760.5,0,0,0,0,0,0,0,NaN,23762.75,23754.5,23760.5
1755603900,23760.75,23776.75,23760.25,23776,0,0,0,0,0,0,0,NaN,23776.75,23760.25,23776
1755604200,23775.75,23777.5,23771.5,23772.5,0,0,0,0,0,0,0,NaN,23777.5,23771.5,23772.5
1755604500,23772.5,23777.75,23772.25,23775.25,0,0,0,0,0,0,0,NaN,23777.75,23772.25,23775.25
1755604800,23774.5,23775,23764.25,23764.25,0,0,0,0,0,0,0,NaN,23775,23764.25,23764.25
1755605100,23764,23771.5,23752.75,23756.75,0,0,0,0,0,0,0,NaN,23771.5,23752.75,23756.75
1755605400,23756.75,23767,23756,23763.75,0,0,0,0,0,0,0,NaN,23767,23756,23763.75
1755605700,23764.25,23767,23760.75,23765.25,0,0,0,0,0,0,0,NaN,23767,23760.75,23765.25
1755606000,23764.75,23773.5,23761.75,23772,0,0,0,0,0,0,0,NaN,23773.5,23761.75,23772
1755606300,23772.5,23782.5,23771.25,23778,0,0,0,0,0,0,0,NaN,23782.5,23771.25,23778
1755606600,23778.75,23783,23769,23770.75,0,0,0,0,0,0,0,NaN,23783,23769,23770.75
1755606900,23771.25,23776.5,23770.5,23775.25,0,0,0,0,0,0,0,NaN,23776.5,23770.5,23775.25
1755607200,23775,23775.75,23766.5,23768,0,0,0,0,0,0,0,NaN,23775.75,23766.5,23768
1755607500,23767.5,23767.5,23749.25,23750.5,0,0,0,0,0,0,0,NaN,23767.5,23749.25,23750.5
1755607800,23750,23750,23739,23749,0,0,0,0,0,0,0,NaN,23750,23739,23749
1755608100,23749.25,23755,23741.75,23744,0,0,0,0,0,0,0,NaN,23755,23741.75,23744
1755608400,23744,23752.5,23740,23751.75,0,0,0,0,0,0,0,NaN,23752.5,23740,23751.75
1755608700,23751.75,23751.75,23736.75,23741.5,0,0,0,0,0,0,0,NaN,23751.75,23736.75,23741.5
1755609000,23741.5,23743.25,23735.5,23740,0,0,0,0,0,0,0,NaN,23743.25,23735.5,23740
1755609300,23740.25,23747,23740,23740.5,0,0,0,0,0,0,0,NaN,23747,23740,23740.5
1755609600,23740.5,23753.75,23740.25,23752,0,0,0,0,0,0,0,NaN,23753.75,23740.25,23752
1755609900,23751.5,23762.75,23747.5,23762.25,0,0,0,0,0,0,0,NaN,23762.75,23747.5,23762.25
1755610200,23762.5,23770.5,23664,23667.5,0,0,0,0,0,0,0,NaN,23770.5,23664,23667.5
1755610500,23666.75,23704.25,23660,23692.75,0,0,0,0,0,0,0,NaN,23704.25,23660,23692.75
1755610800,23693,23731.25,23682,23682.5,0,0,0,0,0,0,0,NaN,23731.25,23682,23682.5
1755611100,23683,23685,23638.5,23651,0,0,0,0,0,0,0,NaN,23685,23638.5,23651
1755611400,23650.75,23695.75,23640.25,23693,0,0,0,0,0,0,0,NaN,23695.75,23640.25,23693
1755611700,23692.5,23700,23674.25,23678.75,0,0,0,0,0,0,0,NaN,23700,23674.25,23678.75
1755612000,23678.25,23722.25,23672.25,23721.75,0,0,0,0,0,0,0,NaN,23722.25,23672.25,23721.75
1755612300,23721,23728.75,23707,23725.25,0,0,0,0,0,0,0,NaN,23728.75,23707,23725.25
1755612600,23725.25,23727.75,23699.5,23707.5,0,0,0,0,0,0,0,NaN,23727.75,23699.5,23707.5
1755612900,23707.5,23711,23682.5,23699,0,0,0,0,0,0,0,NaN,23711,23682.5,23699
1755613200,23698.5,23710,23684.25,23691.75,0,0,0,0,0,0,0,NaN,23710,23684.25,23691.75
1755613500,23691.5,23699,23623,23627.25,0,0,0,0,0,0,0,NaN,23699,23623,23627.25
1755613800,23627.25,23659.5,23613,23641.75,0,0,0,0,0,0,0,NaN,23659.5,23613,23641.75
1755614100,23642.25,23645.25,23598,23606.25,0,0,0,0,0,0,0,NaN,23645.25,23598,23606.25
1755614400,23606,23621.5,23561.25,23583.25,0,0,0,0,0,0,0,NaN,23621.5,23561.25,23583.25
1755614700,23584,23597,23558.25,23574.25,0,0,0,0,0,0,0,NaN,23597,23558.25,23574.25
1755615000,23574.25,23592,23567.25,23587.75,0,0,0,0,0,0,0,NaN,23592,23567.25,23587.75
1755615300,23587.75,23600,23540,23540.75,0,0,0,0,0,0,0,NaN,23600,23540,23540.75
1755615600,23541,23551.25,23514.5,23548,0,0,0,0,0,0,0,NaN,23551.25,23514.5,23548
1755615900,23548.25,23555.75,23536.75,23548,0,0,0,0,0,0,0,NaN,23555.75,23536.75,23548
1755616200,23548.5,23564.5,23525.5,23562,0,0,0,0,0,0,0,NaN,23564.5,23525.5,23562
1755616500,23562.25,23573.75,23551.25,23571.5,0,0,0,0,0,0,0,NaN,23573.75,23551.25,23571.5
1755616800,23570.5,23574.75,23551.5,23556.75,0,0,0,0,0,0,0,NaN,23574.75,23551.5,23556.75
1755617100,23556.25,23586.5,23552,23579.75,0,0,0,0,0,0,0,NaN,23586.5,23552,23579.75
1755617400,23579.75,23587.25,23574.75,23587,0,0,0,0,0,0,0,NaN,23587.25,23574.75,23587
1755617700,23586.5,23588.5,23559,23567,0,0,0,0,0,0,0,NaN,23588.5,23559,23567
1755618000,23567.5,23589.5,23561.5,23578,0,0,0,0,0,0,0,NaN,23589.5,23561.5,23578
1755618300,23578.25,23587.25,23568.75,23572.5,0,0,0,0,0,0,0,NaN,23587.25,23568.75,23572.5
1755618600,23572.25,23573.25,23551.75,23562.5,0,0,0,0,0,0,0,NaN,23573.25,23551.75,23562.5
1755618900,23561.75,23566,23553.5,23559.25,0,0,0,0,0,0,0,NaN,23566,23553.5,23559.25
1755619200,23558.75,23577.75,23557.75,23559,0,0,0,0,0,0,0,NaN,23577.75,23557.75,23559
1755619500,23559.25,23562.75,23534.75,23539.5,0,0,0,0,0,0,0,NaN,23562.75,23534.75,23539.5
1755619800,23540.25,23544,23515,23523,0,0,0,0,0,0,0,NaN,23544,23515,23523
1755620100,23522.75,23550.5,23522.75,23543.75,0,0,0,0,0,0,0,NaN,23550.5,23522.75,23543.75
1755620400,23544.25,23556,23537.25,23546,0,0,0,0,0,0,0,NaN,23556,23537.25,23546
1755620700,23546.25,23551.75,23528,23533.25,0,0,0,0,0,0,0,NaN,23551.75,23528,23533.25
1755621000,23533.75,23539.25,23516.5,23529.75,0,0,0,0,0,0,0,NaN,23539.25,23516.5,23529.75
1755621300,23529.75,23540.25,23505.75,23508.5,0,0,0,0,0,0,0,NaN,23540.25,23505.75,23508.5
1755621600,23508.5,23510.5,23484,23496,0,0,0,0,0,0,0,NaN,23510.5,23484,23496
1755621900,23496,23502.5,23474.5,23495.5,0,0,0,0,0,0,0,NaN,23502.5,23474.5,23495.5
1755622200,23495.5,23511,23487.25,23488.75,0,0,0,0,0,0,0,NaN,23511,23487.25,23488.75
1755622500,23489.25,23494,23472.75,23482.25,0,0,0,0,0,0,0,NaN,23494,23472.75,23482.25
1755622800,23482.75,23489.75,23465.75,23471.75,0,0,0,0,0,0,0,NaN,23489.75,23465.75,23471.75
1755623100,23471.75,23479.25,23452.5,23454.5,0,0,0,0,0,0,0,NaN,23479.25,23452.5,23454.5
1755623400,23454,23475,23450,23474.75,0,0,0,0,0,0,0,NaN,23475,23450,23474.75
1755623700,23475,23476.5,23445,23455.5,0,0,0,0,0,0,0,NaN,23476.5,23445,23455.5
1755624000,23456.25,23478.5,23452.5,23472.5,0,0,0,0,0,0,0,NaN,23478.5,23452.5,23472.5
1755624300,23473,23490.75,23471.75,23485.75,0,0,0,0,0,0,0,NaN,23490.75,23471.75,23485.75
1755624600,23485.75,23497,23483,23494,0,0,0,0,0,0,0,NaN,23497,23483,23494
1755624900,23494,23509.25,23492.25,23499,0,0,0,0,0,0,0,NaN,23509.25,23492.25,23499
1755625200,23498.5,23511.25,23498.5,23502.75,0,0,0,0,0,0,0,NaN,23511.25,23498.5,23502.75
1755625500,23503,23507,23493.5,23496,0,0,0,0,0,0,0,NaN,23507,23493.5,23496
1755625800,23496.5,23505.75,23488,23493,0,0,0,0,0,0,0,NaN,23505.75,23488,23493
1755626100,23493.25,23517.25,23492.25,23507,0,0,0,0,0,0,0,NaN,23517.25,23492.25,23507
1755626400,23507,23508,23461.75,23477,0,0,0,0,0,0,0,NaN,23508,23461.75,23477
1755626700,23477.25,23505.25,23471.25,23503.5,0,0,0,0,0,0,0,NaN,23505.25,23471.25,23503.5
1755627000,23503.25,23506.75,23476.5,23477.5,0,0,0,0,0,0,0,NaN,23506.75,23476.5,23477.5
1755627300,23477.5,23484,23471.5,23475.25,0,0,0,0,0,0,0,NaN,23484,23471.5,23475.25
1755627600,23475,23480.25,23467.5,23471,0,0,0,0,0,0,0,NaN,23480.25,23467.5,23471
1755627900,23470.5,23483.75,23465.5,23473.75,0,0,0,0,0,0,0,NaN,23483.75,23465.5,23473.75
1755628200,23473.5,23479.5,23462,23466.25,0,0,0,0,0,0,0,NaN,23479.5,23462,23466.25
1755628500,23466.5,23472,23456.5,23458.25,0,0,0,0,0,0,0,NaN,23472,23456.5,23458.25
1755628800,23458,23469.5,23447.75,23458.75,0,0,0,0,0,0,0,NaN,23469.5,23447.75,23458.75
1755629100,23459.25,23461.5,23446.5,23447,0,0,0,0,0,0,0,NaN,23461.5,23446.5,23447
1755629400,23447.25,23467.25,23444.25,23467.25,0,0,0,0,0,0,0,NaN,23467.25,23444.25,23467.25
1755629700,23466.75,23471.25,23458.5,23462.25,0,0,0,0,0,0,0,NaN,23471.25,23458.5,23462.25
1755630000,23462,23462.25,23428.75,23438.5,0,0,0,0,0,0,0,NaN,23462.25,23428.75,23438.5
1755630300,23438.75,23439.5,23426,23429.5,0,0,0,0,0,0,0,NaN,23439.5,23426,23429.5
1755630600,23429,23442.25,23426.5,23437.5,0,0,0,0,0,0,0,NaN,23442.25,23426.5,23437.5
1755630900,23437.75,23442.5,23427.75,23435.75,0,0,0,0,0,0,0,NaN,23442.5,23427.75,23435.75
1755631200,23435.75,23463,23431.5,23462.5,0,0,0,0,0,0,0,NaN,23463,23431.5,23462.5
1755631500,23462.25,23462.25,23454.5,23458.75,0,0,0,0,0,0,0,NaN,23462.25,23454.5,23458.75
1755631800,23459.5,23471.5,23458.25,23468,0,0,0,0,0,0,0,NaN,23471.5,23458.25,23468
1755632100,23467.5,23474,23462.25,23466.5,0,0,0,0,0,0,0,NaN,23474,23462.25,23466.5
1755632400,23466.5,23473.5,23459,23473,0,0,0,0,0,0,0,NaN,23473.5,23459,23473
1755632700,23472.75,23474.25,23455.5,23460.25,0,0,0,0,0,0,0,NaN,23474.25,23455.5,23460.25
1755633000,23460.25,23462.75,23436,23442.75,0,0,0,0,0,0,0,NaN,23462.75,23436,23442.75
1755633300,23443.25,23477,23443.25,23470.25,0,0,0,0,0,0,0,NaN,23477,23443.25,23470.25
1755633600,23471,23487.5,23470.5,23482.5,0,0,0,0,0,0,0,NaN,23487.5,23470.5,23482.5
1755633900,23483,23487,23477.25,23481.5,0,0,0,0,0,0,0,NaN,23487,23477.25,23481.5
1755634200,23481,23481.75,23468.75,23470.5,0,0,0,0,0,0,0,NaN,23481.75,23468.75,23470.5
1755634500,23470.75,23474,23467,23471.75,0,0,0,0,0,0,0,NaN,23474,23467,23471.75
1755634800,23472,23474.5,23465.5,23467.5,0,0,0,0,0,0,0,NaN,23474.5,23465.5,23467.5
1755635100,23467.5,23473.75,23466.75,23473,0,0,0,0,0,0,0,NaN,23473.75,23466.75,23473
1755635400,23473,23475,23470.25,23471,0,0,0,0,0,0,0,NaN,23475,23470.25,23471
1755635700,23471.25,23471.25,23465.75,23468.75,0,0,0,0,0,0,0,NaN,23471.25,23465.75,23468.75
1755636000,23469,23469.75,23463.5,23469.5,0,0,0,0,0,0,0,NaN,23469.75,23463.5,23469.5
1755636300,23469.5,23473.75,23465,23473.25,0,0,0,0,0,0,0,NaN,23473.75,23465,23473.25
1755636600,23473,23473.5,23470.25,23471.25,0,0,0,0,0,0,0,NaN,23473.5,23470.25,23471.25
1755636900,23470.75,23473.75,23468.75,23473.5,0,0,0,0,0,0,0,NaN,23473.75,23468.75,23473.5
1755640800,23461,23485.25,23450,23481.5,0,0,0,0,0,0,0,NaN,23485.25,23450,23481.5
1755641100,23482,23485,23473,23480.25,0,0,0,0,0,0,0,NaN,23485,23473,23480.25
1755641400,23481,23485.5,23462.75,23462.75,0,0,0,0,0,0,0,NaN,23485.5,23462.75,23462.75
1755641700,23463.75,23473.75,23460,23473,0,0,0,0,0,0,0,NaN,23473.75,23460,23473
1755642000,23472,23472,23464,23467.5,0,0,0,0,0,0,0,NaN,23472,23464,23467.5
1755642300,23466.5,23466.5,23453,23456.5,0,0,0,0,0,0,0,NaN,23466.5,23453,23456.5
1755642600,23457,23472,23455,23465.5,0,0,0,0,0,0,0,NaN,23472,23455,23465.5
1755642900,23465.25,23469,23461.5,23465,0,0,0,0,0,0,0,NaN,23469,23461.5,23465
1755643200,23465.25,23466,23460.5,23464.5,0,0,0,0,0,0,0,NaN,23466,23460.5,23464.5
1755643500,23464.25,23464.25,23456.75,23460.75,0,0,0,0,0,0,0,NaN,23464.25,23456.75,23460.75
1755643800,23461,23473,23461,23467.25,0,0,0,0,0,0,0,NaN,23473,23461,23467.25
1755644100,23466.75,23466.75,23456,23458.25,0,0,0,0,0,0,0,NaN,23466.75,23456,23458.25
1755644400,23458.25,23465.5,23456.5,23459.25,0,0,0,0,0,0,0,NaN,23465.5,23456.5,23459.25
1755644700,23459,23467.5,23454.75,23458,0,0,0,0,0,0,0,NaN,23467.5,23454.75,23458
1755645000,23458.5,23459.5,23451.25,23454,0,0,0,0,0,0,0,NaN,23459.5,23451.25,23454
1755645300,23454.75,23455.25,23442,23445,0,0,0,0,0,0,0,NaN,23455.25,23442,23445
1755645600,23445.5,23446.75,23413.5,23422.75,0,0,0,0,0,0,0,NaN,23446.75,23413.5,23422.75
1755645900,23423,23438.25,23421,23435,0,0,0,0,0,0,0,NaN,23438.25,23421,23435
1755646200,23435.25,23436.5,23421,23426.75,0,0,0,0,0,0,0,NaN,23436.5,23421,23426.75
1755646500,23427,23430,23424,23426.25,0,0,0,0,0,0,0,NaN,23430,23424,23426.25
1755646800,23427,23432.5,23423.25,23429.75,0,0,0,0,0,0,0,NaN,23432.5,23423.25,23429.75
1755647100,23430.25,23433.75,23422.5,23424.5,0,0,0,0,0,0,0,NaN,23433.75,23422.5,23424.5
1755647400,23425.5,23430.5,23415.75,23427.25,0,0,0,0,0,0,0,NaN,23430.5,23415.75,23427.25
1755647700,23427,23427.25,23416,23422,0,0,0,0,0,0,0,NaN,23427.25,23416,23422
1755648000,23423.25,23423.5,23410.25,23416.25,0,0,0,0,0,0,0,NaN,23423.5,23410.25,23416.25
1755648300,23417,23424,23412,23415.75,0,0,0,0,0,0,0,NaN,23424,23412,23415.75
1755648600,23416,23420.75,23407.25,23411.5,0,0,0,0,0,0,0,NaN,23420.75,23407.25,23411.5
1755648900,23411,23416,23408.25,23413.75,0,0,0,0,0,0,0,NaN,23416,23408.25,23413.75
1755649200,23414.25,23421.5,23406.25,23410.75,0,0,0,0,0,0,0,NaN,23421.5,23406.25,23410.75
1755649500,23411,23414.75,23403.5,23412.5,0,0,0,0,0,0,0,NaN,23414.75,23403.5,23412.5
1755649800,23413.25,23417.25,23409.5,23412.25,0,0,0,0,0,0,0,NaN,23417.25,23409.5,23412.25
1755650100,23412.5,23413.25,23407,23410.25,0,0,0,0,0,0,0,NaN,23413.25,23407,23410.25
1755650400,23409.25,23409.75,23396.75,23402.75,0,0,0,0,0,0,0,NaN,23409.75,23396.75,23402.75
1755650700,23402,23419.5,23402,23414.5,0,0,0,0,0,0,0,NaN,23419.5,23402,23414.5
1755651000,23414.5,23422.75,23414.5,23420.5,0,0,0,0,0,0,0,NaN,23422.75,23414.5,23420.5
1755651300,23420.5,23422.25,23410.25,23415.25,0,0,0,0,0,0,0,NaN,23422.25,23410.25,23415.25
1755651600,23414,23424.75,23414,23419.5,0,0,0,0,0,0,0,NaN,23424.75,23414,23419.5
1755651900,23419,23421,23402.25,23404.5,0,0,0,0,0,0,0,NaN,23421,23402.25,23404.5
1755652200,23404.5,23406,23391.25,23399.25,0,0,0,0,0,0,0,NaN,23406,23391.25,23399.25
1755652500,23398.75,23404,23392.25,23395,0,0,0,0,0,0,0,NaN,23404,23392.25,23395
1755652800,23394.25,23397,23388,23391.75,0,0,0,0,0,0,0,NaN,23397,23388,23391.75
1755653100,23390.75,23393,23382.25,23384.5,0,0,0,0,0,0,0,NaN,23393,23382.25,23384.5
1755653400,23384.25,23389,23374.75,23375.75,0,0,0,0,0,0,0,NaN,23389,23374.75,23375.75
1755653700,23375.75,23379.25,23370.25,23372.25,0,0,0,0,0,0,0,NaN,23379.25,23370.25,23372.25
1755654000,23372,23377.25,23367.75,23372.75,0,0,0,0,0,0,0,NaN,23377.25,23367.75,23372.75
1755654300,23372.5,23381,23370,23376.5,0,0,0,0,0,0,0,NaN,23381,23370,23376.5
1755654600,23375.5,23383.5,23375,23383,0,0,0,0,0,0,0,NaN,23383.5,23375,23383
1755654900,23382.5,23388.5,23373,23377.75,0,0,0,0,0,0,0,NaN,23388.5,23373,23377.75
1755655200,23379.25,23379.5,23368,23373.5,0,0,0,0,0,0,0,NaN,23379.5,23368,23373.5
1755655500,23373.75,23385,23371.25,23381,0,0,0,0,0,0,0,NaN,23385,23371.25,23381
1755655800,23380.75,23386.25,23378.5,23381,0,0,0,0,0,0,0,NaN,23386.25,23378.5,23381
1755656100,23380.75,23386.5,23380.75,23384.5,0,0,0,0,0,0,0,NaN,23386.5,23380.75,23384.5
1755656400,23384,23387.75,23379.25,23381.5,0,0,0,0,0,0,0,NaN,23387.75,23379.25,23381.5
1755656700,23382,23388.75,23382,23386.5,0,0,0,0,0,0,0,NaN,23388.75,23382,23386.5
1755657000,23386.75,23391.5,23384,23386.25,0,0,0,0,0,0,0,NaN,23391.5,23384,23386.25
1755657300,23387.25,23391,23386,23388.25,0,0,0,0,0,0,0,NaN,23391,23386,23388.25
1755657600,23388.25,23390,23385,23388,0,0,0,0,0,0,0,NaN,23390,23385,23388
1755657900,23387.75,23394.25,23387.75,23392.25,0,0,0,0,0,0,0,NaN,23394.25,23387.75,23392.25
1755658200,23392.5,23394.75,23390.5,23394.25,0,0,0,0,0,0,0,NaN,23394.75,23390.5,23394.25
1755658500,23393.5,23394,23388,23392.5,0,0,0,0,0,0,0,NaN,23394,23388,23392.5
1755658800,23392.25,23395.5,23386.5,23388.75,0,0,0,0,0,0,0,NaN,23395.5,23386.5,23388.75
1755659100,23388.25,23389.5,23372,23373.25,0,0,0,0,0,0,0,NaN,23389.5,23372,23373.25
1755659400,23373.5,23373.75,23357.5,23362.75,0,0,0,0,0,0,0,NaN,23373.75,23357.5,23362.75
1755659700,23363.75,23366.25,23357.75,23360.5,0,0,0,0,0,0,0,NaN,23366.25,23357.75,23360.5
1755660000,23359.5,23364.5,23355.5,23360.25,0,0,0,0,0,0,0,NaN,23364.5,23355.5,23360.25
1755660300,23359.5,23366.75,23359.5,23366.75,0,0,0,0,0,0,0,NaN,23366.75,23359.5,23366.75
1755660600,23366.25,23373.25,23366,23366.75,0,0,0,0,0,0,0,NaN,23373.25,23366,23366.75
1755660900,23367,23367.5,23353.25,23357.25,0,0,0,0,0,0,0,NaN,23367.5,23353.25,23357.25
1755661200,23357.5,23358.75,23345.25,23349,0,0,0,0,0,0,0,NaN,23358.75,23345.25,23349
1755661500,23349,23349.5,23339.25,23347.25,0,0,0,0,0,0,0,NaN,23349.5,23339.25,23347.25
1755661800,23347,23348,23336.5,23343.25,0,0,0,0,0,0,0,NaN,23348,23336.5,23343.25
1755662100,23343,23346.75,23342.75,23345.25,0,0,0,0,0,0,0,NaN,23346.75,23342.75,23345.25
1755662400,23344.5,23349.5,23343.25,23348.5,0,0,0,1,0,0,0,NaN,23349.5,23343.25,23348.5
1755662700,23348.75,23353.5,23348.5,23352.5,0,0,0,0,0,0,0,NaN,23353.5,23348.5,23352.5
1755663000,23352.25,23355,23346.75,23353,0,0,0,0,0,0,0,NaN,23355,23346.75,23353
1755663300,23353.75,23366,23350.25,23363,0,0,0,0,0,0,0,NaN,23366,23350.25,23363
1755663600,23362,23362.5,23356.25,23362.5,0,0,0,0,0,0,0,NaN,23362.5,23356.25,23362.5
1755663900,23361.75,23367,23360.5,23366,0,0,0,0,0,0,0,NaN,23367,23360.5,23366
1755664200,23365,23368.75,23360.5,23361.5,0,0,0,0,0,0,0,NaN,23368.75,23360.5,23361.5
1755664500,23361.25,23362.5,23346.75,23354.5,0,0,0,0,0,0,0,NaN,23362.5,23346.75,23354.5
1755664800,23355,23355,23344.75,23351.75,0,0,0,0,0,0,0,NaN,23355,23344.75,23351.75
1755665100,23351.75,23357,23351.25,23355,0,0,0,0,0,0,0,NaN,23357,23351.25,23355
1755665400,23355,23357.25,23348.75,23351,0,0,0,0,0,0,0,NaN,23357.25,23348.75,23351
1755665700,23350.5,23356.5,23348,23352,0,0,0,0,0,0,0,NaN,23356.5,23348,23352
1755666000,23351.75,23352.25,23342.5,23343.75,0,0,0,0,0,0,0,NaN,23352.25,23342.5,23343.75
1755666300,23343.5,23345,23334.25,23338.75,0,0,0,0,0,0,0,NaN,23345,23334.25,23338.75
1755666600,23339,23345.5,23336.5,23344.25,0,0,0,0,0,0,0,NaN,23345.5,23336.5,23344.25
1755666900,23344.25,23348,23339,23339,0,0,0,0,0,0,0,NaN,23348,23339,23339
1755667200,23339.25,23344.25,23337.75,23344,0,0,0,0,0,0,0,NaN,23344.25,23337.75,23344
1755667500,23344.5,23348,23343.25,23346,0,0,0,0,0,0,0,NaN,23348,23343.25,23346
1755667800,23346.75,23356.25,23343.25,23355.5,0,0,0,0,0,0,0,NaN,23356.25,23343.25,23355.5
1755668100,23355.5,23356.5,23351.25,23352.75,0,0,0,0,0,0,0,NaN,23356.5,23351.25,23352.75
1755668400,23352.75,23357.75,23351.5,23352.25,0,0,0,0,0,0,0,NaN,23357.75,23351.5,23352.25
1755668700,23352.25,23357,23347.75,23348.75,0,0,0,0,0,0,0,NaN,23357,23347.75,23348.75
1755669000,23348.75,23359.25,23348,23359.25,0,0,0,0,0,0,0,NaN,23359.25,23348,23359.25
1755669300,23359,23366.75,23357.75,23365.5,0,0,0,0,0,0,0,NaN,23366.75,23357.75,23365.5
1755669600,23365,23372,23363,23365,0,0,0,0,0,0,0,NaN,23372,23363,23365
1755669900,23365,23371,23360.5,23361.75,0,0,0,0,0,0,0,NaN,23371,23360.5,23361.75
1755670200,23361.25,23362.75,23357.25,23361.75,0,0,0,0,0,0,0,NaN,23362.75,23357.25,23361.75
1755670500,23362,23363.5,23352.75,23356.25,0,0,0,0,0,0,0,NaN,23363.5,23352.75,23356.25
1755670800,23357,23359,23344.25,23347.5,0,0,0,0,0,0,0,NaN,23359,23344.25,23347.5
1755671100,23348,23364.75,23344.75,23363.5,0,0,0,0,0,0,0,NaN,23364.75,23344.75,23363.5
1755671400,23362.25,23383.25,23361,23378.5,0,0,0,0,0,0,0,NaN,23383.25,23361,23378.5
1755671700,23376.75,23390.75,23375.25,23388.75,0,0,0,0,0,0,0,NaN,23390.75,23375.25,23388.75
1755672000,23388.25,23392,23383.25,23386,0,0,0,0,0,0,0,NaN,23392,23383.25,23386
1755672300,23385.5,23388.25,23378.25,23378.75,0,0,0,0,0,0,0,NaN,23388.25,23378.25,23378.75
1755672600,23379.25,23390.75,23376.25,23388.25,0,0,0,0,0,0,0,NaN,23390.75,23376.25,23388.25
1755672900,23388.75,23391.25,23384.75,23388.75,0,0,0,0,0,0,0,NaN,23391.25,23384.75,23388.75
1755673200,23388.5,23398.25,23386,23388.25,0,0,0,0,0,0,0,NaN,23398.25,23386,23388.25
1755673500,23388.5,23403,23386,23397.75,0,0,0,0,0,0,0,NaN,23403,23386,23397.75
1755673800,23397,23413,23396.75,23408.25,0,0,0,0,0,0,0,NaN,23413,23396.75,23408.25
1755674100,23407.5,23412.5,23401.5,23409.75,0,0,0,0,0,0,0,NaN,23412.5,23401.5,23409.75
1755674400,23409.25,23421.25,23408.75,23420.75,0,0,0,0,0,0,0,NaN,23421.25,23408.75,23420.75
1755674700,23420,23430.5,23415.5,23417.25,0,0,0,0,0,0,0,NaN,23430.5,23415.5,23417.25
1755675000,23417,23417.25,23395.25,23400.5,0,0,0,0,0,0,0,NaN,23417.25,23395.25,23400.5
1755675300,23400.5,23405,23397.75,23401.75,0,0,0,0,0,0,0,NaN,23405,23397.75,23401.75
1755675600,23402.25,23405.25,23396,23398.75,0,0,0,0,0,0,0,NaN,23405.25,23396,23398.75
1755675900,23399,23405,23395.75,23403.25,0,0,0,0,0,0,0,NaN,23405,23395.75,23403.25
1755676200,23403.25,23408.5,23401,23407.25,0,0,0,0,0,0,0,NaN,23408.5,23401,23407.25
1755676500,23408,23409.75,23398,23399.5,0,0,0,0,0,0,0,NaN,23409.75,23398,23399.5
1755676800,23399.5,23408,23394.75,23407.5,0,0,0,0,0,0,0,NaN,23408,23394.75,23407.5
1755677100,23408.25,23410.5,23398,23398.75,0,0,0,0,0,0,0,NaN,23410.5,23398,23398.75
1755677400,23399.75,23401,23382,23385,0,0,0,0,0,0,0,NaN,23401,23382,23385
1755677700,23385.5,23394.5,23380,23393.5,0,0,0,0,0,0,0,NaN,23394.5,23380,23393.5
1755678000,23394,23397.25,23379.75,23381.5,0,0,0,0,0,0,0,NaN,23397.25,23379.75,23381.5
1755678300,23382.25,23385.75,23372,23378.75,0,0,0,0,0,0,0,NaN,23385.75,23372,23378.75
1755678600,23378.75,23407.25,23371.25,23401.25,0,0,0,0,0,0,0,NaN,23407.25,23371.25,23401.25
1755678900,23402,23421.5,23400.5,23416.75,0,0,0,0,0,0,0,NaN,23421.5,23400.5,23416.75
1755679200,23416.75,23419.75,23412.75,23416.25,0,0,0,0,0,0,0,NaN,23419.75,23412.75,23416.25
1755679500,23415.75,23416.25,23405,23411.5,0,0,0,0,0,0,0,NaN,23416.25,23405,23411.5
1755679800,23411.75,23417,23409.5,23414.75,0,0,0,0,0,0,0,NaN,23417,23409.5,23414.75
1755680100,23414.5,23416,23408.75,23414.25,0,0,0,0,0,0,0,NaN,23416,23408.75,23414.25
1755680400,23414.75,23425.25,23406.75,23416.25,0,0,0,0,0,0,0,NaN,23425.25,23406.75,23416.25
1755680700,23415.75,23426.25,23410,23426,0,0,0,0,0,0,0,NaN,23426.25,23410,23426
1755681000,23425.75,23429.75,23420.75,23425.75,0,0,0,0,0,0,0,NaN,23429.75,23420.75,23425.75
1755681300,23426.25,23432.25,23423.5,23430.5,0,0,0,0,0,0,0,NaN,23432.25,23423.5,23430.5
1755681600,23430.5,23434,23426.25,23429,0,0,0,0,0,0,0,NaN,23434,23426.25,23429
1755681900,23429.5,23430.75,23422.5,23426.25,0,0,0,0,0,0,0,NaN,23430.75,23422.5,23426.25
1755682200,23425.75,23430,23423,23427.25,0,0,0,0,0,0,0,NaN,23430,23423,23427.25
1755682500,23427.75,23435.5,23427,23433,0,0,0,0,0,0,0,NaN,23435.5,23427,23433
1755682800,23433,23435.25,23424.25,23427,0,0,0,0,0,0,0,NaN,23435.25,23424.25,23427
1755683100,23427.5,23437,23426.75,23435.5,0,0,0,0,0,0,0,NaN,23437,23426.75,23435.5
1755683400,23435.25,23439.75,23432.5,23433,0,0,0,0,0,0,0,NaN,23439.75,23432.5,23433
1755683700,23432.75,23434.25,23428.75,23432.5,0,0,0,0,0,0,0,NaN,23434.25,23428.75,23432.5
1755684000,23433.25,23434,23424,23426.75,0,0,0,0,0,0,0,NaN,23434,23424,23426.75
1755684300,23426.5,23434.5,23424.75,23431.5,0,0,0,0,0,0,0,NaN,23434.5,23424.75,23431.5
1755684600,23431,23438.25,23429,23437.25,0,0,0,0,0,0,0,NaN,23438.25,23429,23437.25
1755684900,23437.75,23442,23435.25,23439.75,0,0,0,0,0,0,0,NaN,23442,23435.25,23439.75
1755685200,23440,23440.5,23434,23436,0,0,0,0,0,0,0,NaN,23440.5,23434,23436
1755685500,23435.75,23436.25,23427.25,23427.5,0,0,0,0,0,0,0,NaN,23436.25,23427.25,23427.5
1755685800,23428,23430.25,23413,23413.5,0,0,0,0,0,0,0,NaN,23430.25,23413,23413.5
1755686100,23413.75,23416.5,23403.75,23406,0,0,0,0,0,0,0,NaN,23416.5,23403.75,23406
1755686400,23407.25,23414.75,23404.5,23414,0,0,0,0,0,0,0,NaN,23414.75,23404.5,23414
1755686700,23413.75,23421.25,23411.25,23414.5,0,0,0,0,0,0,0,NaN,23421.25,23411.25,23414.5
1755687000,23415.5,23423.25,23413.75,23421,0,0,0,0,0,0,0,NaN,23423.25,23413.75,23421
1755687300,23420.25,23427.5,23418.75,23425.25,0,0,0,0,0,0,0,NaN,23427.5,23418.75,23425.25
1755687600,23425,23452,23420,23449.25,0,0,0,0,0,0,0,NaN,23452,23420,23449.25
1755687900,23448.75,23449,23439.5,23440,0,0,0,0,0,0,0,NaN,23449,23439.5,23440
1755688200,23440.75,23447.75,23437.5,23444.25,0,0,0,0,0,0,0,NaN,23447.75,23437.5,23444.25
1755688500,23443.75,23444.25,23428.25,23433.5,0,0,0,0,0,0,0,NaN,23444.25,23428.25,23433.5
1755688800,23434.75,23440.75,23427.25,23428.5,0,0,0,0,0,0,0,NaN,23440.75,23427.25,23428.5
1755689100,23428,23430.25,23412,23415,0,0,0,0,0,0,0,NaN,23430.25,23412,23415
1755689400,23415.25,23420.5,23412.25,23413.5,0,0,0,0,0,0,0,NaN,23420.5,23412.25,23413.5
1755689700,23413.5,23416.5,23393.25,23393.25,0,0,0,0,0,0,0,NaN,23416.5,23393.25,23393.25
1755690000,23394,23403.75,23389.75,23401,0,0,0,0,0,0,0,NaN,23403.75,23389.75,23401
1755690300,23400.75,23401.25,23385.75,23399,0,0,0,0,0,0,0,NaN,23401.25,23385.75,23399
1755690600,23398.5,23419.75,23398.5,23409.5,0,0,0,0,0,0,0,NaN,23419.75,23398.5,23409.5
1755690900,23408.75,23417.5,23405.75,23414.25,0,0,0,0,0,0,0,NaN,23417.5,23405.75,23414.25
1755691200,23413.25,23427.75,23411.25,23423.75,0,0,0,0,0,0,0,NaN,23427.75,23411.25,23423.75
1755691500,23424,23428.25,23422,23423,0,0,0,0,0,0,0,NaN,23428.25,23422,23423
1755691800,23423.5,23425.75,23414.5,23418.5,0,0,0,0,0,0,0,NaN,23425.75,23414.5,23418.5
1755692100,23417.75,23424,23414.5,23422.75,0,0,0,0,0,0,0,NaN,23424,23414.5,23422.75
1755692400,23421.75,23427.5,23420.25,23422,0,0,0,0,0,0,0,NaN,23427.5,23420.25,23422
1755692700,23423,23428.75,23408.5,23413.5,0,0,0,0,0,0,0,NaN,23428.75,23408.5,23413.5
1755693000,23412.5,23421.5,23397.75,23404,0,0,0,0,0,0,0,NaN,23421.5,23397.75,23404
1755693300,23404.5,23409.5,23396.5,23407,0,0,0,0,0,0,0,NaN,23409.5,23396.5,23407
1755693600,23407,23425.75,23406.25,23422.5,0,0,0,0,0,0,0,NaN,23425.75,23406.25,23422.5
1755693900,23422.25,23436.25,23418.5,23434.75,0,0,0,0,0,0,0,NaN,23436.25,23418.5,23434.75
1755694200,23434.75,23435.75,23425.5,23427.25,0,0,0,0,0,0,0,NaN,23435.75,23425.5,23427.25
1755694500,23426.75,23429,23420.75,23426.75,0,0,0,0,0,0,0,NaN,23429,23420.75,23426.75
1755694800,23427,23430.5,23419.5,23425.75,0,0,0,0,0,0,0,NaN,23430.5,23419.5,23425.75
1755695100,23425.5,23428,23415.75,23418,0,0,0,0,0,0,0,NaN,23428,23415.75,23418
1755695400,23417.25,23418,23405.75,23408.25,0,0,0,0,0,0,0,NaN,23418,23405.75,23408.25
1755695700,23407.75,23414.75,23404.25,23409,0,0,0,0,0,0,0,NaN,23414.75,23404.25,23409
1755696000,23408.5,23417.75,23405,23413,0,0,0,0,0,0,0,NaN,23417.75,23405,23413
1755696300,23413.25,23430.75,23403.25,23426,0,0,0,0,0,0,0,NaN,23430.75,23403.25,23426
1755696600,23426.25,23432,23362,23371,0,0,0,0,0,0,0,NaN,23432,23362,23371
1755696900,23371.5,23393,23357,23358.75,0,0,0,0,0,0,0,NaN,23393,23357,23358.75
1755697200,23359,23373,23322.25,23322.5,0,0,0,0,0,0,0,NaN,23373,23322.25,23322.5
1755697500,23323,23324.25,23264.25,23264.5,0,0,0,0,0,0,0,NaN,23324.25,23264.25,23264.5
1755697800,23265,23265.25,23167.25,23172,0,0,0,0,0,0,0,NaN,23265.25,23167.25,23172
1755698100,23172.5,23206,23146,23173.25,0,0,0,0,0,0,0,NaN,23206,23146,23173.25
1755698400,23174,23215,23165,23170.75,0,0,0,0,0,0,0,NaN,23215,23165,23170.75
1755698700,23171,23178.5,23096,23111,0,0,0,0,0,0,0,NaN,23178.5,23096,23111
1755699000,23111.25,23129,23089.5,23108.5,0,0,0,0,0,0,0,NaN,23129,23089.5,23108.5
1755699300,23109.75,23125.75,23063.5,23115,0,0,0,0,0,0,0,NaN,23125.75,23063.5,23115
1755699600,23114.5,23157,23103.75,23141.25,0,0,0,0,0,0,0,NaN,23157,23103.75,23141.25
1755699900,23141,23154.5,23093,23095.25,0,0,0,0,0,0,0,NaN,23154.5,23093,23095.25
1755700200,23096,23109.25,23080.25,23098.75,0,0,0,0,0,0,0,NaN,23109.25,23080.25,23098.75
1755700500,23099,23108.5,23081.25,23082.5,0,0,0,0,0,0,0,NaN,23108.5,23081.25,23082.5
1755700800,23083,23087,23057.25,23068.5,0,0,0,0,0,0,0,NaN,23087,23057.25,23068.5
1755701100,23068.25,23089.25,23042.75,23057.75,0,0,0,0,0,0,0,NaN,23089.25,23042.75,23057.75
1755701400,23056.75,23068,23035,23044.75,0,0,0,0,0,0,0,NaN,23068,23035,23044.75
1755701700,23044.25,23061.25,23035.5,23057,0,0,0,0,0,0,0,NaN,23061.25,23035.5,23057
1755702000,23057.5,23077.75,23046,23076.5,0,0,0,0,0,0,0,NaN,23077.75,23046,23076.5
1755702300,23076.5,23128.5,23074,23123.25,0,0,0,0,0,0,0,NaN,23128.5,23074,23123.25
1755702600,23123.5,23136.25,23113.75,23132.5,0,0,0,0,0,0,0,NaN,23136.25,23113.75,23132.5
1755702900,23132.25,23174.75,23131,23173.5,0,0,0,0,0,0,0,NaN,23174.75,23131,23173.5
1755703200,23173.5,23217.25,23172.25,23215.25,0,0,0,0,0,0,0,NaN,23217.25,23172.25,23215.25
1755703500,23215.25,23227.5,23195.75,23224.75,0,0,0,0,0,0,0,NaN,23227.5,23195.75,23224.75
1755703800,23224.25,23257.5,23214.25,23252,0,0,0,0,0,0,0,NaN,23257.5,23214.25,23252
1755704100,23252,23266,23224.5,23225,0,0,0,0,0,0,0,NaN,23266,23224.5,23225
1755704400,23225.5,23258.25,23223.25,23230.75,0,0,0,0,0,0,0,NaN,23258.25,23223.25,23230.75
1755704700,23231.5,23244.25,23213.25,23218.5,0,0,0,0,0,0,0,NaN,23244.25,23213.25,23218.5
1755705000,23218.25,23218.75,23161,23170.25,0,0,0,0,0,0,0,NaN,23218.75,23161,23170.25
1755705300,23170.25,23182.25,23152.5,23171.75,0,0,0,0,0,0,0,NaN,23182.25,23152.5,23171.75
1755705600,23171.25,23216,23168.75,23209.25,0,0,0,0,0,0,0,NaN,23216,23168.75,23209.25
1755705900,23208,23217.75,23196.75,23212.75,0,0,0,0,0,0,0,NaN,23217.75,23196.75,23212.75
1755706200,23213.75,23244,23208.25,23240.5,0,0,0,0,0,0,0,NaN,23244,23208.25,23240.5
1755706500,23240,23264.25,23237.25,23263,0,0,0,0,0,0,0,NaN,23264.25,23237.25,23263
1755706800,23262.75,23280.75,23259.5,23271.25,0,0,0,0,0,0,0,NaN,23280.75,23259.5,23271.25
1755707100,23271.5,23305,23270,23298.5,0,0,0,0,0,0,0,NaN,23305,23270,23298.5
1755707400,23298,23298.75,23270.5,23279.25,0,0,0,0,0,0,0,NaN,23298.75,23270.5,23279.25
1755707700,23278.75,23283.5,23256.5,23274.5,0,0,0,0,0,0,0,NaN,23283.5,23256.5,23274.5
1755708000,23274.5,23278,23246.25,23270.25,0,0,0,0,0,0,0,NaN,23278,23246.25,23270.25
1755708300,23270,23274.75,23242.75,23253.25,0,0,0,0,0,0,0,NaN,23274.75,23242.75,23253.25
1755708600,23253.25,23266.5,23239.25,23252.5,0,0,0,0,0,0,0,NaN,23266.5,23239.25,23252.5
1755708900,23251.5,23251.5,23218.5,23234,0,0,0,0,0,0,0,NaN,23251.5,23218.5,23234
1755709200,23233.5,23266.5,23225.25,23261.5,0,0,0,0,0,0,0,NaN,23266.5,23225.25,23261.5
1755709500,23261.5,23274.5,23238.5,23269.25,0,0,0,0,0,0,0,NaN,23274.5,23238.5,23269.25
1755709800,23269,23270,23234.75,23237,0,0,0,0,0,0,0,NaN,23270,23234.75,23237
1755710100,23237,23261.5,23231,23253.25,0,0,0,0,0,0,0,NaN,23261.5,23231,23253.25
1755710400,23253.5,23269.75,23239.5,23242.25,0,0,0,0,0,0,0,NaN,23269.75,23239.5,23242.25
1755710700,23241.5,23250,23234.75,23246.25,0,0,0,0,0,0,0,NaN,23250,23234.75,23246.25
1755711000,23246,23296.75,23244.75,23292,0,0,0,0,0,0,0,NaN,23296.75,23244.75,23292
1755711300,23291.75,23298.5,23281.75,23291,0,0,0,0,0,0,0,NaN,23298.5,23281.75,23291
1755711600,23291.25,23299.75,23284.5,23297.25,0,0,0,0,0,0,0,NaN,23299.75,23284.5,23297.25
1755711900,23297.5,23315.5,23291,23294,0,0,0,0,0,0,0,NaN,23315.5,23291,23294
1755712200,23293.75,23297.5,23274.25,23282,0,0,0,0,0,0,0,NaN,23297.5,23274.25,23282
1755712500,23281.5,23283.25,23253.25,23264.5,0,0,0,0,0,0,0,NaN,23283.25,23253.25,23264.5
1755712800,23264.5,23272.5,23199.5,23222.75,0,0,0,0,0,0,0,NaN,23272.5,23199.5,23222.75
1755713100,23223.75,23241.75,23209.75,23239.25,0,0,0,0,0,0,0,NaN,23241.75,23209.75,23239.25
1755713400,23239,23248.25,23208.75,23225.5,0,0,0,0,0,0,0,NaN,23248.25,23208.75,23225.5
1755713700,23224.75,23225.75,23200.75,23203.5,0,0,0,0,0,0,0,NaN,23225.75,23200.75,23203.5
1755714000,23203.5,23225.25,23191,23218.5,0,0,0,0,0,0,0,NaN,23225.25,23191,23218.5
1755714300,23218.5,23229.75,23205.5,23210.25,0,0,0,0,0,0,0,NaN,23229.75,23205.5,23210.25
1755714600,23210.75,23234,23208.5,23230.75,0,0,0,0,0,0,0,NaN,23234,23208.5,23230.75
1755714900,23230.5,23251,23216.75,23249.5,0,0,0,0,0,0,0,NaN,23251,23216.75,23249.5
1755715200,23249,23259.25,23240.75,23254.5,0,0,0,0,0,0,0,NaN,23259.25,23240.75,23254.5
1755715500,23254.75,23278.25,23250,23273,0,0,0,0,0,0,0,NaN,23278.25,23250,23273
1755715800,23272.75,23281,23260.5,23262.75,0,0,0,0,0,0,0,NaN,23281,23260.5,23262.75
1755716100,23263,23270.5,23239.75,23243.75,0,0,0,0,0,0,0,NaN,23270.5,23239.75,23243.75
1755716400,23243.75,23264,23243.75,23261,0,0,0,0,0,0,0,NaN,23264,23243.75,23261
1755716700,23260.25,23281.75,23252,23278,0,0,0,0,0,0,0,NaN,23281.75,23252,23278
1755717000,23277.75,23320,23276.25,23311.75,0,0,0,0,0,0,0,NaN,23320,23276.25,23311.75
1755717300,23311.25,23328,23306.25,23318.25,0,0,0,0,0,0,0,NaN,23328,23306.25,23318.25
1755717600,23318.5,23352.75,23315,23348.25,0,0,0,0,0,0,0,NaN,23352.75,23315,23348.25
1755717900,23347.75,23348.5,23311.5,23320.5,0,0,0,0,0,0,0,NaN,23348.5,23311.5,23320.5
1755718200,23320,23342,23314,23339,0,0,0,0,0,0,0,NaN,23342,23314,23339
1755718500,23339.5,23349,23319.5,23321.5,0,0,0,0,0,0,0,NaN,23349,23319.5,23321.5
1755718800,23321.5,23337.25,23318.75,23335,0,0,0,0,0,0,0,NaN,23337.25,23318.75,23335
1755719100,23334.5,23352.25,23331.25,23349.75,0,0,0,0,0,0,0,NaN,23352.25,23331.25,23349.75
1755719400,23350.25,23358.75,23326.25,23351.25,0,0,0,0,0,0,0,NaN,23358.75,23326.25,23351.25
1755719700,23351,23368.75,23319.5,23324.75,0,0,0,0,0,0,0,NaN,23368.75,23319.5,23324.75
1755720000,23325.25,23331,23315,23323.25,0,0,0,0,0,0,0,NaN,23331,23315,23323.25
1755720300,23323.5,23325.25,23316.5,23319.5,0,0,0,0,0,0,0,NaN,23325.25,23316.5,23319.5
1755720600,23319.75,23323.25,23312.25,23316.75,0,0,0,0,0,0,0,NaN,23323.25,23312.25,23316.75
1755720900,23317.25,23318,23307,23309,0,0,0,0,0,0,0,NaN,23318,23307,23309
1755721200,23309.25,23314.25,23307.5,23311.75,0,0,0,0,0,0,0,NaN,23314.25,23307.5,23311.75
1755721500,23311.75,23312,23308,23311,0,0,0,0,0,0,0,NaN,23312,23308,23311
1755721800,23310.75,23315.25,23310,23314,0,0,0,0,0,0,0,NaN,23315.25,23310,23314
1755722100,23313.75,23315.5,23311.75,23314.5,0,0,0,0,0,0,0,NaN,23315.5,23311.75,23314.5
1755722400,23314.25,23316.5,23313.25,23313.75,0,0,0,0,0,0,0,NaN,23316.5,23313.25,23313.75
1755722700,23313.75,23315.25,23308.75,23311.75,0,0,0,0,0,0,0,NaN,23315.25,23308.75,23311.75
1755723000,23311.5,23318.5,23311,23317,0,0,0,0,0,0,0,NaN,23318.5,23311,23317
1755723300,23316.75,23320,23315.25,23319,0,0,0,0,0,0,0,NaN,23320,23315.25,23319
1755727200,23323,23339.75,23319.25,23332.25,0,0,0,0,0,0,0,NaN,23339.75,23319.25,23332.25
1755727500,23331.75,23342.5,23322.5,23329,0,0,0,0,0,0,0,NaN,23342.5,23322.5,23329
1755727800,23329.25,23336.75,23321,23324.5,0,0,0,0,0,0,0,NaN,23336.75,23321,23324.5
1755728100,23324.5,23329.5,23315,23316,0,0,0,0,0,0,0,NaN,23329.5,23315,23316
1755728400,23315,23332.25,23313.5,23331.25,0,0,0,0,0,0,0,NaN,23332.25,23313.5,23331.25
1755728700,23332.5,23337,23326,23334.75,0,0,0,0,0,0,0,NaN,23337,23326,23334.75
1755729000,23334.25,23338.25,23323.25,23323.5,0,0,0,0,0,0,0,NaN,23338.25,23323.25,23323.5
1755729300,23324.25,23325.75,23315.25,23316.25,0,0,0,0,0,0,0,NaN,23325.75,23315.25,23316.25
1755729600,23315.75,23321.75,23313.25,23318.25,0,0,0,0,0,0,0,NaN,23321.75,23313.25,23318.25
1755729900,23318.25,23320,23315,23318,0,0,0,0,0,0,0,NaN,23320,23315,23318
1755730200,23318.25,23321.75,23317.25,23320,0,0,0,0,0,0,0,NaN,23321.75,23317.25,23320
1755730500,23320.5,23322.75,23318,23320,0,0,0,0,0,0,0,NaN,23322.75,23318,23320
1755730800,23319.75,23324.25,23315.25,23316.75,0,0,0,0,0,0,0,NaN,23324.25,23315.25,23316.75
1755731100,23317.25,23330,23306.25,23328,0,0,0,0,0,0,0,NaN,23330,23306.25,23328
1755731400,23327.75,23329.25,23321,23323.25,0,0,0,0,0,0,0,NaN,23329.25,23321,23323.25
1755731700,23323.5,23327.5,23322,23324.75,0,0,0,0,0,0,0,NaN,23327.5,23322,23324.75
1755732000,23325,23325,23318.5,23319.75,0,0,0,0,0,0,0,NaN,23325,23318.5,23319.75
1755732300,23319.75,23322,23314,23316,0,0,0,0,0,0,0,NaN,23322,23314,23316
1755732600,23314.75,23315.75,23306.25,23308.5,0,0,0,0,0,0,0,NaN,23315.75,23306.25,23308.5
1755732900,23307.75,23313.75,23307.25,23313.75,0,0,0,0,0,0,0,NaN,23313.75,23307.25,23313.75
1755733200,23313,23319,23311,23313.25,0,0,0,0,0,0,0,NaN,23319,23311,23313.25
1755733500,23313,23315.75,23306,23306.5,0,0,0,0,0,0,0,NaN,23315.75,23306,23306.5
1755733800,23306,23321.5,23305.75,23320,0,0,0,0,0,0,0,NaN,23321.5,23305.75,23320
1755734100,23320.75,23323.5,23314.75,23318.5,0,0,0,0,0,0,0,NaN,23323.5,23314.75,23318.5
1755734400,23318.5,23319,23304,23312,0,0,0,0,0,0,0,NaN,23319,23304,23312
1755734700,23313,23320.5,23309,23313.75,0,0,0,0,0,0,0,NaN,23320.5,23309,23313.75
1755735000,23314.25,23323.5,23310.75,23314.5,0,0,0,0,0,0,0,NaN,23323.5,23310.75,23314.5
1755735300,23314.25,23316,23297,23297.75,0,0,0,0,0,0,0,NaN,23316,23297,23297.75
1755735600,23297.25,23299.75,23277.25,23279.25,0,0,0,0,0,0,0,NaN,23299.75,23277.25,23279.25
1755735900,23279,23286.5,23268.5,23286,0,0,0,0,0,0,0,NaN,23286.5,23268.5,23286
1755736200,23286,23305.5,23284,23304.75,0,0,0,0,0,0,0,NaN,23305.5,23284,23304.75
1755736500,23305,23312,23300.5,23303.5,0,0,0,0,0,0,0,NaN,23312,23300.5,23303.5
1755736800,23304.75,23311.5,23303.25,23305.5,0,0,0,0,0,0,0,NaN,23311.5,23303.25,23305.5
1755737100,23306.25,23307.75,23285.25,23289.5,0,0,0,0,0,0,0,NaN,23307.75,23285.25,23289.5
1755737400,23290.25,23295.75,23277,23284,0,0,0,0,0,0,0,NaN,23295.75,23277,23284
1755737700,23283.75,23294.25,23283.75,23292.25,0,0,0,0,0,0,0,NaN,23294.25,23283.75,23292.25
1755738000,23291.5,23296.5,23278.25,23283,0,0,0,0,0,0,0,NaN,23296.5,23278.25,23283
1755738300,23283.75,23286.75,23267.75,23280.5,0,0,0,0,0,0,0,NaN,23286.75,23267.75,23280.5
1755738600,23281.5,23286.25,23267.25,23284.5,0,0,0,0,0,0,0,NaN,23286.25,23267.25,23284.5
1755738900,23283.5,23285.75,23274.25,23280.5,0,0,0,0,0,0,0,NaN,23285.75,23274.25,23280.5
1755739200,23279,23298.75,23274.5,23296,0,0,0,0,0,0,0,NaN,23298.75,23274.5,23296
1755739500,23296.75,23298.5,23287.5,23295,0,0,0,0,0,0,0,NaN,23298.5,23287.5,23295
1755739800,23295.25,23303.25,23295,23302.25,0,0,0,0,0,0,0,NaN,23303.25,23295,23302.25
1755740100,23301.5,23303.25,23298,23301.5,0,0,0,0,0,0,0,NaN,23303.25,23298,23301.5
1755740400,23301.5,23309,23299.75,23303.5,0,0,0,0,0,0,0,NaN,23309,23299.75,23303.5
1755740700,23303,23313,23302.75,23310,0,0,0,0,0,0,0,NaN,23313,23302.75,23310
1755741000,23309.75,23335.25,23309.75,23331.25,0,0,0,0,0,0,0,NaN,23335.25,23309.75,23331.25
1755741300,23331.5,23355,23330,23353.5,0,0,0,0,0,0,0,NaN,23355,23330,23353.5
1755741600,23353,23357.5,23350,23353,0,0,0,0,0,0,0,NaN,23357.5,23350,23353
1755741900,23353.25,23356,23341.5,23343,0,0,0,0,0,0,0,NaN,23356,23341.5,23343
1755742200,23342.75,23363,23341.5,23362.25,0,0,0,0,0,0,0,NaN,23363,23341.5,23362.25
1755742500,23361.75,23363.5,23348.75,23363.5,0,0,0,0,0,0,0,NaN,23363.5,23348.75,23363.5
1755742800,23362.25,23369.25,23362,23363.75,0,0,0,0,0,0,0,NaN,23369.25,23362,23363.75
1755743100,23364,23366.5,23360,23363.5,0,0,0,0,0,0,0,NaN,23366.5,23360,23363.5
1755743400,23363.5,23368,23355.5,23357.25,0,0,0,0,0,0,0,NaN,23368,23355.5,23357.25
1755743700,23357,23358.75,23352,23356,0,0,0,0,0,0,0,NaN,23358.75,23352,23356
1755744000,23356.5,23359.5,23350.75,23356.75,0,0,0,0,0,0,0,NaN,23359.5,23350.75,23356.75
1755744300,23356.5,23358,23348.75,23351.5,0,0,0,0,0,0,0,NaN,23358,23348.75,23351.5
1755744600,23351.5,23359.5,23351,23357.25,0,0,0,0,0,0,0,NaN,23359.5,23351,23357.25
1755744900,23357.5,23357.5,23353,23354.5,0,0,0,0,0,0,0,NaN,23357.5,23353,23354.5
1755745200,23354.25,23355.75,23349.75,23352.25,0,0,0,0,0,0,0,NaN,23355.75,23349.75,23352.25
1755745500,23352.5,23360.25,23349.75,23358.75,0,0,0,0,0,0,0,NaN,23360.25,23349.75,23358.75
1755745800,23358.5,23358.5,23351.5,23351.5,0,0,0,0,0,0,0,NaN,23358.5,23351.5,23351.5
1755746100,23351.25,23351.25,23343.75,23345.75,0,0,0,0,0,0,0,NaN,23351.25,23343.75,23345.75
1755746400,23345,23346.5,23336.25,23345.25,0,0,0,0,0,0,0,NaN,23346.5,23336.25,23345.25
1755746700,23345.25,23350.25,23345.25,23347.25,0,0,0,0,0,0,0,NaN,23350.25,23345.25,23347.25
1755747000,23348.75,23349.75,23341.5,23347.75,0,0,0,0,0,0,0,NaN,23349.75,23341.5,23347.75
1755747300,23349,23352,23345,23350.5,0,0,0,0,0,0,0,NaN,23352,23345,23350.5
1755747600,23350.75,23353.25,23346.75,23346.75,0,0,0,0,0,0,0,NaN,23353.25,23346.75,23346.75
1755747900,23348,23351.5,23343.5,23349.75,0,0,0,0,0,0,0,NaN,23351.5,23343.5,23349.75
1755748200,23350.5,23355,23348.25,23349.25,0,0,0,0,0,0,0,NaN,23355,23348.25,23349.25
1755748500,23349,23350.25,23341.5,23342,0,0,0,0,0,0,0,NaN,23350.25,23341.5,23342
1755748800,23341.5,23343,23337,23340,0,0,0,0,1,0,0,NaN,23343,23337,23340
1755749100,23340,23340.25,23334.25,23335.5,0,0,0,0,0,0,0,NaN,23340.25,23334.25,23335.5
1755749400,23335.5,23337.25,23332.5,23334.75,0,0,0,0,0,0,0,NaN,23337.25,23332.5,23334.75
1755749700,23335,23344,23335,23337.25,0,0,0,0,0,0,0,NaN,23344,23335,23337.25
1755750000,23337,23337.5,23332,23336.25,0,0,0,0,0,0,0,NaN,23337.5,23332,23336.25
1755750300,23337.5,23339.75,23334,23336.5,0,0,0,0,0,0,0,NaN,23339.75,23334,23336.5
1755750600,23336,23344.5,23330,23343,0,0,0,0,0,0,0,NaN,23344.5,23330,23343
1755750900,23342.5,23342.5,23336,23337,0,0,0,0,0,0,0,NaN,23342.5,23336,23337
1755751200,23336,23343,23331.75,23342,0,0,0,0,0,0,0,NaN,23343,23331.75,23342
1755751500,23342.25,23346.75,23341.5,23342.5,0,0,0,0,0,0,0,NaN,23346.75,23341.5,23342.5
1755751800,23342.5,23343.75,23340.25,23342.25,0,0,0,0,0,0,0,NaN,23343.75,23340.25,23342.25
1755752100,23342,23344.75,23336.25,23340.25,0,0,0,0,0,0,0,NaN,23344.75,23336.25,23340.25
1755752400,23340,23349,23338.25,23342.5,0,0,0,0,0,0,0,NaN,23349,23338.25,23342.5
1755752700,23342.5,23343.5,23320.75,23324.75,0,0,0,0,0,0,0,NaN,23343.5,23320.75,23324.75
1755753000,23324.25,23326,23319.25,23324.75,0,0,0,0,0,0,0,NaN,23326,23319.25,23324.75
1755753300,23325,23337.5,23324.5,23332.25,0,0,0,0,0,0,0,NaN,23337.5,23324.5,23332.25
1755753600,23331.5,23331.5,23323.5,23325.25,0,0,0,0,0,0,0,NaN,23331.5,23323.5,23325.25
1755753900,23325.5,23327,23317.5,23318.5,0,0,0,0,0,0,0,NaN,23327,23317.5,23318.5
1755754200,23319,23322.25,23316.5,23319,0,0,0,0,0,0,0,NaN,23322.25,23316.5,23319
1755754500,23318.25,23321.5,23313.75,23315.75,0,0,0,0,0,0,0,NaN,23321.5,23313.75,23315.75
1755754800,23316.25,23321.5,23311.25,23319.25,0,0,0,0,0,0,0,NaN,23321.5,23311.25,23319.25
1755755100,23319.5,23324.75,23317.75,23320.75,0,0,0,0,0,0,0,NaN,23324.75,23317.75,23320.75
1755755400,23320.25,23331.5,23315.75,23329.25,0,0,0,0,0,0,0,NaN,23331.5,23315.75,23329.25
1755755700,23329,23341.5,23327.5,23340.75,0,0,0,0,0,0,0,NaN,23341.5,23327.5,23340.75
1755756000,23340.5,23344.5,23334,23337.25,0,0,0,0,0,0,0,NaN,23344.5,23334,23337.25
1755756300,23337.5,23343,23331.75,23341.75,0,0,0,0,0,0,0,NaN,23343,23331.75,23341.75
1755756600,23342.5,23357.25,23342.5,23356.75,0,0,0,0,0,0,0,NaN,23357.25,23342.5,23356.75
1755756900,23356.5,23368.25,23354.5,23366,0,0,0,0,0,0,0,NaN,23368.25,23354.5,23366
1755757200,23365.5,23366.5,23356.25,23358.5,0,0,0,0,0,0,0,NaN,23366.5,23356.25,23358.5
1755757500,23358.25,23358.25,23343.25,23352.75,0,0,0,0,0,0,0,NaN,23358.25,23343.25,23352.75
1755757800,23352,23361.5,23351,23359,0,0,0,0,0,0,0,NaN,23361.5,23351,23359
1755758100,23358.5,23366.75,23354.75,23355.75,0,0,0,0,0,0,0,NaN,23366.75,23354.75,23355.75
1755758400,23355.75,23359,23351.25,23355,0,0,0,0,0,0,0,NaN,23359,23351.25,23355
1755758700,23354.5,23354.5,23346.5,23348,0,0,0,0,0,0,0,NaN,23354.5,23346.5,23348
1755759000,23348.5,23354,23347,23353.5,0,0,0,0,0,0,0,NaN,23354,23347,23353.5
1755759300,23353.75,23357.25,23353,23354.5,0,0,0,0,0,0,0,NaN,23357.25,23353,23354.5
1755759600,23354,23357.75,23336,23348.5,0,0,0,0,0,0,0,NaN,23357.75,23336,23348.5
1755759900,23349.25,23359.5,23340.25,23352.5,0,0,0,0,0,0,0,NaN,23359.5,23340.25,23352.5
1755760200,23351,23351.75,23328.5,23330.5,0,0,0,0,0,0,0,NaN,23351.75,23328.5,23330.5
1755760500,23331,23335.25,23321.75,23332.25,0,0,0,0,0,0,0,NaN,23335.25,23321.75,23332.25
1755760800,23332.75,23338,23329,23332,0,0,0,0,0,0,0,NaN,23338,23329,23332
1755761100,23331.25,23333.25,23324,23329.5,0,0,0,0,0,0,0,NaN,23333.25,23324,23329.5
1755761400,23329.75,23340.5,23326.25,23340.25,0,0,0,0,0,0,0,NaN,23340.5,23326.25,23340.25
1755761700,23340,23344,23336.5,23340.5,0,0,0,0,0,0,0,NaN,23344,23336.5,23340.5
1755762000,23341.25,23347,23335.75,23338.75,0,0,0,0,0,0,0,NaN,23347,23335.75,23338.75
1755762300,23337.25,23345,23332,23345,0,0,0,0,0,0,0,NaN,23345,23332,23345
1755762600,23345.25,23352.25,23342,23347.5,0,0,0,0,0,0,0,NaN,23352.25,23342,23347.5
1755762900,23346.5,23351,23341.25,23343,0,0,0,0,0,0,0,NaN,23351,23341.25,23343
1755763200,23343.5,23355,23338,23353.75,0,0,0,0,0,0,0,NaN,23355,23338,23353.75
1755763500,23353,23357.5,23343.25,23353.25,0,0,0,0,0,0,0,NaN,23357.5,23343.25,23353.25
1755763800,23352.5,23352.75,23331.25,23345.5,0,0,0,0,0,0,0,NaN,23352.75,23331.25,23345.5
1755764100,23345.5,23348,23317.25,23324.75,0,0,0,0,0,0,0,NaN,23348,23317.25,23324.75
1755764400,23324,23341.75,23323.5,23339.75,0,0,0,0,0,0,0,NaN,23341.75,23323.5,23339.75
1755764700,23340.75,23345.5,23335.5,23343,0,0,0,0,0,0,0,NaN,23345.5,23335.5,23343
1755765000,23342.5,23351,23337.75,23342.75,0,0,0,0,0,0,0,NaN,23351,23337.75,23342.75
1755765300,23342.25,23349.5,23340,23347.75,0,0,0,0,0,0,0,NaN,23349.5,23340,23347.75
1755765600,23348,23349.5,23340.75,23343.25,0,0,0,0,0,0,0,NaN,23349.5,23340.75,23343.25
1755765900,23343.25,23343.5,23327,23327.5,0,0,0,0,0,0,0,NaN,23343.5,23327,23327.5
1755766200,23326.75,23326.75,23312.75,23321.25,0,0,0,0,0,0,0,NaN,23326.75,23312.75,23321.25
1755766500,23321,23321.25,23295.25,23298.25,0,0,0,0,0,0,0,NaN,23321.25,23295.25,23298.25
1755766800,23298,23305.5,23292.25,23302,0,0,0,0,0,0,0,NaN,23305.5,23292.25,23302
1755767100,23300.75,23304.75,23290,23296.5,0,0,0,0,0,0,0,NaN,23304.75,23290,23296.5
1755767400,23297.5,23309.25,23296,23305.75,0,0,0,0,0,0,0,NaN,23309.25,23296,23305.75
1755767700,23305.25,23313.25,23301.25,23310.5,0,0,0,0,0,0,0,NaN,23313.25,23301.25,23310.5
1755768000,23309.25,23316,23306.25,23315.25,0,0,0,0,0,0,0,NaN,23316,23306.25,23315.25
1755768300,23315.75,23322,23313.5,23319,0,0,0,0,0,0,0,NaN,23322,23313.5,23319
1755768600,23318.75,23321.5,23315,23316.5,0,0,0,0,0,0,0,NaN,23321.5,23315,23316.5
1755768900,23317.25,23320,23313.75,23316.5,0,0,0,0,0,0,0,NaN,23320,23313.75,23316.5
1755769200,23317,23325.25,23314,23323.75,0,0,0,0,0,0,0,NaN,23325.25,23314,23323.75
1755769500,23324.25,23328.25,23320.75,23328,0,0,0,0,0,0,0,NaN,23328.25,23320.75,23328
1755769800,23328,23328.75,23312.25,23317.25,0,0,0,0,0,0,0,NaN,23328.75,23312.25,23317.25
1755770100,23317.75,23318,23302.25,23304.75,0,0,0,0,0,0,0,NaN,23318,23302.25,23304.75
1755770400,23304.5,23304.75,23286.75,23300.75,0,0,0,0,0,0,0,NaN,23304.75,23286.75,23300.75
1755770700,23301.5,23312.25,23300.75,23307,0,0,0,0,0,0,0,NaN,23312.25,23300.75,23307
1755771000,23307,23307,23291,23292,0,0,0,0,0,0,0,NaN,23307,23291,23292
1755771300,23292.5,23296.75,23277.75,23279.5,0,0,0,0,0,0,0,NaN,23296.75,23277.75,23279.5
1755771600,23279.75,23303.25,23273,23301.75,0,0,0,0,0,0,0,NaN,23303.25,23273,23301.75
1755771900,23301.5,23306.25,23293,23302.5,0,0,0,0,0,0,0,NaN,23306.25,23293,23302.5
1755772200,23302,23304.75,23291.25,23294.5,0,0,0,0,0,0,0,NaN,23304.75,23291.25,23294.5
1755772500,23294.5,23300.75,23293,23299,0,0,0,0,0,0,0,NaN,23300.75,23293,23299
1755772800,23300.25,23307,23299.75,23303.25,0,0,0,0,0,0,0,NaN,23307,23299.75,23303.25
1755773100,23302.5,23305,23300,23302,0,0,0,0,0,0,0,NaN,23305,23300,23302
1755773400,23302,23318.25,23297.75,23316,0,0,0,0,0,0,0,NaN,23318.25,23297.75,23316
1755773700,23316.5,23318,23303.75,23312.5,0,0,0,0,0,0,0,NaN,23318,23303.75,23312.5
1755774000,23312,23334.25,23298.75,23308.25,0,0,0,0,0,0,0,NaN,23334.25,23298.75,23308.25
1755774300,23309.25,23327.25,23309,23314.25,0,0,0,0,0,0,0,NaN,23327.25,23309,23314.25
1755774600,23314.5,23315.25,23296.5,23302.25,0,0,0,0,0,0,0,NaN,23315.25,23296.5,23302.25
1755774900,23302.25,23306.5,23299.25,23299.25,0,0,0,0,0,0,0,NaN,23306.5,23299.25,23299.25
1755775200,23300.25,23311,23296.75,23305.75,0,0,0,0,0,0,0,NaN,23311,23296.75,23305.75
1755775500,23307.5,23310,23300.25,23303.75,0,0,0,0,0,0,0,NaN,23310,23300.25,23303.75
1755775800,23303,23310.75,23294,23295.5,0,0,0,0,0,0,0,NaN,23310.75,23294,23295.5
1755776100,23295.25,23301,23281.5,23287,0,0,0,0,0,0,0,NaN,23301,23281.5,23287
1755776400,23288.25,23297.5,23282,23288.25,0,0,0,0,0,0,0,NaN,23297.5,23282,23288.25
1755776700,23287.25,23287.75,23264.5,23269.75,0,0,0,0,0,0,0,NaN,23287.75,23264.5,23269.75
1755777000,23268.75,23287,23268.75,23279,0,0,0,0,0,0,0,NaN,23287,23268.75,23279
1755777300,23278.75,23287.25,23276,23281,0,0,0,0,0,0,0,NaN,23287.25,23276,23281
1755777600,23281.5,23281.5,23261.25,23266,0,0,0,0,0,0,0,NaN,23281.5,23261.25,23266
1755777900,23266.25,23272.5,23258.5,23263.75,0,0,0,0,0,0,0,NaN,23272.5,23258.5,23263.75
1755778200,23263.25,23263.25,23235.5,23243.75,0,0,0,0,0,0,0,NaN,23263.25,23235.5,23243.75
1755778500,23243.75,23245,23221.75,23231.5,0,0,0,0,0,0,0,NaN,23245,23221.75,23231.5
1755778800,23231.5,23249,23222.75,23246,0,0,0,0,0,0,0,NaN,23249,23222.75,23246
1755779100,23245.25,23247.25,23232.75,23236.75,0,0,0,0,0,0,0,NaN,23247.25,23232.75,23236.75
1755779400,23236.5,23269.25,23226.5,23268.25,0,0,0,0,0,0,0,NaN,23269.25,23226.5,23268.25
1755779700,23268.5,23269,23240.25,23241,0,0,0,0,0,0,0,NaN,23269,23240.25,23241
1755780000,23240.75,23248,23232,23232.25,0,0,0,0,0,0,0,NaN,23248,23232,23232.25
1755780300,23232.5,23234.75,23217.75,23225,0,0,0,0,0,0,0,NaN,23234.75,23217.75,23225
1755780600,23224.5,23229.5,23215.75,23221.5,0,0,0,0,0,0,0,NaN,23229.5,23215.75,23221.5
1755780900,23221.5,23229,23215.25,23224,0,0,0,0,0,0,0,NaN,23229,23215.25,23224
1755781200,23223.5,23231,23208.25,23228.5,0,0,0,0,0,0,0,NaN,23231,23208.25,23228.5
1755781500,23226.75,23248.5,23226.75,23248,0,0,0,0,0,0,0,NaN,23248.5,23226.75,23248
1755781800,23248.5,23250.25,23226,23230.25,0,0,0,0,0,0,0,NaN,23250.25,23226,23230.25
1755782100,23229.75,23238.25,23224,23234.5,0,0,0,0,0,0,0,NaN,23238.25,23224,23234.5
1755782400,23234.25,23248.5,23234,23237.5,0,0,0,0,0,0,0,NaN,23248.5,23234,23237.5
1755782700,23238.75,23262.25,23235.25,23260.25,0,0,0,0,0,0,0,NaN,23262.25,23235.25,23260.25
1755783000,23260.5,23273,23199.25,23241.75,0,0,0,0,0,0,0,NaN,23273,23199.25,23241.75
1755783300,23242.25,23290.25,23224,23276.5,0,0,0,0,0,0,0,NaN,23290.25,23224,23276.5
1755783600,23276.5,23277,23235.25,23253.5,0,0,0,0,0,0,0,NaN,23277,23235.25,23253.5
1755783900,23256.25,23268,23175.75,23267,0,0,0,0,0,0,0,NaN,23268,23175.75,23267
1755784200,23265.75,23268.5,23214.75,23240,0,0,0,0,0,0,0,NaN,23268.5,23214.75,23240
1755784500,23240,23248.25,23183.25,23187.75,0,0,0,0,0,0,0,NaN,23248.25,23183.25,23187.75
1755784800,23184.5,23269,23156,23263,0,0,0,0,0,0,0,NaN,23269,23156,23263
1755785100,23262.25,23289.75,23259.25,23282,0,0,0,0,0,0,0,NaN,23289.75,23259.25,23282
1755785400,23282.5,23303.25,23269.75,23281.5,0,0,0,0,0,0,0,NaN,23303.25,23269.75,23281.5
1755785700,23281.5,23314.5,23272.5,23303.5,0,0,0,0,0,0,0,NaN,23314.5,23272.5,23303.5
1755786000,23301.5,23323.25,23297,23319.5,0,0,0,0,0,0,0,NaN,23323.25,23297,23319.5
1755786300,23319.25,23348.25,23299,23344.75,0,0,0,0,0,0,0,NaN,23348.25,23299,23344.75
1755786600,23344.75,23345.5,23284.5,23294.5,0,0,0,0,0,0,0,NaN,23345.5,23284.5,23294.5
1755786900,23295,23301.25,23257.25,23258.5,0,0,0,0,0,0,0,NaN,23301.25,23257.25,23258.5
1755787200,23257.75,23280,23249.25,23279.25,0,0,0,0,0,0,0,NaN,23280,23249.25,23279.25
1755787500,23278.75,23289.75,23255.25,23257.5,0,0,0,0,0,0,0,NaN,23289.75,23255.25,23257.5
1755787800,23258,23299.75,23258,23298.25,0,0,0,0,0,0,0,NaN,23299.75,23258,23298.25
1755788100,23297.75,23301.5,23284.5,23294.75,0,0,0,0,0,0,0,NaN,23301.5,23284.5,23294.75
1755788400,23295,23312.75,23278.25,23282.5,0,0,0,0,0,0,0,NaN,23312.75,23278.25,23282.5
1755788700,23282.75,23283,23260.5,23267,0,0,0,0,0,0,0,NaN,23283,23260.5,23267
1755789000,23267.5,23270.25,23208,23212,0,0,0,0,0,0,0,NaN,23270.25,23208,23212
1755789300,23212.25,23244.25,23204,23241,0,0,0,0,0,0,0,NaN,23244.25,23204,23241
1755789600,23240,23287.25,23227.75,23276.75,0,0,0,0,0,0,0,NaN,23287.25,23227.75,23276.75
1755789900,23277.25,23280,23243.75,23256.25,0,0,0,0,0,0,0,NaN,23280,23243.75,23256.25
1755790200,23256.25,23291.5,23254.25,23283.5,0,0,0,0,0,0,0,NaN,23291.5,23254.25,23283.5
1755790500,23283,23290.75,23275.5,23278,0,0,0,0,0,0,0,NaN,23290.75,23275.5,23278
1755790800,23278.5,23295.75,23268,23282.75,0,0,0,0,0,0,0,NaN,23295.75,23268,23282.75
1755791100,23283.5,23284,23250.5,23255,0,0,0,0,0,0,0,NaN,23284,23250.5,23255
1755791400,23255,23258,23201,23206.75,0,0,0,0,0,0,0,NaN,23258,23201,23206.75
1755791700,23207.25,23211.75,23191.25,23204.5,0,0,0,0,0,0,0,NaN,23211.75,23191.25,23204.5
1755792000,23204.25,23212.25,23181.25,23186.25,0,0,0,0,0,0,0,NaN,23212.25,23181.25,23186.25
1755792300,23186,23197.25,23177.75,23186.5,0,0,0,0,0,0,0,NaN,23197.25,23177.75,23186.5
1755792600,23186,23208.75,23175.75,23194.25,0,0,0,0,0,0,0,NaN,23208.75,23175.75,23194.25
1755792900,23194,23213.75,23193.5,23212,0,0,0,0,0,0,0,NaN,23213.75,23193.5,23212
1755793200,23212.25,23212.75,23196,23207.25,0,0,0,0,0,0,0,NaN,23212.75,23196,23207.25
1755793500,23207.5,23207.5,23172.75,23182.75,0,0,0,0,0,0,0,NaN,23207.5,23172.75,23182.75
1755793800,23182.25,23204.75,23176.25,23183.75,0,0,0,0,0,0,0,NaN,23204.75,23176.25,23183.75
1755794100,23183.75,23199.25,23174.5,23194.75,0,0,0,0,0,0,0,NaN,23199.25,23174.5,23194.75
1755794400,23195,23203.25,23181,23186.75,0,0,0,0,0,0,0,NaN,23203.25,23181,23186.75
1755794700,23186.5,23195.75,23175.5,23184.75,0,0,0,0,0,0,0,NaN,23195.75,23175.5,23184.75
1755795000,23185,23212.5,23182.75,23204.25,0,0,0,0,0,0,0,NaN,23212.5,23182.75,23204.25
1755795300,23204.25,23210.75,23150.5,23161.25,0,0,0,0,0,0,0,NaN,23210.75,23150.5,23161.25
1755795600,23161.5,23183,23153.25,23180.5,0,0,0,0,0,0,0,NaN,23183,23153.25,23180.5
1755795900,23181,23196,23173.75,23183.5,0,0,0,0,0,0,0,NaN,23196,23173.75,23183.5
1755796200,23182.75,23182.75,23153,23154.5,0,0,0,0,0,0,0,NaN,23182.75,23153,23154.5
1755796500,23154.25,23159.5,23132.25,23136,0,0,0,0,0,0,0,NaN,23159.5,23132.25,23136
1755796800,23135.75,23143.5,23121.75,23127.5,0,0,0,0,0,0,0,NaN,23143.5,23121.75,23127.5
1755797100,23128.25,23151.25,23119,23146.25,0,0,0,0,0,0,0,NaN,23151.25,23119,23146.25
1755797400,23146,23175.5,23140.75,23174.75,0,0,0,0,0,0,0,NaN,23175.5,23140.75,23174.75
1755797700,23174.75,23201.25,23171.75,23195.25,0,0,0,0,0,0,0,NaN,23201.25,23171.75,23195.25
1755798000,23195.5,23208.75,23191.25,23202.75,0,0,0,0,0,0,0,NaN,23208.75,23191.25,23202.75
1755798300,23201.5,23224.25,23200,23210.5,0,0,0,0,0,0,0,NaN,23224.25,23200,23210.5
1755798600,23210.75,23219.5,23190.5,23203.75,0,0,0,0,0,0,0,NaN,23219.5,23190.5,23203.75
1755798900,23203.75,23216,23199.5,23215,0,0,0,0,0,0,0,NaN,23216,23199.5,23215
1755799200,23214.5,23222.75,23205.25,23209,0,0,0,0,0,0,0,NaN,23222.75,23205.25,23209
1755799500,23209.5,23218.5,23191.5,23200,0,0,0,0,0,0,0,NaN,23218.5,23191.5,23200
1755799800,23199.75,23212.75,23188.75,23207,0,0,0,0,0,0,0,NaN,23212.75,23188.75,23207
1755800100,23206.5,23218.75,23197.25,23214.75,0,0,0,0,0,0,0,NaN,23218.75,23197.25,23214.75
1755800400,23215.25,23219.5,23199.25,23213.5,0,0,0,0,0,0,0,NaN,23219.5,23199.25,23213.5
1755800700,23213.75,23216.25,23197.25,23198.5,0,0,0,0,0,0,0,NaN,23216.25,23197.25,23198.5
1755801000,23198.5,23204.5,23179.5,23202.75,0,0,0,0,0,0,0,NaN,23204.5,23179.5,23202.75
1755801300,23203,23221.75,23199.75,23218.5,0,0,0,0,0,0,0,NaN,23221.75,23199.75,23218.5
1755801600,23217.75,23221.75,23196.75,23199,0,0,0,0,0,0,0,NaN,23221.75,23196.75,23199
1755801900,23198.5,23199.5,23182.25,23199,0,0,0,0,0,0,0,NaN,23199.5,23182.25,23199
1755802200,23199.25,23224.25,23193.75,23216.5,0,0,0,0,0,0,0,NaN,23224.25,23193.75,23216.5
1755802500,23216.75,23235,23202.75,23225.5,0,0,0,0,0,0,0,NaN,23235,23202.75,23225.5
1755802800,23225,23242.5,23220.75,23231.5,0,0,0,0,0,0,0,NaN,23242.5,23220.75,23231.5
1755803100,23232,23251.25,23228.5,23244.5,0,0,0,0,0,0,0,NaN,23251.25,23228.5,23244.5
1755803400,23244.75,23252.25,23241.25,23247.5,0,0,0,0,0,0,0,NaN,23252.25,23241.25,23247.5
1755803700,23247.75,23252.75,23238.25,23245,0,0,0,0,0,0,0,NaN,23252.75,23238.25,23245
1755804000,23245.5,23254.5,23240,23252.25,0,0,0,0,0,0,0,NaN,23254.5,23240,23252.25
1755804300,23251.5,23255.25,23234.75,23236.5,0,0,0,0,0,0,0,NaN,23255.25,23234.75,23236.5
1755804600,23236.5,23238.75,23228.25,23229.75,0,0,0,0,0,0,0,NaN,23238.75,23228.25,23229.75
1755804900,23229.75,23233,23213.75,23219,0,0,0,0,0,0,0,NaN,23233,23213.75,23219
1755805200,23219.5,23227.75,23207.5,23216,0,0,0,0,0,0,0,NaN,23227.75,23207.5,23216
1755805500,23216,23223.75,23206.5,23222,0,0,0,0,0,0,0,NaN,23223.75,23206.5,23222
1755805800,23221,23234.5,23210.5,23223.5,0,0,0,0,0,0,0,NaN,23234.5,23210.5,23223.5
1755806100,23223.5,23233,23203.5,23217.5,0,0,0,0,0,0,0,NaN,23233,23203.5,23217.5
1755806400,23217.5,23222.25,23200,23206.5,0,0,0,0,0,0,0,NaN,23222.25,23200,23206.5
1755806700,23207.25,23209,23202,23204.5,0,0,0,0,0,0,0,NaN,23209,23202,23204.5
1755807000,23204.75,23222.25,23203.75,23221.25,0,0,0,0,0,0,0,NaN,23222.25,23203.75,23221.25
1755807300,23221.5,23223.25,23216,23220,0,0,0,0,0,0,0,NaN,23223.25,23216,23220
1755807600,23220,23220.5,23216.25,23219.25,0,0,0,0,0,0,0,NaN,23220.5,23216.25,23219.25
1755807900,23219.5,23221.75,23210.25,23211.25,0,0,0,0,0,0,0,NaN,23221.75,23210.25,23211.25
1755808200,23211.5,23213.5,23207.5,23208.25,0,0,0,0,0,0,0,NaN,23213.5,23207.5,23208.25
1755808500,23208,23217.25,23206.75,23216.5,0,0,0,0,0,0,0,NaN,23217.25,23206.75,23216.5
1755808800,23215.75,23222,23215.5,23218.25,0,0,0,0,0,0,0,NaN,23222,23215.5,23218.25
1755809100,23218.5,23225.75,23216.25,23225.25,0,0,0,0,0,0,0,NaN,23225.75,23216.25,23225.25
1755809400,23225,23226.25,23220.75,23221.25,0,0,0,0,0,0,0,NaN,23226.25,23220.75,23221.25
1755809700,23221.25,23224.25,23218.5,23221.75,0,0,0,0,0,0,0,NaN,23224.25,23218.5,23221.75
1755813600,23225.25,23244.5,23223.25,23232,0,0,0,0,0,0,0,NaN,23244.5,23223.25,23232
1755813900,23233.25,23241.75,23230.5,23238.25,0,0,0,0,0,0,0,NaN,23241.75,23230.5,23238.25
1755814200,23239,23244.75,23237.25,23238,0,0,0,0,0,0,0,NaN,23244.75,23237.25,23238
1755814500,23237.75,23246.25,23235.25,23241.25,0,0,0,0,0,0,0,NaN,23246.25,23235.25,23241.25
1755814800,23241.25,23244.25,23236.25,23236.25,0,0,0,0,0,0,0,NaN,23244.25,23236.25,23236.25
1755815100,23236.25,23237.25,23227.75,23229.75,0,0,0,0,0,0,0,NaN,23237.25,23227.75,23229.75
1755815400,23229.75,23237,23229,23233.25,0,0,0,0,0,0,0,NaN,23237,23229,23233.25
1755815700,23233.75,23241.75,23227,23239.5,0,0,0,0,0,0,0,NaN,23241.75,23227,23239.5
1755816000,23239,23248.5,23235.75,23248.25,0,0,0,0,0,0,0,NaN,23248.5,23235.75,23248.25
1755816300,23247.25,23250.25,23238,23240.25,0,0,0,0,0,0,0,NaN,23250.25,23238,23240.25
1755816600,23241.75,23246,23240.25,23242.5,0,0,0,0,0,0,0,NaN,23246,23240.25,23242.5
1755816900,23243,23249,23243,23244.5,0,0,0,0,0,0,0,NaN,23249,23243,23244.5
1755817200,23244,23244.25,23239.25,23241,0,0,0,0,0,0,0,NaN,23244.25,23239.25,23241
1755817500,23241,23241,23235,23238.25,0,0,0,0,0,0,0,NaN,23241,23235,23238.25
1755817800,23238,23241.25,23235.75,23238,0,0,0,0,0,0,0,NaN,23241.25,23235.75,23238
1755818100,23238.75,23248.25,23238.25,23246.5,0,0,0,0,0,0,0,NaN,23248.25,23238.25,23246.5
1755818400,23246.5,23251.5,23246.5,23249.75,0,0,0,0,0,0,0,NaN,23251.5,23246.5,23249.75
1755818700,23248.75,23250.25,23245.5,23248,0,0,0,0,0,0,0,NaN,23250.25,23245.5,23248
1755819000,23248.75,23251.75,23231,23233.25,0,0,0,0,0,0,0,NaN,23251.75,23231,23233.25
1755819300,23233.75,23241.75,23232.5,23241.75,0,0,0,0,0,0,0,NaN,23241.75,23232.5,23241.75
1755819600,23241,23245.75,23237.5,23237.75,0,0,0,0,0,0,0,NaN,23245.75,23237.5,23237.75
1755819900,23237.5,23244.75,23236.75,23242.75,0,0,0,0,0,0,0,NaN,23244.75,23236.75,23242.75
1755820200,23243.25,23251,23242.25,23245.5,0,0,0,0,0,0,0,NaN,23251,23242.25,23245.5
1755820500,23245.5,23252.5,23245.5,23248.25,0,0,0,0,0,0,0,NaN,23252.5,23245.5,23248.25
1755820800,23249.5,23250,23234,23234,0,0,0,0,0,0,0,NaN,23250,23234,23234
1755821100,23234,23239,23214.75,23229.75,0,0,0,0,0,0,0,NaN,23239,23214.75,23229.75
1755821400,23230,23230,23187,23195.25,0,0,0,0,0,0,0,NaN,23230,23187,23195.25
1755821700,23193.5,23200.5,23181,23200,0,0,0,0,0,0,0,NaN,23200.5,23181,23200
1755822000,23200.75,23213.75,23199.25,23213,0,0,0,0,0,0,0,NaN,23213.75,23199.25,23213
1755822300,23214,23214,23190.75,23200.25,0,0,0,0,0,0,0,NaN,23214,23190.75,23200.25
1755822600,23202,23217.5,23201.25,23211.5,0,0,0,0,0,0,0,NaN,23217.5,23201.25,23211.5
1755822900,23212.25,23220.75,23212.25,23219.5,0,0,0,0,0,0,0,NaN,23220.75,23212.25,23219.5
1755823200,23218.5,23222.5,23213.75,23216.75,0,0,0,0,0,0,0,NaN,23222.5,23213.75,23216.75
1755823500,23214.75,23219,23214.75,23214.75,0,0,0,0,0,0,0,NaN,23219,23214.75,23214.75
1755823800,23215.25,23217.25,23212.25,23214,0,0,0,0,0,0,0,NaN,23217.25,23212.25,23214
1755824100,23213.25,23217,23206.25,23212.5,0,0,0,0,0,0,0,NaN,23217,23206.25,23212.5
1755824400,23214,23221.75,23206.75,23211.75,0,0,0,0,0,0,0,NaN,23221.75,23206.75,23211.75
1755824700,23211,23213.25,23194.25,23196,0,0,0,0,0,0,0,NaN,23213.25,23194.25,23196
1755825000,23195,23204.75,23192.25,23201,0,0,0,0,0,0,0,NaN,23204.75,23192.25,23201
1755825300,23201,23217.75,23196.5,23212.25,0,0,0,0,0,0,0,NaN,23217.75,23196.5,23212.25
1755825600,23210.75,23213.75,23196,23200,0,0,0,0,0,0,0,NaN,23213.75,23196,23200
1755825900,23201.5,23210.25,23196.5,23209.25,0,0,0,0,0,0,0,NaN,23210.25,23196.5,23209.25
1755826200,23208.5,23210,23196.5,23203.25,0,0,0,0,0,0,0,NaN,23210,23196.5,23203.25
1755826500,23203.75,23209,23197.25,23200,0,0,0,0,0,0,0,NaN,23209,23197.25,23200
1755826800,23200.5,23209,23196.25,23206.75,0,0,0,0,0,0,0,NaN,23209,23196.25,23206.75
1755827100,23207.75,23207.75,23199,23200,0,0,0,0,0,0,0,NaN,23207.75,23199,23200
1755827400,23199.5,23203.75,23196.25,23199.25,0,0,0,0,0,0,0,NaN,23203.75,23196.25,23199.25
1755827700,23200.5,23209.75,23200.25,23207,0,0,0,0,0,0,0,NaN,23209.75,23200.25,23207
1755828000,23207,23210,23203,23209.25,0,0,0,0,0,0,0,NaN,23210,23203,23209.25
1755828300,23209.25,23219.75,23209.25,23218,0,0,0,0,0,0,0,NaN,23219.75,23209.25,23218
1755828600,23218,23227.5,23216,23225.75,0,0,0,0,0,0,0,NaN,23227.5,23216,23225.75
1755828900,23226,23228.75,23223,23225.75,0,0,0,0,0,0,0,NaN,23228.75,23223,23225.75
1755829200,23225.75,23230,23225,23226.25,0,0,0,0,0,0,0,NaN,23230,23225,23226.25
1755829500,23226.5,23228,23217.5,23224.25,0,0,0,0,0,0,0,NaN,23228,23217.5,23224.25
1755829800,23224.5,23228,23220.25,23220.5,0,0,0,0,0,0,0,NaN,23228,23220.25,23220.5
1755830100,23220.5,23228.5,23218.75,23225.25,0,0,0,0,0,0,0,NaN,23228.5,23218.75,23225.25
1755830400,23227,23230.75,23221.75,23228.75,0,0,0,0,0,0,0,NaN,23230.75,23221.75,23228.75
1755830700,23229,23233.75,23226,23226.25,0,0,0,0,0,0,0,NaN,23233.75,23226,23226.25
1755831000,23225.75,23226.25,23220,23220.25,0,0,0,0,0,0,0,NaN,23226.25,23220,23220.25
1755831300,23220,23220.25,23206.75,23206.75,0,0,0,0,0,0,0,NaN,23220.25,23206.75,23206.75
1755831600,23207,23210.25,23192.5,23193.25,0,0,0,0,0,0,0,NaN,23210.25,23192.5,23193.25
1755831900,23193.25,23201,23191.75,23199.75,0,0,0,0,0,0,0,NaN,23201,23191.75,23199.75
1755832200,23199.5,23203.25,23193,23195.25,0,0,0,0,0,0,0,NaN,23203.25,23193,23195.25
1755832500,23195.25,23201.25,23194.5,23200,0,0,0,0,0,0,0,NaN,23201.25,23194.5,23200
1755832800,23200.75,23203.75,23198,23199,0,0,0,0,0,0,0,NaN,23203.75,23198,23199
1755833100,23200,23201.75,23198.25,23200,0,0,0,0,0,0,0,NaN,23201.75,23198.25,23200
1755833400,23200,23205.25,23198.75,23204.75,0,0,0,0,0,0,0,NaN,23205.25,23198.75,23204.75
1755833700,23204,23211.25,23204,23208.25,0,0,0,0,0,0,0,NaN,23211.25,23204,23208.25
1755834000,23208.25,23208.25,23200,23201.5,0,0,0,0,0,0,0,NaN,23208.25,23200,23201.5
1755834300,23201.75,23201.75,23196.75,23201.25,0,0,0,0,0,0,0,NaN,23201.75,23196.75,23201.25
1755834600,23200.5,23200.5,23197.25,23198.5,0,0,0,0,0,0,0,NaN,23200.5,23197.25,23198.5
1755834900,23199.25,23201.75,23193.25,23194.75,0,0,0,0,0,0,0,NaN,23201.75,23193.25,23194.75
1755835200,23194.5,23201.5,23193,23198.5,0,0,0,0,0,1,0,NaN,23201.5,23193,23198.5
1755835500,23198.25,23206.75,23198.25,23204.75,0,0,0,0,0,0,0,NaN,23206.75,23198.25,23204.75
1755835800,23206,23208.5,23204.25,23205.5,0,0,0,0,0,0,0,NaN,23208.5,23204.25,23205.5
1755836100,23205.25,23206.75,23201.25,23205.25,0,0,0,0,0,0,0,NaN,23206.75,23201.25,23205.25
1755836400,23205.5,23210.75,23203.5,23210.25,0,0,0,0,0,0,0,NaN,23210.75,23203.5,23210.25
1755836700,23209.75,23212.75,23203.5,23203.5,0,0,0,0,0,0,0,NaN,23212.75,23203.5,23203.5
1755837000,23204.5,23206,23202,23204.75,0,0,0,0,0,0,0,NaN,23206,23202,23204.75
1755837300,23204.25,23209.5,23203.5,23207,0,0,0,0,0,0,0,NaN,23209.5,23203.5,23207
1755837600,23207,23210.75,23206.25,23209,0,0,0,0,0,0,0,NaN,23210.75,23206.25,23209
1755837900,23210.5,23215.75,23210.25,23213.5,0,0,0,0,0,0,0,NaN,23215.75,23210.25,23213.5
1755838200,23213.5,23213.5,23210.25,23211,0,0,0,0,0,0,0,NaN,23213.5,23210.25,23211
1755838500,23211,23211.5,23207.25,23209.5,0,0,0,0,0,0,0,NaN,23211.5,23207.25,23209.5
1755838800,23209.75,23212.25,23208,23210,0,0,0,0,0,0,0,NaN,23212.25,23208,23210
1755839100,23210,23210.75,23193.75,23196,0,0,0,0,0,0,0,NaN,23210.75,23193.75,23196
1755839400,23195,23200.75,23194.75,23197.75,0,0,0,0,0,0,0,NaN,23200.75,23194.75,23197.75
1755839700,23197.5,23199.5,23192,23192.75,0,0,0,0,0,0,0,NaN,23199.5,23192,23192.75
1755840000,23192,23197.5,23187,23191,0,0,0,0,0,0,0,NaN,23197.5,23187,23191
1755840300,23189.75,23191.75,23186.25,23191,0,0,0,0,0,0,0,NaN,23191.75,23186.25,23191
1755840600,23190.5,23196,23188.25,23194.25,0,0,0,0,0,0,0,NaN,23196,23188.25,23194.25
1755840900,23193.25,23195.25,23184.75,23185.75,0,0,0,0,0,0,0,NaN,23195.25,23184.75,23185.75
1755841200,23186,23189,23181,23188,0,0,0,0,0,0,0,NaN,23189,23181,23188
1755841500,23187.75,23197.75,23187.75,23194.75,0,0,0,0,0,0,0,NaN,23197.75,23187.75,23194.75
1755841800,23195,23205.25,23195,23204,0,0,0,0,0,0,0,NaN,23205.25,23195,23204
1755842100,23204.5,23204.75,23189.25,23191.25,0,0,0,0,0,0,0,NaN,23204.75,23189.25,23191.25
1755842400,23190.25,23191.5,23177.75,23178.25,0,0,0,0,0,0,0,NaN,23191.5,23177.75,23178.25
1755842700,23177.75,23182.25,23172.75,23174.5,0,0,0,0,0,0,0,NaN,23182.25,23172.75,23174.5
1755843000,23174,23180.5,23170,23178.5,0,0,0,0,0,0,0,NaN,23180.5,23170,23178.5
1755843300,23178.25,23180.25,23173.25,23173.75,0,0,0,0,0,0,0,NaN,23180.25,23173.25,23173.75
1755843600,23173.25,23178,23169.75,23170.5,0,0,0,0,0,0,0,NaN,23178,23169.75,23170.5
1755843900,23169.5,23170.5,23159.25,23166,0,0,0,0,0,0,0,NaN,23170.5,23159.25,23166
1755844200,23168.25,23173.75,23147,23154,0,0,0,0,0,0,0,NaN,23173.75,23147,23154
1755844500,23153.25,23157.5,23130.75,23134.25,0,0,0,0,0,0,0,NaN,23157.5,23130.75,23134.25
1755844800,23134.5,23134.5,23076.75,23090.25,0,0,0,0,0,0,0,NaN,23134.5,23076.75,23090.25
1755845100,23089,23121.75,23080.5,23119.5,0,0,0,0,0,0,0,NaN,23121.75,23080.5,23119.5
1755845400,23119.5,23142.25,23119.5,23141.5,0,0,0,0,0,0,0,NaN,23142.25,23119.5,23141.5
1755845700,23142,23144.25,23125.5,23139.5,0,0,0,0,0,0,0,NaN,23144.25,23125.5,23139.5
1755846000,23139.25,23167.75,23134.25,23167,0,0,0,0,0,0,0,NaN,23167.75,23134.25,23167
1755846300,23166.5,23172.5,23162.5,23168.75,0,0,0,0,0,0,0,NaN,23172.5,23162.5,23168.75
1755846600,23169.5,23178.75,23166.5,23174.75,0,0,0,0,0,0,0,NaN,23178.75,23166.5,23174.75
1755846900,23175,23182,23167,23173.75,0,0,0,0,0,0,0,NaN,23182,23167,23173.75
1755847200,23173.5,23183.5,23171.5,23178.75,0,0,0,0,0,0,0,NaN,23183.5,23171.5,23178.75
1755847500,23179,23185.5,23170.75,23179,0,0,0,0,0,0,0,NaN,23185.5,23170.75,23179
1755847800,23178.75,23182.75,23173,23176.25,0,0,0,0,0,0,0,NaN,23182.75,23173,23176.25
1755848100,23177.5,23181.75,23173,23176.75,0,0,0,0,0,0,0,NaN,23181.75,23173,23176.75
1755848400,23176.5,23181,23168.25,23176.25,0,0,0,0,0,0,0,NaN,23181,23168.25,23176.25
1755848700,23176.5,23182,23171.75,23178.75,0,0,0,0,0,0,0,NaN,23182,23171.75,23178.75
1755849000,23178.75,23193,23177.75,23188.25,0,0,0,0,0,0,0,NaN,23193,23177.75,23188.25
1755849300,23189.75,23200.25,23189.5,23196.5,0,0,0,0,0,0,0,NaN,23200.25,23189.5,23196.5
1755849600,23196.25,23203,23191,23202,0,0,0,0,0,0,0,NaN,23203,23191,23202
1755849900,23201.75,23226.5,23198.25,23224,0,0,0,0,0,0,0,NaN,23226.5,23198.25,23224
1755850200,23225,23236,23222.75,23232.25,0,0,0,0,0,0,0,NaN,23236,23222.75,23232.25
1755850500,23232.5,23243.5,23225.5,23242.5,0,0,0,0,0,0,0,NaN,23243.5,23225.5,23242.5
1755850800,23243,23250,23233.5,23235.25,0,0,0,0,0,0,0,NaN,23250,23233.5,23235.25
1755851100,23236,23243,23231.5,23233.75,0,0,0,0,0,0,0,NaN,23243,23231.5,23233.75
1755851400,23234,23234,23223.25,23229,0,0,0,0,0,0,0,NaN,23234,23223.25,23229
1755851700,23229.5,23243.5,23227.5,23241.25,0,0,0,0,0,0,0,NaN,23243.5,23227.5,23241.25
1755852000,23241.75,23256.5,23238,23248.25,0,0,0,0,0,0,0,NaN,23256.5,23238,23248.25
1755852300,23248.5,23254.75,23247.5,23248.25,0,0,0,0,0,0,0,NaN,23254.75,23247.5,23248.25
1755852600,23248.25,23255.75,23243.75,23246.5,0,0,0,0,0,0,0,NaN,23255.75,23243.75,23246.5
1755852900,23245.25,23254,23243,23253,0,0,0,0,0,0,0,NaN,23254,23243,23253
1755853200,23253.75,23254,23239.5,23241.75,0,0,0,0,0,0,0,NaN,23254,23239.5,23241.75
1755853500,23242,23250,23240.75,23241.75,0,0,0,0,0,0,0,NaN,23250,23240.75,23241.75
1755853800,23242.5,23248.5,23237.5,23246,0,0,0,0,0,0,0,NaN,23248.5,23237.5,23246
1755854100,23247,23251,23244.25,23247,0,0,0,0,0,0,0,NaN,23251,23244.25,23247
1755854400,23246.5,23249,23241.5,23241.5,0,0,0,0,0,0,0,NaN,23249,23241.5,23241.5
1755854700,23241.25,23247,23232.5,23244.25,0,0,0,0,0,0,0,NaN,23247,23232.5,23244.25
1755855000,23244.75,23249.75,23241.75,23243.5,0,0,0,0,0,0,0,NaN,23249.75,23241.75,23243.5
1755855300,23242,23242,23230.75,23236.25,0,0,0,0,0,0,0,NaN,23242,23230.75,23236.25
1755855600,23236.75,23246.75,23236.75,23241.25,0,0,0,0,0,0,0,NaN,23246.75,23236.75,23241.25
1755855900,23240.75,23248.25,23237.25,23247,0,0,0,0,0,0,0,NaN,23248.25,23237.25,23247
1755856200,23246.75,23251.5,23241.5,23251,0,0,0,0,0,0,0,NaN,23251.5,23241.5,23251
1755856500,23249.75,23254.25,23245.75,23251.75,0,0,0,0,0,0,0,NaN,23254.25,23245.75,23251.75
1755856800,23253,23262.25,23251,23261.75,0,0,0,0,0,0,0,NaN,23262.25,23251,23261.75
1755857100,23261.75,23269.5,23258.5,23269.5,0,0,0,0,0,0,0,NaN,23269.5,23258.5,23269.5
1755857400,23269.5,23273.75,23264.75,23268.75,0,0,0,0,0,0,0,NaN,23273.75,23264.75,23268.75
1755857700,23269,23269.75,23253.5,23259.25,0,0,0,0,0,0,0,NaN,23269.75,23253.5,23259.25
1755858000,23258.5,23260.75,23255.75,23260.5,0,0,0,0,0,0,0,NaN,23260.75,23255.75,23260.5
1755858300,23261,23269.5,23260.5,23268.5,0,0,0,0,0,0,0,NaN,23269.5,23260.5,23268.5
1755858600,23268.25,23274.75,23266.25,23269.25,0,0,0,0,0,0,0,NaN,23274.75,23266.25,23269.25
1755858900,23269,23271,23261.25,23263,0,0,0,0,0,0,0,NaN,23271,23261.25,23263
1755859200,23263,23271,23261.25,23268.25,0,0,0,0,0,0,0,NaN,23271,23261.25,23268.25
1755859500,23269.25,23270.75,23263.75,23264.25,0,0,0,0,0,0,0,NaN,23270.75,23263.75,23264.25
1755859800,23264,23267,23259.5,23264.5,0,0,0,0,0,0,0,NaN,23267,23259.5,23264.5
1755860100,23264.5,23267.5,23261.5,23265.5,0,0,0,0,0,0,0,NaN,23267.5,23261.5,23265.5
1755860400,23265.75,23275.75,23260,23268.75,0,0,0,0,0,0,0,NaN,23275.75,23260,23268.75
1755860700,23269,23280.75,23267.75,23274.5,0,0,0,0,0,0,0,NaN,23280.75,23267.75,23274.5
1755861000,23274.5,23276.25,23255,23256.75,0,0,0,0,0,0,0,NaN,23276.25,23255,23256.75
1755861300,23257.75,23261.75,23251.25,23255.25,0,0,0,0,0,0,0,NaN,23261.75,23251.25,23255.25
1755861600,23254.5,23257.75,23250.25,23255.75,0,0,0,0,0,0,0,NaN,23257.75,23250.25,23255.75
1755861900,23255.25,23256.5,23252,23253.25,0,0,0,0,0,0,0,NaN,23256.5,23252,23253.25
1755862200,23253.75,23259.5,23244.5,23251.25,0,0,0,0,0,0,0,NaN,23259.5,23244.5,23251.25
1755862500,23251,23251,23243.5,23245.5,0,0,0,0,0,0,0,NaN,23251,23243.5,23245.5
1755862800,23246,23250.75,23240.75,23246.25,0,0,0,0,0,0,0,NaN,23250.75,23240.75,23246.25
1755863100,23246.5,23255.5,23246.5,23255.25,0,0,0,0,0,0,0,NaN,23255.5,23246.5,23255.25
1755863400,23255,23260,23253.5,23254.5,0,0,0,0,0,0,0,NaN,23260,23253.5,23254.5
1755863700,23254.75,23256.75,23245.25,23253.25,0,0,0,0,0,0,0,NaN,23256.75,23245.25,23253.25
1755864000,23252.25,23260.75,23247.5,23256,0,0,0,0,0,0,0,NaN,23260.75,23247.5,23256
1755864300,23256.5,23261.5,23252.75,23256,0,0,0,0,0,0,0,NaN,23261.5,23252.75,23256
1755864600,23255,23260,23245.5,23255.25,0,0,0,0,0,0,0,NaN,23260,23245.5,23255.25
1755864900,23254.75,23269,23251.75,23267,0,0,0,0,0,0,0,NaN,23269,23251.75,23267
1755865200,23267.25,23271.25,23263.5,23264.75,0,0,0,0,0,0,0,NaN,23271.25,23263.5,23264.75
1755865500,23265,23275,23259.75,23271.25,0,0,0,0,0,0,0,NaN,23275,23259.75,23271.25
1755865800,23271,23272.25,23256.25,23258,0,0,0,0,0,0,0,NaN,23272.25,23256.25,23258
1755866100,23257.25,23259.75,23244.25,23259.75,0,0,0,0,0,0,0,NaN,23259.75,23244.25,23259.75
1755866400,23259.25,23259.75,23249.25,23255.5,0,0,0,0,0,0,0,NaN,23259.75,23249.25,23255.5
1755866700,23255.25,23262.5,23247.25,23249.5,0,0,0,0,0,0,0,NaN,23262.5,23247.25,23249.5
1755867000,23249,23256.5,23246,23247.5,0,0,0,0,0,0,0,NaN,23256.5,23246,23247.5
1755867300,23248,23249.5,23239.5,23242.75,0,0,0,0,0,0,0,NaN,23249.5,23239.5,23242.75
1755867600,23242,23253.5,23235.5,23253,0,0,0,0,0,0,0,NaN,23253.5,23235.5,23253
1755867900,23253.75,23265.5,23252.25,23256.25,0,0,0,0,0,0,0,NaN,23265.5,23252.25,23256.25
1755868200,23256.5,23258.5,23246.25,23252.5,0,0,0,0,0,0,0,NaN,23258.5,23246.25,23252.5
1755868500,23251.5,23262.25,23247.75,23259.5,0,0,0,0,0,0,0,NaN,23262.25,23247.75,23259.5
1755868800,23260,23265,23254,23254.5,0,0,0,0,0,0,0,NaN,23265,23254,23254.5
1755869100,23254.75,23265.75,23245.5,23265,0,0,0,0,0,0,0,NaN,23265.75,23245.5,23265
1755869400,23264.5,23272.75,23205.5,23233.5,0,0,0,0,0,0,0,NaN,23272.75,23205.5,23233.5
1755869700,23233.5,23285.25,23226,23277,0,0,0,0,0,0,0,NaN,23285.25,23226,23277
1755870000,23277.25,23324,23266.5,23322.25,0,0,0,0,0,0,0,NaN,23324,23266.5,23322.25
1755870300,23322.5,23337.5,23294.25,23333.25,0,0,0,0,0,0,0,NaN,23337.5,23294.25,23333.25
1755870600,23334,23342.25,23306.25,23312,0,0,0,0,0,0,0,NaN,23342.25,23306.25,23312
1755870900,23312,23315.75,23246.25,23268.5,0,0,0,0,0,0,0,NaN,23315.75,23246.25,23268.5
1755871200,23268.75,23537,23268.75,23486.5,0,0,0,0,0,0,0,NaN,23537,23268.75,23486.5
1755871500,23486,23585,23483,23570.75,0,0,0,0,0,0,0,NaN,23585,23483,23570.75
1755871800,23569.5,23596.5,23541.25,23587,0,0,0,0,0,0,0,NaN,23596.5,23541.25,23587
1755872100,23586.75,23633,23553,23567.25,0,0,0,0,0,0,0,NaN,23633,23553,23567.25
1755872400,23565.25,23578,23492,23540.25,0,0,0,0,0,0,0,NaN,23578,23492,23540.25
1755872700,23540,23585,23525,23553.75,0,0,0,0,0,0,0,NaN,23585,23525,23553.75
1755873000,23554.5,23600,23554.5,23590.25,0,0,0,0,0,0,0,NaN,23600,23554.5,23590.25
1755873300,23589.75,23615,23579.5,23586.25,0,0,0,0,0,0,0,NaN,23615,23579.5,23586.25
1755873600,23586.5,23625.5,23586.5,23621,0,0,0,0,0,0,0,NaN,23625.5,23586.5,23621
1755873900,23620.5,23647.5,23608.5,23611.75,0,0,0,0,0,0,0,NaN,23647.5,23608.5,23611.75
1755874200,23613,23627.25,23594.5,23618.75,0,0,0,0,0,0,0,NaN,23627.25,23594.5,23618.75
1755874500,23618,23635,23602.25,23602.75,0,0,0,0,0,0,0,NaN,23635,23602.25,23602.75
1755874800,23603.75,23650,23601.5,23646,0,0,0,0,0,0,0,NaN,23650,23601.5,23646
1755875100,23645.75,23647,23621,23625.25,0,0,0,0,0,0,0,NaN,23647,23621,23625.25
1755875400,23624,23648.5,23618.5,23622,0,0,0,0,0,0,0,NaN,23648.5,23618.5,23622
1755875700,23622.5,23637.25,23617.25,23630.75,0,0,0,0,0,0,0,NaN,23637.25,23617.25,23630.75
1755876000,23630,23636.75,23610.75,23610.75,0,0,0,0,0,0,0,NaN,23636.75,23610.75,23610.75
1755876300,23611,23628.25,23605,23621.25,0,0,0,0,0,0,0,NaN,23628.25,23605,23621.25
1755876600,23621,23645,23620.25,23639.25,0,0,0,0,0,0,0,NaN,23645,23620.25,23639.25
1755876900,23638.75,23645.75,23605.5,23614.25,0,0,0,0,0,0,0,NaN,23645.75,23605.5,23614.25
1755877200,23614.25,23619.75,23606.75,23616,0,0,0,0,0,0,0,NaN,23619.75,23606.75,23616
1755877500,23615.75,23625.5,23585.25,23590.5,0,0,0,0,0,0,0,NaN,23625.5,23585.25,23590.5
1755877800,23590.25,23595.75,23577,23584.5,0,0,0,0,0,0,0,NaN,23595.75,23577,23584.5
1755878100,23585,23595,23565,23569,0,0,0,0,0,0,0,NaN,23595,23565,23569
1755878400,23569.25,23591.5,23566.25,23588,0,0,0,0,0,0,0,NaN,23591.5,23566.25,23588
1755878700,23588.25,23589.25,23570,23572,0,0,0,0,0,0,0,NaN,23589.25,23570,23572
1755879000,23573,23580,23545.25,23555.5,0,0,0,0,0,0,0,NaN,23580,23545.25,23555.5
1755879300,23555,23562.5,23523.75,23543.75,0,0,0,0,0,0,0,NaN,23562.5,23523.75,23543.75
1755879600,23543.75,23566.75,23538.25,23550.25,0,0,0,0,0,0,0,NaN,23566.75,23538.25,23550.25
1755879900,23550.75,23551.25,23525,23533.5,0,0,0,0,0,0,0,NaN,23551.25,23525,23533.5
1755880200,23534.25,23555.75,23531.75,23550.5,0,0,0,0,0,0,0,NaN,23555.75,23531.75,23550.5
1755880500,23551,23561.75,23542.25,23546.5,0,0,0,0,0,0,0,NaN,23561.75,23542.25,23546.5
1755880800,23546.25,23557.5,23537,23545.75,0,0,0,0,0,0,0,NaN,23557.5,23537,23545.75
1755881100,23545.5,23552.5,23540.5,23543.5,0,0,0,0,0,0,0,NaN,23552.5,23540.5,23543.5
1755881400,23544,23550.25,23525,23531,0,0,0,0,0,0,0,NaN,23550.25,23525,23531
1755881700,23531.25,23533,23507.25,23528.5,0,0,0,0,0,0,0,NaN,23533,23507.25,23528.5
1755882000,23528.25,23555.75,23527.75,23554.25,0,0,0,0,0,0,0,NaN,23555.75,23527.75,23554.25
1755882300,23554.5,23571.75,23553,23561.25,0,0,0,0,0,0,0,NaN,23571.75,23553,23561.25
1755882600,23561.5,23586.75,23555.5,23578.5,0,0,0,0,0,0,0,NaN,23586.75,23555.5,23578.5
1755882900,23579,23590,23574.25,23587.75,0,0,0,0,0,0,0,NaN,23590,23574.25,23587.75
1755883200,23587.75,23608.75,23585.5,23601,0,0,0,0,0,0,0,NaN,23608.75,23585.5,23601
1755883500,23600.75,23616.75,23599.75,23616,0,0,0,0,0,0,0,NaN,23616.75,23599.75,23616
1755883800,23615.75,23619,23603,23604.75,0,0,0,0,0,0,0,NaN,23619,23603,23604.75
1755884100,23604.75,23614,23600,23609.25,0,0,0,0,0,0,0,NaN,23614,23600,23609.25
1755884400,23609.5,23616,23604.25,23615.5,0,0,0,0,0,0,0,NaN,23616,23604.25,23615.5
1755884700,23615.75,23622.25,23607.75,23607.75,0,0,0,0,0,0,0,NaN,23622.25,23607.75,23607.75
1755885000,23608.25,23620.25,23608,23619.5,0,0,0,0,0,0,0,NaN,23620.25,23608,23619.5
1755885300,23619.25,23625,23601,23605.75,0,0,0,0,0,0,0,NaN,23625,23601,23605.75
1755885600,23606.25,23616.75,23605,23613.75,0,0,0,0,0,0,0,NaN,23616.75,23605,23613.75
1755885900,23613.5,23615,23594.25,23604.5,0,0,0,0,0,0,0,NaN,23615,23594.25,23604.5
1755886200,23605,23613.25,23601,23603.5,0,0,0,0,0,0,0,NaN,23613.25,23601,23603.5
1755886500,23604.25,23607.25,23595.25,23597,0,0,0,0,0,0,0,NaN,23607.25,23595.25,23597
1755886800,23597.25,23603.5,23587.25,23593.5,0,0,0,0,0,0,0,NaN,23603.5,23587.25,23593.5
1755887100,23593.5,23605.25,23589.5,23594.75,0,0,0,0,0,0,0,NaN,23605.25,23589.5,23594.75
1755887400,23595.5,23608.5,23594.25,23606.25,0,0,0,0,0,0,0,NaN,23608.5,23594.25,23606.25
1755887700,23605.75,23615.5,23600,23603.25,0,0,0,0,0,0,0,NaN,23615.5,23600,23603.25
1755888000,23603.5,23603.75,23589.25,23595.25,0,0,0,0,0,0,0,NaN,23603.75,23589.25,23595.25
1755888300,23595.5,23608.5,23592.5,23601.5,0,0,0,0,0,0,0,NaN,23608.5,23592.5,23601.5
1755888600,23601.75,23604,23591.25,23597.25,0,0,0,0,0,0,0,NaN,23604,23591.25,23597.25
1755888900,23597.25,23597.5,23582.25,23586.5,0,0,0,0,0,0,0,NaN,23597.5,23582.25,23586.5
1755889200,23586,23593.75,23582.5,23589.25,0,0,0,0,0,0,0,NaN,23593.75,23582.5,23589.25
1755889500,23589.25,23590.25,23575.75,23578,0,0,0,0,0,0,0,NaN,23590.25,23575.75,23578
1755889800,23577.5,23585.5,23572,23581.5,0,0,0,0,0,0,0,NaN,23585.5,23572,23581.5
1755890100,23581.25,23583.25,23570,23572,0,0,0,0,0,0,0,NaN,23583.25,23570,23572
1755890400,23572,23584.5,23566.5,23583,0,0,0,0,0,0,0,NaN,23584.5,23566.5,23583
1755890700,23582.25,23585,23573,23575.25,0,0,0,0,0,0,0,NaN,23585,23573,23575.25
1755891000,23575.5,23582.75,23560.5,23569.25,0,0,0,0,0,0,0,NaN,23582.75,23560.5,23569.25
1755891300,23569,23569,23538.25,23543,0,0,0,0,0,0,0,NaN,23569,23538.25,23543
1755891600,23542.5,23555.75,23531.25,23554,0,0,0,0,0,0,0,NaN,23555.75,23531.25,23554
1755891900,23553.75,23572,23551.75,23565.25,0,0,0,0,0,0,0,NaN,23572,23551.75,23565.25
1755892200,23565.5,23582,23555.75,23562.75,0,0,0,0,0,0,0,NaN,23582,23555.75,23562.75
1755892500,23563.25,23576.5,23548.5,23565,0,0,0,0,0,0,0,NaN,23576.5,23548.5,23565
1755892800,23565,23574.25,23549.25,23563.25,0,0,0,0,0,0,0,NaN,23574.25,23549.25,23563.25
1755893100,23563,23576,23560.25,23573.5,0,0,0,0,0,0,0,NaN,23576,23560.25,23573.5
1755893400,23574,23581,23564.75,23577.25,0,0,0,0,0,0,0,NaN,23581,23564.75,23577.25
1755893700,23577.5,23582.25,23574.75,23577.25,0,0,0,0,0,0,0,NaN,23582.25,23574.75,23577.25
1755894000,23577.5,23586.75,23577.5,23586.5,0,0,0,0,0,0,0,NaN,23586.75,23577.5,23586.5
1755894300,23587,23587.5,23577.75,23577.75,0,0,0,0,0,0,0,NaN,23587.5,23577.75,23577.75
1755894600,23578,23581.25,23575,23580.5,0,0,0,0,0,0,0,NaN,23581.25,23575,23580.5
1755894900,23580,23584,23579.75,23583.25,0,0,0,0,0,0,0,NaN,23584,23579.75,23583.25
1755895200,23583.5,23585.5,23578.5,23580,0,0,0,0,0,0,0,NaN,23585.5,23578.5,23580
1755895500,23579.25,23581.5,23575.75,23578.75,0,0,0,0,0,0,0,NaN,23581.5,23575.75,23578.75
1755895800,23579.5,23580.75,23575,23580.25,0,0,0,0,0,0,0,NaN,23580.75,23575,23580.25
1755896100,23580,23583.75,23579.5,23582.75,0,0,0,0,0,0,0,NaN,23583.75,23579.5,23582.75
1756072800,23602,23607.5,23568.75,23572.25,0,0,0,0,0,0,0,NaN,23607.5,23568.75,23572.25
1756073100,23572.75,23575,23548.5,23557,0,0,0,0,0,0,0,NaN,23575,23548.5,23557
1756073400,23556.75,23565.25,23548.25,23562,0,0,0,0,0,0,0,NaN,23565.25,23548.25,23562
1756073700,23561.75,23567.75,23551.75,23553.25,0,0,0,0,0,0,0,NaN,23567.75,23551.75,23553.25
1756074000,23554.75,23560,23551.25,23558.25,0,0,0,0,0,0,0,NaN,23560,23551.25,23558.25
1756074300,23558.5,23559,23548,23549.25,0,0,0,0,0,0,0,NaN,23559,23548,23549.25
1756074600,23549,23551.75,23545,23549.75,0,0,0,0,0,0,0,NaN,23551.75,23545,23549.75
1756074900,23548.75,23555.75,23548.75,23553.25,0,0,0,0,0,0,0,NaN,23555.75,23548.75,23553.25
1756075200,23554.25,23563.5,23552.75,23561.75,0,0,0,0,0,0,0,NaN,23563.5,23552.75,23561.75
1756075500,23562,23566.75,23558.75,23564.5,0,0,0,0,0,0,0,NaN,23566.75,23558.75,23564.5
1756075800,23564.5,23570,23563.5,23569,0,0,0,0,0,0,0,NaN,23570,23563.5,23569
1756076100,23567.5,23574.5,23566.75,23572.5,0,0,0,0,0,0,0,NaN,23574.5,23566.75,23572.5
1756076400,23571.25,23578,23565.25,23572.5,0,0,0,0,0,0,0,NaN,23578,23565.25,23572.5
1756076700,23572.75,23579,23569.75,23575,0,0,0,0,0,0,0,NaN,23579,23569.75,23575
1756077000,23575,23578.5,23569.75,23573.25,0,0,0,0,0,0,0,NaN,23578.5,23569.75,23573.25
1756077300,23573.25,23576,23565.75,23567.75,0,0,0,0,0,0,0,NaN,23576,23565.75,23567.75
1756077600,23568,23576,23565.75,23569.75,0,0,0,0,0,0,0,NaN,23576,23565.75,23569.75
1756077900,23570.25,23576,23568.75,23572,0,0,0,0,0,0,0,NaN,23576,23568.75,23572
1756078200,23572.25,23575.75,23561.25,23574,0,0,0,0,0,0,0,NaN,23575.75,23561.25,23574
1756078500,23575,23586.75,23575,23580.5,0,0,0,0,0,0,0,NaN,23586.75,23575,23580.5
1756078800,23582.25,23589.25,23578.5,23583.75,0,0,0,0,0,0,0,NaN,23589.25,23578.5,23583.75
1756079100,23583,23588,23567,23568.75,0,0,0,0,0,0,0,NaN,23588,23567,23568.75
1756079400,23569.75,23575,23563.25,23573.25,0,0,0,0,0,0,0,NaN,23575,23563.25,23573.25
1756079700,23573.5,23576.75,23565.75,23574.75,0,0,0,0,0,0,0,NaN,23576.75,23565.75,23574.75
1756080000,23575.25,23592,23572.75,23591.25,0,0,0,0,0,0,0,NaN,23592,23572.75,23591.25
1756080300,23592,23598,23584,23586.5,0,0,0,0,0,0,0,NaN,23598,23584,23586.5
1756080600,23586.75,23588.25,23572.25,23575.5,0,0,0,0,0,0,0,NaN,23588.25,23572.25,23575.5
1756080900,23574.5,23582.5,23566.75,23576.25,0,0,0,0,0,0,0,NaN,23582.5,23566.75,23576.25
1756081200,23575.25,23578.25,23570,23570.75,0,0,0,0,0,0,0,NaN,23578.25,23570,23570.75
1756081500,23570.75,23575.5,23564.25,23568.75,0,0,0,0,0,0,0,NaN,23575.5,23564.25,23568.75
1756081800,23568,23569.75,23557,23558.5,0,0,0,0,0,0,0,NaN,23569.75,23557,23558.5
1756082100,23558.5,23564.25,23554.5,23558,0,0,0,0,0,0,0,NaN,23564.25,23554.5,23558
1756082400,23557.25,23564.25,23557.25,23562,0,0,0,0,0,0,0,NaN,23564.25,23557.25,23562
1756082700,23562,23565.25,23557,23559,0,0,0,0,0,0,0,NaN,23565.25,23557,23559
1756083000,23559.5,23560.25,23550,23556.75,0,0,0,0,0,0,0,NaN,23560.25,23550,23556.75
1756083300,23556.5,23561.75,23551.25,23556.25,0,0,0,0,0,0,0,NaN,23561.75,23551.25,23556.25
1756083600,23555.75,23558.5,23548,23549,0,0,0,0,0,0,0,NaN,23558.5,23548,23549
1756083900,23550.25,23553,23545.5,23550.25,0,0,0,0,0,0,0,NaN,23553,23545.5,23550.25
1756084200,23550.25,23551.25,23542.75,23543.75,0,0,0,0,0,0,0,NaN,23551.25,23542.75,23543.75
1756084500,23543.75,23546.75,23541.25,23542.75,0,0,0,0,0,0,0,NaN,23546.75,23541.25,23542.75
1756084800,23543,23550.25,23540.75,23547.5,0,0,0,0,0,0,0,NaN,23550.25,23540.75,23547.5
1756085100,23547,23552.25,23546.25,23549,0,0,0,0,0,0,0,NaN,23552.25,23546.25,23549
1756085400,23548.75,23550.75,23538,23539.75,0,0,0,0,0,0,0,NaN,23550.75,23538,23539.75
1756085700,23539.25,23541.75,23535.25,23540.5,0,0,0,0,0,0,0,NaN,23541.75,23535.25,23540.5
1756086000,23539.75,23541.75,23535.75,23536.5,0,0,0,0,0,0,0,NaN,23541.75,23535.75,23536.5
1756086300,23536.5,23541.25,23534.25,23538.25,0,0,0,0,0,0,0,NaN,23541.25,23534.25,23538.25
1756086600,23537.25,23540.5,23535.25,23537.5,0,0,0,0,0,0,0,NaN,23540.5,23535.25,23537.5
1756086900,23537,23539,23534,23534.25,0,0,0,0,0,0,0,NaN,23539,23534,23534.25
1756087200,23535.75,23538.75,23534.25,23536.25,0,0,0,0,0,0,0,NaN,23538.75,23534.25,23536.25
1756087500,23537,23543,23535.5,23540,0,0,0,0,0,0,0,NaN,23543,23535.5,23540
1756087800,23539.25,23541,23531.25,23539.75,0,0,0,0,0,0,0,NaN,23541,23531.25,23539.75
1756088100,23540.75,23550,23540,23547.25,0,0,0,0,0,0,0,NaN,23550,23540,23547.25
1756088400,23547.25,23548,23543.25,23544.5,0,0,0,0,0,0,0,NaN,23548,23543.25,23544.5
1756088700,23544,23545.5,23537,23543,0,0,0,0,0,0,0,NaN,23545.5,23537,23543
1756089000,23543,23544,23535.5,23542,0,0,0,0,0,0,0,NaN,23544,23535.5,23542
1756089300,23541.5,23546.25,23541.25,23542.75,0,0,0,0,0,0,0,NaN,23546.25,23541.25,23542.75
1756089600,23542,23543.5,23536.5,23538.75,0,0,0,0,0,0,0,NaN,23543.5,23536.5,23538.75
1756089900,23538,23543.75,23537.5,23543,0,0,0,0,0,0,0,NaN,23543.75,23537.5,23543
1756090200,23542.25,23542.75,23522.25,23530,0,0,0,0,0,0,0,NaN,23542.75,23522.25,23530
1756090500,23530.25,23530.5,23522.75,23524.75,0,0,0,0,0,0,0,NaN,23530.5,23522.75,23524.75
1756090800,23523.75,23526.75,23521,23526,0,0,0,0,0,0,0,NaN,23526.75,23521,23526
1756091100,23525.75,23529.5,23520.5,23525.75,0,0,0,0,0,0,0,NaN,23529.5,23520.5,23525.75
1756091400,23526,23532.5,23525,23532,0,0,0,0,0,0,0,NaN,23532.5,23525,23532
1756091700,23532,23535.75,23529.5,23530.75,0,0,0,0,0,0,0,NaN,23535.75,23529.5,23530.75
1756092000,23530.5,23532.75,23528.25,23530,0,0,0,0,0,0,0,NaN,23532.75,23528.25,23530
1756092300,23530.75,23536.5,23530.25,23535.75,0,0,0,0,0,0,0,NaN,23536.5,23530.25,23535.75
1756092600,23536,23536.25,23531,23534.5,0,0,0,0,0,0,0,NaN,23536.25,23531,23534.5
1756092900,23534.75,23544.75,23534,23543.5,0,0,0,0,0,0,0,NaN,23544.75,23534,23543.5
1756093200,23542.25,23551.25,23541.5,23547.25,0,0,0,0,0,0,0,NaN,23551.25,23541.5,23547.25
1756093500,23547.5,23550.75,23545.5,23548.5,0,0,0,0,0,0,0,NaN,23550.75,23545.5,23548.5
1756093800,23548.5,23552.25,23546.75,23547,0,0,0,0,0,0,0,NaN,23552.25,23546.75,23547
1756094100,23547.5,23551,23547,23547.5,0,0,0,0,0,0,0,NaN,23551,23547,23547.5
1756094400,23547.5,23548.5,23545,23546,0,1,0,0,0,0,0,NaN,23548.5,23545,23546
1756094700,23545.75,23549,23543.5,23548.5,0,0,0,0,0,0,0,NaN,23549,23543.5,23548.5
1756095000,23548.25,23549.75,23547,23548.25,0,0,0,0,0,0,0,NaN,23549.75,23547,23548.25
1756095300,23548.25,23558.75,23547.75,23556.75,0,0,0,0,0,0,0,NaN,23558.75,23547.75,23556.75
1756095600,23556.75,23559.5,23555,23556.5,0,0,0,0,0,0,0,NaN,23559.5,23555,23556.5
1756095900,23556.75,23557,23550.5,23554.25,0,0,0,0,0,0,0,NaN,23557,23550.5,23554.25
1756096200,23555,23558,23553.5,23556.75,0,0,0,0,0,0,0,NaN,23558,23553.5,23556.75
1756096500,23555.75,23558.75,23555.75,23557.75,0,0,0,0,0,0,0,NaN,23558.75,23555.75,23557.75
1756096800,23557.5,23559,23556.25,23558,0,0,0,0,0,0,0,NaN,23559,23556.25,23558
1756097100,23557.5,23558,23553.5,23553.75,0,0,0,0,0,0,0,NaN,23558,23553.5,23553.75
1756097400,23553.5,23557.5,23553.5,23554.75,0,0,0,0,0,0,0,NaN,23557.5,23553.5,23554.75
1756097700,23554.75,23557,23554,23554.75,0,0,0,0,0,0,0,NaN,23557,23554,23554.75
1756098000,23554.75,23556,23550.5,23555.5,0,0,0,0,0,0,0,NaN,23556,23550.5,23555.5
1756098300,23555.75,23561.5,23553.25,23559.75,0,0,0,0,0,0,0,NaN,23561.5,23553.25,23559.75
1756098600,23561.25,23565.75,23559,23563.75,0,0,0,0,0,0,0,NaN,23565.75,23559,23563.75
1756098900,23563,23565,23559,23565,0,0,0,0,0,0,0,NaN,23565,23559,23565
1756099200,23565,23568,23559.5,23559.5,0,0,0,0,0,0,0,NaN,23568,23559.5,23559.5
1756099500,23559.75,23561,23556,23559.5,0,0,0,0,0,0,0,NaN,23561,23556,23559.5
1756099800,23558.75,23559,23552.5,23553,0,0,0,0,0,0,0,NaN,23559,23552.5,23553
1756100100,23553.25,23554.75,23551.5,23554.75,0,0,0,0,0,0,0,NaN,23554.75,23551.5,23554.75
1756100400,23554.25,23560.75,23553.25,23560.75,0,0,0,0,0,0,0,NaN,23560.75,23553.25,23560.75
1756100700,23561,23565.25,23559,23560,0,0,0,0,0,0,0,NaN,23565.25,23559,23560
1756101000,23559.75,23564.5,23559.75,23563.25,0,0,0,0,0,0,0,NaN,23564.5,23559.75,23563.25
1756101300,23563.75,23565.5,23559.5,23565.5,0,0,0,0,0,0,0,NaN,23565.5,23559.5,23565.5
1756101600,23565.5,23568.5,23557.75,23560.75,0,0,0,0,0,0,0,NaN,23568.5,23557.75,23560.75
1756101900,23560.5,23561.5,23558.5,23559.5,0,0,0,0,0,0,0,NaN,23561.5,23558.5,23559.5
1756102200,23559.25,23561,23556,23558.25,0,0,0,0,0,0,0,NaN,23561,23556,23558.25
1756102500,23558.75,23562.5,23557.75,23558.5,0,0,0,0,0,0,0,NaN,23562.5,23557.75,23558.5
1756102800,23559,23559.5,23555,23556.25,0,0,0,0,0,0,0,NaN,23559.5,23555,23556.25
1756103100,23555.5,23559.5,23554.75,23559,0,0,0,0,0,0,0,NaN,23559.5,23554.75,23559
1756103400,23558.75,23559.5,23552.5,23556,0,0,0,0,0,0,0,NaN,23559.5,23552.5,23556
1756103700,23555.5,23555.5,23543.25,23543.75,0,0,0,0,0,0,0,NaN,23555.5,23543.25,23543.75
1756104000,23543.75,23547.25,23541,23543.75,0,0,0,0,0,0,0,NaN,23547.25,23541,23543.75
1756104300,23544.25,23544.5,23537.75,23541.5,0,0,0,0,0,0,0,NaN,23544.5,23537.75,23541.5
1756104600,23541,23541.5,23538,23540.25,0,0,0,0,0,0,0,NaN,23541.5,23538,23540.25
1756104900,23540.5,23541,23518.75,23522.25,0,0,0,0,0,0,0,NaN,23541,23518.75,23522.25
1756105200,23522.25,23532,23507.75,23526.75,0,0,0,0,0,0,0,NaN,23532,23507.75,23526.75
1756105500,23526.75,23536.5,23525.5,23534,0,0,0,0,0,0,0,NaN,23536.5,23525.5,23534
1756105800,23533.5,23534.5,23520.75,23522.5,0,0,0,0,0,0,0,NaN,23534.5,23520.75,23522.5
1756106100,23523,23533.75,23521.75,23529.75,0,0,0,0,0,0,0,NaN,23533.75,23521.75,23529.75
1756106400,23528.5,23533.25,23523.25,23524.25,0,0,0,0,0,0,0,NaN,23533.25,23523.25,23524.25
1756106700,23524.75,23529.25,23520.5,23522.5,0,0,0,0,0,0,0,NaN,23529.25,23520.5,23522.5
1756107000,23523.25,23523.5,23517,23519.5,0,0,0,0,0,0,0,NaN,23523.5,23517,23519.5
1756107300,23518.75,23523.75,23515.5,23523,0,0,0,0,0,0,0,NaN,23523.75,23515.5,23523
1756107600,23522.5,23529.25,23522.5,23529.25,0,0,0,0,0,0,0,NaN,23529.25,23522.5,23529.25
1756107900,23529,23534.5,23527.75,23529.25,0,0,0,0,0,0,0,NaN,23534.5,23527.75,23529.25
1756108200,23529.5,23530.5,23521.25,23529,0,0,0,0,0,0,0,NaN,23530.5,23521.25,23529
1756108500,23529.75,23531,23525.25,23526.25,0,0,0,0,0,0,0,NaN,23531,23525.25,23526.25
1756108800,23526.25,23537.75,23524,23534.5,0,0,0,0,0,0,0,NaN,23537.75,23524,23534.5
1756109100,23535,23535.5,23521.75,23525.75,0,0,0,0,0,0,0,NaN,23535.5,23521.75,23525.75
1756109400,23525.25,23529,23522.25,23523.75,0,0,0,0,0,0,0,NaN,23529,23522.25,23523.75
1756109700,23523.75,23529,23519.75,23526.25,0,0,0,0,0,0,0,NaN,23529,23519.75,23526.25
1756110000,23525.5,23525.75,23510.25,23518.5,0,0,0,0,0,0,0,NaN,23525.75,23510.25,23518.5
1756110300,23518.5,23528.5,23517.5,23527,0,0,0,0,0,0,0,NaN,23528.5,23517.5,23527
1756110600,23527.75,23532.25,23527.25,23530.5,0,0,0,0,0,0,0,NaN,23532.25,23527.25,23530.5
1756110900,23531,23535.25,23528,23531.75,0,0,0,0,0,0,0,NaN,23535.25,23528,23531.75
1756111200,23532.5,23532.5,23513.75,23514,0,0,0,0,0,0,0,NaN,23532.5,23513.75,23514
1756111500,23515,23522.75,23512.25,23522.75,0,0,0,0,0,0,0,NaN,23522.75,23512.25,23522.75
1756111800,23522.25,23522.75,23516,23516.25,0,0,0,0,0,0,0,NaN,23522.75,23516,23516.25
1756112100,23515.75,23515.75,23507,23509.5,0,0,0,0,0,0,0,NaN,23515.75,23507,23509.5
1756112400,23509.25,23513.75,23503,23510.25,0,0,0,0,0,0,0,NaN,23513.75,23503,23510.25
1756112700,23510,23512.25,23501,23502.25,0,0,0,0,0,0,0,NaN,23512.25,23501,23502.25
1756113000,23501.25,23503.75,23491.25,23494.5,0,0,0,0,0,0,0,NaN,23503.75,23491.25,23494.5
1756113300,23494.25,23499.75,23493,23494.25,0,0,0,0,0,0,0,NaN,23499.75,23493,23494.25
1756113600,23493.75,23495,23486.5,23489,0,0,0,0,0,0,0,NaN,23495,23486.5,23489
1756113900,23488.25,23492.25,23487,23491.25,0,0,0,0,0,0,0,NaN,23492.25,23487,23491.25
1756114200,23491.5,23499.5,23485.75,23496.75,0,0,0,0,0,0,0,NaN,23499.5,23485.75,23496.75
1756114500,23497.75,23499.25,23494.5,23496.25,0,0,0,0,0,0,0,NaN,23499.25,23494.5,23496.25
1756114800,23496.25,23496.5,23491.75,23493.25,0,0,0,0,0,0,0,NaN,23496.5,23491.75,23493.25
1756115100,23492.75,23493.25,23488.5,23491.25,0,0,0,0,0,0,0,NaN,23493.25,23488.5,23491.25
1756115400,23490.75,23493,23487.5,23490.75,0,0,0,0,0,0,0,NaN,23493,23487.5,23490.75
1756115700,23490.25,23504.5,23490.25,23504,0,0,0,0,0,0,0,NaN,23504.5,23490.25,23504
1756116000,23504,23504.5,23497.75,23500,0,0,0,0,0,0,0,NaN,23504.5,23497.75,23500
1756116300,23499.5,23502,23498.5,23500.25,0,0,0,0,0,0,0,NaN,23502,23498.5,23500.25
1756116600,23500.5,23501,23493.5,23493.75,0,0,0,0,0,0,0,NaN,23501,23493.5,23493.75
1756116900,23493.25,23494.25,23489,23491.25,0,0,0,0,0,0,0,NaN,23494.25,23489,23491.25
1756117200,23490,23490.5,23482.75,23483.75,0,0,0,0,0,0,0,NaN,23490.5,23482.75,23483.75
1756117500,23483.75,23486,23472.5,23477.25,0,0,0,0,0,0,0,NaN,23486,23472.5,23477.25
1756117800,23477,23485.25,23462,23484.25,0,0,0,0,0,0,0,NaN,23485.25,23462,23484.25
1756118100,23484,23487.75,23479.25,23487.75,0,0,0,0,0,0,0,NaN,23487.75,23479.25,23487.75
1756118400,23487.25,23490.25,23482.5,23489,0,0,0,0,0,0,0,NaN,23490.25,23482.5,23489
1756118700,23488.75,23494,23484.25,23492,0,0,0,0,0,0,0,NaN,23494,23484.25,23492
1756119000,23491.5,23492.25,23482.5,23484.5,0,0,0,0,0,0,0,NaN,23492.25,23482.5,23484.5
1756119300,23484,23487.75,23479.25,23480.25,0,0,0,0,0,0,0,NaN,23487.75,23479.25,23480.25
1756119600,23480.75,23485.5,23470,23475.75,0,0,0,0,0,0,0,NaN,23485.5,23470,23475.75
1756119900,23475.5,23485.75,23474.25,23485.75,0,0,0,0,0,0,0,NaN,23485.75,23474.25,23485.75
1756120200,23487,23493.75,23482.25,23493.75,0,0,0,0,0,0,0,NaN,23493.75,23482.25,23493.75
1756120500,23493.5,23498.25,23492,23496.5,0,0,0,0,0,0,0,NaN,23498.25,23492,23496.5
1756120800,23496.75,23497.25,23491.25,23494.25,0,0,0,0,0,0,0,NaN,23497.25,23491.25,23494.25
1756121100,23493.5,23498.25,23493.25,23497.25,0,0,0,0,0,0,0,NaN,23498.25,23493.25,23497.25
1756121400,23497.5,23499.25,23490.5,23494,0,0,0,0,0,0,0,NaN,23499.25,23490.5,23494
1756121700,23493.75,23496.75,23490.75,23493.25,0,0,0,0,0,0,0,NaN,23496.75,23490.75,23493.25
1756122000,23493,23494.5,23490,23491.25,0,0,0,0,0,0,0,NaN,23494.5,23490,23491.25
1756122300,23491.75,23497.75,23490,23491,0,0,0,0,0,0,0,NaN,23497.75,23490,23491
1756122600,23491,23500.25,23490.5,23499.25,0,0,0,0,0,0,0,NaN,23500.25,23490.5,23499.25
1756122900,23499.25,23501,23496,23497.5,0,0,0,0,0,0,0,NaN,23501,23496,23497.5
1756123200,23497.5,23498,23476,23479.75,0,0,0,0,0,0,0,NaN,23498,23476,23479.75
1756123500,23479.5,23480.5,23463.75,23466.5,0,0,0,0,0,0,0,NaN,23480.5,23463.75,23466.5
1756123800,23467.25,23473.75,23465.25,23471,0,0,0,0,0,0,0,NaN,23473.75,23465.25,23471
1756124100,23471.75,23476.75,23466.25,23474.25,0,0,0,0,0,0,0,NaN,23476.75,23466.25,23474.25
1756124400,23473.5,23480.5,23470.25,23477.25,0,0,0,0,0,0,0,NaN,23480.5,23470.25,23477.25
1756124700,23477,23479.5,23469.5,23470,0,0,0,0,0,0,0,NaN,23479.5,23469.5,23470
1756125000,23469.25,23476.75,23462.75,23476,0,0,0,0,0,0,0,NaN,23476.75,23462.75,23476
1756125300,23476,23476.5,23463.5,23470.75,0,0,0,0,0,0,0,NaN,23476.5,23463.5,23470.75
1756125600,23470.25,23485,23470.25,23483,0,0,0,0,0,0,0,NaN,23485,23470.25,23483
1756125900,23483,23484.5,23478.25,23482.5,0,0,0,0,0,0,0,NaN,23484.5,23478.25,23482.5
1756126200,23482.75,23485.25,23479.5,23481.25,0,0,0,0,0,0,0,NaN,23485.25,23479.5,23481.25
1756126500,23480.75,23484.5,23477,23479.25,0,0,0,0,0,0,0,NaN,23484.5,23477,23479.25
1756126800,23479.25,23492,23476,23489.25,0,0,0,0,0,0,0,NaN,23492,23476,23489.25
1756127100,23489.75,23491,23480,23480.75,0,0,0,0,0,0,0,NaN,23491,23480,23480.75
1756127400,23480.75,23485.75,23476.75,23485,0,0,0,0,0,0,0,NaN,23485.75,23476.75,23485
1756127700,23484.5,23489,23480,23484,0,0,0,0,0,0,0,NaN,23489,23480,23484
1756128000,23485.25,23487.75,23483.25,23486.25,0,0,0,0,0,0,0,NaN,23487.75,23483.25,23486.25
1756128300,23486.5,23499.25,23486,23496,0,0,0,0,0,0,0,NaN,23499.25,23486,23496
1756128600,23496,23518.25,23443.25,23469.75,0,0,0,0,0,0,0,NaN,23518.25,23443.25,23469.75
1756128900,23470,23511.75,23468.5,23499.75,0,0,0,0,0,0,0,NaN,23511.75,23468.5,23499.75
1756129200,23500,23501,23468.75,23480.75,0,0,0,0,0,0,0,NaN,23501,23468.75,23480.75
1756129500,23480,23496.75,23448.25,23492.25,0,0,0,0,0,0,0,NaN,23496.75,23448.25,23492.25
1756129800,23491.75,23496.25,23468.75,23487,0,0,0,0,0,0,0,NaN,23496.25,23468.75,23487
1756130100,23487.25,23519.5,23480.75,23519.25,0,0,0,0,0,0,0,NaN,23519.5,23480.75,23519.25
1756130400,23519,23543.25,23505,23542.75,0,0,0,0,0,0,0,NaN,23543.25,23505,23542.75
1756130700,23542.75,23555.25,23531.25,23548.5,0,0,0,0,0,0,0,NaN,23555.25,23531.25,23548.5
1756131000,23548.75,23558.25,23532,23552,0,0,0,0,0,0,0,NaN,23558.25,23532,23552
1756131300,23551.25,23561,23535.25,23535.5,0,0,0,0,0,0,0,NaN,23561,23535.25,23535.5
1756131600,23535.5,23549.75,23519,23545.25,0,0,0,0,0,0,0,NaN,23549.75,23519,23545.25
1756131900,23544.5,23554.25,23532.25,23540.75,0,0,0,0,0,0,0,NaN,23554.25,23532.25,23540.75
1756132200,23540.25,23556.25,23532.5,23545.75,0,0,0,0,0,0,0,NaN,23556.25,23532.5,23545.75
1756132500,23546,23567,23545.25,23550.75,0,0,0,0,0,0,0,NaN,23567,23545.25,23550.75
1756132800,23550.25,23555.25,23533,23540.25,0,0,0,0,0,0,0,NaN,23555.25,23533,23540.25
1756133100,23539.75,23574.25,23532.75,23571.75,0,0,0,0,0,0,0,NaN,23574.25,23532.75,23571.75
1756133400,23571.5,23573.75,23554.5,23559,0,0,0,0,0,0,0,NaN,23573.75,23554.5,23559
1756133700,23558.5,23572.75,23544.75,23571,0,0,0,0,0,0,0,NaN,23572.75,23544.75,23571
1756134000,23570.75,23581.5,23564.25,23580.75,0,0,0,0,0,0,0,NaN,23581.5,23564.25,23580.75
1756134300,23580.5,23586.5,23570.5,23576.75,0,0,0,0,0,0,0,NaN,23586.5,23570.5,23576.75
1756134600,23577.75,23590.5,23568.25,23586.5,0,0,0,0,0,0,0,NaN,23590.5,23568.25,23586.5
1756134900,23585.75,23593.75,23580.75,23584.25,0,0,0,0,0,0,0,NaN,23593.75,23580.75,23584.25
1756135200,23584.25,23602.75,23583.5,23598.75,0,0,0,0,0,0,0,NaN,23602.75,23583.5,23598.75
1756135500,23598.5,23601.75,23595.25,23598.5,0,0,0,0,0,0,0,NaN,23601.75,23595.25,23598.5
1756135800,23598.75,23607,23591.5,23594,0,0,0,0,0,0,0,NaN,23607,23591.5,23594
1756136100,23594,23599,23578.5,23592,0,0,0,0,0,0,0,NaN,23599,23578.5,23592
1756136400,23592,23595.25,23582.5,23593,0,0,0,0,0,0,0,NaN,23595.25,23582.5,23593
1756136700,23593.25,23597.75,23584.25,23589.5,0,0,0,0,0,0,0,NaN,23597.75,23584.25,23589.5
1756137000,23589.5,23616.25,23588.5,23604.5,0,0,0,0,0,0,0,NaN,23616.25,23588.5,23604.5
1756137300,23604.25,23609.5,23596,23601.25,0,0,0,0,0,0,0,NaN,23609.5,23596,23601.25
1756137600,23600.75,23607.75,23597.5,23601.75,0,0,0,0,0,0,0,NaN,23607.75,23597.5,23601.75
1756137900,23601.5,23613.75,23599.25,23605.5,0,0,0,0,0,0,0,NaN,23613.75,23599.25,23605.5
1756138200,23605.5,23611.25,23598.5,23608.5,0,0,0,0,0,0,0,NaN,23611.25,23598.5,23608.5
1756138500,23609.5,23611,23593,23596.25,0,0,0,0,0,0,0,NaN,23611,23593,23596.25
1756138800,23596.25,23606.5,23595.75,23603.5,0,0,0,0,0,0,0,NaN,23606.5,23595.75,23603.5
1756139100,23603,23605.5,23596.5,23598.25,0,0,0,0,0,0,0,NaN,23605.5,23596.5,23598.25
1756139400,23597.75,23600,23588.75,23596,0,0,0,0,0,0,0,NaN,23600,23588.75,23596
1756139700,23596,23603.75,23588.75,23601.25,0,0,0,0,0,0,0,NaN,23603.75,23588.75,23601.25
1756140000,23600.75,23610.5,23596.25,23606.75,0,0,0,0,0,0,0,NaN,23610.5,23596.25,23606.75
1756140300,23606.75,23612.75,23601.25,23604.25,0,0,0,0,0,0,0,NaN,23612.75,23601.25,23604.25
1756140600,23603.75,23606.5,23591.75,23597.5,0,0,0,0,0,0,0,NaN,23606.5,23591.75,23597.5
1756140900,23597.5,23602,23590,23596.25,0,0,0,0,0,0,0,NaN,23602,23590,23596.25
1756141200,23596.25,23598,23571.75,23578,0,0,0,0,0,0,0,NaN,23598,23571.75,23578
1756141500,23578,23591,23575,23589,0,0,0,0,0,0,0,NaN,23591,23575,23589
1756141800,23589,23595.5,23584,23584,0,0,0,0,0,0,0,NaN,23595.5,23584,23584
1756142100,23584.5,23590,23580,23588.75,0,0,0,0,0,0,0,NaN,23590,23580,23588.75
1756142400,23588.75,23592.25,23581.5,23587.5,0,0,0,0,0,0,0,NaN,23592.25,23581.5,23587.5
1756142700,23587,23587.25,23573.5,23584.25,0,0,0,0,0,0,0,NaN,23587.25,23573.5,23584.25
1756143000,23584,23590.5,23577.5,23578,0,0,0,0,0,0,0,NaN,23590.5,23577.5,23578
1756143300,23577.75,23580.25,23571,23573.75,0,0,0,0,0,0,0,NaN,23580.25,23571,23573.75
1756143600,23573.5,23575,23557.25,23572.5,0,0,0,0,0,0,0,NaN,23575,23557.25,23572.5
1756143900,23572.5,23580.25,23572.25,23579.5,0,0,0,0,0,0,0,NaN,23580.25,23572.25,23579.5
1756144200,23579,23587.25,23577.75,23583,0,0,0,0,0,0,0,NaN,23587.25,23577.75,23583
1756144500,23583.25,23587.5,23576,23578,0,0,0,0,0,0,0,NaN,23587.5,23576,23578
1756144800,23578.5,23580.5,23569.5,23576,0,0,0,0,0,0,0,NaN,23580.5,23569.5,23576
1756145100,23575.5,23579.75,23568,23576.75,0,0,0,0,0,0,0,NaN,23579.75,23568,23576.75
1756145400,23577,23582.75,23572.75,23581.75,0,0,0,0,0,0,0,NaN,23582.75,23572.75,23581.75
1756145700,23582,23583.75,23565,23565.5,0,0,0,0,0,0,0,NaN,23583.75,23565,23565.5
1756146000,23565.75,23574,23556.25,23567.5,0,0,0,0,0,0,0,NaN,23574,23556.25,23567.5
1756146300,23567.5,23572.5,23563.25,23565,0,0,0,0,0,0,0,NaN,23572.5,23563.25,23565
1756146600,23565,23571.75,23562.5,23564.5,0,0,0,0,0,0,0,NaN,23571.75,23562.5,23564.5
1756146900,23564.25,23569.25,23561.5,23562.75,0,0,0,0,0,0,0,NaN,23569.25,23561.5,23562.75
1756147200,23562.25,23564.25,23552.75,23553.25,0,0,0,0,0,0,0,NaN,23564.25,23552.75,23553.25
1756147500,23553.5,23563.75,23549.25,23561.5,0,0,0,0,0,0,0,NaN,23563.75,23549.25,23561.5
1756147800,23561.75,23566,23557,23557.75,0,0,0,0,0,0,0,NaN,23566,23557,23557.75
1756148100,23558,23565,23552,23552.5,0,0,0,0,0,0,0,NaN,23565,23552,23552.5
1756148400,23552.25,23558.5,23548.5,23553,0,0,0,0,0,0,0,NaN,23558.5,23548.5,23553
1756148700,23553,23568.75,23550.5,23568.25,0,0,0,0,0,0,0,NaN,23568.75,23550.5,23568.25
1756149000,23568,23573.5,23565.75,23565.75,0,0,0,0,0,0,0,NaN,23573.5,23565.75,23565.75
1756149300,23566.25,23567.5,23547,23554,0,0,0,0,0,0,0,NaN,23567.5,23547,23554
1756149600,23554,23559.5,23551.25,23553,0,0,0,0,0,0,0,NaN,23559.5,23551.25,23553
1756149900,23553.25,23556.75,23548.25,23552.5,0,0,0,0,0,0,0,NaN,23556.75,23548.25,23552.5
1756150200,23552.5,23557.5,23545.5,23547,0,0,0,0,0,0,0,NaN,23557.5,23545.5,23547
1756150500,23547,23553.25,23545.25,23551.25,0,0,0,0,0,0,0,NaN,23553.25,23545.25,23551.25
1756150800,23550.75,23554.25,23541.25,23545,0,0,0,0,0,0,0,NaN,23554.25,23541.25,23545
1756151100,23544.75,23549.25,23539.5,23546.5,0,0,0,0,0,0,0,NaN,23549.25,23539.5,23546.5
1756151400,23547,23555.25,23533.25,23540.25,0,0,0,0,0,0,0,NaN,23555.25,23533.25,23540.25
1756151700,23540.25,23540.5,23489,23495.5,0,0,0,0,0,0,0,NaN,23540.5,23489,23495.5
1756152000,23495.25,23512.5,23485.75,23509.25,0,0,0,0,0,0,0,NaN,23512.5,23485.75,23509.25
1756152300,23509.75,23517.25,23506.25,23510.5,0,0,0,0,0,0,0,NaN,23517.25,23506.25,23510.5
1756152600,23510.75,23514.75,23508.5,23511.75,0,0,0,0,0,0,0,NaN,23514.75,23508.5,23511.75
1756152900,23512,23513.25,23509,23512.75,0,0,0,0,0,0,0,NaN,23513.25,23509,23512.75
1756153200,23512.5,23513.25,23507.75,23511.5,0,0,0,0,0,0,0,NaN,23513.25,23507.75,23511.5
1756153500,23511.75,23516,23511.25,23515.75,0,0,0,0,0,0,0,NaN,23516,23511.25,23515.75
1756153800,23515.25,23518.5,23510,23511.75,0,0,0,0,0,0,0,NaN,23518.5,23510,23511.75
1756154100,23511.5,23512,23505.5,23505.75,0,0,0,0,0,0,0,NaN,23512,23505.5,23505.75
1756154400,23505.75,23509.5,23505,23508.75,0,0,0,0,0,0,0,NaN,23509.5,23505,23508.75
1756154700,23508.5,23509,23500,23500.5,0,0,0,0,0,0,0,NaN,23509,23500,23500.5
1756155000,23500.75,23504,23499.25,23504,0,0,0,0,0,0,0,NaN,23504,23499.25,23504
1756155300,23504.25,23505,23502,23502.25,0,0,0,0,0,0,0,NaN,23505,23502,23502.25
1756159200,23505.75,23515,23499,23512.75,0,0,0,0,0,0,0,NaN,23515,23499,23512.75
1756159500,23511.5,23516.25,23508.5,23512.25,0,0,0,0,0,0,0,NaN,23516.25,23508.5,23512.25
1756159800,23512.75,23516.5,23511.75,23514,0,0,0,0,0,0,0,NaN,23516.5,23511.75,23514
1756160100,23514.5,23518,23512.75,23514.5,0,0,0,0,0,0,0,NaN,23518,23512.75,23514.5
1756160400,23514,23517.75,23511.75,23516.25,0,0,0,0,0,0,0,NaN,23517.75,23511.75,23516.25
1756160700,23517,23520.25,23516,23517.25,0,0,0,0,0,0,0,NaN,23520.25,23516,23517.25
1756161000,23516.75,23517,23511.5,23513,0,0,0,0,0,0,0,NaN,23517,23511.5,23513
1756161300,23513,23514.75,23511.25,23513.5,0,0,0,0,0,0,0,NaN,23514.75,23511.25,23513.5
1756161600,23513.5,23517,23512.75,23517,0,0,0,0,0,0,0,NaN,23517,23512.75,23517
1756161900,23517.25,23517.75,23510.5,23512,0,0,0,0,0,0,0,NaN,23517.75,23510.5,23512
1756162200,23513.25,23514.25,23511.25,23512.5,0,0,0,0,0,0,0,NaN,23514.25,23511.25,23512.5
1756162500,23513.5,23513.75,23509,23511.75,0,0,0,0,0,0,0,NaN,23513.75,23509,23511.75
1756162800,23512.25,23516.25,23511.75,23515,0,0,0,0,0,0,0,NaN,23516.25,23511.75,23515
1756163100,23514.75,23515.75,23506,23511.5,0,0,0,0,0,0,0,NaN,23515.75,23506,23511.5
1756163400,23511,23511,23508.25,23510,0,0,0,0,0,0,0,NaN,23511,23508.25,23510
1756163700,23509,23513.25,23506.25,23512.5,0,0,0,0,0,0,0,NaN,23513.25,23506.25,23512.5
1756164000,23512.5,23512.5,23501.5,23505,0,0,0,0,0,0,0,NaN,23512.5,23501.5,23505
1756164300,23504.75,23506.75,23497.25,23504,0,0,0,0,0,0,0,NaN,23506.75,23497.25,23504
1756164600,23504,23508,23500.75,23507,0,0,0,0,0,0,0,NaN,23508,23500.75,23507
1756164900,23506.5,23506.5,23500.25,23502,0,0,0,0,0,0,0,NaN,23506.5,23500.25,23502
1756165200,23501.25,23503,23495,23498.25,0,0,0,0,0,0,0,NaN,23503,23495,23498.25
1756165500,23498.25,23500.75,23491.25,23494.25,0,0,0,0,0,0,0,NaN,23500.75,23491.25,23494.25
1756165800,23494,23499,23488.25,23496.25,0,0,0,0,0,0,0,NaN,23499,23488.25,23496.25
1756166100,23496.75,23498,23490,23496.5,0,0,0,0,0,0,0,NaN,23498,23490,23496.5
1756166400,23496,23503.25,23410,23464.5,0,0,0,0,0,0,0,NaN,23503.25,23410,23464.5
1756166700,23464.75,23495,23449.75,23479.5,0,0,0,0,0,0,0,NaN,23495,23449.75,23479.5
1756167000,23479,23487.25,23466.75,23483.75,0,0,0,0,0,0,0,NaN,23487.25,23466.75,23483.75
1756167300,23484.5,23509.75,23478.25,23486.5,0,0,0,0,0,0,0,NaN,23509.75,23478.25,23486.5
1756167600,23486.5,23490.25,23466,23469.75,0,0,0,0,0,0,0,NaN,23490.25,23466,23469.75
1756167900,23470,23471.75,23456,23460.25,0,0,0,0,0,0,0,NaN,23471.75,23456,23460.25
1756168200,23460.5,23476.5,23433,23457.75,0,0,0,0,0,0,0,NaN,23476.5,23433,23457.75
1756168500,23458.25,23461.75,23421.5,23426.5,0,0,0,0,0,0,0,NaN,23461.75,23421.5,23426.5
1756168800,23427.75,23429,23375.75,23388,0,0,0,0,0,0,0,NaN,23429,23375.75,23388
1756169100,23387.75,23396.5,23371.5,23390.5,0,0,0,0,0,0,0,NaN,23396.5,23371.5,23390.5
1756169400,23391.5,23409.75,23391,23404.75,0,0,0,0,0,0,0,NaN,23409.75,23391,23404.75
1756169700,23403.5,23420,23403.25,23417,0,0,0,0,0,0,0,NaN,23420,23403.25,23417
1756170000,23417.5,23439.75,23410,23437.25,0,0,0,0,0,0,0,NaN,23439.75,23410,23437.25
1756170300,23437.75,23453.75,23431.25,23450,0,0,0,0,0,0,0,NaN,23453.75,23431.25,23450
1756170600,23450,23455.75,23441.5,23445.5,0,0,0,0,0,0,0,NaN,23455.75,23441.5,23445.5
1756170900,23446.75,23450.25,23440.75,23445.75,0,0,0,0,0,0,0,NaN,23450.25,23440.75,23445.75
1756171200,23444.75,23452.75,23442,23448,0,0,0,0,0,0,0,NaN,23452.75,23442,23448
1756171500,23447.75,23455.25,23446.25,23452.25,0,0,0,0,0,0,0,NaN,23455.25,23446.25,23452.25
1756171800,23451.5,23456.25,23442,23445.5,0,0,0,0,0,0,0,NaN,23456.25,23442,23445.5
1756172100,23445.5,23449.75,23429.25,23435.75,0,0,0,0,0,0,0,NaN,23449.75,23429.25,23435.75
1756172400,23436.5,23441,23431.25,23437.5,0,0,0,0,0,0,0,NaN,23441,23431.25,23437.5
1756172700,23438,23441.5,23434,23438.25,0,0,0,0,0,0,0,NaN,23441.5,23434,23438.25
1756173000,23438.75,23440,23415.5,23417.75,0,0,0,0,0,0,0,NaN,23440,23415.5,23417.75
1756173300,23418.25,23433.5,23416,23425.25,0,0,0,0,0,0,0,NaN,23433.5,23416,23425.25
1756173600,23425.25,23454.25,23423,23445.75,0,0,0,0,0,0,0,NaN,23454.25,23423,23445.75
1756173900,23445.75,23454,23445.75,23453.5,0,0,0,0,0,0,0,NaN,23454,23445.75,23453.5
1756174200,23453,23460,23447.5,23457,0,0,0,0,0,0,0,NaN,23460,23447.5,23457
1756174500,23456.5,23461,23448.5,23448.5,0,0,0,0,0,0,0,NaN,23461,23448.5,23448.5
1756174800,23450.5,23458.75,23449.5,23456.25,0,0,0,0,0,0,0,NaN,23458.75,23449.5,23456.25
1756175100,23455.75,23459,23450,23457.25,0,0,0,0,0,0,0,NaN,23459,23450,23457.25
1756175400,23457.75,23461.75,23450.5,23455.5,0,0,0,0,0,0,0,NaN,23461.75,23450.5,23455.5
1756175700,23456,23475.5,23454,23466.5,0,0,0,0,0,0,0,NaN,23475.5,23454,23466.5
1756176000,23466,23468,23453.25,23460.5,0,0,0,0,0,0,0,NaN,23468,23453.25,23460.5
1756176300,23461.25,23465,23456.75,23456.75,0,0,0,0,0,0,0,NaN,23465,23456.75,23456.75
1756176600,23456.75,23460,23448,23448.5,0,0,0,0,0,0,0,NaN,23460,23448,23448.5
1756176900,23449.25,23452,23446.75,23448.75,0,0,0,0,0,0,0,NaN,23452,23446.75,23448.75
1756177200,23449.25,23456,23444.75,23447.25,0,0,0,0,0,0,0,NaN,23456,23444.75,23447.25
1756177500,23447,23450.5,23442,23442,0,0,0,0,0,0,0,NaN,23450.5,23442,23442
1756177800,23443,23447.5,23440.75,23443,0,0,0,0,0,0,0,NaN,23447.5,23440.75,23443
1756178100,23443.5,23446,23440.25,23445.25,0,0,0,0,0,0,0,NaN,23446,23440.25,23445.25
1756178400,23445.75,23449,23442.5,23447.75,0,0,0,0,0,0,0,NaN,23449,23442.5,23447.75
1756178700,23447.5,23449.25,23445,23445.75,0,0,0,0,0,0,0,NaN,23449.25,23445,23445.75
1756179000,23445,23453.5,23444.25,23451.5,0,0,0,0,0,0,0,NaN,23453.5,23444.25,23451.5
1756179300,23451,23454.5,23450.5,23452,0,0,0,0,0,0,0,NaN,23454.5,23450.5,23452
1756179600,23452.5,23457.5,23451,23456,0,0,0,0,0,0,0,NaN,23457.5,23451,23456
1756179900,23456,23456,23452.5,23453.75,0,0,0,0,0,0,0,NaN,23456,23452.5,23453.75
1756180200,23453.25,23455.25,23451.25,23452.25,0,0,0,0,0,0,0,NaN,23455.25,23451.25,23452.25
1756180500,23452.75,23454.5,23449,23451,0,0,0,0,0,0,0,NaN,23454.5,23449,23451
1756180800,23452,23454.5,23447.75,23451.5,0,0,1,0,0,0,0,NaN,23454.5,23447.75,23451.5
1756181100,23450.5,23457.25,23450.5,23455.5,0,0,0,0,0,0,0,NaN,23457.25,23450.5,23455.5
1756181400,23455.75,23460.25,23454.5,23459,0,0,0,0,0,0,0,NaN,23460.25,23454.5,23459
1756181700,23458.5,23460,23457,23458,0,0,0,0,0,0,0,NaN,23460,23457,23458
1756182000,23458,23458,23455.5,23455.5,0,0,0,0,0,0,0,NaN,23458,23455.5,23455.5
1756182300,23455.25,23455.5,23450.25,23453.75,0,0,0,0,0,0,0,NaN,23455.5,23450.25,23453.75
1756182600,23455.25,23457,23443.75,23448.5,0,0,0,0,0,0,0,NaN,23457,23443.75,23448.5
1756182900,23449,23449.5,23444.75,23444.75,0,0,0,0,0,0,0,NaN,23449.5,23444.75,23444.75
1756183200,23445.25,23449,23440.75,23442.5,0,0,0,0,0,0,0,NaN,23449,23440.75,23442.5
1756183500,23442.75,23456.5,23442,23456.5,0,0,0,0,0,0,0,NaN,23456.5,23442,23456.5
1756183800,23457,23457.5,23451,23451.25,0,0,0,0,0,0,0,NaN,23457.5,23451,23451.25
1756184100,23450.25,23456.25,23445.5,23456,0,0,0,0,0,0,0,NaN,23456.25,23445.5,23456
1756184400,23456.25,23468.75,23455.75,23467.25,0,0,0,0,0,0,0,NaN,23468.75,23455.75,23467.25
1756184700,23467.5,23475.25,23465.5,23475,0,0,0,0,0,0,0,NaN,23475.25,23465.5,23475
1756185000,23474.25,23480.5,23473.5,23474,0,0,0,0,0,0,0,NaN,23480.5,23473.5,23474
1756185300,23473.25,23474,23466.5,23468.25,0,0,0,0,0,0,0,NaN,23474,23466.5,23468.25
1756185600,23469,23474,23468.25,23471,0,0,0,0,0,0,0,NaN,23474,23468.25,23471
1756185900,23469.25,23475.75,23468.5,23472.75,0,0,0,0,0,0,0,NaN,23475.75,23468.5,23472.75
1756186200,23473.25,23481,23468,23477.5,0,0,0,0,0,0,0,NaN,23481,23468,23477.5
1756186500,23478,23478.75,23467.75,23469.75,0,0,0,0,0,0,0,NaN,23478.75,23467.75,23469.75
1756186800,23470.5,23483,23468.75,23480.75,0,0,0,0,0,0,0,NaN,23483,23468.75,23480.75
1756187100,23481,23484.25,23475.25,23476.75,0,0,0,0,0,0,0,NaN,23484.25,23475.25,23476.75
1756187400,23477.75,23478,23469,23473.25,0,0,0,0,0,0,0,NaN,23478,23469,23473.25
1756187700,23473.25,23479.25,23473.25,23476.5,0,0,0,0,0,0,0,NaN,23479.25,23473.25,23476.5
1756188000,23476.25,23483.75,23471.75,23472.25,0,0,0,0,0,0,0,NaN,23483.75,23471.75,23472.25
1756188300,23472.5,23479.5,23472.5,23478.5,0,0,0,0,0,0,0,NaN,23479.5,23472.5,23478.5
1756188600,23478.25,23478.25,23463.75,23468.5,0,0,0,0,0,0,0,NaN,23478.25,23463.75,23468.5
1756188900,23468.5,23474,23465,23466.5,0,0,0,0,0,0,0,NaN,23474,23465,23466.5
1756189200,23466.25,23466.25,23454.25,23456.25,0,0,0,0,0,0,0,NaN,23466.25,23454.25,23456.25
1756189500,23456.5,23460.5,23452.5,23457.25,0,0,0,0,0,0,0,NaN,23460.5,23452.5,23457.25
1756189800,23458.25,23465,23455,23456.75,0,0,0,0,0,0,0,NaN,23465,23455,23456.75
1756190100,23455,23457.5,23443.25,23457,0,0,0,0,0,0,0,NaN,23457.5,23443.25,23457
1756190400,23455.25,23457.25,23447.5,23449,0,0,0,0,0,0,0,NaN,23457.25,23447.5,23449
1756190700,23448.75,23458.75,23447.5,23457.75,0,0,0,0,0,0,0,NaN,23458.75,23447.5,23457.75
1756191000,23457.5,23462.25,23453.25,23460,0,0,0,0,0,0,0,NaN,23462.25,23453.25,23460
1756191300,23461,23465.25,23448,23454.75,0,0,0,0,0,0,0,NaN,23465.25,23448,23454.75
1756191600,23454,23454,23440,23448,0,0,0,0,0,0,0,NaN,23454,23440,23448
1756191900,23446.75,23450,23426,23439,0,0,0,0,0,0,0,NaN,23450,23426,23439
1756192200,23439.75,23446.75,23415.25,23431.5,0,0,0,0,0,0,0,NaN,23446.75,23415.25,23431.5
1756192500,23431.75,23442.25,23426,23430,0,0,0,0,0,0,0,NaN,23442.25,23426,23430
1756192800,23430.5,23437,23426,23428.25,0,0,0,0,0,0,0,NaN,23437,23426,23428.25
1756193100,23428.5,23438,23426.5,23436.75,0,0,0,0,0,0,0,NaN,23438,23426.5,23436.75
1756193400,23436.75,23458.25,23432.75,23458,0,0,0,0,0,0,0,NaN,23458.25,23432.75,23458
1756193700,23458.25,23464.5,23456.25,23461,0,0,0,0,0,0,0,NaN,23464.5,23456.25,23461
1756194000,23460.75,23461.75,23455.25,23455.75,0,0,0,0,0,0,0,NaN,23461.75,23455.25,23455.75
1756194300,23455,23455,23438,23438,0,0,0,0,0,0,0,NaN,23455,23438,23438
1756194600,23438.75,23448.75,23429.75,23447.5,0,0,0,0,0,0,0,NaN,23448.75,23429.75,23447.5
1756194900,23447,23448,23437.75,23442.5,0,0,0,0,0,0,0,NaN,23448,23437.75,23442.5
1756195200,23443.25,23458,23440,23448,0,0,0,0,0,0,0,NaN,23458,23440,23448
1756195500,23447,23463.5,23447,23461.5,0,0,0,0,0,0,0,NaN,23463.5,23447,23461.5
1756195800,23461,23469.25,23455.5,23467,0,0,0,0,0,0,0,NaN,23469.25,23455.5,23467
1756196100,23465,23474,23460.25,23460.75,0,0,0,0,0,0,0,NaN,23474,23460.25,23460.75
1756196400,23460,23462.25,23449.5,23456.25,0,0,0,0,0,0,0,NaN,23462.25,23449.5,23456.25
1756196700,23455.5,23465,23453.25,23460,0,0,0,0,0,0,0,NaN,23465,23453.25,23460
1756197000,23459.25,23467.5,23454.25,23459.5,0,0,0,0,0,0,0,NaN,23467.5,23454.25,23459.5
1756197300,23459.75,23463.25,23451,23454.25,0,0,0,0,0,0,0,NaN,23463.25,23451,23454.25
1756197600,23452.5,23457.5,23449.25,23457,0,0,0,0,0,0,0,NaN,23457.5,23449.25,23457
1756197900,23457.25,23465,23454.75,23464,0,0,0,0,0,0,0,NaN,23465,23454.75,23464
1756198200,23464.5,23467.25,23461.5,23464,0,0,0,0,0,0,0,NaN,23467.25,23461.5,23464
1756198500,23464.5,23464.75,23456.5,23459,0,0,0,0,0,0,0,NaN,23464.75,23456.5,23459
1756198800,23459.25,23465.25,23452.75,23464.5,0,0,0,0,0,0,0,NaN,23465.25,23452.75,23464.5
1756199100,23464.75,23470,23461.25,23467.25,0,0,0,0,0,0,0,NaN,23470,23461.25,23467.25
1756199400,23466.5,23471.5,23462.5,23469.25,0,0,0,0,0,0,0,NaN,23471.5,23462.5,23469.25
1756199700,23470,23479.25,23468.5,23477.5,0,0,0,0,0,0,0,NaN,23479.25,23468.5,23477.5
1756200000,23477.5,23478.25,23470.75,23472.5,0,0,0,0,0,0,0,NaN,23478.25,23470.75,23472.5
1756200300,23472.75,23475.5,23469,23474.5,0,0,0,0,0,0,0,NaN,23475.5,23469,23474.5
1756200600,23473.75,23481.25,23473.75,23478.25,0,0,0,0,0,0,0,NaN,23481.25,23473.75,23478.25
1756200900,23478,23481.5,23475.5,23476.25,0,0,0,0,0,0,0,NaN,23481.5,23475.5,23476.25
1756201200,23476.75,23476.75,23464.75,23467.75,0,0,0,0,0,0,0,NaN,23476.75,23464.75,23467.75
1756201500,23468,23472,23467.75,23468.75,0,0,0,0,0,0,0,NaN,23472,23467.75,23468.75
1756201800,23468.75,23475.25,23468.75,23472,0,0,0,0,0,0,0,NaN,23475.25,23468.75,23472
1756202100,23471.75,23477,23469.75,23473.5,0,0,0,0,0,0,0,NaN,23477,23469.75,23473.5
1756202400,23474.5,23492,23470.75,23490.25,0,0,0,0,0,0,0,NaN,23492,23470.75,23490.25
1756202700,23490,23490,23480.25,23485.25,0,0,0,0,0,0,0,NaN,23490,23480.25,23485.25
1756203000,23484.75,23494.25,23483,23490.25,0,0,0,0,0,0,0,NaN,23494.25,23483,23490.25
1756203300,23490.75,23494.5,23490.5,23492.5,0,0,0,0,0,0,0,NaN,23494.5,23490.5,23492.5
1756203600,23492.25,23493,23486.25,23488.25,0,0,0,0,0,0,0,NaN,23493,23486.25,23488.25
1756203900,23488.5,23497.25,23488,23496.5,0,0,0,0,0,0,0,NaN,23497.25,23488,23496.5
1756204200,23496.5,23503,23492.75,23500.5,0,0,0,0,0,0,0,NaN,23503,23492.75,23500.5
1756204500,23501,23505.5,23499.25,23501.5,0,0,0,0,0,0,0,NaN,23505.5,23499.25,23501.5
1756204800,23501.25,23503.5,23491.25,23494.25,0,0,0,0,0,0,0,NaN,23503.5,23491.25,23494.25
1756205100,23494.25,23498.5,23490.25,23495.75,0,0,0,0,0,0,0,NaN,23498.5,23490.25,23495.75
1756205400,23495.75,23497,23488.75,23492,0,0,0,0,0,0,0,NaN,23497,23488.75,23492
1756205700,23491.5,23495.25,23490,23491,0,0,0,0,0,0,0,NaN,23495.25,23490,23491
1756206000,23491.5,23494.75,23481.25,23487,0,0,0,0,0,0,0,NaN,23494.75,23481.25,23487
1756206300,23487.25,23488.25,23480.5,23487.25,0,0,0,0,0,0,0,NaN,23488.25,23480.5,23487.25
1756206600,23487.5,23488.25,23478.5,23480.5,0,0,0,0,0,0,0,NaN,23488.25,23478.5,23480.5
1756206900,23479.25,23479.75,23471.5,23472,0,0,0,0,0,0,0,NaN,23479.75,23471.5,23472
1756207200,23472.75,23477.75,23468.5,23470.25,0,0,0,0,0,0,0,NaN,23477.75,23468.5,23470.25
1756207500,23470,23474.75,23466.75,23468.25,0,0,0,0,0,0,0,NaN,23474.75,23466.75,23468.25
1756207800,23468.25,23469.25,23450,23455,0,0,0,0,0,0,0,NaN,23469.25,23450,23455
1756208100,23454.5,23459.75,23448,23456.5,0,0,0,0,0,0,0,NaN,23459.75,23448,23456.5
1756208400,23455.5,23461.5,23453.5,23458.25,0,0,0,0,0,0,0,NaN,23461.5,23453.5,23458.25
1756208700,23458,23458.25,23444.25,23449,0,0,0,0,0,0,0,NaN,23458.25,23444.25,23449
1756209000,23448.5,23461.25,23448.25,23457,0,0,0,0,0,0,0,NaN,23461.25,23448.25,23457
1756209300,23457.25,23472.5,23456.75,23470.5,0,0,0,0,0,0,0,NaN,23472.5,23456.75,23470.5
1756209600,23469,23472,23458.25,23459,0,0,0,0,0,0,0,NaN,23472,23458.25,23459
1756209900,23459.25,23462.5,23452,23455.75,0,0,0,0,0,0,0,NaN,23462.5,23452,23455.75
1756210200,23456,23462.25,23447.75,23448,0,0,0,0,0,0,0,NaN,23462.25,23447.75,23448
1756210500,23447.5,23464.5,23439.5,23461,0,0,0,0,0,0,0,NaN,23464.5,23439.5,23461
1756210800,23461,23472.25,23456.25,23469.5,0,0,0,0,0,0,0,NaN,23472.25,23456.25,23469.5
1756211100,23469.5,23471.25,23461,23464.25,0,0,0,0,0,0,0,NaN,23471.25,23461,23464.25
1756211400,23464.75,23478,23460.75,23474.75,0,0,0,0,0,0,0,NaN,23478,23460.75,23474.75
1756211700,23475.25,23475.25,23462,23471.25,0,0,0,0,0,0,0,NaN,23475.25,23462,23471.25
1756212000,23470.5,23474.5,23466,23473.5,0,0,0,0,0,0,0,NaN,23474.5,23466,23473.5
1756212300,23474,23479.75,23472,23477,0,0,0,0,0,0,0,NaN,23479.75,23472,23477
1756212600,23476.75,23480.5,23463.75,23464,0,0,0,0,0,0,0,NaN,23480.5,23463.75,23464
1756212900,23463,23472,23461.75,23471,0,0,0,0,0,0,0,NaN,23472,23461.75,23471
1756213200,23471,23474.25,23464.25,23465.5,0,0,0,0,0,0,0,NaN,23474.25,23464.25,23465.5
1756213500,23466.25,23472.75,23463,23469.25,0,0,0,0,0,0,0,NaN,23472.75,23463,23469.25
1756213800,23469,23475.5,23467.25,23472.75,0,0,0,0,0,0,0,NaN,23475.5,23467.25,23472.75
1756214100,23472.5,23473.75,23467.5,23472,0,0,0,0,0,0,0,NaN,23473.75,23467.5,23472
1756214400,23472,23475.25,23466.5,23468.25,0,0,0,0,0,0,0,NaN,23475.25,23466.5,23468.25
1756214700,23468.25,23472.25,23466,23470.5,0,0,0,0,0,0,0,NaN,23472.25,23466,23470.5
1756215000,23470.75,23514.75,23467.25,23502.5,0,0,0,0,0,0,0,NaN,23514.75,23467.25,23502.5
1756215300,23502,23508,23463.25,23485.5,0,0,0,0,0,0,0,NaN,23508,23463.25,23485.5
1756215600,23485,23518.5,23483.5,23497.5,0,0,0,0,0,0,0,NaN,23518.5,23483.5,23497.5
1756215900,23498,23499,23427,23444.5,0,0,0,0,0,0,0,NaN,23499,23427,23444.5
1756216200,23443.75,23501.5,23437.75,23496.75,0,0,0,0,0,0,0,NaN,23501.5,23437.75,23496.75
1756216500,23496.25,23506.75,23483.5,23494.75,0,0,0,0,0,0,0,NaN,23506.75,23483.5,23494.75
1756216800,23494.75,23513.75,23491.25,23506,0,0,0,0,0,0,0,NaN,23513.75,23491.25,23506
1756217100,23506,23508.25,23487,23500.75,0,0,0,0,0,0,0,NaN,23508.25,23487,23500.75
1756217400,23501,23527.25,23483.5,23507.75,0,0,0,0,0,0,0,NaN,23527.25,23483.5,23507.75
1756217700,23507,23528.5,23501,23513,0,0,0,0,0,0,0,NaN,23528.5,23501,23513
1756218000,23513.5,23545.75,23512.25,23540.75,0,0,0,0,0,0,0,NaN,23545.75,23512.25,23540.75
1756218300,23540.25,23548,23535,23543,0,0,0,0,0,0,0,NaN,23548,23535,23543
1756218600,23542.75,23548.75,23532,23534,0,0,0,0,0,0,0,NaN,23548.75,23532,23534
1756218900,23533.5,23547.75,23521.75,23522.5,0,0,0,0,0,0,0,NaN,23547.75,23521.75,23522.5
1756219200,23522.5,23546,23514.25,23545.75,0,0,0,0,0,0,0,NaN,23546,23514.25,23545.75
1756219500,23546,23553.75,23525,23534.5,0,0,0,0,0,0,0,NaN,23553.75,23525,23534.5
1756219800,23535,23540,23528,23535.5,0,0,0,0,0,0,0,NaN,23540,23528,23535.5
1756220100,23536,23550,23519.5,23522,0,0,0,0,0,0,0,NaN,23550,23519.5,23522
1756220400,23521.75,23530,23517.5,23525.75,0,0,0,0,0,0,0,NaN,23530,23517.5,23525.75
1756220700,23525,23532,23512.75,23516.75,0,0,0,0,0,0,0,NaN,23532,23512.75,23516.75
1756221000,23516.75,23533.5,23513,23529.5,0,0,0,0,0,0,0,NaN,23533.5,23513,23529.5
1756221300,23529.5,23533.75,23511.75,23522,0,0,0,0,0,0,0,NaN,23533.75,23511.75,23522
1756221600,23522.25,23535,23519.75,23530,0,0,0,0,0,0,0,NaN,23535,23519.75,23530
1756221900,23530.5,23537.5,23505,23508.75,0,0,0,0,0,0,0,NaN,23537.5,23505,23508.75
1756222200,23508.25,23516,23493.25,23494.25,0,0,0,0,0,0,0,NaN,23516,23493.25,23494.25
1756222500,23494.25,23518,23493.25,23515.5,0,0,0,0,0,0,0,NaN,23518,23493.25,23515.5
1756222800,23515,23519.75,23511.25,23515.5,0,0,0,0,0,0,0,NaN,23519.75,23511.25,23515.5
1756223100,23516,23521.5,23501.5,23504.25,0,0,0,0,0,0,0,NaN,23521.5,23501.5,23504.25
1756223400,23504.25,23522,23498,23516.5,0,0,0,0,0,0,0,NaN,23522,23498,23516.5
1756223700,23516.5,23523,23511.5,23517.75,0,0,0,0,0,0,0,NaN,23523,23511.5,23517.75
1756224000,23517.5,23533.5,23517.5,23532,0,0,0,0,0,0,0,NaN,23533.5,23517.5,23532
1756224300,23531.75,23536.75,23529.5,23531,0,0,0,0,0,0,0,NaN,23536.75,23529.5,23531
1756224600,23531,23544.5,23529.5,23544,0,0,0,0,0,0,0,NaN,23544.5,23529.5,23544
1756224900,23543.75,23556.75,23542.25,23549,0,0,0,0,0,0,0,NaN,23556.75,23542.25,23549
1756225200,23549.5,23555.25,23538,23542,0,0,0,0,0,0,0,NaN,23555.25,23538,23542
1756225500,23542.5,23545.5,23537.5,23542.75,0,0,0,0,0,0,0,NaN,23545.5,23537.5,23542.75
1756225800,23542.75,23548.5,23540.75,23544.25,0,0,0,0,0,0,0,NaN,23548.5,23540.75,23544.25
1756226100,23544.25,23548,23540.25,23540.5,0,0,0,0,0,0,0,NaN,23548,23540.25,23540.5
1756226400,23540.75,23550.25,23538.75,23540,0,0,0,0,0,0,0,NaN,23550.25,23538.75,23540
1756226700,23540.5,23544,23528.75,23530.25,0,0,0,0,0,0,0,NaN,23544,23528.75,23530.25
1756227000,23531.25,23538.25,23525,23533.25,0,0,0,0,0,0,0,NaN,23538.25,23525,23533.25
1756227300,23533.25,23542.25,23531.25,23539.5,0,0,0,0,0,0,0,NaN,23542.25,23531.25,23539.5
1756227600,23539.25,23544,23532.75,23541.25,0,0,0,0,0,0,0,NaN,23544,23532.75,23541.25
1756227900,23541,23543.75,23524,23524.75,0,0,0,0,0,0,0,NaN,23543.75,23524,23524.75
1756228200,23524.75,23529.5,23509.75,23528.5,0,0,0,0,0,0,0,NaN,23529.5,23509.75,23528.5
1756228500,23528,23530.25,23518.5,23526.25,0,0,0,0,0,0,0,NaN,23530.25,23518.5,23526.25
1756228800,23526.75,23537.25,23525,23533.75,0,0,0,0,0,0,0,NaN,23537.25,23525,23533.75
1756229100,23533.75,23541.25,23530,23537,0,0,0,0,0,0,0,NaN,23541.25,23530,23537
1756229400,23537,23540.25,23518.75,23520.75,0,0,0,0,0,0,0,NaN,23540.25,23518.75,23520.75
1756229700,23520.25,23525.25,23513,23515.5,0,0,0,0,0,0,0,NaN,23525.25,23513,23515.5
1756230000,23515.25,23516,23505,23509.75,0,0,0,0,0,0,0,NaN,23516,23505,23509.75
1756230300,23510,23513,23503,23507.75,0,0,0,0,0,0,0,NaN,23513,23503,23507.75
1756230600,23507.5,23510,23479.25,23483.25,0,0,0,0,0,0,0,NaN,23510,23479.25,23483.25
1756230900,23483,23506.75,23479,23502.75,0,0,0,0,0,0,0,NaN,23506.75,23479,23502.75
1756231200,23502.75,23516,23498.75,23509.5,0,0,0,0,0,0,0,NaN,23516,23498.75,23509.5
1756231500,23509,23519.75,23506,23518.5,0,0,0,0,0,0,0,NaN,23519.75,23506,23518.5
1756231800,23518.5,23531.25,23514.25,23523.25,0,0,0,0,0,0,0,NaN,23531.25,23514.25,23523.25
1756232100,23523,23537.25,23522.75,23535.75,0,0,0,0,0,0,0,NaN,23537.25,23522.75,23535.75
1756232400,23535.75,23536.25,23527.75,23531.5,0,0,0,0,0,0,0,NaN,23536.25,23527.75,23531.5
1756232700,23532,23539.25,23530.5,23539,0,0,0,0,0,0,0,NaN,23539.25,23530.5,23539
1756233000,23538.75,23548,23536.5,23542.25,0,0,0,0,0,0,0,NaN,23548,23536.5,23542.25
1756233300,23541.75,23549.25,23540.25,23545.75,0,0,0,0,0,0,0,NaN,23549.25,23540.25,23545.75
1756233600,23545.25,23552.75,23542,23543,0,0,0,0,0,0,0,NaN,23552.75,23542,23543
1756233900,23543.5,23551.25,23538.5,23548.75,0,0,0,0,0,0,0,NaN,23551.25,23538.5,23548.75
1756234200,23548.75,23550,23540,23546.5,0,0,0,0,0,0,0,NaN,23550,23540,23546.5
1756234500,23546.25,23556,23546.25,23550,0,0,0,0,0,0,0,NaN,23556,23546.25,23550
1756234800,23549.75,23553,23542.25,23546,0,0,0,0,0,0,0,NaN,23553,23542.25,23546
1756235100,23546,23546,23535.5,23540.5,0,0,0,0,0,0,0,NaN,23546,23535.5,23540.5
1756235400,23540.5,23548,23539.5,23547.5,0,0,0,0,0,0,0,NaN,23548,23539.5,23547.5
1756235700,23547.25,23550,23540.75,23545.75,0,0,0,0,0,0,0,NaN,23550,23540.75,23545.75
1756236000,23546,23579.25,23544.25,23564,0,0,0,0,0,0,0,NaN,23579.25,23544.25,23564
1756236300,23564.25,23569,23556.25,23567.75,0,0,0,0,0,0,0,NaN,23569,23556.25,23567.75
1756236600,23567.25,23578,23564.25,23570,0,0,0,0,0,0,0,NaN,23578,23564.25,23570
1756236900,23570,23570.5,23546.75,23549.5,0,0,0,0,0,0,0,NaN,23570.5,23546.75,23549.5
1756237200,23549.25,23550.5,23534.5,23537,0,0,0,0,0,0,0,NaN,23550.5,23534.5,23537
1756237500,23537.25,23554.75,23535.5,23553.5,0,0,0,0,0,0,0,NaN,23554.75,23535.5,23553.5
1756237800,23553.25,23600,23546.75,23575.5,0,0,0,0,0,0,0,NaN,23600,23546.75,23575.5
1756238100,23574.5,23598.5,23574.5,23587,0,0,0,0,0,0,0,NaN,23598.5,23574.5,23587
1756238400,23586.75,23599.25,23583.25,23587.75,0,0,0,0,0,0,0,NaN,23599.25,23583.25,23587.75
1756238700,23587.25,23609.5,23587,23606.25,0,0,0,0,0,0,0,NaN,23609.5,23587,23606.25
1756239000,23605.5,23611,23603.75,23609.25,0,0,0,0,0,0,0,NaN,23611,23603.75,23609.25
1756239300,23608.75,23609.25,23604,23605.25,0,0,0,0,0,0,0,NaN,23609.25,23604,23605.25
1756239600,23605.5,23608,23604,23604,0,0,0,0,0,0,0,NaN,23608,23604,23604
1756239900,23604.25,23607.25,23604,23606.75,0,0,0,0,0,0,0,NaN,23607.25,23604,23606.75
1756240200,23606.75,23607.75,23602.5,23603.5,0,0,0,0,0,0,0,NaN,23607.75,23602.5,23603.5
1756240500,23603.75,23604.75,23601.5,23603.75,0,0,0,0,0,0,0,NaN,23604.75,23601.5,23603.75
1756240800,23604,23610,23604,23609.25,0,0,0,0,0,0,0,NaN,23610,23604,23609.25
1756241100,23608.75,23609.75,23606.75,23608,0,0,0,0,0,0,0,NaN,23609.75,23606.75,23608
1756241400,23607.75,23608.5,23605.75,23607.25,0,0,0,0,0,0,0,NaN,23608.5,23605.75,23607.25
1756241700,23607,23608.5,23604.5,23607.5,0,0,0,0,0,0,0,NaN,23608.5,23604.5,23607.5
1756245600,23604,23622.75,23601.25,23614.25,0,0,0,0,0,0,0,NaN,23622.75,23601.25,23614.25
1756245900,23614.75,23615.75,23609.5,23610.25,0,0,0,0,0,0,0,NaN,23615.75,23609.5,23610.25
1756246200,23610.75,23618,23609.75,23617.75,0,0,0,0,0,0,0,NaN,23618,23609.75,23617.75
1756246500,23617.5,23621,23610.5,23613.75,0,0,0,0,0,0,0,NaN,23621,23610.5,23613.75
1756246800,23614.25,23619,23611.5,23617.75,0,0,0,0,0,0,0,NaN,23619,23611.5,23617.75
1756247100,23617,23618,23612,23615.75,0,0,0,0,0,0,0,NaN,23618,23612,23615.75
1756247400,23615.25,23620,23613.5,23618.75,0,0,0,0,0,0,0,NaN,23620,23613.5,23618.75
1756247700,23618.75,23620,23615,23617,0,0,0,0,0,0,0,NaN,23620,23615,23617
1756248000,23616.5,23619,23615.5,23618.25,0,0,0,0,0,0,0,NaN,23619,23615.5,23618.25
1756248300,23617.75,23619.75,23616.25,23618,0,0,0,0,0,0,0,NaN,23619.75,23616.25,23618
1756248600,23617.5,23619.25,23614.75,23618,0,0,0,0,0,0,0,NaN,23619.25,23614.75,23618
1756248900,23618,23618.75,23614.75,23616,0,0,0,0,0,0,0,NaN,23618.75,23614.75,23616
1756249200,23615.5,23621.5,23612,23612.75,0,0,0,0,0,0,0,NaN,23621.5,23612,23612.75
1756249500,23613.25,23615.75,23611.5,23614.25,0,0,0,0,0,0,0,NaN,23615.75,23611.5,23614.25
1756249800,23614.75,23616.25,23610.5,23611.5,0,0,0,0,0,0,0,NaN,23616.25,23610.5,23611.5
1756250100,23610.5,23614.25,23609.5,23614.25,0,0,0,0,0,0,0,NaN,23614.25,23609.5,23614.25
1756250400,23614,23615,23610.5,23614.25,0,0,0,0,0,0,0,NaN,23615,23610.5,23614.25
1756250700,23613.5,23617,23613,23613.5,0,0,0,0,0,0,0,NaN,23617,23613,23613.5
1756251000,23614.25,23618.75,23612.75,23617.75,0,0,0,0,0,0,0,NaN,23618.75,23612.75,23617.75
1756251300,23618,23624.25,23618,23622.5,0,0,0,0,0,0,0,NaN,23624.25,23618,23622.5
1756251600,23621.75,23622.25,23617,23618,0,0,0,0,0,0,0,NaN,23622.25,23617,23618
1756251900,23617,23619.25,23613.25,23613.5,0,0,0,0,0,0,0,NaN,23619.25,23613.25,23613.5
1756252200,23614,23616,23612,23614.25,0,0,0,0,0,0,0,NaN,23616,23612,23614.25
1756252500,23614.5,23619,23613.5,23614,0,0,0,0,0,0,0,NaN,23619,23613.5,23614
1756252800,23614.5,23617,23603.5,23604.5,0,0,0,0,0,0,0,NaN,23617,23603.5,23604.5
1756253100,23605.25,23609.75,23603.5,23605.75,0,0,0,0,0,0,0,NaN,23609.75,23603.5,23605.75
1756253400,23606.25,23608.75,23603,23604.5,0,0,0,0,0,0,0,NaN,23608.75,23603,23604.5
1756253700,23604.75,23606.5,23603.5,23605.75,0,0,0,0,0,0,0,NaN,23606.5,23603.5,23605.75
1756254000,23605.5,23607,23602.25,23602.5,0,0,0,0,0,0,0,NaN,23607,23602.25,23602.5
1756254300,23602.75,23604,23598.5,23600,0,0,0,0,0,0,0,NaN,23604,23598.5,23600
1756254600,23601.25,23603.25,23599.5,23599.5,0,0,0,0,0,0,0,NaN,23603.25,23599.5,23599.5
1756254900,23599,23601.25,23595,23595,0,0,0,0,0,0,0,NaN,23601.25,23595,23595
1756255200,23595,23598.5,23595,23597.75,0,0,0,0,0,0,0,NaN,23598.5,23595,23597.75
1756255500,23597.25,23597.25,23595,23596.25,0,0,0,0,0,0,0,NaN,23597.25,23595,23596.25
1756255800,23596.25,23600.75,23595.75,23597.5,0,0,0,0,0,0,0,NaN,23600.75,23595.75,23597.5
1756256100,23597,23599,23594,23598.25,0,0,0,0,0,0,0,NaN,23599,23594,23598.25
1756256400,23598.5,23604.75,23598,23602,0,0,0,0,0,0,0,NaN,23604.75,23598,23602
1756256700,23603,23609,23603,23606.75,0,0,0,0,0,0,0,NaN,23609,23603,23606.75
1756257000,23606.5,23610,23605.5,23608.5,0,0,0,0,0,0,0,NaN,23610,23605.5,23608.5
1756257300,23609,23611,23602.5,23605,0,0,0,0,0,0,0,NaN,23611,23602.5,23605
1756257600,23605,23605.25,23600,23604,0,0,0,0,0,0,0,NaN,23605.25,23600,23604
1756257900,23604.75,23605.75,23602.25,23602.75,0,0,0,0,0,0,0,NaN,23605.75,23602.25,23602.75
1756258200,23602.75,23613,23602.25,23612.75,0,0,0,0,0,0,0,NaN,23613,23602.25,23612.75
1756258500,23613,23618.75,23611.25,23616.5,0,0,0,0,0,0,0,NaN,23618.75,23611.25,23616.5
1756258800,23615.75,23623,23614.75,23621,0,0,0,0,0,0,0,NaN,23623,23614.75,23621
1756259100,23620.5,23624.75,23616.25,23624,0,0,0,0,0,0,0,NaN,23624.75,23616.25,23624
1756259400,23623.75,23629,23619.5,23626.75,0,0,0,0,0,0,0,NaN,23629,23619.5,23626.75
1756259700,23627.5,23629,23623.75,23627.25,0,0,0,0,0,0,0,NaN,23629,23623.75,23627.25
1756260000,23627.75,23628.5,23617.75,23618.25,0,0,0,0,0,0,0,NaN,23628.5,23617.75,23618.25
1756260300,23618.75,23620.25,23612.75,23616,0,0,0,0,0,0,0,NaN,23620.25,23612.75,23616
1756260600,23616.25,23620,23614.25,23618.5,0,0,0,0,0,0,0,NaN,23620,23614.25,23618.5
1756260900,23619,23625.75,23619,23620.25,0,0,0,0,0,0,0,NaN,23625.75,23619,23620.25
1756261200,23620.25,23626,23620,23624.75,0,0,0,0,0,0,0,NaN,23626,23620,23624.75
1756261500,23626,23628.5,23614.25,23615.25,0,0,0,0,0,0,0,NaN,23628.5,23614.25,23615.25
1756261800,23615.5,23617,23614,23615.5,0,0,0,0,0,0,0,NaN,23617,23614,23615.5
1756262100,23614.5,23616.5,23612.75,23614.5,0,0,0,0,0,0,0,NaN,23616.5,23612.75,23614.5
1756262400,23613.5,23613.5,23609.75,23613.5,0,0,0,0,0,0,0,NaN,23613.5,23609.75,23613.5
1756262700,23613.25,23613.5,23609.25,23610.25,0,0,0,0,0,0,0,NaN,23613.5,23609.25,23610.25
1756263000,23610,23613.5,23609,23611,0,0,0,0,0,0,0,NaN,23613.5,23609,23611
1756263300,23610.75,23612.5,23610.25,23611.75,0,0,0,0,0,0,0,NaN,23612.5,23610.25,23611.75
1756263600,23611.25,23617.25,23611.25,23616.25,0,0,0,0,0,0,0,NaN,23617.25,23611.25,23616.25
1756263900,23615.5,23617.75,23615.5,23617.75,0,0,0,0,0,0,0,NaN,23617.75,23615.5,23617.75
1756264200,23618,23621.25,23618,23620.25,0,0,0,0,0,0,0,NaN,23621.25,23618,23620.25
1756264500,23620,23620,23616,23616.75,0,0,0,0,0,0,0,NaN,23620,23616,23616.75
1756264800,23616.75,23617,23611.5,23612,0,0,0,0,0,0,0,NaN,23617,23611.5,23612
1756265100,23612.25,23612.25,23609.5,23612.25,0,0,0,0,0,0,0,NaN,23612.25,23609.5,23612.25
1756265400,23612.25,23614.5,23609.25,23614,0,0,0,0,0,0,0,NaN,23614.5,23609.25,23614
1756265700,23613.75,23615,23611.25,23612,0,0,0,0,0,0,0,NaN,23615,23611.25,23612
1756266000,23611.75,23613,23609.75,23612,0,0,0,0,0,0,0,NaN,23613,23609.75,23612
1756266300,23611.5,23613.75,23610.75,23612.5,0,0,0,0,0,0,0,NaN,23613.75,23610.75,23612.5
1756266600,23613.5,23614.75,23611.25,23611.75,0,0,0,0,0,0,0,NaN,23614.75,23611.25,23611.75
1756266900,23611.75,23615.25,23611.25,23613.5,0,0,0,0,0,0,0,NaN,23615.25,23611.25,23613.5
1756267200,23613.25,23614.25,23611.5,23611.75,0,0,0,1,0,0,0,NaN,23614.25,23611.5,23611.75
1756267500,23611.5,23612.75,23605,23608,0,0,0,0,0,0,0,NaN,23612.75,23605,23608
1756267800,23607.75,23614,23607.5,23613.75,0,0,0,0,0,0,0,NaN,23614,23607.5,23613.75
1756268100,23613,23614.25,23611.75,23613,0,0,0,0,0,0,0,NaN,23614.25,23611.75,23613
1756268400,23612.5,23613.75,23611,23613.25,0,0,0,0,0,0,0,NaN,23613.75,23611,23613.25
1756268700,23613.5,23616,23612.25,23614.75,0,0,0,0,0,0,0,NaN,23616,23612.25,23614.75
1756269000,23615,23619.5,23615,23618.25,0,0,0,0,0,0,0,NaN,23619.5,23615,23618.25
1756269300,23617.75,23621.5,23616.25,23619,0,0,0,0,0,0,0,NaN,23621.5,23616.25,23619
1756269600,23618.25,23620.25,23618,23620,0,0,0,0,0,0,0,NaN,23620.25,23618,23620
1756269900,23620.25,23621,23618.5,23618.5,0,0,0,0,0,0,0,NaN,23621,23618.5,23618.5
1756270200,23618,23620,23616.5,23617,0,0,0,0,0,0,0,NaN,23620,23616.5,23617
1756270500,23616,23617.5,23614.25,23616.75,0,0,0,0,0,0,0,NaN,23617.5,23614.25,23616.75
1756270800,23616.75,23617.25,23612.25,23615.5,0,0,0,0,0,0,0,NaN,23617.25,23612.25,23615.5
1756271100,23616.5,23616.5,23600,23600.25,0,0,0,0,0,0,0,NaN,23616.5,23600,23600.25
1756271400,23600,23606.5,23598.25,23601.75,0,0,0,0,0,0,0,NaN,23606.5,23598.25,23601.75
1756271700,23601.5,23604.5,23595.5,23598,0,0,0,0,0,0,0,NaN,23604.5,23595.5,23598
1756272000,23598.5,23603.5,23597.25,23600,0,0,0,0,0,0,0,NaN,23603.5,23597.25,23600
1756272300,23601.25,23601.5,23598.5,23599.5,0,0,0,0,0,0,0,NaN,23601.5,23598.5,23599.5
1756272600,23599.5,23602.5,23597.5,23601.25,0,0,0,0,0,0,0,NaN,23602.5,23597.5,23601.25
1756272900,23601.75,23605,23601.75,23603.75,0,0,0,0,0,0,0,NaN,23605,23601.75,23603.75
1756273200,23604.25,23604.25,23600.25,23600.5,0,0,0,0,0,0,0,NaN,23604.25,23600.25,23600.5
1756273500,23599.5,23600.25,23596.75,23597,0,0,0,0,0,0,0,NaN,23600.25,23596.75,23597
1756273800,23597.5,23600,23591.5,23594.5,0,0,0,0,0,0,0,NaN,23600,23591.5,23594.5
1756274100,23594.75,23601,23593.25,23601,0,0,0,0,0,0,0,NaN,23601,23593.25,23601
1756274400,23600.75,23601.5,23595.5,23597.5,0,0,0,0,0,0,0,NaN,23601.5,23595.5,23597.5
1756274700,23597.5,23601.25,23596,23600,0,0,0,0,0,0,0,NaN,23601.25,23596,23600
1756275000,23600.25,23603,23595.25,23602.25,0,0,0,0,0,0,0,NaN,23603,23595.25,23602.25
1756275300,23601.75,23607.75,23601.25,23604.5,0,0,0,0,0,0,0,NaN,23607.75,23601.25,23604.5
1756275600,23604,23608.25,23603,23608,0,0,0,0,0,0,0,NaN,23608.25,23603,23608
1756275900,23607,23619,23606.5,23614.5,0,0,0,0,0,0,0,NaN,23619,23606.5,23614.5
1756276200,23613.25,23619.25,23611.5,23618.75,0,0,0,0,0,0,0,NaN,23619.25,23611.5,23618.75
1756276500,23618.25,23618.5,23609.75,23610,0,0,0,0,0,0,0,NaN,23618.5,23609.75,23610
1756276800,23610,23616.25,23608.25,23615.25,0,0,0,0,0,0,0,NaN,23616.25,23608.25,23615.25
1756277100,23615.75,23617,23613.75,23614.25,0,0,0,0,0,0,0,NaN,23617,23613.75,23614.25
1756277400,23614,23614,23601.5,23603.5,0,0,0,0,0,0,0,NaN,23614,23601.5,23603.5
1756277700,23604,23606.75,23601,23602.25,0,0,0,0,0,0,0,NaN,23606.75,23601,23602.25
1756278000,23602.75,23605.5,23598.75,23604.75,0,0,0,0,0,0,0,NaN,23605.5,23598.75,23604.75
1756278300,23605,23612.5,23604,23612.25,0,0,0,0,0,0,0,NaN,23612.5,23604,23612.25
1756278600,23611.75,23615,23604.25,23604.75,0,0,0,0,0,0,0,NaN,23615,23604.25,23604.75
1756278900,23604.75,23605.5,23594,23594.5,0,0,0,0,0,0,0,NaN,23605.5,23594,23594.5
1756279200,23594,23597,23580.75,23582,0,0,0,0,0,0,0,NaN,23597,23580.75,23582
1756279500,23582.25,23586.25,23575.5,23581.75,0,0,0,0,0,0,0,NaN,23586.25,23575.5,23581.75
1756279800,23581.25,23592.75,23579,23589.75,0,0,0,0,0,0,0,NaN,23592.75,23579,23589.75
1756280100,23590,23593.75,23580.5,23581.5,0,0,0,0,0,0,0,NaN,23593.75,23580.5,23581.5
1756280400,23581.75,23588.5,23578.5,23586.5,0,0,0,0,0,0,0,NaN,23588.5,23578.5,23586.5
1756280700,23586.5,23594,23584.5,23591.25,0,0,0,0,0,0,0,NaN,23594,23584.5,23591.25
1756281000,23590.5,23597,23590.5,23595.25,0,0,0,0,0,0,0,NaN,23597,23590.5,23595.25
1756281300,23595.25,23597,23592.75,23594.75,0,0,0,0,0,0,0,NaN,23597,23592.75,23594.75
1756281600,23595.25,23599,23589.5,23589.5,0,0,0,0,0,0,0,NaN,23599,23589.5,23589.5
1756281900,23590.5,23592,23584.25,23585.25,0,0,0,0,0,0,0,NaN,23592,23584.25,23585.25
1756282200,23585,23590.25,23581,23582.75,0,0,0,0,0,0,0,NaN,23590.25,23581,23582.75
1756282500,23582,23588.25,23582,23586.25,0,0,0,0,0,0,0,NaN,23588.25,23582,23586.25
1756282800,23586.5,23587.75,23579.75,23579.75,0,0,0,0,0,0,0,NaN,23587.75,23579.75,23579.75
1756283100,23580.5,23584.5,23576,23581.25,0,0,0,0,0,0,0,NaN,23584.5,23576,23581.25
1756283400,23582.25,23585.25,23574.25,23574.75,0,0,0,0,0,0,0,NaN,23585.25,23574.25,23574.75
1756283700,23575.25,23585.25,23573,23584.75,0,0,0,0,0,0,0,NaN,23585.25,23573,23584.75
1756284000,23584.5,23585.5,23580.5,23582.75,0,0,0,0,0,0,0,NaN,23585.5,23580.5,23582.75
1756284300,23583,23585.5,23567.5,23570.25,0,0,0,0,0,0,0,NaN,23585.5,23567.5,23570.25
1756284600,23571.25,23578.5,23569,23577.75,0,0,0,0,0,0,0,NaN,23578.5,23569,23577.75
1756284900,23576.75,23588.5,23575.25,23586.75,0,0,0,0,0,0,0,NaN,23588.5,23575.25,23586.75
1756285200,23587.25,23595,23585.25,23592.25,0,0,0,0,0,0,0,NaN,23595,23585.25,23592.25
1756285500,23593.5,23595.75,23591.25,23594.5,0,0,0,0,0,0,0,NaN,23595.75,23591.25,23594.5
1756285800,23594.5,23596.5,23592,23595.5,0,0,0,0,0,0,0,NaN,23596.5,23592,23595.5
1756286100,23595.5,23597.5,23590.75,23595.75,0,0,0,0,0,0,0,NaN,23597.5,23590.75,23595.75
1756286400,23595.25,23598.25,23591.75,23597,0,0,0,0,0,0,0,NaN,23598.25,23591.75,23597
1756286700,23597,23598.5,23594.5,23597,0,0,0,0,0,0,0,NaN,23598.5,23594.5,23597
1756287000,23597.25,23599.75,23594.5,23594.5,0,0,0,0,0,0,0,NaN,23599.75,23594.5,23594.5
1756287300,23594.5,23601.5,23593.75,23600.75,0,0,0,0,0,0,0,NaN,23601.5,23593.75,23600.75
1756287600,23601,23602.25,23594.75,23597.75,0,0,0,0,0,0,0,NaN,23602.25,23594.75,23597.75
1756287900,23597.75,23600.25,23595,23598.5,0,0,0,0,0,0,0,NaN,23600.25,23595,23598.5
1756288200,23598.5,23601,23596.75,23597.5,0,0,0,0,0,0,0,NaN,23601,23596.75,23597.5
1756288500,23597,23598.5,23595,23596.5,0,0,0,0,0,0,0,NaN,23598.5,23595,23596.5
1756288800,23597,23600.5,23595,23597.5,0,0,0,0,0,0,0,NaN,23600.5,23595,23597.5
1756289100,23597.75,23598.5,23593.75,23595.75,0,0,0,0,0,0,0,NaN,23598.5,23593.75,23595.75
1756289400,23595.75,23598,23592,23596,0,0,0,0,0,0,0,NaN,23598,23592,23596
1756289700,23597,23599,23591.25,23593,0,0,0,0,0,0,0,NaN,23599,23591.25,23593
1756290000,23593.75,23598.5,23592,23596.5,0,0,0,0,0,0,0,NaN,23598.5,23592,23596.5
1756290300,23597.25,23603.5,23596.5,23603.25,0,0,0,0,0,0,0,NaN,23603.5,23596.5,23603.25
1756290600,23603.25,23606.75,23598.25,23599.75,0,0,0,0,0,0,0,NaN,23606.75,23598.25,23599.75
1756290900,23600,23603,23596.25,23598.75,0,0,0,0,0,0,0,NaN,23603,23596.25,23598.75
1756291200,23599.5,23603.5,23599.5,23601.5,0,0,0,0,0,0,0,NaN,23603.5,23599.5,23601.5
1756291500,23602,23604.5,23600,23603.25,0,0,0,0,0,0,0,NaN,23604.5,23600,23603.25
1756291800,23603,23605.25,23598.5,23599.75,0,0,0,0,0,0,0,NaN,23605.25,23598.5,23599.75
1756292100,23599.75,23605.5,23599.5,23600.5,0,0,0,0,0,0,0,NaN,23605.5,23599.5,23600.5
1756292400,23600,23606.5,23598,23598.5,0,0,0,0,0,0,0,NaN,23606.5,23598,23598.5
1756292700,23598.5,23605.5,23596.75,23605,0,0,0,0,0,0,0,NaN,23605.5,23596.75,23605
1756293000,23605.25,23607.5,23601.5,23607,0,0,0,0,0,0,0,NaN,23607.5,23601.5,23607
1756293300,23606,23610,23605.5,23609.75,0,0,0,0,0,0,0,NaN,23610,23605.5,23609.75
1756293600,23609.25,23611.25,23606,23606.25,0,0,0,0,0,0,0,NaN,23611.25,23606,23606.25
1756293900,23606.5,23609.25,23605.25,23607.5,0,0,0,0,0,0,0,NaN,23609.25,23605.25,23607.5
1756294200,23607.25,23612.5,23606.75,23610.5,0,0,0,0,0,0,0,NaN,23612.5,23606.75,23610.5
1756294500,23610.5,23614.25,23610,23611.5,0,0,0,0,0,0,0,NaN,23614.25,23610,23611.5
1756294800,23611,23612.5,23607.5,23609,0,0,0,0,0,0,0,NaN,23612.5,23607.5,23609
1756295100,23609.25,23614.25,23608.75,23613.25,0,0,0,0,0,0,0,NaN,23614.25,23608.75,23613.25
1756295400,23613.5,23614.75,23611.25,23613.5,0,0,0,0,0,0,0,NaN,23614.75,23611.25,23613.5
1756295700,23613.75,23614.25,23606.75,23607.75,0,0,0,0,0,0,0,NaN,23614.25,23606.75,23607.75
1756296000,23608,23610.5,23604.75,23605.25,0,0,0,0,0,0,0,NaN,23610.5,23604.75,23605.25
1756296300,23606.25,23617,23605.5,23613.25,0,0,0,0,0,0,0,NaN,23617,23605.5,23613.25
1756296600,23613.25,23618,23610.75,23617,0,0,0,0,0,0,0,NaN,23618,23610.75,23617
1756296900,23616.75,23621,23614.25,23616,0,0,0,0,0,0,0,NaN,23621,23614.25,23616
1756297200,23615.25,23616.25,23610.25,23610.25,0,0,0,0,0,0,0,NaN,23616.25,23610.25,23610.25
1756297500,23610.5,23610.5,23592.75,23595.25,0,0,0,0,0,0,0,NaN,23610.5,23592.75,23595.25
1756297800,23594.75,23598,23575.5,23576.5,0,0,0,0,0,0,0,NaN,23598,23575.5,23576.5
1756298100,23575.5,23581,23571.75,23577.25,0,0,0,0,0,0,0,NaN,23581,23571.75,23577.25
1756298400,23577.25,23577.5,23563.5,23566.25,0,0,0,0,0,0,0,NaN,23577.5,23563.5,23566.25
1756298700,23567,23579.25,23566.5,23576.75,0,0,0,0,0,0,0,NaN,23579.25,23566.5,23576.75
1756299000,23577,23579.75,23571.75,23577.75,0,0,0,0,0,0,0,NaN,23579.75,23571.75,23577.75
1756299300,23578.25,23584.5,23575.75,23582.25,0,0,0,0,0,0,0,NaN,23584.5,23575.75,23582.25
1756299600,23581.5,23586,23567.5,23569.25,0,0,0,0,0,0,0,NaN,23586,23567.5,23569.25
1756299900,23568.75,23573.5,23551.5,23561,0,0,0,0,0,0,0,NaN,23573.5,23551.5,23561
1756300200,23560.75,23574,23559.5,23565.5,0,0,0,0,0,0,0,NaN,23574,23559.5,23565.5
1756300500,23565.25,23567.5,23552.75,23556.5,0,0,0,0,0,0,0,NaN,23567.5,23552.75,23556.5
1756300800,23556,23560,23550,23556.75,0,0,0,0,0,0,0,NaN,23560,23550,23556.75
1756301100,23556.5,23561.5,23536,23541.25,0,0,0,0,0,0,0,NaN,23561.5,23536,23541.25
1756301400,23541,23559.25,23524,23554.5,0,0,0,0,0,0,0,NaN,23559.25,23524,23554.5
1756301700,23553.75,23565.25,23536,23553.25,0,0,0,0,0,0,0,NaN,23565.25,23536,23553.25
1756302000,23553.25,23555.5,23513.5,23524.75,0,0,0,0,0,0,0,NaN,23555.5,23513.5,23524.75
1756302300,23524.75,23530.5,23487.5,23499.5,0,0,0,0,0,0,0,NaN,23530.5,23487.5,23499.5
1756302600,23499.5,23541.75,23499,23539.5,0,0,0,0,0,0,0,NaN,23541.75,23499,23539.5
1756302900,23539.25,23541.5,23516,23535.5,0,0,0,0,0,0,0,NaN,23541.5,23516,23535.5
1756303200,23534.75,23548.5,23526.5,23535.5,0,0,0,0,0,0,0,NaN,23548.5,23526.5,23535.5
1756303500,23535.25,23559.5,23529.75,23559,0,0,0,0,0,0,0,NaN,23559.5,23529.75,23559
1756303800,23559,23567,23544.5,23566.5,0,0,0,0,0,0,0,NaN,23567,23544.5,23566.5
1756304100,23566,23601.75,23565.5,23598.5,0,0,0,0,0,0,0,NaN,23601.75,23565.5,23598.5
1756304400,23599,23604.5,23588.75,23596.75,0,0,0,0,0,0,0,NaN,23604.5,23588.75,23596.75
1756304700,23596.5,23606.5,23593.25,23598,0,0,0,0,0,0,0,NaN,23606.5,23593.25,23598
1756305000,23598.25,23610,23595.75,23602,0,0,0,0,0,0,0,NaN,23610,23595.75,23602
1756305300,23602.5,23612.25,23597.5,23611.75,0,0,0,0,0,0,0,NaN,23612.25,23597.5,23611.75
1756305600,23612,23616.25,23598.5,23602.5,0,0,0,0,0,0,0,NaN,23616.25,23598.5,23602.5
1756305900,23602.25,23604.25,23583.75,23598.75,0,0,0,0,0,0,0,NaN,23604.25,23583.75,23598.75
1756306200,23598.25,23606,23591,23601.25,0,0,0,0,0,0,0,NaN,23606,23591,23601.25
1756306500,23601.75,23610,23596.5,23600,0,0,0,0,0,0,0,NaN,23610,23596.5,23600
1756306800,23600.25,23609,23591,23592.25,0,0,0,0,0,0,0,NaN,23609,23591,23592.25
1756307100,23592,23602,23589.25,23596.75,0,0,0,0,0,0,0,NaN,23602,23589.25,23596.75
1756307400,23596.75,23605,23589.25,23598,0,0,0,0,0,0,0,NaN,23605,23589.25,23598
1756307700,23598.5,23603,23593,23594.75,0,0,0,0,0,0,0,NaN,23603,23593,23594.75
1756308000,23594.75,23608.75,23594.5,23603.75,0,0,0,0,0,0,0,NaN,23608.75,23594.5,23603.75
1756308300,23603.5,23603.5,23587.25,23590,0,0,0,0,0,0,0,NaN,23603.5,23587.25,23590
1756308600,23589.75,23597,23580.5,23593.5,0,0,0,0,0,0,0,NaN,23597,23580.5,23593.5
1756308900,23593.75,23606.5,23593,23605.5,0,0,0,0,0,0,0,NaN,23606.5,23593,23605.5
1756309200,23605.5,23606,23572.25,23600.5,0,0,0,0,0,0,0,NaN,23606,23572.25,23600.5
1756309500,23599.75,23625,23596.75,23622.75,0,0,0,0,0,0,0,NaN,23625,23596.75,23622.75
1756309800,23622.5,23625.75,23615,23621.75,0,0,0,0,0,0,0,NaN,23625.75,23615,23621.75
1756310100,23621.75,23630.75,23619.75,23623.25,0,0,0,0,0,0,0,NaN,23630.75,23619.75,23623.25
1756310400,23623.25,23624.25,23616.75,23616.75,0,0,0,0,0,0,0,NaN,23624.25,23616.75,23616.75
1756310700,23616.5,23619.5,23613,23617,0,0,0,0,0,0,0,NaN,23619.5,23613,23617
1756311000,23617,23617.25,23604.25,23606,0,0,0,0,0,0,0,NaN,23617.25,23604.25,23606
1756311300,23605.5,23606.25,23591,23591,0,0,0,0,0,0,0,NaN,23606.25,23591,23591
1756311600,23591,23592.25,23563,23566.25,0,0,0,0,0,0,0,NaN,23592.25,23563,23566.25
1756311900,23566.5,23569.5,23545.25,23566.75,0,0,0,0,0,0,0,NaN,23569.5,23545.25,23566.75
1756312200,23566.75,23573,23560.75,23565,0,0,0,0,0,0,0,NaN,23573,23560.75,23565
1756312500,23565.5,23571,23542,23565,0,0,0,0,0,0,0,NaN,23571,23542,23565
1756312800,23564.75,23579,23558.75,23570.75,0,0,0,0,0,0,0,NaN,23579,23558.75,23570.75
1756313100,23570,23596,23568.75,23595.25,0,0,0,0,0,0,0,NaN,23596,23568.75,23595.25
1756313400,23594.75,23609.25,23593.5,23608.75,0,0,0,0,0,0,0,NaN,23609.25,23593.5,23608.75
1756313700,23608.5,23612,23598.75,23600,0,0,0,0,0,0,0,NaN,23612,23598.75,23600
1756314000,23600.5,23605.5,23588.75,23599.75,0,0,0,0,0,0,0,NaN,23605.5,23588.75,23599.75
1756314300,23600,23604,23595,23600.75,0,0,0,0,0,0,0,NaN,23604,23595,23600.75
1756314600,23600.25,23606.5,23597.25,23602.5,0,0,0,0,0,0,0,NaN,23606.5,23597.25,23602.5
1756314900,23602.25,23603.75,23590.75,23594.75,0,0,0,0,0,0,0,NaN,23603.75,23590.75,23594.75
1756315200,23595,23601.5,23587.25,23600.75,0,0,0,0,0,0,0,NaN,23601.5,23587.25,23600.75
1756315500,23600.5,23605.5,23595.75,23602,0,0,0,0,0,0,0,NaN,23605.5,23595.75,23602
1756315800,23602,23608.75,23602,23603.75,0,0,0,0,0,0,0,NaN,23608.75,23602,23603.75
1756316100,23604.25,23615.25,23603.25,23614,0,0,0,0,0,0,0,NaN,23615.25,23603.25,23614
1756316400,23613.75,23619,23612.5,23616.5,0,0,0,0,0,0,0,NaN,23619,23612.5,23616.5
1756316700,23616.75,23623.5,23614.75,23616.25,0,0,0,0,0,0,0,NaN,23623.5,23614.75,23616.25
1756317000,23616.5,23621.5,23613.5,23620,0,0,0,0,0,0,0,NaN,23621.5,23613.5,23620
1756317300,23619.5,23624.5,23616.25,23621.25,0,0,0,0,0,0,0,NaN,23624.5,23616.25,23621.25
1756317600,23621.25,23625.75,23617.25,23618.5,0,0,0,0,0,0,0,NaN,23625.75,23617.25,23618.5
1756317900,23618.75,23628.75,23613.25,23626.75,0,0,0,0,0,0,0,NaN,23628.75,23613.25,23626.75
1756318200,23626.5,23653.25,23625,23650,0,0,0,0,0,0,0,NaN,23653.25,23625,23650
1756318500,23650.25,23657.5,23648,23649.75,0,0,0,0,0,0,0,NaN,23657.5,23648,23649.75
1756318800,23650.5,23657,23646.25,23653,0,0,0,0,0,0,0,NaN,23657,23646.25,23653
1756319100,23653.25,23654,23648.25,23649.5,0,0,0,0,0,0,0,NaN,23654,23648.25,23649.5
1756319400,23649.5,23651,23643,23644.5,0,0,0,0,0,0,0,NaN,23651,23643,23644.5
1756319700,23644.5,23648.5,23642,23645,0,0,0,0,0,0,0,NaN,23648.5,23642,23645
1756320000,23644.75,23645.75,23638.5,23639.5,0,0,0,0,0,0,0,NaN,23645.75,23638.5,23639.5
1756320300,23640,23645.5,23635.75,23637,0,0,0,0,0,0,0,NaN,23645.5,23635.75,23637
1756320600,23637.25,23640,23627.25,23628.25,0,0,0,0,0,0,0,NaN,23640,23627.25,23628.25
1756320900,23628.75,23633.5,23624.25,23626.75,0,0,0,0,0,0,0,NaN,23633.5,23624.25,23626.75
1756321200,23626.5,23627.5,23615.5,23617.5,0,0,0,0,0,0,0,NaN,23627.5,23615.5,23617.5
1756321500,23617.5,23619.5,23608.5,23608.75,0,0,0,0,0,0,0,NaN,23619.5,23608.5,23608.75
1756321800,23608.75,23609,23553.5,23568.5,0,0,0,0,0,0,0,NaN,23609,23553.5,23568.5
1756322100,23569,23595.5,23566.75,23593.75,0,0,0,0,0,0,0,NaN,23595.5,23566.75,23593.75
1756322400,23593.25,23601,23586,23596.5,0,0,0,0,0,0,0,NaN,23601,23586,23596.5
1756322700,23595.75,23603.75,23589.75,23597.25,0,0,0,0,0,0,0,NaN,23603.75,23589.75,23597.25
1756323000,23597.75,23606.25,23596.75,23604.75,0,0,0,0,0,0,0,NaN,23606.25,23596.75,23604.75
1756323300,23605,23620,23604.75,23618,0,0,0,0,0,0,0,NaN,23620,23604.75,23618
1756323600,23618.25,23628.5,23616.5,23624.5,0,0,0,0,0,0,0,NaN,23628.5,23616.5,23624.5
1756323900,23624.5,23630,23620.75,23627.75,0,0,0,0,0,0,0,NaN,23630,23620.75,23627.75
1756324200,23628.25,23642.5,23620.5,23632,0,0,0,0,0,0,0,NaN,23642.5,23620.5,23632
1756324500,23632,23646.75,23619.5,23620.25,0,0,0,0,0,0,0,NaN,23646.75,23619.5,23620.25
1756324800,23620,23629.5,23613.5,23614.75,0,0,0,0,0,0,0,NaN,23629.5,23613.5,23614.75
1756325100,23614.5,23627,23611.5,23624.25,0,0,0,0,0,0,0,NaN,23627,23611.5,23624.25
1756325400,23623.75,23623.75,23609.5,23615.5,0,0,0,0,0,0,0,NaN,23623.75,23609.5,23615.5
1756325700,23616,23626.75,23615,23622.5,0,0,0,0,0,0,0,NaN,23626.75,23615,23622.5
1756326000,23623.75,23689,23434.75,23495,0,0,0,0,0,0,0,NaN,23689,23434.75,23495
1756326300,23494.75,23579,23483.75,23575,0,0,0,0,0,0,0,NaN,23579,23483.75,23575
1756326600,23574.25,23581.75,23508,23538,0,0,0,0,0,0,0,NaN,23581.75,23508,23538
1756326900,23537.75,23554.25,23513.25,23526.5,0,0,0,0,0,0,0,NaN,23554.25,23513.25,23526.5
1756327200,23526,23543.5,23519.5,23523.5,0,0,0,0,0,0,0,NaN,23543.5,23519.5,23523.5
1756327500,23525,23532.25,23511.5,23523.75,0,0,0,0,0,0,0,NaN,23532.25,23511.5,23523.75
1756327800,23524.25,23541.5,23515,23535,0,0,0,0,0,0,0,NaN,23541.5,23515,23535
1756328100,23534.25,23545,23531,23542,0,0,0,0,0,0,0,NaN,23545,23531,23542
1756332000,23542.25,23550.25,23498,23513.75,0,0,0,0,0,0,0,NaN,23550.25,23498,23513.75
1756332300,23513.25,23520.5,23501,23504.25,0,0,0,0,0,0,0,NaN,23520.5,23501,23504.25
1756332600,23505,23527.25,23504,23512.75,0,0,0,0,0,0,0,NaN,23527.25,23504,23512.75
1756332900,23513,23515.5,23502.75,23503,0,0,0,0,0,0,0,NaN,23515.5,23502.75,23503
1756333200,23503,23511,23499.25,23506.5,0,0,0,0,0,0,0,NaN,23511,23499.25,23506.5
1756333500,23506.75,23512,23502.5,23508.5,0,0,0,0,0,0,0,NaN,23512,23502.5,23508.5
1756333800,23508.25,23532,23507.25,23530.75,0,0,0,0,0,0,0,NaN,23532,23507.25,23530.75
1756334100,23531,23535.75,23526.25,23531.75,0,0,0,0,0,0,0,NaN,23535.75,23526.25,23531.75
1756334400,23531.5,23532.25,23521.25,23526.25,0,0,0,0,0,0,0,NaN,23532.25,23521.25,23526.25
1756334700,23527,23527,23516,23521.75,0,0,0,0,0,0,0,NaN,23527,23516,23521.75
1756335000,23521.5,23532,23521.5,23524.75,0,0,0,0,0,0,0,NaN,23532,23521.5,23524.75
1756335300,23523.5,23524,23513.25,23518.5,0,0,0,0,0,0,0,NaN,23524,23513.25,23518.5
1756335600,23518.25,23523,23505.25,23522,0,0,0,0,0,0,0,NaN,23523,23505.25,23522
1756335900,23523.25,23525.5,23513,23521.25,0,0,0,0,0,0,0,NaN,23525.5,23513,23521.25
1756336200,23521,23522.5,23512.5,23514.5,0,0,0,0,0,0,0,NaN,23522.5,23512.5,23514.5
1756336500,23513.75,23516.25,23506.75,23508,0,0,0,0,0,0,0,NaN,23516.25,23506.75,23508
1756336800,23508.5,23512,23504.5,23507.75,0,0,0,0,0,0,0,NaN,23512,23504.5,23507.75
1756337100,23507.25,23513.25,23505,23512,0,0,0,0,0,0,0,NaN,23513.25,23505,23512
1756337400,23511.5,23516.75,23505.25,23512,0,0,0,0,0,0,0,NaN,23516.75,23505.25,23512
1756337700,23512,23517.25,23508.75,23517.25,0,0,0,0,0,0,0,NaN,23517.25,23508.75,23517.25
1756338000,23516.5,23518.5,23510,23512.25,0,0,0,0,0,0,0,NaN,23518.5,23510,23512.25
1756338300,23513.25,23516.25,23506.5,23514.25,0,0,0,0,0,0,0,NaN,23516.25,23506.5,23514.25
1756338600,23512.25,23517.25,23502.25,23509.25,0,0,0,0,0,0,0,NaN,23517.25,23502.25,23509.25
1756338900,23510,23510.75,23502,23508.5,0,0,0,0,0,0,0,NaN,23510.75,23502,23508.5
1756339200,23507.75,23508.25,23495.5,23504,0,0,0,0,0,0,0,NaN,23508.25,23495.5,23504
1756339500,23506.5,23515,23499,23513.5,0,0,0,0,0,0,0,NaN,23515,23499,23513.5
1756339800,23514.25,23516.5,23507.75,23513,0,0,0,0,0,0,0,NaN,23516.5,23507.75,23513
1756340100,23513,23515.25,23490.25,23500.75,0,0,0,0,0,0,0,NaN,23515.25,23490.25,23500.75
1756340400,23501,23501,23492,23494.5,0,0,0,0,0,0,0,NaN,23501,23492,23494.5
1756340700,23495.5,23499,23487.5,23493.25,0,0,0,0,0,0,0,NaN,23499,23487.5,23493.25
1756341000,23493.25,23497.25,23488,23493,0,0,0,0,0,0,0,NaN,23497.25,23488,23493
1756341300,23492.75,23514,23492,23511.25,0,0,0,0,0,0,0,NaN,23514,23492,23511.25
1756341600,23510.75,23521.75,23508.5,23518.25,0,0,0,0,0,0,0,NaN,23521.75,23508.5,23518.25
1756341900,23519.25,23523.75,23515,23516,0,0,0,0,0,0,0,NaN,23523.75,23515,23516
1756342200,23515.75,23522.25,23510,23521.75,0,0,0,0,0,0,0,NaN,23522.25,23510,23521.75
1756342500,23522,23523,23515,23520.5,0,0,0,0,0,0,0,NaN,23523,23515,23520.5
1756342800,23521,23527,23518,23524,0,0,0,0,0,0,0,NaN,23527,23518,23524
1756343100,23525,23531,23524.5,23526.75,0,0,0,0,0,0,0,NaN,23531,23524.5,23526.75
1756343400,23527,23533.5,23527,23529.75,0,0,0,0,0,0,0,NaN,23533.5,23527,23529.75
1756343700,23530,23533.5,23525.75,23533,0,0,0,0,0,0,0,NaN,23533.5,23525.75,23533
1756344000,23532.75,23533,23524,23526,0,0,0,0,0,0,0,NaN,23533,23524,23526
1756344300,23526.75,23531.75,23524.25,23526.25,0,0,0,0,0,0,0,NaN,23531.75,23524.25,23526.25
1756344600,23527.25,23533,23526.75,23530.25,0,0,0,0,0,0,0,NaN,23533,23526.75,23530.25
1756344900,23530.5,23536,23528,23535,0,0,0,0,0,0,0,NaN,23536,23528,23535
1756345200,23535,23539.75,23533.75,23538.5,0,0,0,0,0,0,0,NaN,23539.75,23533.75,23538.5
1756345500,23538.25,23541.25,23536,23540.25,0,0,0,0,0,0,0,NaN,23541.25,23536,23540.25
1756345800,23539.25,23552.75,23538.25,23548.25,0,0,0,0,0,0,0,NaN,23552.75,23538.25,23548.25
1756346100,23548.25,23549.5,23544.75,23547.5,0,0,0,0,0,0,0,NaN,23549.5,23544.75,23547.5
1756346400,23548.25,23551.5,23545,23550,0,0,0,0,0,0,0,NaN,23551.5,23545,23550
1756346700,23549.75,23554.75,23549.75,23552.75,0,0,0,0,0,0,0,NaN,23554.75,23549.75,23552.75
1756347000,23553.25,23555,23550.75,23551.5,0,0,0,0,0,0,0,NaN,23555,23550.75,23551.5
1756347300,23551.25,23558,23550.25,23557,0,0,0,0,0,0,0,NaN,23558,23550.25,23557
1756347600,23557.5,23564.5,23556.5,23560.5,0,0,0,0,0,0,0,NaN,23564.5,23556.5,23560.5
1756347900,23561,23561,23553.25,23555.25,0,0,0,0,0,0,0,NaN,23561,23553.25,23555.25
1756348200,23555.5,23557.25,23548.5,23552,0,0,0,0,0,0,0,NaN,23557.25,23548.5,23552
1756348500,23552.25,23553.75,23547.75,23552,0,0,0,0,0,0,0,NaN,23553.75,23547.75,23552
1756348800,23552,23557.75,23551.75,23555.75,0,0,0,0,0,0,0,NaN,23557.75,23551.75,23555.75
1756349100,23555.5,23556,23552,23555.75,0,0,0,0,0,0,0,NaN,23556,23552,23555.75
1756349400,23555.75,23556.5,23550.5,23553.5,0,0,0,0,0,0,0,NaN,23556.5,23550.5,23553.5
1756349700,23552.75,23556,23552.5,23555.5,0,0,0,0,0,0,0,NaN,23556,23552.5,23555.5
1756350000,23554.5,23561.75,23554.25,23560.75,0,0,0,0,0,0,0,NaN,23561.75,23554.25,23560.75
1756350300,23560,23582.5,23560,23577.5,0,0,0,0,0,0,0,NaN,23582.5,23560,23577.5
1756350600,23577.5,23582.5,23577.5,23581,0,0,0,0,0,0,0,NaN,23582.5,23577.5,23581
1756350900,23581,23584.25,23574.75,23577.75,0,0,0,0,0,0,0,NaN,23584.25,23574.75,23577.75
1756351200,23577.25,23578,23569.25,23575.25,0,0,0,0,0,0,0,NaN,23578,23569.25,23575.25
1756351500,23575,23579.5,23574.25,23578.25,0,0,0,0,0,0,0,NaN,23579.5,23574.25,23578.25
1756351800,23579,23580.25,23576.5,23578.75,0,0,0,0,0,0,0,NaN,23580.25,23576.5,23578.75
1756352100,23579.25,23579.25,23573.25,23575.25,0,0,0,0,0,0,0,NaN,23579.25,23573.25,23575.25
1756352400,23575.5,23579.25,23571.5,23571.5,0,0,0,0,0,0,0,NaN,23579.25,23571.5,23571.5
1756352700,23572,23575.5,23569.5,23575,0,0,0,0,0,0,0,NaN,23575.5,23569.5,23575
1756353000,23575.25,23577,23574.5,23575.5,0,0,0,0,0,0,0,NaN,23577,23574.5,23575.5
1756353300,23575,23578.75,23573.25,23575,0,0,0,0,0,0,0,NaN,23578.75,23573.25,23575
1756353600,23575,23575.5,23560,23560.5,0,0,0,0,1,0,0,NaN,23575.5,23560,23560.5
1756353900,23561.25,23562.75,23559.5,23559.5,0,0,0,0,0,0,0,NaN,23562.75,23559.5,23559.5
1756354200,23559.25,23565.5,23557.75,23563.75,0,0,0,0,0,0,0,NaN,23565.5,23557.75,23563.75
1756354500,23564,23565.75,23562.5,23563.25,0,0,0,0,0,0,0,NaN,23565.75,23562.5,23563.25
1756354800,23562.25,23562.75,23559,23561.25,0,0,0,0,0,0,0,NaN,23562.75,23559,23561.25
1756355100,23561.5,23574,23561.5,23571.5,0,0,0,0,0,0,0,NaN,23574,23561.5,23571.5
1756355400,23571.75,23573.5,23570.5,23572.25,0,0,0,0,0,0,0,NaN,23573.5,23570.5,23572.25
1756355700,23571.75,23575,23569,23569.25,0,0,0,0,0,0,0,NaN,23575,23569,23569.25
1756356000,23569.5,23573.5,23567.25,23573,0,0,0,0,0,0,0,NaN,23573.5,23567.25,23573
1756356300,23572.5,23572.5,23565.5,23566,0,0,0,0,0,0,0,NaN,23572.5,23565.5,23566
1756356600,23566.75,23567,23562.75,23563.5,0,0,0,0,0,0,0,NaN,23567,23562.75,23563.5
1756356900,23563.5,23563.75,23558.25,23561.75,0,0,0,0,0,0,0,NaN,23563.75,23558.25,23561.75
1756357200,23561.25,23567.25,23559,23566.75,0,0,0,0,0,0,0,NaN,23567.25,23559,23566.75
1756357500,23566,23566.25,23563.5,23564.75,0,0,0,0,0,0,0,NaN,23566.25,23563.5,23564.75
1756357800,23565,23565,23559.5,23560,0,0,0,0,0,0,0,NaN,23565,23559.5,23560
1756358100,23560.75,23566.5,23558.5,23562.75,0,0,0,0,0,0,0,NaN,23566.5,23558.5,23562.75
1756358400,23562.25,23562.5,23556.25,23557.75,0,0,0,0,0,0,0,NaN,23562.5,23556.25,23557.75
1756358700,23558,23566,23558,23561.25,0,0,0,0,0,0,0,NaN,23566,23558,23561.25
1756359000,23561,23561,23555.75,23557,0,0,0,0,0,0,0,NaN,23561,23555.75,23557
1756359300,23557.5,23560.5,23556.5,23560.5,0,0,0,0,0,0,0,NaN,23560.5,23556.5,23560.5
1756359600,23559.75,23560.25,23545.75,23549,0,0,0,0,0,0,0,NaN,23560.25,23545.75,23549
1756359900,23549,23549.25,23540.75,23543.25,0,0,0,0,0,0,0,NaN,23549.25,23540.75,23543.25
1756360200,23542.5,23548.5,23541,23545.5,0,0,0,0,0,0,0,NaN,23548.5,23541,23545.5
1756360500,23546,23546.5,23541.75,23542.5,0,0,0,0,0,0,0,NaN,23546.5,23541.75,23542.5
1756360800,23543,23551.25,23539.5,23547.5,0,0,0,0,0,0,0,NaN,23551.25,23539.5,23547.5
1756361100,23547.75,23548.5,23545,23547.5,0,0,0,0,0,0,0,NaN,23548.5,23545,23547.5
1756361400,23548,23553.5,23544.5,23551.75,0,0,0,0,0,0,0,NaN,23553.5,23544.5,23551.75
1756361700,23552,23558.75,23550.75,23555.75,0,0,0,0,0,0,0,NaN,23558.75,23550.75,23555.75
1756362000,23556.25,23566.75,23556,23562,0,0,0,0,0,0,0,NaN,23566.75,23556,23562
1756362300,23562.5,23580,23562.5,23578.5,0,0,0,0,0,0,0,NaN,23580,23562.5,23578.5
1756362600,23577.75,23599.75,23576.75,23593.25,0,0,0,0,0,0,0,NaN,23599.75,23576.75,23593.25
1756362900,23593.5,23602.75,23592,23595.5,0,0,0,0,0,0,0,NaN,23602.75,23592,23595.5
1756363200,23596.5,23605.5,23595.75,23602,0,0,0,0,0,0,0,NaN,23605.5,23595.75,23602
1756363500,23602,23604.5,23595.5,23601,0,0,0,0,0,0,0,NaN,23604.5,23595.5,23601
1756363800,23601,23612.25,23600,23600.5,0,0,0,0,0,0,0,NaN,23612.25,23600,23600.5
1756364100,23601,23609,23598,23606.75,0,0,0,0,0,0,0,NaN,23609,23598,23606.75
1756364400,23606.75,23635.5,23602.75,23621.75,0,0,0,0,0,0,0,NaN,23635.5,23602.75,23621.75
1756364700,23622.5,23630,23608.25,23609.75,0,0,0,0,0,0,0,NaN,23630,23608.25,23609.75
1756365000,23610,23620.25,23608.25,23615.25,0,0,0,0,0,0,0,NaN,23620.25,23608.25,23615.25
1756365300,23615,23624.25,23612,23617,0,0,0,0,0,0,0,NaN,23624.25,23612,23617
1756365600,23618.5,23627.25,23618.5,23623,0,0,0,0,0,0,0,NaN,23627.25,23618.5,23623
1756365900,23621.75,23625.75,23616.5,23625.75,0,0,0,0,0,0,0,NaN,23625.75,23616.5,23625.75
1756366200,23625.5,23627.75,23616.75,23624.25,0,0,0,0,0,0,0,NaN,23627.75,23616.75,23624.25
1756366500,23622.75,23622.75,23609.25,23609.25,0,0,0,0,0,0,0,NaN,23622.75,23609.25,23609.25
1756366800,23609.75,23614.75,23605.25,23607.75,0,0,0,0,0,0,0,NaN,23614.75,23605.25,23607.75
1756367100,23608,23612.75,23603.5,23609.75,0,0,0,0,0,0,0,NaN,23612.75,23603.5,23609.75
1756367400,23610.25,23625.75,23608.5,23625,0,0,0,0,0,0,0,NaN,23625.75,23608.5,23625
1756367700,23625.25,23633,23619,23632.25,0,0,0,0,0,0,0,NaN,23633,23619,23632.25
1756368000,23631.25,23643.5,23622.5,23635.75,0,0,0,0,0,0,0,NaN,23643.5,23622.5,23635.75
1756368300,23636,23648.75,23634.25,23645,0,0,0,0,0,0,0,NaN,23648.75,23634.25,23645
1756368600,23645.5,23658.75,23637.75,23648.75,0,0,0,0,0,0,0,NaN,23658.75,23637.75,23648.75
1756368900,23648,23654,23646.5,23651.75,0,0,0,0,0,0,0,NaN,23654,23646.5,23651.75
1756369200,23651.75,23662,23646.25,23653.25,0,0,0,0,0,0,0,NaN,23662,23646.25,23653.25
1756369500,23653.5,23654,23641,23642.75,0,0,0,0,0,0,0,NaN,23654,23641,23642.75
1756369800,23643,23644.5,23634.5,23634.5,0,0,0,0,0,0,0,NaN,23644.5,23634.5,23634.5
1756370100,23634.75,23639,23632.5,23633.25,0,0,0,0,0,0,0,NaN,23639,23632.5,23633.25
1756370400,23633.5,23639.5,23625.25,23626.75,0,0,0,0,0,0,0,NaN,23639.5,23625.25,23626.75
1756370700,23626.75,23630,23625,23628.5,0,0,0,0,0,0,0,NaN,23630,23625,23628.5
1756371000,23628.5,23628.5,23617.25,23618,0,0,0,0,0,0,0,NaN,23628.5,23617.25,23618
1756371300,23617.5,23620.5,23615,23617,0,0,0,0,0,0,0,NaN,23620.5,23615,23617
1756371600,23616.25,23621.5,23616,23617.75,0,0,0,0,0,0,0,NaN,23621.5,23616,23617.75
1756371900,23618.75,23624.25,23618.25,23623,0,0,0,0,0,0,0,NaN,23624.25,23618.25,23623
1756372200,23623.5,23628.25,23619.75,23622.5,0,0,0,0,0,0,0,NaN,23628.25,23619.75,23622.5
1756372500,23623,23625.5,23619.25,23622.75,0,0,0,0,0,0,0,NaN,23625.5,23619.25,23622.75
1756372800,23622.5,23623.5,23618.75,23621.75,0,0,0,0,0,0,0,NaN,23623.5,23618.75,23621.75
1756373100,23621.75,23625.25,23618.75,23622.5,0,0,0,0,0,0,0,NaN,23625.25,23618.75,23622.5
1756373400,23622.5,23624.5,23617.25,23619.75,0,0,0,0,0,0,0,NaN,23624.5,23617.25,23619.75
1756373700,23619.5,23627.75,23618,23623.25,0,0,0,0,0,0,0,NaN,23627.75,23618,23623.25
1756374000,23622.5,23622.5,23613.25,23616.75,0,0,0,0,0,0,0,NaN,23622.5,23613.25,23616.75
1756374300,23617,23622,23608.75,23613.75,0,0,0,0,0,0,0,NaN,23622,23608.75,23613.75
1756374600,23614,23618.75,23612.25,23616,0,0,0,0,0,0,0,NaN,23618.75,23612.25,23616
1756374900,23615.75,23620.5,23613,23615.25,0,0,0,0,0,0,0,NaN,23620.5,23613,23615.25
1756375200,23614.25,23617.5,23609.5,23617,0,0,0,0,0,0,0,NaN,23617.5,23609.5,23617
1756375500,23617.25,23618.75,23612,23614.5,0,0,0,0,0,0,0,NaN,23618.75,23612,23614.5
1756375800,23615,23618.75,23612.5,23618.75,0,0,0,0,0,0,0,NaN,23618.75,23612.5,23618.75
1756376100,23618.75,23621.5,23616,23616,0,0,0,0,0,0,0,NaN,23621.5,23616,23616
1756376400,23616,23622.25,23610.75,23619,0,0,0,0,0,0,0,NaN,23622.25,23610.75,23619
1756376700,23619.75,23624.75,23618.25,23619.5,0,0,0,0,0,0,0,NaN,23624.75,23618.25,23619.5
1756377000,23619.5,23623,23614.75,23619.75,0,0,0,0,0,0,0,NaN,23623,23614.75,23619.75
1756377300,23620.5,23626.25,23613.75,23613.75,0,0,0,0,0,0,0,NaN,23626.25,23613.75,23613.75
1756377600,23613.25,23613.25,23597.75,23599.5,0,0,0,0,0,0,0,NaN,23613.25,23597.75,23599.5
1756377900,23600.25,23610,23599.25,23606.5,0,0,0,0,0,0,0,NaN,23610,23599.25,23606.5
1756378200,23607,23611.25,23600,23608,0,0,0,0,0,0,0,NaN,23611.25,23600,23608
1756378500,23609.25,23612.5,23605,23612.25,0,0,0,0,0,0,0,NaN,23612.5,23605,23612.25
1756378800,23611,23614.75,23604,23604.75,0,0,0,0,0,0,0,NaN,23614.75,23604,23604.75
1756379100,23604.5,23607.75,23595.5,23597.75,0,0,0,0,0,0,0,NaN,23607.75,23595.5,23597.75
1756379400,23597.25,23597.25,23589.5,23589.75,0,0,0,0,0,0,0,NaN,23597.25,23589.5,23589.75
1756379700,23589.25,23594.25,23583,23583.5,0,0,0,0,0,0,0,NaN,23594.25,23583,23583.5
1756380000,23583.5,23594,23582.75,23589.75,0,0,0,0,0,0,0,NaN,23594,23582.75,23589.75
1756380300,23589.75,23593.75,23588.5,23591,0,0,0,0,0,0,0,NaN,23593.75,23588.5,23591
1756380600,23590.75,23596.25,23586.5,23596,0,0,0,0,0,0,0,NaN,23596.25,23586.5,23596
1756380900,23595.25,23598.25,23589,23592.25,0,0,0,0,0,0,0,NaN,23598.25,23589,23592.25
1756381200,23591.75,23596.25,23588.25,23593,0,0,0,0,0,0,0,NaN,23596.25,23588.25,23593
1756381500,23593.25,23602.75,23591.5,23598.5,0,0,0,0,0,0,0,NaN,23602.75,23591.5,23598.5
1756381800,23598.25,23612,23598.25,23610.75,0,0,0,0,0,0,0,NaN,23612,23598.25,23610.75
1756382100,23610.5,23618.75,23610,23617.75,0,0,0,0,0,0,0,NaN,23618.75,23610,23617.75
1756382400,23617.75,23627,23615,23625.25,0,0,0,0,0,0,0,NaN,23627,23615,23625.25
1756382700,23625,23631.75,23619.25,23620.75,0,0,0,0,0,0,0,NaN,23631.75,23619.25,23620.75
1756383000,23620.75,23621,23612,23612,0,0,0,0,0,0,0,NaN,23621,23612,23612
1756383300,23611.5,23611.5,23601.5,23604,0,0,0,0,0,0,0,NaN,23611.5,23601.5,23604
1756383600,23603.75,23605.25,23595.25,23601,0,0,0,0,0,0,0,NaN,23605.25,23595.25,23601
1756383900,23601,23601.75,23593.5,23600.75,0,0,0,0,0,0,0,NaN,23601.75,23593.5,23600.75
1756384200,23600,23639,23598,23627.25,0,0,0,0,0,0,0,NaN,23639,23598,23627.25
1756384500,23629.75,23640.25,23619,23638.5,0,0,0,0,0,0,0,NaN,23640.25,23619,23638.5
1756384800,23638.25,23653.75,23635.75,23644.5,0,0,0,0,0,0,0,NaN,23653.75,23635.75,23644.5
1756385100,23644,23645.5,23630.5,23632,0,0,0,0,0,0,0,NaN,23645.5,23630.5,23632
1756385400,23632.25,23642.5,23630.25,23635.25,0,0,0,0,0,0,0,NaN,23642.5,23630.25,23635.25
1756385700,23634.75,23646.25,23631.25,23633.25,0,0,0,0,0,0,0,NaN,23646.25,23631.25,23633.25
1756386000,23633.75,23641.25,23631.75,23639.75,0,0,0,0,0,0,0,NaN,23641.25,23631.75,23639.75
1756386300,23640,23645.75,23636.75,23640.5,0,0,0,0,0,0,0,NaN,23645.75,23636.75,23640.5
1756386600,23640.25,23645,23637,23644.75,0,0,0,0,0,0,0,NaN,23645,23637,23644.75
1756386900,23645,23656.25,23640,23652.75,0,0,0,0,0,0,0,NaN,23656.25,23640,23652.75
1756387200,23653.25,23657.75,23649.75,23652,0,0,0,0,0,0,0,NaN,23657.75,23649.75,23652
1756387500,23651.75,23652,23631,23640.5,0,0,0,0,0,0,0,NaN,23652,23631,23640.5
1756387800,23640.25,23742.25,23629.75,23728.75,0,0,0,0,0,0,0,NaN,23742.25,23629.75,23728.75
1756388100,23728,23730.5,23680.5,23719.25,0,0,0,0,0,0,0,NaN,23730.5,23680.5,23719.25
1756388400,23718.75,23736.75,23689.25,23702,0,0,0,0,0,0,0,NaN,23736.75,23689.25,23702
1756388700,23702.25,23709,23657.25,23657.75,0,0,0,0,0,0,0,NaN,23709,23657.25,23657.75
1756389000,23657.75,23662.75,23592.5,23615.75,0,0,0,0,0,0,0,NaN,23662.75,23592.5,23615.75
1756389300,23615.25,23629,23572.5,23609.25,0,0,0,0,0,0,0,NaN,23629,23572.5,23609.25
1756389600,23609,23634.25,23593.25,23604,0,0,0,0,0,0,0,NaN,23634.25,23593.25,23604
1756389900,23604.75,23676.75,23598.5,23652,0,0,0,0,0,0,0,NaN,23676.75,23598.5,23652
1756390200,23652.25,23673,23646.75,23665.75,0,0,0,0,0,0,0,NaN,23673,23646.75,23665.75
1756390500,23665.25,23674.5,23635.75,23636.75,0,0,0,0,0,0,0,NaN,23674.5,23635.75,23636.75
1756390800,23636.75,23670.25,23636.75,23651,0,0,0,0,0,0,0,NaN,23670.25,23636.75,23651
1756391100,23651,23652.25,23624,23630.25,0,0,0,0,0,0,0,NaN,23652.25,23624,23630.25
1756391400,23630.25,23678,23628.75,23661.25,0,0,0,0,0,0,0,NaN,23678,23628.75,23661.25
1756391700,23661.75,23673.75,23643.5,23672,0,0,0,0,0,0,0,NaN,23673.75,23643.5,23672
1756392000,23672,23701.25,23671,23693.75,0,0,0,0,0,0,0,NaN,23701.25,23671,23693.75
1756392300,23693.5,23720,23683.75,23708.75,0,0,0,0,0,0,0,NaN,23720,23683.75,23708.75
1756392600,23709,23720.5,23694.75,23717.75,0,0,0,0,0,0,0,NaN,23720.5,23694.75,23717.75
1756392900,23718.75,23730,23711.75,23714.25,0,0,0,0,0,0,0,NaN,23730,23711.75,23714.25
1756393200,23714.25,23719.75,23702,23707.75,0,0,0,0,0,0,0,NaN,23719.75,23702,23707.75
1756393500,23708,23716.25,23696.5,23713.75,0,0,0,0,0,0,0,NaN,23716.25,23696.5,23713.75
1756393800,23714,23731.5,23712.5,23727.25,0,0,0,0,0,0,0,NaN,23731.5,23712.5,23727.25
1756394100,23727.25,23752.75,23724,23733,0,0,0,0,0,0,0,NaN,23752.75,23724,23733
1756394400,23733.25,23735,23696,23707.5,0,0,0,0,0,0,0,NaN,23735,23696,23707.5
1756394700,23707.25,23707.25,23665,23672,0,0,0,0,0,0,0,NaN,23707.25,23665,23672
1756395000,23672.5,23718.25,23670.5,23711.75,0,0,0,0,0,0,0,NaN,23718.25,23670.5,23711.75
1756395300,23711.75,23719.5,23696.25,23698.75,0,0,0,0,0,0,0,NaN,23719.5,23696.25,23698.75
1756395600,23699,23706.5,23684.75,23688,0,0,0,0,0,0,0,NaN,23706.5,23684.75,23688
1756395900,23687.5,23694.25,23675,23687.5,0,0,0,0,0,0,0,NaN,23694.25,23675,23687.5
1756396200,23688.25,23699,23680,23689.25,0,0,0,0,0,0,0,NaN,23699,23680,23689.25
1756396500,23688,23699,23683,23687.5,0,0,0,0,0,0,0,NaN,23699,23683,23687.5
1756396800,23688,23694,23682.5,23692,0,0,0,0,0,0,0,NaN,23694,23682.5,23692
1756397100,23692.5,23706,23686,23701,0,0,0,0,0,0,0,NaN,23706,23686,23701
1756397400,23701.25,23729,23699.5,23726.75,0,0,0,0,0,0,0,NaN,23729,23699.5,23726.75
1756397700,23726.75,23733,23716.25,23721.75,0,0,0,0,0,0,0,NaN,23733,23716.25,23721.75
1756398000,23722,23734.5,23722,23733.25,0,0,0,0,0,0,0,NaN,23734.5,23722,23733.25
1756398300,23733.75,23766,23732,23755,0,0,0,0,0,0,0,NaN,23766,23732,23755
1756398600,23754.5,23760.25,23730,23732.25,0,0,0,0,0,0,0,NaN,23760.25,23730,23732.25
1756398900,23733,23745,23730.25,23741.75,0,0,0,0,0,0,0,NaN,23745,23730.25,23741.75
1756399200,23741.75,23744.5,23735.5,23743,0,0,0,0,0,0,0,NaN,23744.5,23735.5,23743
1756399500,23743.25,23753.5,23742.5,23750.25,0,0,0,0,0,0,0,NaN,23753.5,23742.5,23750.25
1756399800,23750.25,23761.5,23747.75,23759,0,0,0,0,0,0,0,NaN,23761.5,23747.75,23759
1756400100,23759,23760,23728.5,23732,0,0,0,0,0,0,0,NaN,23760,23728.5,23732
1756400400,23732.25,23741,23722.25,23737.75,0,0,0,0,0,0,0,NaN,23741,23722.25,23737.75
1756400700,23737.75,23740.5,23725.25,23737.75,0,0,0,0,0,0,0,NaN,23740.5,23725.25,23737.75
1756401000,23737,23739.25,23729.25,23735.75,0,0,0,0,0,0,0,NaN,23739.25,23729.25,23735.75
1756401300,23735.25,23739.5,23731.5,23736.75,0,0,0,0,0,0,0,NaN,23739.5,23731.5,23736.75
1756401600,23736.75,23748.75,23731.75,23747.75,0,0,0,0,0,0,0,NaN,23748.75,23731.75,23747.75
1756401900,23747.25,23761.75,23743,23761.75,0,0,0,0,0,0,0,NaN,23761.75,23743,23761.75
1756402200,23761.5,23773.25,23755,23757.5,0,0,0,0,0,0,0,NaN,23773.25,23755,23757.5
1756402500,23757.25,23769.75,23757,23762.25,0,0,0,0,0,0,0,NaN,23769.75,23757,23762.25
1756402800,23762,23768,23760,23765,0,0,0,0,0,0,0,NaN,23768,23760,23765
1756403100,23764.75,23768.25,23760.25,23762.25,0,0,0,0,0,0,0,NaN,23768.25,23760.25,23762.25
1756403400,23763,23772.25,23761.75,23770.5,0,0,0,0,0,0,0,NaN,23772.25,23761.75,23770.5
1756403700,23770.75,23771.25,23760.75,23766.5,0,0,0,0,0,0,0,NaN,23771.25,23760.75,23766.5
1756404000,23766.25,23771.5,23762.25,23770.25,0,0,0,0,0,0,0,NaN,23771.5,23762.25,23770.25
1756404300,23770,23776.5,23768.5,23772.75,0,0,0,0,0,0,0,NaN,23776.5,23768.5,23772.75
1756404600,23773.25,23774,23766.75,23768.75,0,0,0,0,0,0,0,NaN,23774,23766.75,23768.75
1756404900,23768.5,23770.5,23761.5,23767.5,0,0,0,0,0,0,0,NaN,23770.5,23761.5,23767.5
1756405200,23767,23773.75,23766,23771.25,0,0,0,0,0,0,0,NaN,23773.75,23766,23771.25
1756405500,23771.5,23777.75,23768.75,23775.5,0,0,0,0,0,0,0,NaN,23777.75,23768.75,23775.5
1756405800,23776.25,23783.75,23775.25,23781.25,0,0,0,0,0,0,0,NaN,23783.75,23775.25,23781.25
1756406100,23781,23781.5,23771.5,23777.75,0,0,0,0,0,0,0,NaN,23781.5,23771.5,23777.75
1756406400,23777.5,23786.25,23776.5,23780.5,0,0,0,0,0,0,0,NaN,23786.25,23776.5,23780.5
1756406700,23780.75,23784,23778.25,23779.5,0,0,0,0,0,0,0,NaN,23784,23778.25,23779.5
1756407000,23779.75,23788.25,23779.25,23787.75,0,0,0,0,0,0,0,NaN,23788.25,23779.25,23787.75
1756407300,23788,23792.5,23785.75,23789,0,0,0,0,0,0,0,NaN,23792.5,23785.75,23789
1756407600,23788.5,23800,23782.5,23783.25,0,0,0,0,0,0,0,NaN,23800,23782.5,23783.25
1756407900,23783.5,23788.5,23777.25,23787.75,0,0,0,0,0,0,0,NaN,23788.5,23777.25,23787.75
1756408200,23787.75,23791.25,23784.5,23786.75,0,0,0,0,0,0,0,NaN,23791.25,23784.5,23786.75
1756408500,23786.5,23787.5,23776,23782.5,0,0,0,0,0,0,0,NaN,23787.5,23776,23782.5
1756408800,23782.25,23784.25,23775,23777,0,0,0,0,0,0,0,NaN,23784.25,23775,23777
1756409100,23776.25,23781.75,23772.75,23777.5,0,0,0,0,0,0,0,NaN,23781.75,23772.75,23777.5
1756409400,23777.5,23779.25,23771.25,23778.25,0,0,0,0,0,0,0,NaN,23779.25,23771.25,23778.25
1756409700,23778.25,23785.25,23775,23782,0,0,0,0,0,0,0,NaN,23785.25,23775,23782
1756410000,23781.5,23789.75,23781.5,23788.25,0,0,0,0,0,0,0,NaN,23789.75,23781.5,23788.25
1756410300,23788,23798.75,23786.25,23792.25,0,0,0,0,0,0,0,NaN,23798.75,23786.25,23792.25
1756410600,23792,23803.75,23780.25,23800.5,0,0,0,0,0,0,0,NaN,23803.75,23780.25,23800.5
1756410900,23800.5,23800.5,23765,23766.75,0,0,0,0,0,0,0,NaN,23800.5,23765,23766.75
1756411200,23766.75,23774,23750.25,23773.25,0,0,0,0,0,0,0,NaN,23774,23750.25,23773.25
1756411500,23773.25,23774,23744.5,23761,0,0,0,0,0,0,0,NaN,23774,23744.5,23761
1756411800,23760.5,23764.5,23758,23760.75,0,0,0,0,0,0,0,NaN,23764.5,23758,23760.75
1756412100,23760.25,23764.5,23758.5,23759.25,0,0,0,0,0,0,0,NaN,23764.5,23758.5,23759.25
1756412400,23759,23763,23758.5,23762.5,0,0,0,0,0,0,0,NaN,23763,23758.5,23762.5
1756412700,23762.5,23764,23759.75,23763.25,0,0,0,0,0,0,0,NaN,23764,23759.75,23763.25
1756413000,23763.5,23766,23761.75,23762,0,0,0,0,0,0,0,NaN,23766,23761.75,23762
1756413300,23761.75,23765.5,23761.75,23764.5,0,0,0,0,0,0,0,NaN,23765.5,23761.75,23764.5
1756413600,23763.75,23765,23761,23764,0,0,0,0,0,0,0,NaN,23765,23761,23764
1756413900,23763.75,23765,23761.25,23761.75,0,0,0,0,0,0,0,NaN,23765,23761.25,23761.75
1756414200,23761.75,23765,23760.5,23763,0,0,0,0,0,0,0,NaN,23765,23760.5,23763
1756414500,23762.75,23763.25,23760,23762,0,0,0,0,0,0,0,NaN,23763.25,23760,23762
1756418400,23760.5,23762,23747.25,23756.25,0,0,0,0,0,0,0,NaN,23762,23747.25,23756.25
1756418700,23756.5,23761.25,23751.25,23752.25,0,0,0,0,0,0,0,NaN,23761.25,23751.25,23752.25
1756419000,23752.25,23759.5,23749.25,23749.25,0,0,0,0,0,0,0,NaN,23759.5,23749.25,23749.25
1756419300,23749,23755.25,23746.75,23746.75,0,0,0,0,0,0,0,NaN,23755.25,23746.75,23746.75
1756419600,23747.75,23754.5,23745,23753.75,0,0,0,0,0,0,0,NaN,23754.5,23745,23753.75
1756419900,23753.25,23754.75,23745.5,23748.25,0,0,0,0,0,0,0,NaN,23754.75,23745.5,23748.25
1756420200,23748.25,23752.75,23744.25,23745.5,0,0,0,0,0,0,0,NaN,23752.75,23744.25,23745.5
1756420500,23746.25,23747.25,23738.75,23740,0,0,0,0,0,0,0,NaN,23747.25,23738.75,23740
1756420800,23739.5,23740.25,23735.25,23736.25,0,0,0,0,0,0,0,NaN,23740.25,23735.25,23736.25
1756421100,23736.5,23739.5,23735,23738.5,0,0,0,0,0,0,0,NaN,23739.5,23735,23738.5
1756421400,23739.5,23743.75,23737.5,23741.25,0,0,0,0,0,0,0,NaN,23743.75,23737.5,23741.25
1756421700,23741,23741.75,23735.5,23741.5,0,0,0,0,0,0,0,NaN,23741.75,23735.5,23741.5
1756422000,23740.75,23746.75,23737,23742.25,0,0,0,0,0,0,0,NaN,23746.75,23737,23742.25
1756422300,23743,23748,23741.75,23746.75,0,0,0,0,0,0,0,NaN,23748,23741.75,23746.75
1756422600,23747.25,23748,23740.75,23741.75,0,0,0,0,0,0,0,NaN,23748,23740.75,23741.75
1756422900,23742,23745.5,23742,23743.25,0,0,0,0,0,0,0,NaN,23745.5,23742,23743.25
1756423200,23743.75,23743.75,23739,23741,0,0,0,0,0,0,0,NaN,23743.75,23739,23741
1756423500,23741.25,23744.5,23740.5,23743.5,0,0,0,0,0,0,0,NaN,23744.5,23740.5,23743.5
1756423800,23744.5,23745.75,23742.75,23744,0,0,0,0,0,0,0,NaN,23745.75,23742.75,23744
1756424100,23743.75,23752.25,23743.75,23751.5,0,0,0,0,0,0,0,NaN,23752.25,23743.75,23751.5
1756424400,23751.25,23752.75,23746.5,23751,0,0,0,0,0,0,0,NaN,23752.75,23746.5,23751
1756424700,23750.75,23751,23746.75,23748.25,0,0,0,0,0,0,0,NaN,23751,23746.75,23748.25
1756425000,23747.5,23749.75,23743.75,23748.75,0,0,0,0,0,0,0,NaN,23749.75,23743.75,23748.75
1756425300,23748.25,23752.25,23747.25,23747.25,0,0,0,0,0,0,0,NaN,23752.25,23747.25,23747.25
1756425600,23747.5,23748.75,23738.25,23744.5,0,0,0,0,0,0,0,NaN,23748.75,23738.25,23744.5
1756425900,23744.5,23748.25,23739.25,23739.75,0,0,0,0,0,0,0,NaN,23748.25,23739.25,23739.75
1756426200,23740,23747.5,23740,23743.5,0,0,0,0,0,0,0,NaN,23747.5,23740,23743.5
1756426500,23743.5,23755,23742.5,23752,0,0,0,0,0,0,0,NaN,23755,23742.5,23752
1756426800,23752,23754.25,23746.5,23747,0,0,0,0,0,0,0,NaN,23754.25,23746.5,23747
1756427100,23747.5,23754,23747.25,23752.75,0,0,0,0,0,0,0,NaN,23754,23747.25,23752.75
1756427400,23752.5,23754.5,23748,23753.25,0,0,0,0,0,0,0,NaN,23754.5,23748,23753.25
1756427700,23754,23755.75,23749.5,23752,0,0,0,0,0,0,0,NaN,23755.75,23749.5,23752
1756428000,23752,23755.25,23751.5,23752,0,0,0,0,0,0,0,NaN,23755.25,23751.5,23752
1756428300,23751,23752.75,23749,23752.25,0,0,0,0,0,0,0,NaN,23752.75,23749,23752.25
1756428600,23753,23753.5,23748.75,23750.5,0,0,0,0,0,0,0,NaN,23753.5,23748.75,23750.5
1756428900,23750.25,23750.75,23744.75,23746.5,0,0,0,0,0,0,0,NaN,23750.75,23744.75,23746.5
1756429200,23746.25,23751.75,23745,23745.75,0,0,0,0,0,0,0,NaN,23751.75,23745,23745.75
1756429500,23745.75,23746.5,23730.75,23735.5,0,0,0,0,0,0,0,NaN,23746.5,23730.75,23735.5
1756429800,23734.75,23743.75,23734,23742,0,0,0,0,0,0,0,NaN,23743.75,23734,23742
1756430100,23742.25,23742.25,23736.25,23736.25,0,0,0,0,0,0,0,NaN,23742.25,23736.25,23736.25
1756430400,23736.25,23736.75,23732.25,23735,0,0,0,0,0,0,0,NaN,23736.75,23732.25,23735
1756430700,23734,23741.75,23733.5,23740.5,0,0,0,0,0,0,0,NaN,23741.75,23733.5,23740.5
1756431000,23740,23740.25,23732.5,23734.25,0,0,0,0,0,0,0,NaN,23740.25,23732.5,23734.25
1756431300,23734.25,23735,23731,23733.5,0,0,0,0,0,0,0,NaN,23735,23731,23733.5
1756431600,23733.5,23737,23732,23735.5,0,0,0,0,0,0,0,NaN,23737,23732,23735.5
1756431900,23735.25,23738,23731,23733.75,0,0,0,0,0,0,0,NaN,23738,23731,23733.75
1756432200,23733.5,23733.75,23729.75,23732.25,0,0,0,0,0,0,0,NaN,23733.75,23729.75,23732.25
1756432500,23732,23735.75,23729.75,23733,0,0,0,0,0,0,0,NaN,23735.75,23729.75,23733
1756432800,23732.75,23733.75,23728.25,23731.75,0,0,0,0,0,0,0,NaN,23733.75,23728.25,23731.75
1756433100,23731.75,23732.25,23728.75,23729.25,0,0,0,0,0,0,0,NaN,23732.25,23728.75,23729.25
1756433400,23729,23730.5,23727,23729,0,0,0,0,0,0,0,NaN,23730.5,23727,23729
1756433700,23728.5,23731,23726.5,23730.25,0,0,0,0,0,0,0,NaN,23731,23726.5,23730.25
1756434000,23729.75,23730.75,23726,23726.25,0,0,0,0,0,0,0,NaN,23730.75,23726,23726.25
1756434300,23727,23727.25,23720,23723,0,0,0,0,0,0,0,NaN,23727.25,23720,23723
1756434600,23722.75,23724.25,23720.75,23721.75,0,0,0,0,0,0,0,NaN,23724.25,23720.75,23721.75
1756434900,23722.25,23724,23719.5,23722,0,0,0,0,0,0,0,NaN,23724,23719.5,23722
1756435200,23721.5,23722.25,23719.75,23720,0,0,0,0,0,0,0,NaN,23722.25,23719.75,23720
1756435500,23720.5,23721.5,23717.75,23720.75,0,0,0,0,0,0,0,NaN,23721.5,23717.75,23720.75
1756435800,23720.25,23723.5,23720,23723.5,0,0,0,0,0,0,0,NaN,23723.5,23720,23723.5
1756436100,23724,23728,23723.75,23726.25,0,0,0,0,0,0,0,NaN,23728,23723.75,23726.25
1756436400,23726.5,23735,23726.5,23733,0,0,0,0,0,0,0,NaN,23735,23726.5,23733
1756436700,23734.25,23740.25,23734.25,23736.75,0,0,0,0,0,0,0,NaN,23740.25,23734.25,23736.75
1756437000,23737.5,23740,23736.5,23738.5,0,0,0,0,0,0,0,NaN,23740,23736.5,23738.5
1756437300,23738.25,23739,23734,23736,0,0,0,0,0,0,0,NaN,23739,23734,23736
1756437600,23736,23736.75,23733.75,23734,0,0,0,0,0,0,0,NaN,23736.75,23733.75,23734
1756437900,23733.25,23734.25,23729.5,23730.25,0,0,0,0,0,0,0,NaN,23734.25,23729.5,23730.25
1756438200,23730,23732.75,23729.25,23732,0,0,0,0,0,0,0,NaN,23732.75,23729.25,23732
1756438500,23732,23736.75,23731,23736,0,0,0,0,0,0,0,NaN,23736.75,23731,23736
1756438800,23736.25,23741,23735,23735,0,0,0,0,0,0,0,NaN,23741,23735,23735
1756439100,23734.5,23735.5,23729.25,23730.25,0,0,0,0,0,0,0,NaN,23735.5,23729.25,23730.25
1756439400,23730.25,23732.25,23729.25,23730,0,0,0,0,0,0,0,NaN,23732.25,23729.25,23730
1756439700,23729.75,23729.75,23724,23728.5,0,0,0,0,0,0,0,NaN,23729.75,23724,23728.5
1756440000,23728.25,23731.25,23727.25,23727.5,0,0,0,0,0,1,0,NaN,23731.25,23727.25,23727.5
1756440300,23727.5,23728.75,23722.25,23722.25,0,0,0,0,0,0,0,NaN,23728.75,23722.25,23722.25
1756440600,23723.25,23725.75,23723,23724,0,0,0,0,0,0,0,NaN,23725.75,23723,23724
1756440900,23723.75,23726.25,23723.75,23724.5,0,0,0,0,0,0,0,NaN,23726.25,23723.75,23724.5
1756441200,23724.5,23725,23722,23723.25,0,0,0,0,0,0,0,NaN,23725,23722,23723.25
1756441500,23723.25,23725.75,23721.25,23721.25,0,0,0,0,0,0,0,NaN,23725.75,23721.25,23721.25
1756441800,23722,23722.25,23719.25,23719.5,0,0,0,0,0,0,0,NaN,23722.25,23719.25,23719.5
1756442100,23719.75,23723.25,23719.5,23722.5,0,0,0,0,0,0,0,NaN,23723.25,23719.5,23722.5
1756442400,23722.75,23724.25,23722,23723,0,0,0,0,0,0,0,NaN,23724.25,23722,23723
1756442700,23723,23725.75,23721.5,23725.25,0,0,0,0,0,0,0,NaN,23725.75,23721.5,23725.25
1756443000,23725.5,23727,23719.75,23720.5,0,0,0,0,0,0,0,NaN,23727,23719.75,23720.5
1756443300,23720,23720.5,23718.25,23720,0,0,0,0,0,0,0,NaN,23720.5,23718.25,23720
1756443600,23720.75,23728,23720.25,23725.5,0,0,0,0,0,0,0,NaN,23728,23720.25,23725.5
1756443900,23726,23726.5,23724,23725.75,0,0,0,0,0,0,0,NaN,23726.5,23724,23725.75
1756444200,23726,23727.5,23725.75,23726.5,0,0,0,0,0,0,0,NaN,23727.5,23725.75,23726.5
1756444500,23726.25,23727.25,23720.75,23720.75,0,0,0,0,0,0,0,NaN,23727.25,23720.75,23720.75
1756444800,23720.75,23721.25,23715.5,23717.5,0,0,0,0,0,0,0,NaN,23721.25,23715.5,23717.5
1756445100,23717,23719.25,23714.25,23717.5,0,0,0,0,0,0,0,NaN,23719.25,23714.25,23717.5
1756445400,23717,23719.5,23715,23719,0,0,0,0,0,0,0,NaN,23719.5,23715,23719
1756445700,23717.75,23717.75,23715.25,23715.75,0,0,0,0,0,0,0,NaN,23717.75,23715.25,23715.75
1756446000,23716.25,23718.25,23714.25,23718.25,0,0,0,0,0,0,0,NaN,23718.25,23714.25,23718.25
1756446300,23719,23723,23719,23719.75,0,0,0,0,0,0,0,NaN,23723,23719,23719.75
1756446600,23720,23723.25,23714.5,23716.75,0,0,0,0,0,0,0,NaN,23723.25,23714.5,23716.75
1756446900,23717.5,23725.75,23717.5,23723.75,0,0,0,0,0,0,0,NaN,23725.75,23717.5,23723.75
1756447200,23724.25,23727,23720.75,23721.5,0,0,0,0,0,0,0,NaN,23727,23720.75,23721.5
1756447500,23721,23728.75,23719.75,23727.5,0,0,0,0,0,0,0,NaN,23728.75,23719.75,23727.5
1756447800,23727.75,23729.5,23722.75,23723.75,0,0,0,0,0,0,0,NaN,23729.5,23722.75,23723.75
1756448100,23723.5,23728.25,23723.5,23726,0,0,0,0,0,0,0,NaN,23728.25,23723.5,23726
1756448400,23726.25,23731.5,23725.5,23730,0,0,0,0,0,0,0,NaN,23731.5,23725.5,23730
1756448700,23730.5,23733,23729.25,23733,0,0,0,0,0,0,0,NaN,23733,23729.25,23733
1756449000,23732.75,23734,23724,23725,0,0,0,0,0,0,0,NaN,23734,23724,23725
1756449300,23725.5,23726.5,23721.25,23722.75,0,0,0,0,0,0,0,NaN,23726.5,23721.25,23722.75
1756449600,23722,23730.5,23716,23729.75,0,0,0,0,0,0,0,NaN,23730.5,23716,23729.75
1756449900,23729.25,23730.5,23721.5,23722.75,0,0,0,0,0,0,0,NaN,23730.5,23721.5,23722.75
1756450200,23723,23724.75,23716.25,23723,0,0,0,0,0,0,0,NaN,23724.75,23716.25,23723
1756450500,23723.5,23723.75,23713.75,23717,0,0,0,0,0,0,0,NaN,23723.75,23713.75,23717
1756450800,23717.5,23729.5,23712,23726.75,0,0,0,0,0,0,0,NaN,23729.5,23712,23726.75
1756451100,23727.25,23735,23727.25,23734,0,0,0,0,0,0,0,NaN,23735,23727.25,23734
1756451400,23733.25,23737,23727,23728,0,0,0,0,0,0,0,NaN,23737,23727,23728
1756451700,23727,23728.5,23720.5,23721.75,0,0,0,0,0,0,0,NaN,23728.5,23720.5,23721.75
1756452000,23721.5,23729.5,23720,23722.25,0,0,0,0,0,0,0,NaN,23729.5,23720,23722.25
1756452300,23721.25,23724,23717.25,23718.5,0,0,0,0,0,0,0,NaN,23724,23717.25,23718.5
1756452600,23718,23718.75,23712,23714.75,0,0,0,0,0,0,0,NaN,23718.75,23712,23714.75
1756452900,23714.75,23714.75,23705,23709,0,0,0,0,0,0,0,NaN,23714.75,23705,23709
1756453200,23709.5,23711.5,23703,23707.25,0,0,0,0,0,0,0,NaN,23711.5,23703,23707.25
1756453500,23706.75,23706.75,23699,23699,0,0,0,0,0,0,0,NaN,23706.75,23699,23699
1756453800,23698.75,23699,23685,23688.75,0,0,0,0,0,0,0,NaN,23699,23685,23688.75
1756454100,23688.5,23692.5,23683.25,23684.5,0,0,0,0,0,0,0,NaN,23692.5,23683.25,23684.5
1756454400,23685,23697,23675,23678,0,0,0,0,0,0,0,NaN,23697,23675,23678
1756454700,23677,23680.25,23670.25,23673.75,0,0,0,0,0,0,0,NaN,23680.25,23670.25,23673.75
1756455000,23674,23674.25,23655.25,23657.5,0,0,0,0,0,0,0,NaN,23674.25,23655.25,23657.5
1756455300,23657.5,23668.25,23654.25,23661.25,0,0,0,0,0,0,0,NaN,23668.25,23654.25,23661.25
1756455600,23660.5,23670.5,23658.75,23666.75,0,0,0,0,0,0,0,NaN,23670.5,23658.75,23666.75
1756455900,23666.5,23674.5,23665.75,23669.25,0,0,0,0,0,0,0,NaN,23674.5,23665.75,23669.25
1756456200,23669.5,23678.75,23667.25,23675.5,0,0,0,0,0,0,0,NaN,23678.75,23667.25,23675.5
1756456500,23674.5,23675,23669,23669.5,0,0,0,0,0,0,0,NaN,23675,23669,23669.5
1756456800,23669.5,23670.75,23663.25,23668,0,0,0,0,0,0,0,NaN,23670.75,23663.25,23668
1756457100,23667.75,23668.5,23659.25,23664.25,0,0,0,0,0,0,0,NaN,23668.5,23659.25,23664.25
1756457400,23665,23666.25,23636.5,23643,0,0,0,0,0,0,0,NaN,23666.25,23636.5,23643
1756457700,23643.25,23650.25,23625,23632.25,0,0,0,0,0,0,0,NaN,23650.25,23625,23632.25
1756458000,23632.5,23639.75,23612.5,23632.5,0,0,0,0,0,0,0,NaN,23639.75,23612.5,23632.5
1756458300,23632.75,23643.75,23628.75,23643.25,0,0,0,0,0,0,0,NaN,23643.75,23628.75,23643.25
1756458600,23643,23650.75,23638.25,23649.75,0,0,0,0,0,0,0,NaN,23650.75,23638.25,23649.75
1756458900,23650.75,23657,23646.5,23648.75,0,0,0,0,0,0,0,NaN,23657,23646.5,23648.75
1756459200,23649,23655,23646.25,23652.5,0,0,0,0,0,0,0,NaN,23655,23646.25,23652.5
1756459500,23653,23658,23650.25,23654.75,0,0,0,0,0,0,0,NaN,23658,23650.25,23654.75
1756459800,23655,23657.75,23650.5,23654.25,0,0,0,0,0,0,0,NaN,23657.75,23650.5,23654.25
1756460100,23654.5,23660.25,23652,23656.25,0,0,0,0,0,0,0,NaN,23660.25,23652,23656.25
1756460400,23656.25,23658.75,23647.75,23649.5,0,0,0,0,0,0,0,NaN,23658.75,23647.75,23649.5
1756460700,23649.75,23658,23649.25,23655.25,0,0,0,0,0,0,0,NaN,23658,23649.25,23655.25
1756461000,23655,23655,23645,23645.75,0,0,0,0,0,0,0,NaN,23655,23645,23645.75
1756461300,23646,23653.75,23640.5,23646,0,0,0,0,0,0,0,NaN,23653.75,23640.5,23646
1756461600,23646,23647.25,23633.5,23644.5,0,0,0,0,0,0,0,NaN,23647.25,23633.5,23644.5
1756461900,23645,23650,23642.25,23649.25,0,0,0,0,0,0,0,NaN,23650,23642.25,23649.25
1756462200,23649.75,23662.25,23649.5,23651.75,0,0,0,0,0,0,0,NaN,23662.25,23649.5,23651.75
1756462500,23650.75,23656.25,23644.25,23654.75,0,0,0,0,0,0,0,NaN,23656.25,23644.25,23654.75
1756462800,23655,23656.25,23646.75,23649.75,0,0,0,0,0,0,0,NaN,23656.25,23646.75,23649.75
1756463100,23650.5,23654.25,23647.75,23649.5,0,0,0,0,0,0,0,NaN,23654.25,23647.75,23649.5
1756463400,23649.5,23649.75,23638.75,23647,0,0,0,0,0,0,0,NaN,23649.75,23638.75,23647
1756463700,23646.75,23646.75,23637,23641,0,0,0,0,0,0,0,NaN,23646.75,23637,23641
1756464000,23641.5,23642.25,23632,23635,0,0,0,0,0,0,0,NaN,23642.25,23632,23635
1756464300,23635.25,23641,23630.75,23635.25,0,0,0,0,0,0,0,NaN,23641,23630.75,23635.25
1756464600,23635.25,23642.25,23633.75,23634,0,0,0,0,0,0,0,NaN,23642.25,23633.75,23634
1756464900,23634,23637.75,23623,23636.5,0,0,0,0,0,0,0,NaN,23637.75,23623,23636.5
1756465200,23636.25,23644.5,23633,23642.5,0,0,0,0,0,0,0,NaN,23644.5,23633,23642.5
1756465500,23641.75,23644.75,23635,23644.75,0,0,0,0,0,0,0,NaN,23644.75,23635,23644.75
1756465800,23644.75,23650.75,23643.5,23649.25,0,0,0,0,0,0,0,NaN,23650.75,23643.5,23649.25
1756466100,23649.5,23654.5,23645,23651.5,0,0,0,0,0,0,0,NaN,23654.5,23645,23651.5
1756466400,23651.5,23654.25,23648,23648.5,0,0,0,0,0,0,0,NaN,23654.25,23648,23648.5
1756466700,23648.75,23650.5,23642.5,23646.75,0,0,0,0,0,0,0,NaN,23650.5,23642.5,23646.75
1756467000,23646.5,23647,23640,23642.25,0,0,0,0,0,0,0,NaN,23647,23640,23642.25
1756467300,23643.25,23647.5,23638.25,23641,0,0,0,0,0,0,0,NaN,23647.5,23638.25,23641
1756467600,23639.25,23648.75,23637.75,23638.5,0,0,0,0,0,0,0,NaN,23648.75,23637.75,23638.5
1756467900,23639.25,23643.75,23637,23637.5,0,0,0,0,0,0,0,NaN,23643.75,23637,23637.5
1756468200,23637.25,23637.75,23630.75,23636.5,0,0,0,0,0,0,0,NaN,23637.75,23630.75,23636.5
1756468500,23637,23642,23632.5,23639.25,0,0,0,0,0,0,0,NaN,23642,23632.5,23639.25
1756468800,23639.5,23644.25,23630.5,23630.5,0,0,0,0,0,0,0,NaN,23644.25,23630.5,23630.5
1756469100,23630.25,23634.75,23621.75,23629,0,0,0,0,0,0,0,NaN,23634.75,23621.75,23629
1756469400,23628.25,23633,23624.25,23633,0,0,0,0,0,0,0,NaN,23633,23624.25,23633
1756469700,23633,23642.25,23629.75,23630.25,0,0,0,0,0,0,0,NaN,23642.25,23629.75,23630.25
1756470000,23629.5,23639.25,23628.75,23631.25,0,0,0,0,0,0,0,NaN,23639.25,23628.75,23631.25
1756470300,23631,23639.25,23627,23630,0,0,0,0,0,0,0,NaN,23639.25,23627,23630
1756470600,23629.25,23681.5,23626,23664,0,0,0,0,0,0,0,NaN,23681.5,23626,23664
1756470900,23664.75,23667.75,23647.25,23652.25,0,0,0,0,0,0,0,NaN,23667.75,23647.25,23652.25
1756471200,23651.75,23657.25,23644,23655.5,0,0,0,0,0,0,0,NaN,23657.25,23644,23655.5
1756471500,23654.25,23667.5,23651.75,23662.25,0,0,0,0,0,0,0,NaN,23667.5,23651.75,23662.25
1756471800,23662.5,23665.5,23653.75,23663,0,0,0,0,0,0,0,NaN,23665.5,23653.75,23663
1756472100,23662.75,23667.5,23660.5,23666.5,0,0,0,0,0,0,0,NaN,23667.5,23660.5,23666.5
1756472400,23665.5,23666.75,23656,23665,0,0,0,0,0,0,0,NaN,23666.75,23656,23665
1756472700,23665,23667,23656.25,23657.5,0,0,0,0,0,0,0,NaN,23667,23656.25,23657.5
1756473000,23658,23660.5,23651.75,23658,0,0,0,0,0,0,0,NaN,23660.5,23651.75,23658
1756473300,23657.5,23664.5,23651,23651,0,0,0,0,0,0,0,NaN,23664.5,23651,23651
1756473600,23651.5,23664,23651.25,23654.75,0,0,0,0,0,0,0,NaN,23664,23651.25,23654.75
1756473900,23655,23670.25,23648.75,23652.5,0,0,0,0,0,0,0,NaN,23670.25,23648.75,23652.5
1756474200,23652,23668,23630.75,23638.25,0,0,0,0,0,0,0,NaN,23668,23630.75,23638.25
1756474500,23637.75,23644,23594.5,23596.25,0,0,0,0,0,0,0,NaN,23644,23594.5,23596.25
1756474800,23596.5,23626.25,23588,23600.25,0,0,0,0,0,0,0,NaN,23626.25,23588,23600.25
1756475100,23600.75,23601,23538.25,23543.25,0,0,0,0,0,0,0,NaN,23601,23538.25,23543.25
1756475400,23543,23575.25,23526,23548.5,0,0,0,0,0,0,0,NaN,23575.25,23526,23548.5
1756475700,23549,23560.5,23507.25,23518.25,0,0,0,0,0,0,0,NaN,23560.5,23507.25,23518.25
1756476000,23519.75,23551.25,23480.75,23481.5,0,0,0,0,0,0,0,NaN,23551.25,23480.75,23481.5
1756476300,23481.25,23491,23440,23458.25,0,0,0,0,0,0,0,NaN,23491,23440,23458.25
1756476600,23457.5,23472.25,23431,23458.5,0,0,0,0,0,0,0,NaN,23472.25,23431,23458.5
1756476900,23457.5,23467.75,23428,23464,0,0,0,0,0,0,0,NaN,23467.75,23428,23464
1756477200,23463.75,23498.75,23460.25,23486.25,0,0,0,0,0,0,0,NaN,23498.75,23460.25,23486.25
1756477500,23485.75,23498.75,23447.75,23498,0,0,0,0,0,0,0,NaN,23498.75,23447.75,23498
1756477800,23498,23506.5,23475,23491.25,0,0,0,0,0,0,0,NaN,23506.5,23475,23491.25
1756478100,23490.75,23515,23479.25,23509,0,0,0,0,0,0,0,NaN,23515,23479.25,23509
1756478400,23508.75,23515.5,23470,23471.75,0,0,0,0,0,0,0,NaN,23515.5,23470,23471.75
1756478700,23471.25,23481.75,23441.75,23449.75,0,0,0,0,0,0,0,NaN,23481.75,23441.75,23449.75
1756479000,23449.75,23453,23420.25,23436.5,0,0,0,0,0,0,0,NaN,23453,23420.25,23436.5
1756479300,23437.25,23453,23415.25,23435.5,0,0,0,0,0,0,0,NaN,23453,23415.25,23435.5
1756479600,23434.75,23457.25,23428.5,23449.5,0,0,0,0,0,0,0,NaN,23457.25,23428.5,23449.5
1756479900,23450.25,23477.5,23444,23473.5,0,0,0,0,0,0,0,NaN,23477.5,23444,23473.5
1756480200,23474,23483.25,23464.75,23467.75,0,0,0,0,0,0,0,NaN,23483.25,23464.75,23467.75
1756480500,23468.25,23481.5,23460.5,23470.5,0,0,0,0,0,0,0,NaN,23481.5,23460.5,23470.5
1756480800,23470,23490.75,23467.75,23488,0,0,0,0,0,0,0,NaN,23490.75,23467.75,23488
1756481100,23487.75,23498.75,23476,23481.75,0,0,0,0,0,0,0,NaN,23498.75,23476,23481.75
1756481400,23482,23486.5,23458,23460.25,0,0,0,0,0,0,0,NaN,23486.5,23458,23460.25
1756481700,23460.5,23478,23450.5,23465,0,0,0,0,0,0,0,NaN,23478,23450.5,23465
1756482000,23465,23474,23455.5,23457,0,0,0,0,0,0,0,NaN,23474,23455.5,23457
1756482300,23457.25,23459,23446,23448.5,0,0,0,0,0,0,0,NaN,23459,23446,23448.5
1756482600,23448,23459.5,23435.5,23445.5,0,0,0,0,0,0,0,NaN,23459.5,23435.5,23445.5
1756482900,23445,23452,23425,23431.75,0,0,0,0,0,0,0,NaN,23452,23425,23431.75
1756483200,23431.5,23456.5,23428.75,23451.25,0,0,0,0,0,0,0,NaN,23456.5,23428.75,23451.25
1756483500,23451.75,23457.5,23432.75,23454,0,0,0,0,0,0,0,NaN,23457.5,23432.75,23454
1756483800,23453.5,23476.75,23450,23470.25,0,0,0,0,0,0,0,NaN,23476.75,23450,23470.25
1756484100,23470.75,23479.5,23464.25,23471,0,0,0,0,0,0,0,NaN,23479.5,23464.25,23471
1756484400,23471.25,23478.25,23467.75,23471.5,0,0,0,0,0,0,0,NaN,23478.25,23467.75,23471.5
1756484700,23471,23475.75,23447.5,23454,0,0,0,0,0,0,0,NaN,23475.75,23447.5,23454
1756485000,23453.5,23477.5,23453.5,23473.5,0,0,0,0,0,0,0,NaN,23477.5,23453.5,23473.5
1756485300,23473.75,23482.5,23468.75,23480.75,0,0,0,0,0,0,0,NaN,23482.5,23468.75,23480.75
1756485600,23481,23484,23474.25,23483.5,0,0,0,0,0,0,0,NaN,23484,23474.25,23483.5
1756485900,23483.5,23492,23474.25,23477.75,0,0,0,0,0,0,0,NaN,23492,23474.25,23477.75
1756486200,23477.5,23486.75,23471,23484,0,0,0,0,0,0,0,NaN,23486.75,23471,23484
1756486500,23483.75,23489.25,23476.5,23477.75,0,0,0,0,0,0,0,NaN,23489.25,23476.5,23477.75
1756486800,23477.75,23477.75,23431.5,23432.75,0,0,0,0,0,0,0,NaN,23477.75,23431.5,23432.75
1756487100,23432.75,23447.75,23420,23443.75,0,0,0,0,0,0,0,NaN,23447.75,23420,23443.75
1756487400,23443,23443.5,23415.5,23419.5,0,0,0,0,0,0,0,NaN,23443.5,23415.5,23419.5
1756487700,23419.75,23425,23397.5,23413.75,0,0,0,0,0,0,0,NaN,23425,23397.5,23413.75
1756488000,23414,23435.75,23413.25,23430,0,0,0,0,0,0,0,NaN,23435.75,23413.25,23430
1756488300,23429.25,23439,23423.25,23428,0,0,0,0,0,0,0,NaN,23439,23423.25,23428
1756488600,23428.5,23444,23419.25,23423,0,0,0,0,0,0,0,NaN,23444,23419.25,23423
1756488900,23422.5,23437.25,23415.75,23435.25,0,0,0,0,0,0,0,NaN,23437.25,23415.75,23435.25
1756489200,23435.5,23446.5,23431,23441.5,0,0,0,0,0,0,0,NaN,23446.5,23431,23441.5
1756489500,23441,23459,23440.5,23455.25,0,0,0,0,0,0,0,NaN,23459,23440.5,23455.25
1756489800,23455,23476.5,23451.25,23465.25,0,0,0,0,0,0,0,NaN,23476.5,23451.25,23465.25
1756490100,23465,23469.25,23443.25,23459.5,0,0,0,0,0,0,0,NaN,23469.25,23443.25,23459.5
1756490400,23459.25,23460,23443.25,23446.25,0,0,0,0,0,0,0,NaN,23460,23443.25,23446.25
1756490700,23446,23465.25,23442.25,23463.5,0,0,0,0,0,0,0,NaN,23465.25,23442.25,23463.5
1756491000,23463,23467.25,23449.5,23460.5,0,0,0,0,0,0,0,NaN,23467.25,23449.5,23460.5
1756491300,23460.25,23465.25,23455.25,23459.25,0,0,0,0,0,0,0,NaN,23465.25,23455.25,23459.25
1756491600,23459,23459,23433.5,23451.75,0,0,0,0,0,0,0,NaN,23459,23433.5,23451.75
1756491900,23451.5,23456.5,23437,23441.5,0,0,0,0,0,0,0,NaN,23456.5,23437,23441.5
1756492200,23440.75,23463,23440.75,23459.5,0,0,0,0,0,0,0,NaN,23463,23440.75,23459.5
1756492500,23459.75,23464,23448,23448.5,0,0,0,0,0,0,0,NaN,23464,23448,23448.5
1756492800,23448.75,23454.5,23442.25,23444,0,0,0,0,0,0,0,NaN,23454.5,23442.25,23444
1756493100,23444.25,23450.75,23441.5,23444,0,0,0,0,0,0,0,NaN,23450.75,23441.5,23444
1756493400,23443.75,23453.5,23438,23450,0,0,0,0,0,0,0,NaN,23453.5,23438,23450
1756493700,23450.25,23459.5,23445,23459,0,0,0,0,0,0,0,NaN,23459.5,23445,23459
1756494000,23459,23462.75,23452.25,23458.75,0,0,0,0,0,0,0,NaN,23462.75,23452.25,23458.75
1756494300,23458.75,23472,23456.25,23470,0,0,0,0,0,0,0,NaN,23472,23456.25,23470
1756494600,23469.75,23475.25,23461.25,23467,0,0,0,0,0,0,0,NaN,23475.25,23461.25,23467
1756494900,23467,23477,23465.75,23476.25,0,0,0,0,0,0,0,NaN,23477,23465.75,23476.25
1756495200,23476,23485,23467,23472.5,0,0,0,0,0,0,0,NaN,23485,23467,23472.5
1756495500,23472.25,23472.5,23456,23463.5,0,0,0,0,0,0,0,NaN,23472.5,23456,23463.5
1756495800,23463.25,23473.25,23460,23460,0,0,0,0,0,0,0,NaN,23473.25,23460,23460
1756496100,23460.75,23463,23444.5,23458.25,0,0,0,0,0,0,0,NaN,23463,23444.5,23458.25
1756496400,23458.5,23482.75,23456.5,23478.5,0,0,0,0,0,0,0,NaN,23482.75,23456.5,23478.5
1756496700,23478.25,23495.25,23469,23474,0,0,0,0,0,0,0,NaN,23495.25,23469,23474
1756497000,23474.25,23483.5,23426.75,23429.25,0,0,0,0,0,0,0,NaN,23483.5,23426.75,23429.25
1756497300,23429.25,23474.75,23426,23473.5,0,0,0,0,0,0,0,NaN,23474.75,23426,23473.5
1756497600,23473,23488.5,23453.25,23466.5,0,0,0,0,0,0,0,NaN,23488.5,23453.25,23466.5
1756497900,23466.5,23471.75,23457,23461.25,0,0,0,0,0,0,0,NaN,23471.75,23457,23461.25
1756498200,23461.5,23466,23455.75,23465,0,0,0,0,0,0,0,NaN,23466,23455.75,23465
1756498500,23465,23465.25,23454.75,23459.25,0,0,0,0,0,0,0,NaN,23465.25,23454.75,23459.25
1756498800,23459.25,23464.5,23457.25,23463,0,0,0,0,0,0,0,NaN,23464.5,23457.25,23463
1756499100,23463,23463,23452.75,23456.25,0,0,0,0,0,0,0,NaN,23463,23452.75,23456.25
1756499400,23455.75,23457.25,23453.5,23456.75,0,0,0,0,0,0,0,NaN,23457.25,23453.5,23456.75
1756499700,23457,23460.75,23456.75,23457.5,0,0,0,0,0,0,0,NaN,23460.75,23456.75,23457.5
1756500000,23457.5,23460.25,23452.25,23453.25,0,0,0,0,0,0,0,NaN,23460.25,23452.25,23453.25
1756500300,23453.5,23456.25,23452.25,23456,0,0,0,0,0,0,0,NaN,23456.25,23452.25,23456
1756500600,23456,23464.25,23455,23463,0,0,0,0,0,0,0,NaN,23464.25,23455,23463
1756500900,23462.75,23463,23454.25,23454.5,0,0,0,0,0,0,0,NaN,23463,23454.25,23454.5
1756677600,23479,23499,23464,23492,0,0,0,0,0,0,0,NaN,23499,23464,23492
1756677900,23491.25,23515,23479.75,23512.75,0,0,0,0,0,0,0,NaN,23515,23479.75,23512.75
1756678200,23512.25,23514.5,23503.5,23504.5,0,0,0,0,0,0,0,NaN,23514.5,23503.5,23504.5
1756678500,23505.25,23514.5,23500.5,23513.75,0,0,0,0,0,0,0,NaN,23514.5,23500.5,23513.75
1756678800,23514.25,23514.5,23505.75,23509.5,0,0,0,0,0,0,0,NaN,23514.5,23505.75,23509.5
1756679100,23509.25,23510.25,23498.5,23499.75,0,0,0,0,0,0,0,NaN,23510.25,23498.5,23499.75
1756679400,23500.75,23508,23499,23505.75,0,0,0,0,0,0,0,NaN,23508,23499,23505.75
1756679700,23505.75,23514.5,23505.25,23512,0,0,0,0,0,0,0,NaN,23514.5,23505.25,23512
1756680000,23512.25,23525.25,23511.25,23522.25,0,0,0,0,0,0,0,NaN,23525.25,23511.25,23522.25
1756680300,23523.5,23528,23522.75,23523.75,0,0,0,0,0,0,0,NaN,23528,23522.75,23523.75
1756680600,23524.5,23533.75,23524.25,23532.5,0,0,0,0,0,0,0,NaN,23533.75,23524.25,23532.5
1756680900,23532,23537,23532,23536,0,0,0,0,0,0,0,NaN,23537,23532,23536
1756681200,23535.25,23546.25,23535.25,23540,0,0,0,0,0,0,0,NaN,23546.25,23535.25,23540
1756681500,23540.75,23542.75,23536.25,23538.5,0,0,0,0,0,0,0,NaN,23542.75,23536.25,23538.5
1756681800,23538.75,23539.75,23532.75,23536.5,0,0,0,0,0,0,0,NaN,23539.75,23532.75,23536.5
1756682100,23536.5,23541,23532,23533,0,0,0,0,0,0,0,NaN,23541,23532,23533
1756682400,23533,23535.25,23531,23531.25,0,0,0,0,0,0,0,NaN,23535.25,23531,23531.25
1756682700,23530.75,23535.75,23530,23533.75,0,0,0,0,0,0,0,NaN,23535.75,23530,23533.75
1756683000,23534.75,23535.5,23531,23532,0,0,0,0,0,0,0,NaN,23535.5,23531,23532
1756683300,23532,23536.25,23530,23533,0,0,0,0,0,0,0,NaN,23536.25,23530,23533
1756683600,23532.5,23536.75,23530,23536,0,0,0,0,0,0,0,NaN,23536.75,23530,23536
1756683900,23536.5,23537.75,23530,23535.75,0,0,0,0,0,0,0,NaN,23537.75,23530,23535.75
1756684200,23535.25,23537.5,23533.5,23535.5,0,0,0,0,0,0,0,NaN,23537.5,23533.5,23535.5
1756684500,23535.75,23538.5,23533,23538.5,0,0,0,0,0,0,0,NaN,23538.5,23533,23538.5
1756684800,23538.5,23541,23530,23538,0,0,0,0,0,0,0,NaN,23541,23530,23538
1756685100,23537,23548.75,23537,23544,0,0,0,0,0,0,0,NaN,23548.75,23537,23544
1756685400,23543.5,23552.25,23538.75,23549.5,0,0,0,0,0,0,0,NaN,23552.25,23538.75,23549.5
1756685700,23549,23552.5,23547.5,23550.5,0,0,0,0,0,0,0,NaN,23552.5,23547.5,23550.5
1756686000,23550,23550,23539.25,23540.25,0,0,0,0,0,0,0,NaN,23550,23539.25,23540.25
1756686300,23539.5,23539.5,23530,23537,0,0,0,0,0,0,0,NaN,23539.5,23530,23537
1756686600,23537,23541.5,23533.25,23533.25,0,0,0,0,0,0,0,NaN,23541.5,23533.25,23533.25
1756686900,23533.75,23535.25,23530,23533.75,0,0,0,0,0,0,0,NaN,23535.25,23530,23533.75
1756687200,23534.25,23539.75,23533.5,23539.75,0,0,0,0,0,0,0,NaN,23539.75,23533.5,23539.75
1756687500,23539.25,23544.5,23539.25,23541.5,0,0,0,0,0,0,0,NaN,23544.5,23539.25,23541.5
1756687800,23541.5,23542.75,23539.25,23539.25,0,0,0,0,0,0,0,NaN,23542.75,23539.25,23539.25
1756688100,23539,23541,23537.75,23537.75,0,0,0,0,0,0,0,NaN,23541,23537.75,23537.75
1756688400,23538.5,23540.25,23531,23539,0,0,0,0,0,0,0,NaN,23540.25,23531,23539
1756688700,23539.75,23539.75,23531.5,23533.5,0,0,0,0,0,0,0,NaN,23539.75,23531.5,23533.5
1756689000,23533.25,23537.75,23532,23536,0,0,0,0,0,0,0,NaN,23537.75,23532,23536
1756689300,23535.5,23539,23529.5,23530,0,0,0,0,0,0,0,NaN,23539,23529.5,23530
1756689600,23529.5,23533.75,23529.5,23530.75,0,0,0,0,0,0,0,NaN,23533.75,23529.5,23530.75
1756689900,23531.25,23537.5,23531.25,23534.75,0,0,0,0,0,0,0,NaN,23537.5,23531.25,23534.75
1756690200,23534.75,23538.25,23531.75,23535,0,0,0,0,0,0,0,NaN,23538.25,23531.75,23535
1756690500,23535,23535.75,23529.5,23530.75,0,0,0,0,0,0,0,NaN,23535.75,23529.5,23530.75
1756690800,23530.75,23533.75,23529.75,23532.25,0,0,0,0,0,0,0,NaN,23533.75,23529.75,23532.25
1756691100,23532.25,23535.25,23531.5,23532.25,0,0,0,0,0,0,0,NaN,23535.25,23531.5,23532.25
1756691400,23531,23532,23508.25,23509,0,0,0,0,0,0,0,NaN,23532,23508.25,23509
1756691700,23509,23520.25,23508.75,23517.75,0,0,0,0,0,0,0,NaN,23520.25,23508.75,23517.75
1756692000,23518,23518.5,23503.25,23506,0,0,0,0,0,0,0,NaN,23518.5,23503.25,23506
1756692300,23506.75,23508.5,23502.75,23503.25,0,0,0,0,0,0,0,NaN,23508.5,23502.75,23503.25
1756692600,23503.5,23505,23486.25,23487.5,0,0,0,0,0,0,0,NaN,23505,23486.25,23487.5
1756692900,23487.75,23489.75,23479.5,23482,0,0,0,0,0,0,0,NaN,23489.75,23479.5,23482
1756693200,23481.25,23489.5,23476.25,23480.5,0,0,0,0,0,0,0,NaN,23489.5,23476.25,23480.5
1756693500,23481,23482.5,23474.25,23477,0,0,0,0,0,0,0,NaN,23482.5,23474.25,23477
1756693800,23476.25,23480.5,23471,23478.75,0,0,0,0,0,0,0,NaN,23480.5,23471,23478.75
1756694100,23477.75,23485.75,23475,23475.75,0,0,0,0,0,0,0,NaN,23485.75,23475,23475.75
1756694400,23476,23478.5,23466,23473.25,0,0,0,0,0,0,0,NaN,23478.5,23466,23473.25
1756694700,23473.25,23483.25,23473.25,23478.75,0,0,0,0,0,0,0,NaN,23483.25,23473.25,23478.75
1756695000,23479,23479.5,23468,23470.25,0,0,0,0,0,0,0,NaN,23479.5,23468,23470.25
1756695300,23470.5,23474.25,23468,23469,0,0,0,0,0,0,0,NaN,23474.25,23468,23469
1756695600,23469,23474.75,23453,23473.75,0,0,0,0,0,0,0,NaN,23474.75,23453,23473.75
1756695900,23473.25,23480.25,23473.25,23478.5,0,0,0,0,0,0,0,NaN,23480.25,23473.25,23478.5
1756696200,23479,23484.75,23477.25,23480,0,0,0,0,0,0,0,NaN,23484.75,23477.25,23480
1756696500,23480,23481.5,23461,23462,0,0,0,0,0,0,0,NaN,23481.5,23461,23462
1756696800,23463,23468.5,23441,23442.5,0,0,0,0,0,0,0,NaN,23468.5,23441,23442.5
1756697100,23443.75,23446.5,23433.75,23442.5,0,0,0,0,0,0,0,NaN,23446.5,23433.75,23442.5
1756697400,23444.75,23449,23437,23437.25,0,0,0,0,0,0,0,NaN,23449,23437,23437.25
1756697700,23437,23443,23431.75,23442.75,0,0,0,0,0,0,0,NaN,23443,23431.75,23442.75
1756698000,23443,23448.75,23442.25,23446.75,0,0,0,0,0,0,0,NaN,23448.75,23442.25,23446.75
1756698300,23448,23450,23441.25,23444.25,0,0,0,0,0,0,0,NaN,23450,23441.25,23444.25
1756698600,23444.75,23447.25,23442.25,23443.25,0,0,0,0,0,0,0,NaN,23447.25,23442.25,23443.25
1756698900,23443,23447,23440.25,23442.25,0,0,0,0,0,0,0,NaN,23447,23440.25,23442.25
1756699200,23442,23443,23438.25,23440.75,0,1,0,0,0,0,0,NaN,23443,23438.25,23440.75
1756699500,23441.5,23445.5,23437.25,23443.75,0,0,0,0,0,0,0,NaN,23445.5,23437.25,23443.75
1756699800,23444.5,23447.5,23438.75,23438.75,0,0,0,0,0,0,0,NaN,23447.5,23438.75,23438.75
1756700100,23440,23441.25,23434,23435.75,0,0,0,0,0,0,0,NaN,23441.25,23434,23435.75
1756700400,23435.5,23444.75,23435.25,23441,0,0,0,0,0,0,0,NaN,23444.75,23435.25,23441
1756700700,23442,23442,23432,23433,0,0,0,0,0,0,0,NaN,23442,23432,23433
1756701000,23433.25,23433.5,23420.25,23425,0,0,0,0,0,0,0,NaN,23433.5,23420.25,23425
1756701300,23425.25,23425.25,23406.75,23410.5,0,0,0,0,0,0,0,NaN,23425.25,23406.75,23410.5
1756701600,23409.75,23420.25,23408.75,23418.75,0,0,0,0,0,0,0,NaN,23420.25,23408.75,23418.75
1756701900,23419.25,23438.5,23416.75,23437.75,0,0,0,0,0,0,0,NaN,23438.5,23416.75,23437.75
1756702200,23438.25,23442.25,23425.75,23437.75,0,0,0,0,0,0,0,NaN,23442.25,23425.75,23437.75
1756702500,23437.25,23439.75,23427.75,23428,0,0,0,0,0,0,0,NaN,23439.75,23427.75,23428
1756702800,23427,23433.5,23418.75,23429.75,0,0,0,0,0,0,0,NaN,23433.5,23418.75,23429.75
1756703100,23430,23431,23417.25,23418,0,0,0,0,0,0,0,NaN,23431,23417.25,23418
1756703400,23417.5,23424.75,23410,23421.75,0,0,0,0,0,0,0,NaN,23424.75,23410,23421.75
1756703700,23422.25,23426.5,23414,23419.75,0,0,0,0,0,0,0,NaN,23426.5,23414,23419.75
1756704000,23419.75,23430.5,23419.75,23428,0,0,0,0,0,0,0,NaN,23430.5,23419.75,23428
1756704300,23429,23436,23428,23435.75,0,0,0,0,0,0,0,NaN,23436,23428,23435.75
1756704600,23436,23441.75,23430.25,23439.5,0,0,0,0,0,0,0,NaN,23441.75,23430.25,23439.5
1756704900,23438.75,23443.75,23434.25,23439.75,0,0,0,0,0,0,0,NaN,23443.75,23434.25,23439.75
1756705200,23440,23449.25,23440,23447.75,0,0,0,0,0,0,0,NaN,23449.25,23440,23447.75
1756705500,23447.5,23448,23427,23433,0,0,0,0,0,0,0,NaN,23448,23427,23433
1756705800,23433,23444.75,23424.5,23434,0,0,0,0,0,0,0,NaN,23444.75,23424.5,23434
1756706100,23435,23437.25,23428,23429.5,0,0,0,0,0,0,0,NaN,23437.25,23428,23429.5
1756706400,23429.5,23430.5,23407.5,23408.75,0,0,0,0,0,0,0,NaN,23430.5,23407.5,23408.75
1756706700,23409.25,23416.75,23392.5,23398.25,0,0,0,0,0,0,0,NaN,23416.75,23392.5,23398.25
1756707000,23398.5,23399,23392,23398,0,0,0,0,0,0,0,NaN,23399,23392,23398
1756707300,23398.75,23400,23390.5,23398.5,0,0,0,0,0,0,0,NaN,23400,23390.5,23398.5
1756707600,23398,23400,23393.5,23394.75,0,0,0,0,0,0,0,NaN,23400,23393.5,23394.75
1756707900,23394.5,23394.5,23370.5,23374.75,0,0,0,0,0,0,0,NaN,23394.5,23370.5,23374.75
1756708200,23375.75,23400,23375.75,23395.75,0,0,0,0,0,0,0,NaN,23400,23375.75,23395.75
1756708500,23396.25,23424.75,23393.5,23424.25,0,0,0,0,0,0,0,NaN,23424.75,23393.5,23424.25
1756708800,23424.25,23459,23420.25,23458.75,0,0,0,0,0,0,0,NaN,23459,23420.25,23458.75
1756709100,23458.75,23474,23445.25,23447.75,0,0,0,0,0,0,0,NaN,23474,23445.25,23447.75
1756709400,23447,23455.25,23441.25,23446.75,0,0,0,0,0,0,0,NaN,23455.25,23441.25,23446.75
1756709700,23447.75,23452.5,23442,23448.75,0,0,0,0,0,0,0,NaN,23452.5,23442,23448.75
1756710000,23449.75,23468.75,23447,23466.75,0,0,0,0,0,0,0,NaN,23468.75,23447,23466.75
1756710300,23467,23467.5,23447,23450,0,0,0,0,0,0,0,NaN,23467.5,23447,23450
1756710600,23449.25,23451,23442.25,23449.25,0,0,0,0,0,0,0,NaN,23451,23442.25,23449.25
1756710900,23449.75,23462.25,23444.75,23454.25,0,0,0,0,0,0,0,NaN,23462.25,23444.75,23454.25
1756711200,23455,23458.5,23445.25,23456.5,0,0,0,0,0,0,0,NaN,23458.5,23445.25,23456.5
1756711500,23456.75,23475.25,23452.75,23473.25,0,0,0,0,0,0,0,NaN,23475.25,23452.75,23473.25
1756711800,23473.75,23475.75,23463.75,23471,0,0,0,0,0,0,0,NaN,23475.75,23463.75,23471
1756712100,23471.75,23477,23464.5,23471.75,0,0,0,0,0,0,0,NaN,23477,23464.5,23471.75
1756712400,23471.5,23474.5,23466.25,23472.25,0,0,0,0,0,0,0,NaN,23474.5,23466.25,23472.25
1756712700,23472.5,23477.5,23470.75,23472,0,0,0,0,0,0,0,NaN,23477.5,23470.75,23472
1756713000,23473,23473.25,23465.5,23465.5,0,0,0,0,0,0,0,NaN,23473.25,23465.5,23465.5
1756713300,23465,23471.5,23457.5,23470.5,0,0,0,0,0,0,0,NaN,23471.5,23457.5,23470.5
1756713600,23469.5,23470.75,23460.5,23465.25,0,0,0,0,0,0,0,NaN,23470.75,23460.5,23465.25
1756713900,23466.5,23481.5,23459.75,23479,0,0,0,0,0,0,0,NaN,23481.5,23459.75,23479
1756714200,23478.25,23481.75,23470.5,23472.75,0,0,0,0,0,0,0,NaN,23481.75,23470.5,23472.75
1756714500,23474,23477.75,23462.75,23468.25,0,0,0,0,0,0,0,NaN,23477.75,23462.75,23468.25
1756714800,23468.75,23488,23468.75,23486.25,0,0,0,0,0,0,0,NaN,23488,23468.75,23486.25
1756715100,23486.25,23489.25,23479.25,23485,0,0,0,0,0,0,0,NaN,23489.25,23479.25,23485
1756715400,23484,23492.5,23483.75,23490,0,0,0,0,0,0,0,NaN,23492.5,23483.75,23490
1756715700,23489.5,23502.5,23489.25,23496,0,0,0,0,0,0,0,NaN,23502.5,23489.25,23496
1756716000,23496.75,23500.25,23491.25,23495.25,0,0,0,0,0,0,0,NaN,23500.25,23491.25,23495.25
1756716300,23495,23497.75,23484.25,23486.75,0,0,0,0,0,0,0,NaN,23497.75,23484.25,23486.75
1756716600,23486.75,23487.5,23480.75,23485.25,0,0,0,0,0,0,0,NaN,23487.5,23480.75,23485.25
1756716900,23485.25,23493,23479,23490.75,0,0,0,0,0,0,0,NaN,23493,23479,23490.75
1756717200,23489.25,23490.25,23483.25,23485.25,0,0,0,0,0,0,0,NaN,23490.25,23483.25,23485.25
1756717500,23485,23486,23477.75,23483.75,0,0,0,0,0,0,0,NaN,23486,23477.75,23483.75
1756717800,23482.75,23484.25,23480.75,23483,0,0,0,0,0,0,0,NaN,23484.25,23480.75,23483
1756718100,23483,23488,23481.75,23486.5,0,0,0,0,0,0,0,NaN,23488,23481.75,23486.5
1756718400,23488,23496.75,23487.5,23491,0,0,0,0,0,0,0,NaN,23496.75,23487.5,23491
1756718700,23491,23492.25,23488.5,23490.75,0,0,0,0,0,0,0,NaN,23492.25,23488.5,23490.75
1756719000,23491,23496.25,23489,23492.25,0,0,0,0,0,0,0,NaN,23496.25,23489,23492.25
1756719300,23491.25,23493.5,23487,23488.25,0,0,0,0,0,0,0,NaN,23493.5,23487,23488.25
1756719600,23488.25,23494.5,23485,23486.75,0,0,0,0,0,0,0,NaN,23494.5,23485,23486.75
1756719900,23485.75,23487.5,23476.5,23483.75,0,0,0,0,0,0,0,NaN,23487.5,23476.5,23483.75
1756720200,23483.75,23488,23482.25,23482.5,0,0,0,0,0,0,0,NaN,23488,23482.25,23482.5
1756720500,23481.25,23488.25,23481.25,23484.75,0,0,0,0,0,0,0,NaN,23488.25,23481.25,23484.75
1756720800,23485.75,23486.5,23480.25,23484,0,0,0,0,0,0,0,NaN,23486.5,23480.25,23484
1756721100,23484.25,23492,23484,23491.5,0,0,0,0,0,0,0,NaN,23492,23484,23491.5
1756721400,23491.75,23496.75,23489.25,23496,0,0,0,0,0,0,0,NaN,23496.75,23489.25,23496
1756721700,23495.25,23496.25,23491,23493.5,0,0,0,0,0,0,0,NaN,23496.25,23491,23493.5
1756722000,23493.5,23494.5,23489.75,23490.5,0,0,0,0,0,0,0,NaN,23494.5,23489.75,23490.5
1756722300,23490.25,23492.75,23488.25,23490.5,0,0,0,0,0,0,0,NaN,23492.75,23488.25,23490.5
1756722600,23491,23492.25,23484,23490.5,0,0,0,0,0,0,0,NaN,23492.25,23484,23490.5
1756722900,23491.25,23493.5,23489.75,23492,0,0,0,0,0,0,0,NaN,23493.5,23489.75,23492
1756723200,23491.75,23501.25,23490.75,23492.75,0,0,0,0,0,0,0,NaN,23501.25,23490.75,23492.75
1756723500,23493.25,23493.25,23483.75,23486,0,0,0,0,0,0,0,NaN,23493.25,23483.75,23486
1756723800,23486.5,23489,23484.5,23486.75,0,0,0,0,0,0,0,NaN,23489,23484.5,23486.75
1756724100,23488,23491,23483.25,23486.25,0,0,0,0,0,0,0,NaN,23491,23483.25,23486.25
1756724400,23485.75,23493.5,23482.5,23491.5,0,0,0,0,0,0,0,NaN,23493.5,23482.5,23491.5
1756724700,23490.25,23494.25,23487.25,23489.75,0,0,0,0,0,0,0,NaN,23494.25,23487.25,23489.75
1756725000,23488.75,23488.75,23483.75,23483.75,0,0,0,0,0,0,0,NaN,23488.75,23483.75,23483.75
1756725300,23483.25,23487.25,23479.25,23482.25,0,0,0,0,0,0,0,NaN,23487.25,23479.25,23482.25
1756725600,23481.75,23483.25,23468.5,23470,0,0,0,0,0,0,0,NaN,23483.25,23468.5,23470
1756725900,23470.5,23471.75,23460.75,23465.25,0,0,0,0,0,0,0,NaN,23471.75,23460.75,23465.25
1756726200,23465,23469.5,23457.25,23467,0,0,0,0,0,0,0,NaN,23469.5,23457.25,23467
1756726500,23467.25,23467.5,23446.25,23466,0,0,0,0,0,0,0,NaN,23467.5,23446.25,23466
1756726800,23466.5,23472,23461,23462.5,0,0,0,0,0,0,0,NaN,23472,23461,23462.5
1756727100,23462.75,23467,23456.5,23460.25,0,0,0,0,0,0,0,NaN,23467,23456.5,23460.25
1756727400,23459.5,23468,23457.5,23468,0,0,0,0,0,0,0,NaN,23468,23457.5,23468
1756727700,23468.25,23471.5,23464.5,23467,0,0,0,0,0,0,0,NaN,23471.5,23464.5,23467
1756728000,23465.5,23468.25,23461.75,23467,0,0,0,0,0,0,0,NaN,23468.25,23461.75,23467
1756728300,23466,23468.5,23460,23462.75,0,0,0,0,0,0,0,NaN,23468.5,23460,23462.75
1756728600,23463,23471,23463,23469,0,0,0,0,0,0,0,NaN,23471,23463,23469
1756728900,23470,23471.75,23466,23468.25,0,0,0,0,0,0,0,NaN,23471.75,23466,23468.25
1756729200,23468.5,23470,23464,23467.75,0,0,0,0,0,0,0,NaN,23470,23464,23467.75
1756729500,23468,23475.25,23468,23473,0,0,0,0,0,0,0,NaN,23475.25,23468,23473
1756729800,23472.75,23480.5,23471,23480.25,0,0,0,0,0,0,0,NaN,23480.5,23471,23480.25
1756730100,23480.75,23482.5,23478,23481,0,0,0,0,0,0,0,NaN,23482.5,23478,23481
1756730400,23480.25,23480.75,23471.25,23472.25,0,0,0,0,0,0,0,NaN,23480.75,23471.25,23472.25
1756730700,23472,23472,23468,23468.25,0,0,0,0,0,0,0,NaN,23472,23468,23468.25
1756731000,23468.75,23470.75,23465.75,23468,0,0,0,0,0,0,0,NaN,23470.75,23465.75,23468
1756731300,23468.5,23478,23465.25,23477.25,0,0,0,0,0,0,0,NaN,23478,23465.25,23477.25
1756731600,23477.25,23479.5,23475.5,23478.75,0,0,0,0,0,0,0,NaN,23479.5,23475.5,23478.75
1756731900,23478.5,23481.75,23477,23481,0,0,0,0,0,0,0,NaN,23481.75,23477,23481
1756732200,23481.25,23484,23477.5,23482.75,0,0,0,0,0,0,0,NaN,23484,23477.5,23482.75
1756732500,23483,23483,23476.5,23479,0,0,0,0,0,0,0,NaN,23483,23476.5,23479
1756732800,23479,23485.75,23478.25,23480.75,0,0,0,0,0,0,0,NaN,23485.75,23478.25,23480.75
1756733100,23480.25,23481.25,23473.25,23476.75,0,0,0,0,0,0,0,NaN,23481.25,23473.25,23476.75
1756733400,23476,23477.5,23441.75,23459.25,0,0,0,0,0,0,0,NaN,23477.5,23441.75,23459.25
1756733700,23459.75,23479.25,23459,23478,0,0,0,0,0,0,0,NaN,23479.25,23459,23478
1756734000,23477,23484,23472,23481.5,0,0,0,0,0,0,0,NaN,23484,23472,23481.5
1756734300,23481.25,23486.25,23475,23485.75,0,0,0,0,0,0,0,NaN,23486.25,23475,23485.75
1756734600,23485,23494.75,23483.5,23490,0,0,0,0,0,0,0,NaN,23494.75,23483.5,23490
1756734900,23490,23492.25,23487,23488.75,0,0,0,0,0,0,0,NaN,23492.25,23487,23488.75
1756735200,23488.25,23493,23485.75,23490,0,0,0,0,0,0,0,NaN,23493,23485.75,23490
1756735500,23490,23490.75,23486.5,23488.25,0,0,0,0,0,0,0,NaN,23490.75,23486.5,23488.25
1756735800,23487.75,23491.75,23482.25,23486.75,0,0,0,0,0,0,0,NaN,23491.75,23482.25,23486.75
1756736100,23486.25,23488,23482.25,23484.5,0,0,0,0,0,0,0,NaN,23488,23482.25,23484.5
1756736400,23484.5,23487.5,23479,23480.75,0,0,0,0,0,0,0,NaN,23487.5,23479,23480.75
1756736700,23481,23485.5,23480,23484.5,0,0,0,0,0,0,0,NaN,23485.5,23480,23484.5
1756737000,23485,23489.75,23485,23486,0,0,0,0,0,0,0,NaN,23489.75,23485,23486
1756737300,23486.25,23491.5,23483.5,23489.75,0,0,0,0,0,0,0,NaN,23491.5,23483.5,23489.75
1756737600,23489.25,23489.75,23484.75,23489.25,0,0,0,0,0,0,0,NaN,23489.75,23484.75,23489.25
1756737900,23489,23490,23484.75,23487.5,0,0,0,0,0,0,0,NaN,23490,23484.75,23487.5
1756738200,23487.25,23490,23483.75,23487.75,0,0,0,0,0,0,0,NaN,23490,23483.75,23487.75
1756738500,23488.25,23492,23487,23491.5,0,0,0,0,0,0,0,NaN,23492,23487,23491.5
1756738800,23490.75,23493.5,23485.25,23493,0,0,0,0,0,0,0,NaN,23493.5,23485.25,23493
1756739100,23493,23496,23482.75,23483.5,0,0,0,0,0,0,0,NaN,23496,23482.75,23483.5
1756739400,23483.75,23491.5,23479.5,23489.5,0,0,0,0,0,0,0,NaN,23491.5,23479.5,23489.5
1756739700,23489.75,23496.75,23488.75,23495.5,0,0,0,0,0,0,0,NaN,23496.75,23488.75,23495.5
1756740000,23495,23500.75,23494.75,23500,0,0,0,0,0,0,0,NaN,23500.75,23494.75,23500
1756740300,23500.25,23504,23497,23502.75,0,0,0,0,0,0,0,NaN,23504,23497,23502.75
1756740600,23503,23506.75,23501.25,23504.25,0,0,0,0,0,0,0,NaN,23506.75,23501.25,23504.25
1756740900,23504.5,23506.5,23501,23504.25,0,0,0,0,0,0,0,NaN,23506.5,23501,23504.25
1756741200,23503.75,23505.25,23502,23502.75,0,0,0,0,0,0,0,NaN,23505.25,23502,23502.75
1756741500,23502.25,23503,23497.75,23500.75,0,0,0,0,0,0,0,NaN,23503,23497.75,23500.75
1756741800,23500.5,23502.75,23498,23499.5,0,0,0,0,0,0,0,NaN,23502.75,23498,23499.5
1756742100,23499.75,23499.75,23494.25,23495.25,0,0,0,0,0,0,0,NaN,23499.75,23494.25,23495.25
1756742400,23495.75,23499.25,23489.25,23493.25,0,0,0,0,0,0,0,NaN,23499.25,23489.25,23493.25
1756742700,23493.5,23494.75,23488.75,23489.25,0,0,0,0,0,0,0,NaN,23494.75,23488.75,23489.25
1756743000,23488.75,23490.5,23485.75,23489.75,0,0,0,0,0,0,0,NaN,23490.5,23485.75,23489.75
1756743300,23489.75,23490.25,23481.75,23483.75,0,0,0,0,0,0,0,NaN,23490.25,23481.75,23483.75
1756743600,23483.75,23488.5,23482.75,23487.5,0,0,0,0,0,0,0,NaN,23488.5,23482.75,23487.5
1756743900,23487.25,23491.25,23486.5,23487.25,0,0,0,0,0,0,0,NaN,23491.25,23486.5,23487.25
1756744200,23487.5,23500,23486.25,23498.75,0,0,0,0,0,0,0,NaN,23500,23486.25,23498.75
1756744500,23498.5,23504,23497.5,23502.75,0,0,0,0,0,0,0,NaN,23504,23497.5,23502.75
1756744800,23502.25,23506,23502.25,23502.75,0,0,0,0,0,0,0,NaN,23506,23502.25,23502.75
1756745100,23502,23505.5,23500,23503.25,0,0,0,0,0,0,0,NaN,23505.5,23500,23503.25
1756745400,23502.75,23506.5,23500,23500.5,0,0,0,0,0,0,0,NaN,23506.5,23500,23500.5
1756745700,23501,23503.75,23497,23502.25,0,0,0,0,0,0,0,NaN,23503.75,23497,23502.25
1756764000,23502.25,23509.5,23487,23492,0,0,0,0,0,0,0,NaN,23509.5,23487,23492
1756764300,23492.75,23496.5,23488.75,23494.5,0,0,0,0,0,0,0,NaN,23496.5,23488.75,23494.5
1756764600,23494.75,23497,23490.75,23492,0,0,0,0,0,0,0,NaN,23497,23490.75,23492
1756764900,23492.25,23496.75,23490.25,23490.5,0,0,0,0,0,0,0,NaN,23496.75,23490.25,23490.5
1756765200,23490.5,23493.25,23483.5,23490,0,0,0,0,0,0,0,NaN,23493.25,23483.5,23490
1756765500,23490.5,23490.75,23479.25,23480.5,0,0,0,0,0,0,0,NaN,23490.75,23479.25,23480.5
1756765800,23481,23486,23479.75,23485.75,0,0,0,0,0,0,0,NaN,23486,23479.75,23485.75
1756766100,23485.25,23486.75,23483,23484.5,0,0,0,0,0,0,0,NaN,23486.75,23483,23484.5
1756766400,23484.75,23485.5,23479.75,23480.75,0,0,0,0,0,0,0,NaN,23485.5,23479.75,23480.75
1756766700,23480.25,23485.75,23479.25,23482.25,0,0,0,0,0,0,0,NaN,23485.75,23479.25,23482.25
1756767000,23480.75,23483.25,23469.75,23471.25,0,0,0,0,0,0,0,NaN,23483.25,23469.75,23471.25
1756767300,23471,23471.25,23461,23461.75,0,0,0,0,0,0,0,NaN,23471.25,23461,23461.75
1756767600,23462.5,23465,23448,23448.75,0,0,0,0,0,0,0,NaN,23465,23448,23448.75
1756767900,23449,23457.5,23445.5,23451.25,0,0,0,0,0,0,0,NaN,23457.5,23445.5,23451.25
1756768200,23450.75,23460.75,23450,23457.5,0,0,0,0,0,0,0,NaN,23460.75,23450,23457.5
1756768500,23458,23461,23449,23449,0,0,0,0,0,0,0,NaN,23461,23449,23449
1756768800,23449.25,23451.5,23430.5,23434.25,0,0,0,0,0,0,0,NaN,23451.5,23430.5,23434.25
1756769100,23434,23442,23428.25,23439,0,0,0,0,0,0,0,NaN,23442,23428.25,23439
1756769400,23439,23447,23439,23442.25,0,0,0,0,0,0,0,NaN,23447,23439,23442.25
1756769700,23441.5,23444.25,23433.25,23439.75,0,0,0,0,0,0,0,NaN,23444.25,23433.25,23439.75
1756770000,23441.25,23442,23430.75,23437.25,0,0,0,0,0,0,0,NaN,23442,23430.75,23437.25
1756770300,23436.75,23444.5,23436,23437.25,0,0,0,0,0,0,0,NaN,23444.5,23436,23437.25
1756770600,23437.5,23443,23431.75,23442.5,0,0,0,0,0,0,0,NaN,23443,23431.75,23442.5
1756770900,23442.5,23447.75,23440.5,23444.5,0,0,0,0,0,0,0,NaN,23447.75,23440.5,23444.5
1756771200,23446,23452.75,23436.25,23443.75,0,0,0,0,0,0,0,NaN,23452.75,23436.25,23443.75
1756771500,23443.25,23450.25,23438.5,23443.25,0,0,0,0,0,0,0,NaN,23450.25,23438.5,23443.25
1756771800,23444,23446,23436.75,23441,0,0,0,0,0,0,0,NaN,23446,23436.75,23441
1756772100,23441.75,23449.5,23435.5,23436.25,0,0,0,0,0,0,0,NaN,23449.5,23435.5,23436.25
1756772400,23436,23439,23431,23435.5,0,0,0,0,0,0,0,NaN,23439,23431,23435.5
1756772700,23434.5,23440.5,23434.25,23439,0,0,0,0,0,0,0,NaN,23440.5,23434.25,23439
1756773000,23438,23453.25,23437.75,23451.25,0,0,0,0,0,0,0,NaN,23453.25,23437.75,23451.25
1756773300,23451.5,23458,23450.25,23456.25,0,0,0,0,0,0,0,NaN,23458,23450.25,23456.25
1756773600,23456.5,23459.25,23449.5,23458,0,0,0,0,0,0,0,NaN,23459.25,23449.5,23458
1756773900,23458,23471.75,23457.25,23470.5,0,0,0,0,0,0,0,NaN,23471.75,23457.25,23470.5
1756774200,23471,23473,23466.75,23467.75,0,0,0,0,0,0,0,NaN,23473,23466.75,23467.75
1756774500,23468.25,23474.75,23468.25,23473.75,0,0,0,0,0,0,0,NaN,23474.75,23468.25,23473.75
1756774800,23473.25,23481,23472.75,23478.25,0,0,0,0,0,0,0,NaN,23481,23472.75,23478.25
1756775100,23477.5,23484.5,23477,23481.75,0,0,0,0,0,0,0,NaN,23484.5,23477,23481.75
1756775400,23481.5,23484.25,23480.25,23482.75,0,0,0,0,0,0,0,NaN,23484.25,23480.25,23482.75
1756775700,23481.5,23482,23476.25,23477,0,0,0,0,0,0,0,NaN,23482,23476.25,23477
1756776000,23478,23479,23469.25,23470.25,0,0,0,0,0,0,0,NaN,23479,23469.25,23470.25
1756776300,23469.75,23469.75,23462.75,23466.5,0,0,0,0,0,0,0,NaN,23469.75,23462.75,23466.5
1756776600,23467.5,23473.25,23464.5,23468.25,0,0,0,0,0,0,0,NaN,23473.25,23464.5,23468.25
1756776900,23467.75,23475,23466,23467.25,0,0,0,0,0,0,0,NaN,23475,23466,23467.25
1756777200,23467.75,23470,23465,23467.75,0,0,0,0,0,0,0,NaN,23470,23465,23467.75
1756777500,23468,23475,23468,23473.5,0,0,0,0,0,0,0,NaN,23475,23468,23473.5
1756777800,23474,23474.25,23460,23460.5,0,0,0,0,0,0,0,NaN,23474.25,23460,23460.5
1756778100,23460,23461,23438.5,23438.75,0,0,0,0,0,0,0,NaN,23461,23438.5,23438.75
1756778400,23439,23445.25,23431.25,23440.25,0,0,0,0,0,0,0,NaN,23445.25,23431.25,23440.25
1756778700,23440.25,23448,23439.25,23439.75,0,0,0,0,0,0,0,NaN,23448,23439.25,23439.75
1756779000,23439,23444.5,23434,23435.25,0,0,0,0,0,0,0,NaN,23444.5,23434,23435.25
1756779300,23434,23435.25,23418.5,23422.5,0,0,0,0,0,0,0,NaN,23435.25,23418.5,23422.5
1756779600,23422,23429.5,23421.75,23428,0,0,0,0,0,0,0,NaN,23429.5,23421.75,23428
1756779900,23429,23430.5,23420.25,23425.75,0,0,0,0,0,0,0,NaN,23430.5,23420.25,23425.75
1756780200,23425,23426.75,23415.75,23418.75,0,0,0,0,0,0,0,NaN,23426.75,23415.75,23418.75
1756780500,23419,23424.75,23416,23421.25,0,0,0,0,0,0,0,NaN,23424.75,23416,23421.25
1756780800,23420.5,23424.25,23415.5,23423,0,0,0,0,0,0,0,NaN,23424.25,23415.5,23423
1756781100,23423.75,23428.5,23419.5,23426,0,0,0,0,0,0,0,NaN,23428.5,23419.5,23426
1756781400,23426.25,23432.5,23423,23425,0,0,0,0,0,0,0,NaN,23432.5,23423,23425
1756781700,23425,23430,23422,23425.75,0,0,0,0,0,0,0,NaN,23430,23422,23425.75
1756782000,23426.25,23430.75,23422.75,23424.25,0,0,0,0,0,0,0,NaN,23430.75,23422.75,23424.25
1756782300,23423.25,23423.25,23417.75,23419.75,0,0,0,0,0,0,0,NaN,23423.25,23417.75,23419.75
1756782600,23420,23424.5,23416,23423.75,0,0,0,0,0,0,0,NaN,23424.5,23416,23423.75
1756782900,23423,23437,23422.75,23431.25,0,0,0,0,0,0,0,NaN,23437,23422.75,23431.25
1756783200,23432,23433.5,23429.25,23433.5,0,0,0,0,0,0,0,NaN,23433.5,23429.25,23433.5
1756783500,23433.5,23436.5,23431.5,23433.25,0,0,0,0,0,0,0,NaN,23436.5,23431.5,23433.25
1756783800,23433,23434.25,23428.5,23430,0,0,0,0,0,0,0,NaN,23434.25,23428.5,23430
1756784100,23429.75,23434.25,23429.75,23433.75,0,0,0,0,0,0,0,NaN,23434.25,23429.75,23433.75
1756784400,23434,23439,23434,23437,0,0,0,0,0,0,0,NaN,23439,23434,23437
1756784700,23436.75,23442.25,23436.75,23440.5,0,0,0,0,0,0,0,NaN,23442.25,23436.75,23440.5
1756785000,23440.5,23441.25,23436.5,23440.5,0,0,0,0,0,0,0,NaN,23441.25,23436.5,23440.5
1756785300,23441,23442,23437.5,23438.25,0,0,0,0,0,0,0,NaN,23442,23437.5,23438.25
1756785600,23437.75,23441,23433.75,23440,0,0,1,0,0,0,0,NaN,23441,23433.75,23440
1756785900,23440.5,23442.5,23439.75,23440,0,0,0,0,0,0,0,NaN,23442.5,23439.75,23440
1756786200,23440.5,23444,23440.5,23441.75,0,0,0,0,0,0,0,NaN,23444,23440.5,23441.75
1756786500,23442,23443.75,23441.75,23442.75,0,0,0,0,0,0,0,NaN,23443.75,23441.75,23442.75
1756786800,23442.5,23446.25,23442.5,23446.25,0,0,0,0,0,0,0,NaN,23446.25,23442.5,23446.25
1756787100,23446.25,23451,23444.5,23450,0,0,0,0,0,0,0,NaN,23451,23444.5,23450
1756787400,23449.25,23450,23440.75,23441.25,0,0,0,0,0,0,0,NaN,23450,23440.75,23441.25
1756787700,23441.75,23442.25,23428.25,23429.25,0,0,0,0,0,0,0,NaN,23442.25,23428.25,23429.25
1756788000,23430,23435.5,23427.75,23435.25,0,0,0,0,0,0,0,NaN,23435.5,23427.75,23435.25
1756788300,23435,23441.5,23435,23439.5,0,0,0,0,0,0,0,NaN,23441.5,23435,23439.5
1756788600,23439,23443.5,23436.25,23442.75,0,0,0,0,0,0,0,NaN,23443.5,23436.25,23442.75
1756788900,23443,23444.5,23437.5,23437.5,0,0,0,0,0,0,0,NaN,23444.5,23437.5,23437.5
1756789200,23438.25,23439,23428.5,23428.75,0,0,0,0,0,0,0,NaN,23439,23428.5,23428.75
1756789500,23428.75,23430,23408.75,23411.5,0,0,0,0,0,0,0,NaN,23430,23408.75,23411.5
1756789800,23411.25,23421.5,23404.75,23415.25,0,0,0,0,0,0,0,NaN,23421.5,23404.75,23415.25
1756790100,23415,23417.5,23410,23413.75,0,0,0,0,0,0,0,NaN,23417.5,23410,23413.75
1756790400,23413,23420.25,23411.5,23414.75,0,0,0,0,0,0,0,NaN,23420.25,23411.5,23414.75
1756790700,23414.25,23420.5,23414,23419.75,0,0,0,0,0,0,0,NaN,23420.5,23414,23419.75
1756791000,23420.25,23425.5,23414.25,23424.25,0,0,0,0,0,0,0,NaN,23425.5,23414.25,23424.25
1756791300,23424,23424.25,23407,23413,0,0,0,0,0,0,0,NaN,23424.25,23407,23413
1756791600,23411.75,23417.75,23408.75,23414,0,0,0,0,0,0,0,NaN,23417.75,23408.75,23414
1756791900,23412.5,23431.75,23412.5,23431.25,0,0,0,0,0,0,0,NaN,23431.75,23412.5,23431.25
1756792200,23432,23435.75,23418.75,23420.25,0,0,0,0,0,0,0,NaN,23435.75,23418.75,23420.25
1756792500,23419.5,23422.25,23412.5,23413,0,0,0,0,0,0,0,NaN,23422.25,23412.5,23413
1756792800,23412.75,23426.5,23407.25,23426.25,0,0,0,0,0,0,0,NaN,23426.5,23407.25,23426.25
1756793100,23427,23437.25,23421.25,23433.25,0,0,0,0,0,0,0,NaN,23437.25,23421.25,23433.25
1756793400,23434,23434.5,23421.25,23428.75,0,0,0,0,0,0,0,NaN,23434.5,23421.25,23428.75
1756793700,23428.75,23429,23422.5,23425.75,0,0,0,0,0,0,0,NaN,23429,23422.5,23425.75
1756794000,23424.75,23428.5,23418.25,23427.75,0,0,0,0,0,0,0,NaN,23428.5,23418.25,23427.75
1756794300,23428,23439.75,23422.75,23423,0,0,0,0,0,0,0,NaN,23439.75,23422.75,23423
1756794600,23424.25,23438,23422.5,23437,0,0,0,0,0,0,0,NaN,23438,23422.5,23437
1756794900,23436.75,23438,23432.75,23435.25,0,0,0,0,0,0,0,NaN,23438,23432.75,23435.25
1756795200,23435.5,23439.25,23431.75,23436.25,0,0,0,0,0,0,0,NaN,23439.25,23431.75,23436.25
1756795500,23436.5,23443,23434,23440,0,0,0,0,0,0,0,NaN,23443,23434,23440
1756795800,23439.5,23442.25,23434.75,23437.75,0,0,0,0,0,0,0,NaN,23442.25,23434.75,23437.75
1756796100,23438,23448,23438,23447.75,0,0,0,0,0,0,0,NaN,23448,23438,23447.75
1756796400,23448,23452,23440.5,23447.5,0,0,0,0,0,0,0,NaN,23452,23440.5,23447.5
1756796700,23447.25,23448.25,23426,23426.75,0,0,0,0,0,0,0,NaN,23448.25,23426,23426.75
1756797000,23425.75,23426.5,23390.25,23391.75,0,0,0,0,0,0,0,NaN,23426.5,23390.25,23391.75
1756797300,23391.5,23406.25,23384.5,23402.25,0,0,0,0,0,0,0,NaN,23406.25,23384.5,23402.25
1756797600,23402.25,23404.75,23375.5,23378.5,0,0,0,0,0,0,0,NaN,23404.75,23375.5,23378.5
1756797900,23378.5,23413.5,23372,23412.5,0,0,0,0,0,0,0,NaN,23413.5,23372,23412.5
1756798200,23412.5,23422.5,23387.75,23388,0,0,0,0,0,0,0,NaN,23422.5,23387.75,23388
1756798500,23387.5,23391.25,23372,23376.75,0,0,0,0,0,0,0,NaN,23391.25,23372,23376.75
1756798800,23377,23379,23353,23353.5,0,0,0,0,0,0,0,NaN,23379,23353,23353.5
1756799100,23353.25,23363.5,23312.25,23312.25,0,0,0,0,0,0,0,NaN,23363.5,23312.25,23312.25
1756799400,23312.5,23316,23270,23282.5,0,0,0,0,0,0,0,NaN,23316,23270,23282.5
1756799700,23283,23293,23270.25,23278.25,0,0,0,0,0,0,0,NaN,23293,23270.25,23278.25
1756800000,23278.5,23320,23267.75,23312.5,0,0,0,0,0,0,0,NaN,23320,23267.75,23312.5
1756800300,23312.25,23316.5,23296.75,23311.25,0,0,0,0,0,0,0,NaN,23316.5,23296.75,23311.25
1756800600,23310.25,23315.75,23281.75,23287,0,0,0,0,0,0,0,NaN,23315.75,23281.75,23287
1756800900,23287.5,23320.5,23287,23315,0,0,0,0,0,0,0,NaN,23320.5,23287,23315
1756801200,23313.5,23325.75,23312.25,23313.5,0,0,0,0,0,0,0,NaN,23325.75,23312.25,23313.5
1756801500,23313.25,23315,23306.5,23308.75,0,0,0,0,0,0,0,NaN,23315,23306.5,23308.75
1756801800,23308.75,23313.75,23299.25,23301.75,0,0,0,0,0,0,0,NaN,23313.75,23299.25,23301.75
1756802100,23302,23318.5,23301.25,23316.25,0,0,0,0,0,0,0,NaN,23318.5,23301.25,23316.25
1756802400,23316,23333.5,23315.5,23329.75,0,0,0,0,0,0,0,NaN,23333.5,23315.5,23329.75
1756802700,23328.5,23332.75,23318,23321.5,0,0,0,0,0,0,0,NaN,23332.75,23318,23321.5
1756803000,23321,23322.25,23308.5,23315.5,0,0,0,0,0,0,0,NaN,23322.25,23308.5,23315.5
1756803300,23315.5,23320,23305,23310.75,0,0,0,0,0,0,0,NaN,23320,23305,23310.75
1756803600,23310.75,23321,23299.5,23318,0,0,0,0,0,0,0,NaN,23321,23299.5,23318
1756803900,23317.25,23320.25,23309.5,23309.75,0,0,0,0,0,0,0,NaN,23320.25,23309.5,23309.75
1756804200,23310.5,23315,23305.75,23312,0,0,0,0,0,0,0,NaN,23315,23305.75,23312
1756804500,23311,23328,23309.75,23326.25,0,0,0,0,0,0,0,NaN,23328,23309.75,23326.25
1756804800,23325.75,23331.5,23316.75,23318.25,0,0,0,0,0,0,0,NaN,23331.5,23316.75,23318.25
1756805100,23317.75,23326.5,23317.75,23325.75,0,0,0,0,0,0,0,NaN,23326.5,23317.75,23325.75
1756805400,23325.5,23329,23315.75,23320.5,0,0,0,0,0,0,0,NaN,23329,23315.75,23320.5
1756805700,23321.25,23330.25,23321.25,23324,0,0,0,0,0,0,0,NaN,23330.25,23321.25,23324
1756806000,23322.75,23325,23316.75,23317.25,0,0,0,0,0,0,0,NaN,23325,23316.75,23317.25
1756806300,23316,23318,23297,23298.25,0,0,0,0,0,0,0,NaN,23318,23297,23298.25
1756806600,23298.25,23310.5,23291.75,23293.25,0,0,0,0,0,0,0,NaN,23310.5,23291.75,23293.25
1756806900,23292.25,23298,23291.25,23292,0,0,0,0,0,0,0,NaN,23298,23291.25,23292
1756807200,23292,23297,23289,23295.25,0,0,0,0,0,0,0,NaN,23297,23289,23295.25
1756807500,23295.25,23306,23289.5,23305.5,0,0,0,0,0,0,0,NaN,23306,23289.5,23305.5
1756807800,23305.25,23311,23298,23300,0,0,0,0,0,0,0,NaN,23311,23298,23300
1756808100,23300,23301.75,23279.5,23279.5,0,0,0,0,0,0,0,NaN,23301.75,23279.5,23279.5
1756808400,23281,23286.5,23265.75,23267,0,0,0,0,0,0,0,NaN,23286.5,23265.75,23267
1756808700,23268.5,23275,23248.25,23254.75,0,0,0,0,0,0,0,NaN,23275,23248.25,23254.75
1756809000,23254.5,23263.25,23242,23254,0,0,0,0,0,0,0,NaN,23263.25,23242,23254
1756809300,23255,23264.25,23253,23261.5,0,0,0,0,0,0,0,NaN,23264.25,23253,23261.5
1756809600,23261.5,23262.5,23231.75,23257.25,0,0,0,0,0,0,0,NaN,23262.5,23231.75,23257.25
1756809900,23256.75,23260.75,23249,23249.25,0,0,0,0,0,0,0,NaN,23260.75,23249,23249.25
1756810200,23248.75,23254.75,23242.75,23248.5,0,0,0,0,0,0,0,NaN,23254.75,23242.75,23248.5
1756810500,23249.25,23256.25,23242.75,23252.75,0,0,0,0,0,0,0,NaN,23256.25,23242.75,23252.75
1756810800,23254.5,23260.25,23235,23235.5,0,0,0,0,0,0,0,NaN,23260.25,23235,23235.5
1756811100,23235.25,23239.75,23230.75,23233,0,0,0,0,0,0,0,NaN,23239.75,23230.75,23233
1756811400,23233.5,23247.25,23223.25,23245.25,0,0,0,0,0,0,0,NaN,23247.25,23223.25,23245.25
1756811700,23245.75,23252.75,23235.75,23237.25,0,0,0,0,0,0,0,NaN,23252.75,23235.75,23237.25
1756812000,23237,23245.25,23228.25,23242.75,0,0,0,0,0,0,0,NaN,23245.25,23228.25,23242.75
1756812300,23242.75,23251.5,23233.75,23234.75,0,0,0,0,0,0,0,NaN,23251.5,23233.75,23234.75
1756812600,23234.25,23241.5,23227.25,23233.25,0,0,0,0,0,0,0,NaN,23241.5,23227.25,23233.25
1756812900,23233.5,23241.25,23229.5,23232.25,0,0,0,0,0,0,0,NaN,23241.25,23229.5,23232.25
1756813200,23232.75,23247,23232.25,23236,0,0,0,0,0,0,0,NaN,23247,23232.25,23236
1756813500,23236.75,23246,23233.25,23235.25,0,0,0,0,0,0,0,NaN,23246,23233.25,23235.25
1756813800,23234.75,23238,23218.75,23234.75,0,0,0,0,0,0,0,NaN,23238,23218.75,23234.75
1756814100,23236,23237,23223,23224.75,0,0,0,0,0,0,0,NaN,23237,23223,23224.75
1756814400,23224.25,23224.25,23188.75,23193,0,0,0,0,0,0,0,NaN,23224.25,23188.75,23193
1756814700,23192.75,23199.5,23176.5,23177.25,0,0,0,0,0,0,0,NaN,23199.5,23176.5,23177.25
1756815000,23177.5,23183.25,23165.25,23178.25,0,0,0,0,0,0,0,NaN,23183.25,23165.25,23178.25
1756815300,23178,23186.25,23170.25,23170.25,0,0,0,0,0,0,0,NaN,23186.25,23170.25,23170.25
1756815600,23170.75,23175,23159.25,23160.25,0,0,0,0,0,0,0,NaN,23175,23159.25,23160.25
1756815900,23159.25,23173.25,23157,23165.25,0,0,0,0,0,0,0,NaN,23173.25,23157,23165.25
1756816200,23164.25,23172.5,23149,23159.75,0,0,0,0,0,0,0,NaN,23172.5,23149,23159.75
1756816500,23159.5,23168.5,23141.25,23143,0,0,0,0,0,0,0,NaN,23168.5,23141.25,23143
1756816800,23143,23144.5,23120.75,23134,0,0,0,0,0,0,0,NaN,23144.5,23120.75,23134
1756817100,23134.5,23136,23115.75,23122.25,0,0,0,0,0,0,0,NaN,23136,23115.75,23122.25
1756817400,23123,23142.75,23060.25,23095.5,0,0,0,0,0,0,0,NaN,23142.75,23060.25,23095.5
1756817700,23094.75,23121.75,23077,23095.5,0,0,0,0,0,0,0,NaN,23121.75,23077,23095.5
1756818000,23096.25,23103.5,23078.5,23102,0,0,0,0,0,0,0,NaN,23103.5,23078.5,23102
1756818300,23102.5,23114.75,23093.25,23099.25,0,0,0,0,0,0,0,NaN,23114.75,23093.25,23099.25
1756818600,23100.25,23124.5,23095,23122.25,0,0,0,0,0,0,0,NaN,23124.5,23095,23122.25
1756818900,23122,23124.75,23111,23112.5,0,0,0,0,0,0,0,NaN,23124.75,23111,23112.5
1756819200,23113,23124,23107.5,23121.25,0,0,0,0,0,0,0,NaN,23124,23107.5,23121.25
1756819500,23121.5,23129.75,23089,23100.25,0,0,0,0,0,0,0,NaN,23129.75,23089,23100.25
1756819800,23100.25,23102.5,23025.25,23081.75,0,0,0,0,0,0,0,NaN,23102.5,23025.25,23081.75
1756820100,23081.5,23162.75,23078.75,23133.25,0,0,0,0,0,0,0,NaN,23162.75,23078.75,23133.25
1756820400,23133.75,23177.75,23127,23150.25,0,0,0,0,0,0,0,NaN,23177.75,23127,23150.25
1756820700,23150.25,23200,23137.25,23198.5,0,0,0,0,0,0,0,NaN,23200,23137.25,23198.5
1756821000,23198.75,23251.25,23190.5,23250.25,0,0,0,0,0,0,0,NaN,23251.25,23190.5,23250.25
1756821300,23250.5,23260.75,23224,23233.75,0,0,0,0,0,0,0,NaN,23260.75,23224,23233.75
1756821600,23230,23280,23219,23228.25,0,0,0,0,0,0,0,NaN,23280,23219,23228.25
1756821900,23228.5,23234.75,23204.5,23212.5,0,0,0,0,0,0,0,NaN,23234.75,23204.5,23212.5
1756822200,23212.5,23240.25,23196.5,23208.5,0,0,0,0,0,0,0,NaN,23240.25,23196.5,23208.5
1756822500,23208.75,23239.5,23187,23223.75,0,0,0,0,0,0,0,NaN,23239.5,23187,23223.75
1756822800,23223.75,23256,23201.5,23205.5,0,0,0,0,0,0,0,NaN,23256,23201.5,23205.5
1756823100,23206,23262.5,23195,23262.25,0,0,0,0,0,0,0,NaN,23262.5,23195,23262.25
1756823400,23261.25,23261.25,23225.75,23250.75,0,0,0,0,0,0,0,NaN,23261.25,23225.75,23250.75
1756823700,23250.25,23261.25,23217.25,23224.75,0,0,0,0,0,0,0,NaN,23261.25,23217.25,23224.75
1756824000,23225.25,23225.75,23178.25,23181.75,0,0,0,0,0,0,0,NaN,23225.75,23178.25,23181.75
1756824300,23182.5,23188,23142.25,23146,0,0,0,0,0,0,0,NaN,23188,23142.25,23146
1756824600,23145.5,23163.25,23135.5,23152.5,0,0,0,0,0,0,0,NaN,23163.25,23135.5,23152.5
1756824900,23151.25,23167,23136.5,23161.5,0,0,0,0,0,0,0,NaN,23167,23136.5,23161.5
1756825200,23162.25,23179.5,23142,23143,0,0,0,0,0,0,0,NaN,23179.5,23142,23143
1756825500,23143.75,23146.25,23125,23139.75,0,0,0,0,0,0,0,NaN,23146.25,23125,23139.75
1756825800,23139.5,23151.5,23123,23129.5,0,0,0,0,0,0,0,NaN,23151.5,23123,23129.5
1756826100,23129.5,23135.5,23097.25,23106.75,0,0,0,0,0,0,0,NaN,23135.5,23097.25,23106.75
1756826400,23107,23116.75,23095.75,23111.75,0,0,0,0,0,0,0,NaN,23116.75,23095.75,23111.75
1756826700,23111.25,23126,23107,23110,0,0,0,0,0,0,0,NaN,23126,23107,23110
1756827000,23109.25,23109.25,23087.25,23088.25,0,0,0,0,0,0,0,NaN,23109.25,23087.25,23088.25
1756827300,23088.25,23089.5,23054.75,23056.5,0,0,0,0,0,0,0,NaN,23089.5,23054.75,23056.5
1756827600,23056.5,23067.75,23051,23055,0,0,0,0,0,0,0,NaN,23067.75,23051,23055
1756827900,23055.5,23067,23047.75,23052.5,0,0,0,0,0,0,0,NaN,23067,23047.75,23052.5
1756828200,23052.5,23053.25,23027,23037.25,0,0,0,0,0,0,0,NaN,23053.25,23027,23037.25
1756828500,23036.25,23057.75,23029.5,23047.5,0,0,0,0,0,0,0,NaN,23057.75,23029.5,23047.5
1756828800,23048,23065,23041,23045,0,0,0,0,0,0,0,NaN,23065,23041,23045
1756829100,23044.75,23061.25,23037.75,23039.25,0,0,0,0,0,0,0,NaN,23061.25,23037.75,23039.25
1756829400,23039,23068.75,23038.5,23061.25,0,0,0,0,0,0,0,NaN,23068.75,23038.5,23061.25
1756829700,23061,23081.75,23061,23081,0,0,0,0,0,0,0,NaN,23081.75,23061,23081
1756830000,23081.25,23085,23070.75,23073.25,0,0,0,0,0,0,0,NaN,23085,23070.75,23073.25
1756830300,23073,23078.25,23061.25,23067.5,0,0,0,0,0,0,0,NaN,23078.25,23061.25,23067.5
1756830600,23067,23077.75,23066.75,23069.25,0,0,0,0,0,0,0,NaN,23077.75,23066.75,23069.25
1756830900,23069.75,23090,23067.25,23072.75,0,0,0,0,0,0,0,NaN,23090,23067.25,23072.75
1756831200,23073.25,23104.25,23072.75,23090.25,0,0,0,0,0,0,0,NaN,23104.25,23072.75,23090.25
1756831500,23090.25,23101.75,23072,23084.75,0,0,0,0,0,0,0,NaN,23101.75,23072,23084.75
1756831800,23084.5,23110.25,23081.5,23106.25,0,0,0,0,0,0,0,NaN,23110.25,23081.5,23106.25
1756832100,23106.5,23131,23106,23126.25,0,0,0,0,0,0,0,NaN,23131,23106,23126.25
1756832400,23126.5,23140.25,23124,23134.75,0,0,0,0,0,0,0,NaN,23140.25,23124,23134.75
1756832700,23135.25,23143.5,23127.5,23130,0,0,0,0,0,0,0,NaN,23143.5,23127.5,23130
1756833000,23130.75,23132.5,23104.5,23116.25,0,0,0,0,0,0,0,NaN,23132.5,23104.5,23116.25
1756833300,23116,23128.75,23112.5,23126.25,0,0,0,0,0,0,0,NaN,23128.75,23112.5,23126.25
1756833600,23126.25,23149,23125.25,23145.25,0,0,0,0,0,0,0,NaN,23149,23125.25,23145.25
1756833900,23145,23168.5,23144.25,23161.25,0,0,0,0,0,0,0,NaN,23168.5,23144.25,23161.25
1756834200,23161,23194.5,23160.5,23191.5,0,0,0,0,0,0,0,NaN,23194.5,23160.5,23191.5
1756834500,23191.5,23212,23187,23209.75,0,0,0,0,0,0,0,NaN,23212,23187,23209.75
1756834800,23209.5,23223.5,23203,23218.75,0,0,0,0,0,0,0,NaN,23223.5,23203,23218.75
1756835100,23219,23223.5,23209.25,23219,0,0,0,0,0,0,0,NaN,23223.5,23209.25,23219
1756835400,23219.25,23225.5,23195,23196,0,0,0,0,0,0,0,NaN,23225.5,23195,23196
1756835700,23195.5,23204.5,23187.5,23189.25,0,0,0,0,0,0,0,NaN,23204.5,23187.5,23189.25
1756836000,23189,23207.5,23186.5,23198,0,0,0,0,0,0,0,NaN,23207.5,23186.5,23198
1756836300,23198,23200,23176.75,23179.25,0,0,0,0,0,0,0,NaN,23200,23176.75,23179.25
1756836600,23179.5,23190.25,23176,23180.25,0,0,0,0,0,0,0,NaN,23190.25,23176,23180.25
1756836900,23180.5,23185,23166.5,23167.5,0,0,0,0,0,0,0,NaN,23185,23166.5,23167.5
1756837200,23167.5,23188,23163.5,23178.25,0,0,0,0,0,0,0,NaN,23188,23163.5,23178.25
1756837500,23178,23182.5,23162.5,23164,0,0,0,0,0,0,0,NaN,23182.5,23162.5,23164
1756837800,23164.25,23184,23162.75,23172,0,0,0,0,0,0,0,NaN,23184,23162.75,23172
1756838100,23171.75,23173.75,23161,23170.5,0,0,0,0,0,0,0,NaN,23173.75,23161,23170.5
1756838400,23171,23172,23157.5,23168.25,0,0,0,0,0,0,0,NaN,23172,23157.5,23168.25
1756838700,23168,23200.25,23163,23187.75,0,0,0,0,0,0,0,NaN,23200.25,23163,23187.75
1756839000,23187.25,23232.75,23186.25,23213,0,0,0,0,0,0,0,NaN,23232.75,23186.25,23213
1756839300,23213,23214.75,23184.75,23189,0,0,0,0,0,0,0,NaN,23214.75,23184.75,23189
1756839600,23189,23213.5,23188.5,23209.75,0,0,0,0,0,0,0,NaN,23213.5,23188.5,23209.75
1756839900,23209.5,23216.5,23200.75,23210,0,0,0,0,0,0,0,NaN,23216.5,23200.75,23210
1756840200,23210.25,23224.25,23202.5,23222,0,0,0,0,0,0,0,NaN,23224.25,23202.5,23222
1756840500,23221.5,23236.75,23215,23230.75,0,0,0,0,0,0,0,NaN,23236.75,23215,23230.75
1756840800,23230.5,23240,23222.25,23225.25,0,0,0,0,0,0,0,NaN,23240,23222.25,23225.25
1756841100,23225.5,23237.75,23219.75,23233.75,0,0,0,0,0,0,0,NaN,23237.75,23219.75,23233.75
1756841400,23233.75,23246.25,23229.75,23234.5,0,0,0,0,0,0,0,NaN,23246.25,23229.75,23234.5
1756841700,23234.5,23251.75,23230.75,23249.75,0,0,0,0,0,0,0,NaN,23251.75,23230.75,23249.75
1756842000,23249.75,23261,23243.25,23248,0,0,0,0,0,0,0,NaN,23261,23243.25,23248
1756842300,23247.5,23254,23235.25,23252.25,0,0,0,0,0,0,0,NaN,23254,23235.25,23252.25
1756842600,23252.5,23285.75,23242.5,23279.75,0,0,0,0,0,0,0,NaN,23285.75,23242.5,23279.75
1756842900,23279.5,23290.25,23261.5,23276.75,0,0,0,0,0,0,0,NaN,23290.25,23261.5,23276.75
1756843200,23277,23287.75,23269.75,23271.5,0,0,0,0,0,0,0,NaN,23287.75,23269.75,23271.5
1756843500,23271.25,23367.25,23271.25,23364,0,0,0,0,0,0,0,NaN,23367.25,23271.25,23364
1756843800,23363.25,23374.5,23337.25,23352.5,0,0,0,0,0,0,0,NaN,23374.5,23337.25,23352.5
1756844100,23352,23374,23341,23369.25,0,0,0,0,0,0,0,NaN,23374,23341,23369.25
1756844400,23369,23383.25,23360,23375.25,0,0,0,0,0,0,0,NaN,23383.25,23360,23375.25
1756844700,23375,23386,23365.25,23373.5,0,0,0,0,0,0,0,NaN,23386,23365.25,23373.5
1756845000,23373.5,23373.5,23360.5,23364.25,0,0,0,0,0,0,0,NaN,23373.5,23360.5,23364.25
1756845300,23364,23373,23362,23366,0,0,0,0,0,0,0,NaN,23373,23362,23366
1756845600,23366,23368.25,23358,23366.75,0,0,0,0,0,0,0,NaN,23368.25,23358,23366.75
1756845900,23366.5,23373.5,23365.5,23372.25,0,0,0,0,0,0,0,NaN,23373.5,23365.5,23372.25
1756846200,23372,23381.75,23369.75,23381.75,0,0,0,0,0,0,0,NaN,23381.75,23369.75,23381.75
1756846500,23381.75,23382.75,23375.75,23379.5,0,0,0,0,0,0,0,NaN,23382.75,23375.75,23379.5
1756850400,23382,23387.75,23366,23367,0,0,0,0,0,0,0,NaN,23387.75,23366,23367
1756850700,23366.5,23368.75,23355.75,23358.25,0,0,0,0,0,0,0,NaN,23368.75,23355.75,23358.25
1756851000,23358.25,23365,23353.5,23362.25,0,0,0,0,0,0,0,NaN,23365,23353.5,23362.25
1756851300,23362.5,23375.75,23362,23362.5,0,0,0,0,0,0,0,NaN,23375.75,23362,23362.5
1756851600,23362.75,23368,23357.5,23359.5,0,0,0,0,0,0,0,NaN,23368,23357.5,23359.5
1756851900,23359.75,23362.25,23352.25,23358,0,0,0,0,0,0,0,NaN,23362.25,23352.25,23358
1756852200,23358.25,23364.5,23348.5,23351.75,0,0,0,0,0,0,0,NaN,23364.5,23348.5,23351.75
1756852500,23352.75,23367.25,23349.25,23366,0,0,0,0,0,0,0,NaN,23367.25,23349.25,23366
1756852800,23366.25,23366.25,23351,23352.75,0,0,0,0,0,0,0,NaN,23366.25,23351,23352.75
1756853100,23352.75,23358.5,23352.5,23355.25,0,0,0,0,0,0,0,NaN,23358.5,23352.5,23355.25
1756853400,23355.25,23359.5,23344,23345,0,0,0,0,0,0,0,NaN,23359.5,23344,23345
1756853700,23345.25,23345.5,23335.25,23341.5,0,0,0,0,0,0,0,NaN,23345.5,23335.25,23341.5
1756854000,23341.5,23345.5,23340.25,23342.5,0,0,0,0,0,0,0,NaN,23345.5,23340.25,23342.5
1756854300,23342.75,23345.5,23336,23340.75,0,0,0,0,0,0,0,NaN,23345.5,23336,23340.75
1756854600,23341.25,23345,23339.5,23340.25,0,0,0,0,0,0,0,NaN,23345,23339.5,23340.25
1756854900,23340.25,23344.75,23330.75,23331,0,0,0,0,0,0,0,NaN,23344.75,23330.75,23331
1756855200,23332.25,23333.75,23326.75,23331.25,0,0,0,0,0,0,0,NaN,23333.75,23326.75,23331.25
1756855500,23331.5,23338.25,23331,23337,0,0,0,0,0,0,0,NaN,23338.25,23331,23337
1756855800,23337.5,23343.75,23334.75,23337.75,0,0,0,0,0,0,0,NaN,23343.75,23334.75,23337.75
1756856100,23337.75,23339,23333.75,23336,0,0,0,0,0,0,0,NaN,23339,23333.75,23336
1756856400,23336.5,23337.75,23331.5,23332.5,0,0,0,0,0,0,0,NaN,23337.75,23331.5,23332.5
1756856700,23332.25,23335.25,23327.25,23329.75,0,0,0,0,0,0,0,NaN,23335.25,23327.25,23329.75
1756857000,23329.5,23336,23327.25,23334.25,0,0,0,0,0,0,0,NaN,23336,23327.25,23334.25
1756857300,23333.75,23335.75,23330.25,23334,0,0,0,0,0,0,0,NaN,23335.75,23330.25,23334
1756857600,23333.75,23336,23325.25,23333.5,0,0,0,0,0,0,0,NaN,23336,23325.25,23333.5
1756857900,23333.5,23335.5,23323,23324.75,0,0,0,0,0,0,0,NaN,23335.5,23323,23324.75
1756858200,23325.5,23334.25,23325.5,23334,0,0,0,0,0,0,0,NaN,23334.25,23325.5,23334
1756858500,23333.75,23338.25,23331.25,23337.25,0,0,0,0,0,0,0,NaN,23338.25,23331.25,23337.25
1756858800,23337,23338.5,23327,23328.75,0,0,0,0,0,0,0,NaN,23338.5,23327,23328.75
1756859100,23329.25,23336.25,23328,23336.25,0,0,0,0,0,0,0,NaN,23336.25,23328,23336.25
1756859400,23335.5,23340,23325.5,23330.75,0,0,0,0,0,0,0,NaN,23340,23325.5,23330.75
1756859700,23330.5,23335.5,23329.25,23334.75,0,0,0,0,0,0,0,NaN,23335.5,23329.25,23334.75
1756860000,23334.75,23340.75,23332,23334,0,0,0,0,0,0,0,NaN,23340.75,23332,23334
1756860300,23333.75,23333.75,23323,23325.25,0,0,0,0,0,0,0,NaN,23333.75,23323,23325.25
1756860600,23326,23328.5,23316.75,23320.25,0,0,0,0,0,0,0,NaN,23328.5,23316.75,23320.25
1756860900,23320.75,23332.75,23318.25,23331.5,0,0,0,0,0,0,0,NaN,23332.75,23318.25,23331.5
1756861200,23331,23334.5,23327,23333.25,0,0,0,0,0,0,0,NaN,23334.5,23327,23333.25
1756861500,23333.25,23333.75,23324.5,23331.5,0,0,0,0,0,0,0,NaN,23333.75,23324.5,23331.5
1756861800,23332.5,23333.25,23324.5,23324.5,0,0,0,0,0,0,0,NaN,23333.25,23324.5,23324.5
1756862100,23324.75,23327.75,23319,23321.75,0,0,0,0,0,0,0,NaN,23327.75,23319,23321.75
1756862400,23320.5,23322.25,23316.75,23317.25,0,0,0,0,0,0,0,NaN,23322.25,23316.75,23317.25
1756862700,23317.75,23321,23315.25,23318.5,0,0,0,0,0,0,0,NaN,23321,23315.25,23318.5
1756863000,23319,23322.25,23311.25,23320,0,0,0,0,0,0,0,NaN,23322.25,23311.25,23320
1756863300,23320.5,23321.5,23315,23318.5,0,0,0,0,0,0,0,NaN,23321.5,23315,23318.5
1756863600,23317.5,23327.75,23317.5,23326.5,0,0,0,0,0,0,0,NaN,23327.75,23317.5,23326.5
1756863900,23326.75,23333.25,23326,23331,0,0,0,0,0,0,0,NaN,23333.25,23326,23331
1756864200,23330,23340.25,23328.5,23335.25,0,0,0,0,0,0,0,NaN,23340.25,23328.5,23335.25
1756864500,23334.75,23337,23330.75,23337,0,0,0,0,0,0,0,NaN,23337,23330.75,23337
1756864800,23336,23339,23330.25,23332,0,0,0,0,0,0,0,NaN,23339,23330.25,23332
1756865100,23333,23333,23326.5,23329,0,0,0,0,0,0,0,NaN,23333,23326.5,23329
1756865400,23328.75,23333.75,23328.25,23329.5,0,0,0,0,0,0,0,NaN,23333.75,23328.25,23329.5
1756865700,23329.25,23334.5,23326.75,23333,0,0,0,0,0,0,0,NaN,23334.5,23326.75,23333
1756866000,23332.5,23333.75,23329.5,23331.25,0,0,0,0,0,0,0,NaN,23333.75,23329.5,23331.25
1756866300,23331.5,23332,23325.25,23330,0,0,0,0,0,0,0,NaN,23332,23325.25,23330
1756866600,23329.5,23329.5,23314.5,23317.5,0,0,0,0,0,0,0,NaN,23329.5,23314.5,23317.5
1756866900,23317,23319,23312.5,23315.75,0,0,0,0,0,0,0,NaN,23319,23312.5,23315.75
1756867200,23315.5,23325,23313.5,23323,0,0,0,0,0,0,0,NaN,23325,23313.5,23323
1756867500,23324.25,23328.5,23322.75,23325.5,0,0,0,0,0,0,0,NaN,23328.5,23322.75,23325.5
1756867800,23325.75,23326,23321,23324.5,0,0,0,0,0,0,0,NaN,23326,23321,23324.5
1756868100,23324.5,23325,23321.75,23321.75,0,0,0,0,0,0,0,NaN,23325,23321.75,23321.75
1756868400,23321.75,23328.25,23320,23327,0,0,0,0,0,0,0,NaN,23328.25,23320,23327
1756868700,23326.75,23332.75,23326,23331,0,0,0,0,0,0,0,NaN,23332.75,23326,23331
1756869000,23330.5,23331.25,23321.5,23328.75,0,0,0,0,0,0,0,NaN,23331.25,23321.5,23328.75
1756869300,23329.75,23330,23323.5,23328.5,0,0,0,0,0,0,0,NaN,23330,23323.5,23328.5
1756869600,23328.25,23333,23326.25,23332.25,0,0,0,0,0,0,0,NaN,23333,23326.25,23332.25
1756869900,23331.5,23332,23318.75,23325,0,0,0,0,0,0,0,NaN,23332,23318.75,23325
1756870200,23324.75,23330.25,23324,23325,0,0,0,0,0,0,0,NaN,23330.25,23324,23325
1756870500,23324.5,23326,23310.5,23311.5,0,0,0,0,0,0,0,NaN,23326,23310.5,23311.5
1756870800,23311,23322.5,23298.25,23321,0,0,0,0,0,0,0,NaN,23322.5,23298.25,23321
1756871100,23320,23321.5,23315,23321.25,0,0,0,0,0,0,0,NaN,23321.5,23315,23321.25
1756871400,23320,23330.75,23319.5,23324.75,0,0,0,0,0,0,0,NaN,23330.75,23319.5,23324.75
1756871700,23324.25,23325.75,23320.5,23324,0,0,0,0,0,0,0,NaN,23325.75,23320.5,23324
1756872000,23324.25,23327.5,23321.75,23324.25,0,0,0,1,0,0,0,NaN,23327.5,23321.75,23324.25
1756872300,23325,23328.75,23323.5,23325.75,0,0,0,0,0,0,0,NaN,23328.75,23323.5,23325.75
1756872600,23326,23326.5,23319,23324.5,0,0,0,0,0,0,0,NaN,23326.5,23319,23324.5
1756872900,23325,23332,23323,23332,0,0,0,0,0,0,0,NaN,23332,23323,23332
1756873200,23331.25,23334,23329.25,23331.5,0,0,0,0,0,0,0,NaN,23334,23329.25,23331.5
1756873500,23332.25,23335,23328.5,23334.25,0,0,0,0,0,0,0,NaN,23335,23328.5,23334.25
1756873800,23334.25,23334.75,23330.5,23334,0,0,0,0,0,0,0,NaN,23334.75,23330.5,23334
1756874100,23333.75,23336,23330.25,23330.25,0,0,0,0,0,0,0,NaN,23336,23330.25,23330.25
1756874400,23330.25,23332,23328.25,23330.75,0,0,0,0,0,0,0,NaN,23332,23328.25,23330.75
1756874700,23330.25,23330.5,23324.5,23327.75,0,0,0,0,0,0,0,NaN,23330.5,23324.5,23327.75
1756875000,23327.75,23329.5,23325,23325.5,0,0,0,0,0,0,0,NaN,23329.5,23325,23325.5
1756875300,23325.5,23333,23324.75,23331,0,0,0,0,0,0,0,NaN,23333,23324.75,23331
1756875600,23330.75,23331.75,23324,23324.75,0,0,0,0,0,0,0,NaN,23331.75,23324,23324.75
1756875900,23324.5,23324.5,23315.25,23320.75,0,0,0,0,0,0,0,NaN,23324.5,23315.25,23320.75
1756876200,23320,23333,23320,23331.75,0,0,0,0,0,0,0,NaN,23333,23320,23331.75
1756876500,23332.25,23334.75,23329.5,23333,0,0,0,0,0,0,0,NaN,23334.75,23329.5,23333
1756876800,23333.75,23336.75,23321.75,23325.5,0,0,0,0,0,0,0,NaN,23336.75,23321.75,23325.5
1756877100,23324.5,23325,23311.5,23318.25,0,0,0,0,0,0,0,NaN,23325,23311.5,23318.25
1756877400,23319,23331.25,23319,23327.75,0,0,0,0,0,0,0,NaN,23331.25,23319,23327.75
1756877700,23329.25,23331,23325.25,23329.75,0,0,0,0,0,0,0,NaN,23331,23325.25,23329.75
1756878000,23329.5,23330,23321.75,23323.25,0,0,0,0,0,0,0,NaN,23330,23321.75,23323.25
1756878300,23323,23324.75,23308,23308.75,0,0,0,0,0,0,0,NaN,23324.75,23308,23308.75
1756878600,23308.75,23321.75,23308.5,23318.75,0,0,0,0,0,0,0,NaN,23321.75,23308.5,23318.75
1756878900,23318,23320.5,23311.75,23317,0,0,0,0,0,0,0,NaN,23320.5,23311.75,23317
1756879200,23316,23317.25,23309.5,23311,0,0,0,0,0,0,0,NaN,23317.25,23309.5,23311
1756879500,23311.25,23331,23310.25,23329,0,0,0,0,0,0,0,NaN,23331,23310.25,23329
1756879800,23329.25,23338.5,23328.5,23333.5,0,0,0,0,0,0,0,NaN,23338.5,23328.5,23333.5
1756880100,23332.75,23335.5,23327.75,23334,0,0,0,0,0,0,0,NaN,23335.5,23327.75,23334
1756880400,23333.75,23343.5,23332.25,23341.25,0,0,0,0,0,0,0,NaN,23343.5,23332.25,23341.25
1756880700,23341.5,23356.75,23340.75,23354.75,0,0,0,0,0,0,0,NaN,23356.75,23340.75,23354.75
1756881000,23354.5,23365.5,23353.75,23360.5,0,0,0,0,0,0,0,NaN,23365.5,23353.75,23360.5
1756881300,23361,23361,23349.25,23356.5,0,0,0,0,0,0,0,NaN,23361,23349.25,23356.5
1756881600,23356.5,23359.5,23353,23358.25,0,0,0,0,0,0,0,NaN,23359.5,23353,23358.25
1756881900,23359,23360.75,23350,23351,0,0,0,0,0,0,0,NaN,23360.75,23350,23351
1756882200,23351.75,23355.25,23341.25,23341.5,0,0,0,0,0,0,0,NaN,23355.25,23341.25,23341.5
1756882500,23341,23348.25,23336.75,23345.5,0,0,0,0,0,0,0,NaN,23348.25,23336.75,23345.5
1756882800,23345.75,23362,23340.75,23361,0,0,0,0,0,0,0,NaN,23362,23340.75,23361
1756883100,23360.25,23361,23344,23348.75,0,0,0,0,0,0,0,NaN,23361,23344,23348.75
1756883400,23349,23351,23340.75,23347,0,0,0,0,0,0,0,NaN,23351,23340.75,23347
1756883700,23346,23351,23324,23325.5,0,0,0,0,0,0,0,NaN,23351,23324,23325.5
1756884000,23325.25,23349.25,23320.5,23346.75,0,0,0,0,0,0,0,NaN,23349.25,23320.5,23346.75
1756884300,23347,23359.75,23340.75,23356,0,0,0,0,0,0,0,NaN,23359.75,23340.75,23356
1756884600,23355.25,23364,23344.75,23347.25,0,0,0,0,0,0,0,NaN,23364,23344.75,23347.25
1756884900,23346.75,23365,23346.5,23359.75,0,0,0,0,0,0,0,NaN,23365,23346.5,23359.75
1756885200,23359.5,23364,23353,23357.75,0,0,0,0,0,0,0,NaN,23364,23353,23357.75
1756885500,23358,23371.5,23357.75,23370,0,0,0,0,0,0,0,NaN,23371.5,23357.75,23370
1756885800,23369,23379.75,23365,23377.25,0,0,0,0,0,0,0,NaN,23379.75,23365,23377.25
1756886100,23377.25,23382.75,23373.75,23375.75,0,0,0,0,0,0,0,NaN,23382.75,23373.75,23375.75
1756886400,23376,23393.25,23370.25,23389.5,0,0,0,0,0,0,0,NaN,23393.25,23370.25,23389.5
1756886700,23388.75,23403,23384.5,23403,0,0,0,0,0,0,0,NaN,23403,23384.5,23403
1756887000,23403.25,23414.5,23396.5,23412.5,0,0,0,0,0,0,0,NaN,23414.5,23396.5,23412.5
1756887300,23412,23427.25,23410.25,23424.5,0,0,0,0,0,0,0,NaN,23427.25,23410.25,23424.5
1756887600,23425.5,23431.25,23417,23421,0,0,0,0,0,0,0,NaN,23431.25,23417,23421
1756887900,23419.25,23422,23413.5,23419.5,0,0,0,0,0,0,0,NaN,23422,23413.5,23419.5
1756888200,23419,23420.25,23407,23410,0,0,0,0,0,0,0,NaN,23420.25,23407,23410
1756888500,23410.25,23411,23398.5,23405.75,0,0,0,0,0,0,0,NaN,23411,23398.5,23405.75
1756888800,23405,23409.25,23402,23406.5,0,0,0,0,0,0,0,NaN,23409.25,23402,23406.5
1756889100,23406.25,23411,23403.5,23408.5,0,0,0,0,0,0,0,NaN,23411,23403.5,23408.5
1756889400,23408.75,23410,23403,23408.75,0,0,0,0,0,0,0,NaN,23410,23403,23408.75
1756889700,23408,23420,23407.5,23419,0,0,0,0,0,0,0,NaN,23420,23407.5,23419
1756890000,23418.75,23425.5,23411,23414.75,0,0,0,0,0,0,0,NaN,23425.5,23411,23414.75
1756890300,23415,23415,23402.25,23404,0,0,0,0,0,0,0,NaN,23415,23402.25,23404
1756890600,23403.75,23408,23400.75,23401.5,0,0,0,0,0,0,0,NaN,23408,23400.75,23401.5
1756890900,23401,23415.75,23398.5,23414,0,0,0,0,0,0,0,NaN,23415.75,23398.5,23414
1756891200,23413.75,23426,23413.75,23424.25,0,0,0,0,0,0,0,NaN,23426,23413.75,23424.25
1756891500,23424,23430,23421.75,23425.75,0,0,0,0,0,0,0,NaN,23430,23421.75,23425.75
1756891800,23426.75,23428.5,23416.75,23424.5,0,0,0,0,0,0,0,NaN,23428.5,23416.75,23424.5
1756892100,23424,23435,23422,23433.5,0,0,0,0,0,0,0,NaN,23435,23422,23433.5
1756892400,23433.75,23444.5,23433.25,23440.25,0,0,0,0,0,0,0,NaN,23444.5,23433.25,23440.25
1756892700,23440,23441.75,23432.25,23435.5,0,0,0,0,0,0,0,NaN,23441.75,23432.25,23435.5
1756893000,23435.75,23441.5,23432,23441,0,0,0,0,0,0,0,NaN,23441.5,23432,23441
1756893300,23439,23440.5,23433,23438,0,0,0,0,0,0,0,NaN,23440.5,23433,23438
1756893600,23437.5,23442.25,23433,23437.5,0,0,0,0,0,0,0,NaN,23442.25,23433,23437.5
1756893900,23437.75,23440.75,23429.75,23431.5,0,0,0,0,0,0,0,NaN,23440.75,23429.75,23431.5
1756894200,23432,23434.75,23427,23430.75,0,0,0,0,0,0,0,NaN,23434.75,23427,23430.75
1756894500,23431,23433.75,23423.25,23430.5,0,0,0,0,0,0,0,NaN,23433.75,23423.25,23430.5
1756894800,23431,23434,23428.5,23433.5,0,0,0,0,0,0,0,NaN,23434,23428.5,23433.5
1756895100,23433.5,23440.25,23431.25,23440.25,0,0,0,0,0,0,0,NaN,23440.25,23431.25,23440.25
1756895400,23440.25,23448,23436.25,23436.25,0,0,0,0,0,0,0,NaN,23448,23436.25,23436.25
1756895700,23436.25,23437.25,23428,23436,0,0,0,0,0,0,0,NaN,23437.25,23428,23436
1756896000,23436.25,23438,23430.75,23435,0,0,0,0,0,0,0,NaN,23438,23430.75,23435
1756896300,23435.25,23439.25,23432.25,23437.25,0,0,0,0,0,0,0,NaN,23439.25,23432.25,23437.25
1756896600,23437.75,23442.25,23433.25,23441.5,0,0,0,0,0,0,0,NaN,23442.25,23433.25,23441.5
1756896900,23441.25,23444,23438,23441.5,0,0,0,0,0,0,0,NaN,23444,23438,23441.5
1756897200,23441,23452.75,23437.5,23451,0,0,0,0,0,0,0,NaN,23452.75,23437.5,23451
1756897500,23451.25,23455.5,23442,23447.25,0,0,0,0,0,0,0,NaN,23455.5,23442,23447.25
1756897800,23447.25,23458.5,23446,23447.25,0,0,0,0,0,0,0,NaN,23458.5,23446,23447.25
1756898100,23447,23447.5,23436.5,23441.25,0,0,0,0,0,0,0,NaN,23447.5,23436.5,23441.25
1756898400,23440.75,23445.5,23435.75,23440.75,0,0,0,0,0,0,0,NaN,23445.5,23435.75,23440.75
1756898700,23441,23441,23423.5,23424,0,0,0,0,0,0,0,NaN,23441,23423.5,23424
1756899000,23424.25,23431.25,23408.25,23430.75,0,0,0,0,0,0,0,NaN,23431.25,23408.25,23430.75
1756899300,23431.25,23441.25,23430.5,23435,0,0,0,0,0,0,0,NaN,23441.25,23430.5,23435
1756899600,23434.5,23450,23430,23447.75,0,0,0,0,0,0,0,NaN,23450,23430,23447.75
1756899900,23446.75,23449.25,23433.5,23434.5,0,0,0,0,0,0,0,NaN,23449.25,23433.5,23434.5
1756900200,23434.25,23438.75,23430,23433.25,0,0,0,0,0,0,0,NaN,23438.75,23430,23433.25
1756900500,23432,23432,23409.5,23415.5,0,0,0,0,0,0,0,NaN,23432,23409.5,23415.5
1756900800,23416.75,23440.5,23416.75,23435,0,0,0,0,0,0,0,NaN,23440.5,23416.75,23435
1756901100,23435.75,23440.75,23430.5,23434,0,0,0,0,0,0,0,NaN,23440.75,23430.5,23434
1756901400,23434,23445.5,23431.75,23444.5,0,0,0,0,0,0,0,NaN,23445.5,23431.75,23444.5
1756901700,23444.5,23447.5,23441.75,23444.5,0,0,0,0,0,0,0,NaN,23447.5,23441.75,23444.5
1756902000,23444.75,23448,23432.25,23433.5,0,0,0,0,0,0,0,NaN,23448,23432.25,23433.5
1756902300,23433.75,23441,23430,23436.25,0,0,0,0,0,0,0,NaN,23441,23430,23436.25
1756902600,23436,23437.25,23399.75,23406.25,0,0,0,0,0,0,0,NaN,23437.25,23399.75,23406.25
1756902900,23406.75,23430,23405.75,23429.25,0,0,0,0,0,0,0,NaN,23430,23405.75,23429.25
1756903200,23428.5,23436.25,23421.25,23427.5,0,0,0,0,0,0,0,NaN,23436.25,23421.25,23427.5
1756903500,23427.75,23432.75,23422,23429,0,0,0,0,0,0,0,NaN,23432.75,23422,23429
1756903800,23429.75,23431.25,23422.5,23422.75,0,0,0,0,0,0,0,NaN,23431.25,23422.5,23422.75
1756904100,23423.5,23430.5,23420,23423,0,0,0,0,0,0,0,NaN,23430.5,23420,23423
1756904400,23422.25,23435,23414.5,23431.75,0,0,0,0,0,0,0,NaN,23435,23414.5,23431.75
1756904700,23432,23445.5,23430.75,23439,0,0,0,0,0,0,0,NaN,23445.5,23430.75,23439
1756905000,23438.5,23452,23438.5,23451,0,0,0,0,0,0,0,NaN,23452,23438.5,23451
1756905300,23450.75,23453,23440,23450.25,0,0,0,0,0,0,0,NaN,23453,23440,23450.25
1756905600,23450.25,23457,23435.75,23438.25,0,0,0,0,0,0,0,NaN,23457,23435.75,23438.25
1756905900,23438.5,23444.5,23420.5,23423.5,0,0,0,0,0,0,0,NaN,23444.5,23420.5,23423.5
1756906200,23423.5,23437.75,23379.25,23397.75,0,0,0,0,0,0,0,NaN,23437.75,23379.25,23397.75
1756906500,23398.5,23419.25,23371.75,23393.5,0,0,0,0,0,0,0,NaN,23419.25,23371.75,23393.5
1756906800,23393.5,23408,23375,23397.5,0,0,0,0,0,0,0,NaN,23408,23375,23397.5
1756907100,23397,23411.25,23370,23404,0,0,0,0,0,0,0,NaN,23411.25,23370,23404
1756907400,23404.5,23431,23396.75,23406.75,0,0,0,0,0,0,0,NaN,23431,23396.75,23406.75
1756907700,23406.75,23412.5,23374.5,23378.25,0,0,0,0,0,0,0,NaN,23412.5,23374.5,23378.25
1756908000,23384,23450,23372.5,23437,0,0,0,0,0,0,0,NaN,23450,23372.5,23437
1756908300,23436.25,23460.75,23425,23433.5,0,0,0,0,0,0,0,NaN,23460.75,23425,23433.5
1756908600,23433,23451.5,23383,23392.25,0,0,0,0,0,0,0,NaN,23451.5,23383,23392.25
1756908900,23392.5,23446,23391.5,23443,0,0,0,0,0,0,0,NaN,23446,23391.5,23443
1756909200,23442.25,23456.75,23432,23451.25,0,0,0,0,0,0,0,NaN,23456.75,23432,23451.25
1756909500,23451.25,23472.25,23430.75,23433.25,0,0,0,0,0,0,0,NaN,23472.25,23430.75,23433.25
1756909800,23433.5,23476.75,23432.25,23475.25,0,0,0,0,0,0,0,NaN,23476.75,23432.25,23475.25
1756910100,23474.75,23485.5,23470.25,23480.75,0,0,0,0,0,0,0,NaN,23485.5,23470.25,23480.75
1756910400,23480.75,23515.75,23480,23507,0,0,0,0,0,0,0,NaN,23515.75,23480,23507
1756910700,23507,23523.5,23496.25,23516.5,0,0,0,0,0,0,0,NaN,23523.5,23496.25,23516.5
1756911000,23516.5,23525.25,23498.25,23510.75,0,0,0,0,0,0,0,NaN,23525.25,23498.25,23510.75
1756911300,23510.5,23515.5,23501.25,23508.25,0,0,0,0,0,0,0,NaN,23515.5,23501.25,23508.25
1756911600,23508.75,23516.5,23498.25,23508.5,0,0,0,0,0,0,0,NaN,23516.5,23498.25,23508.5
1756911900,23508.75,23515,23490.75,23506.75,0,0,0,0,0,0,0,NaN,23515,23490.75,23506.75
1756912200,23507.25,23512.75,23489.25,23492,0,0,0,0,0,0,0,NaN,23512.75,23489.25,23492
1756912500,23491.75,23496,23475.5,23484,0,0,0,0,0,0,0,NaN,23496,23475.5,23484
1756912800,23484,23488.5,23456.25,23470.25,0,0,0,0,0,0,0,NaN,23488.5,23456.25,23470.25
1756913100,23470.25,23471,23420.75,23424.5,0,0,0,0,0,0,0,NaN,23471,23420.75,23424.5
1756913400,23424.75,23431.75,23406.25,23415.5,0,0,0,0,0,0,0,NaN,23431.75,23406.25,23415.5
1756913700,23415.5,23439,23414.75,23438.25,0,0,0,0,0,0,0,NaN,23439,23414.75,23438.25
1756914000,23438.5,23446.75,23427,23429.75,0,0,0,0,0,0,0,NaN,23446.75,23427,23429.75
1756914300,23430,23433.5,23409.25,23425.75,0,0,0,0,0,0,0,NaN,23433.5,23409.25,23425.75
1756914600,23425,23439,23413.25,23429.5,0,0,0,0,0,0,0,NaN,23439,23413.25,23429.5
1756914900,23428.75,23428.75,23400.25,23415.5,0,0,0,0,0,0,0,NaN,23428.75,23400.25,23415.5
1756915200,23415,23423.25,23401.75,23412.75,0,0,0,0,0,0,0,NaN,23423.25,23401.75,23412.75
1756915500,23412.75,23436.75,23408.5,23433,0,0,0,0,0,0,0,NaN,23436.75,23408.5,23433
1756915800,23433.25,23437.75,23419.5,23426,0,0,0,0,0,0,0,NaN,23437.75,23419.5,23426
1756916100,23425.25,23442.5,23419.75,23441.75,0,0,0,0,0,0,0,NaN,23442.5,23419.75,23441.75
1756916400,23441.75,23464,23434,23434.25,0,0,0,0,0,0,0,NaN,23464,23434,23434.25
1756916700,23434.75,23447.5,23420.75,23433.75,0,0,0,0,0,0,0,NaN,23447.5,23420.75,23433.75
1756917000,23433.75,23438.5,23424.75,23432.75,0,0,0,0,0,0,0,NaN,23438.5,23424.75,23432.75
1756917300,23432.5,23438.75,23421.25,23422,0,0,0,0,0,0,0,NaN,23438.75,23421.25,23422
1756917600,23422,23422.75,23396.25,23412,0,0,0,0,0,0,0,NaN,23422.75,23396.25,23412
1756917900,23412,23420,23398.25,23404.5,0,0,0,0,0,0,0,NaN,23420,23398.25,23404.5
1756918200,23404.75,23411.25,23391.5,23399.75,0,0,0,0,0,0,0,NaN,23411.25,23391.5,23399.75
1756918500,23400,23419.25,23400,23410.75,0,0,0,0,0,0,0,NaN,23419.25,23400,23410.75
1756918800,23411,23435,23409.75,23426.25,0,0,0,0,0,0,0,NaN,23435,23409.75,23426.25
1756919100,23426.5,23436.75,23423.75,23428.5,0,0,0,0,0,0,0,NaN,23436.75,23423.75,23428.5
1756919400,23428.75,23458.5,23428.75,23445.25,0,0,0,0,0,0,0,NaN,23458.5,23428.75,23445.25
1756919700,23445.5,23462,23445.25,23450.5,0,0,0,0,0,0,0,NaN,23462,23445.25,23450.5
1756920000,23450.25,23456,23434.75,23435.25,0,0,0,0,0,0,0,NaN,23456,23434.75,23435.25
1756920300,23435,23436,23414.25,23426,0,0,0,0,0,0,0,NaN,23436,23414.25,23426
1756920600,23426,23434.5,23408,23410,0,0,0,0,0,0,0,NaN,23434.5,23408,23410
1756920900,23410.25,23416.5,23403.5,23404.5,0,0,0,0,0,0,0,NaN,23416.5,23403.5,23404.5
1756921200,23403.75,23410.75,23374.75,23378.25,0,0,0,0,0,0,0,NaN,23410.75,23374.75,23378.25
1756921500,23378.75,23390.75,23346.75,23386.5,0,0,0,0,0,0,0,NaN,23390.75,23346.75,23386.5
1756921800,23388,23401.25,23376.25,23379.75,0,0,0,0,0,0,0,NaN,23401.25,23376.25,23379.75
1756922100,23380.25,23385.25,23354,23364.75,0,0,0,0,0,0,0,NaN,23385.25,23354,23364.75
1756922400,23365.25,23366,23338.25,23346.75,0,0,0,0,0,0,0,NaN,23366,23338.25,23346.75
1756922700,23346,23355.75,23332,23349.5,0,0,0,0,0,0,0,NaN,23355.75,23332,23349.5
1756923000,23349.25,23365,23342,23358.5,0,0,0,0,0,0,0,NaN,23365,23342,23358.5
1756923300,23358.25,23358.75,23337.25,23341.5,0,0,0,0,0,0,0,NaN,23358.75,23337.25,23341.5
1756923600,23343,23351,23330.25,23337.5,0,0,0,0,0,0,0,NaN,23351,23330.25,23337.5
1756923900,23338.25,23356.5,23333.25,23349.25,0,0,0,0,0,0,0,NaN,23356.5,23333.25,23349.25
1756924200,23348.5,23348.5,23324.75,23338.25,0,0,0,0,0,0,0,NaN,23348.5,23324.75,23338.25
1756924500,23339,23341,23318.25,23321.5,0,0,0,0,0,0,0,NaN,23341,23318.25,23321.5
1756924800,23321.75,23352,23319.75,23349.75,0,0,0,0,0,0,0,NaN,23352,23319.75,23349.75
1756925100,23349.5,23358.5,23337.25,23338.75,0,0,0,0,0,0,0,NaN,23358.5,23337.25,23338.75
1756925400,23338,23347.5,23329.25,23342.25,0,0,0,0,0,0,0,NaN,23347.5,23329.25,23342.25
1756925700,23342.25,23350,23335.25,23342.5,0,0,0,0,0,0,0,NaN,23350,23335.25,23342.5
1756926000,23342.5,23348,23330,23340,0,0,0,0,0,0,0,NaN,23348,23330,23340
1756926300,23340.75,23359.5,23340.25,23345.25,0,0,0,0,0,0,0,NaN,23359.5,23340.25,23345.25
1756926600,23345.25,23346,23333,23335.75,0,0,0,0,0,0,0,NaN,23346,23333,23335.75
1756926900,23335.75,23350.25,23332.25,23348.5,0,0,0,0,0,0,0,NaN,23350.25,23332.25,23348.5
1756927200,23348,23354.25,23340.5,23351.75,0,0,0,0,0,0,0,NaN,23354.25,23340.5,23351.75
1756927500,23351.25,23360.5,23349,23353.5,0,0,0,0,0,0,0,NaN,23360.5,23349,23353.5
1756927800,23353.75,23375.5,23352.5,23374,0,0,0,0,0,0,0,NaN,23375.5,23352.5,23374
1756928100,23373.75,23385,23370,23380.75,0,0,0,0,0,0,0,NaN,23385,23370,23380.75
1756928400,23381,23399.75,23378.5,23396.75,0,0,0,0,0,0,0,NaN,23399.75,23378.5,23396.75
1756928700,23396.5,23411.25,23391,23407.25,0,0,0,0,0,0,0,NaN,23411.25,23391,23407.25
1756929000,23407.5,23434,23406.75,23427.5,0,0,0,0,0,0,0,NaN,23434,23406.75,23427.5
1756929300,23427.25,23455,23417.25,23452.25,0,0,0,0,0,0,0,NaN,23455,23417.25,23452.25
1756929600,23452.25,23469.25,23451.75,23458.75,0,0,0,0,0,0,0,NaN,23469.25,23451.75,23458.75
1756929900,23458.75,23464,23451.25,23457.75,0,0,0,0,0,0,0,NaN,23464,23451.25,23457.75
1756930200,23458.25,23459.25,23451.5,23454.75,0,0,0,0,0,0,0,NaN,23459.25,23451.5,23454.75
1756930500,23454.25,23454.75,23447.5,23453.5,0,0,0,0,0,0,0,NaN,23454.75,23447.5,23453.5
1756930800,23453.75,23460.5,23452.25,23460,0,0,0,0,0,0,0,NaN,23460.5,23452.25,23460
1756931100,23460.5,23467,23460.5,23465.25,0,0,0,0,0,0,0,NaN,23467,23460.5,23465.25
1756931400,23465,23471.75,23464.25,23466.75,0,0,0,0,0,0,0,NaN,23471.75,23464.25,23466.75
1756931700,23467,23467.5,23460,23460.75,0,0,0,0,0,0,0,NaN,23467.5,23460,23460.75
1756932000,23460.5,23462.5,23458,23460.5,0,0,0,0,0,0,0,NaN,23462.5,23458,23460.5
1756932300,23460,23461.75,23457.25,23457.75,0,0,0,0,0,0,0,NaN,23461.75,23457.25,23457.75
1756932600,23457.5,23460,23451.5,23452.5,0,0,0,0,0,0,0,NaN,23460,23451.5,23452.5
1756932900,23452.5,23456.75,23451.25,23455.75,0,0,0,0,0,0,0,NaN,23456.75,23451.25,23455.75
1756936800,23456.75,23458.25,23439,23444.5,0,0,0,0,0,0,0,NaN,23458.25,23439,23444.5
1756937100,23444,23450.5,23440.5,23449,0,0,0,0,0,0,0,NaN,23450.5,23440.5,23449
1756937400,23449.5,23454.75,23447.25,23449.75,0,0,0,0,0,0,0,NaN,23454.75,23447.25,23449.75
1756937700,23450,23454.5,23445.25,23448.5,0,0,0,0,0,0,0,NaN,23454.5,23445.25,23448.5
1756938000,23449,23452.75,23439.75,23440.25,0,0,0,0,0,0,0,NaN,23452.75,23439.75,23440.25
1756938300,23440.5,23442.25,23438.5,23439.25,0,0,0,0,0,0,0,NaN,23442.25,23438.5,23439.25
1756938600,23439.5,23444,23438.75,23440.25,0,0,0,0,0,0,0,NaN,23444,23438.75,23440.25
1756938900,23439.75,23442,23438,23439.25,0,0,0,0,0,0,0,NaN,23442,23438,23439.25
1756939200,23439,23440,23436.25,23436.25,0,0,0,0,0,0,0,NaN,23440,23436.25,23436.25
1756939500,23436.5,23437.5,23434.25,23436.75,0,0,0,0,0,0,0,NaN,23437.5,23434.25,23436.75
1756939800,23436.75,23439,23436.25,23439,0,0,0,0,0,0,0,NaN,23439,23436.25,23439
1756940100,23438.25,23441.25,23434.5,23434.75,0,0,0,0,0,0,0,NaN,23441.25,23434.5,23434.75
1756940400,23435,23445.5,23434.5,23442,0,0,0,0,0,0,0,NaN,23445.5,23434.5,23442
1756940700,23442.75,23447.75,23441.75,23444.25,0,0,0,0,0,0,0,NaN,23447.75,23441.75,23444.25
1756941000,23445,23453.5,23445,23452.5,0,0,0,0,0,0,0,NaN,23453.5,23445,23452.5
1756941300,23453,23457.25,23447.5,23449.25,0,0,0,0,0,0,0,NaN,23457.25,23447.5,23449.25
1756941600,23449,23453,23445.25,23449.25,0,0,0,0,0,0,0,NaN,23453,23445.25,23449.25
1756941900,23449.25,23451.5,23446.5,23446.5,0,0,0,0,0,0,0,NaN,23451.5,23446.5,23446.5
1756942200,23446.5,23448.75,23438.75,23438.75,0,0,0,0,0,0,0,NaN,23448.75,23438.75,23438.75
1756942500,23438.75,23441.25,23436.25,23441.25,0,0,0,0,0,0,0,NaN,23441.25,23436.25,23441.25
1756942800,23441,23442.5,23434.75,23435,0,0,0,0,0,0,0,NaN,23442.5,23434.75,23435
1756943100,23435,23436.5,23431.75,23434.75,0,0,0,0,0,0,0,NaN,23436.5,23431.75,23434.75
1756943400,23434.5,23442,23434.25,23437.25,0,0,0,0,0,0,0,NaN,23442,23434.25,23437.25
1756943700,23436.75,23439,23436,23438.5,0,0,0,0,0,0,0,NaN,23439,23436,23438.5
1756944000,23437.5,23468.25,23431.25,23468,0,0,0,0,0,0,0,NaN,23468.25,23431.25,23468
1756944300,23467.75,23479.5,23464.25,23465.5,0,0,0,0,0,0,0,NaN,23479.5,23464.25,23465.5
1756944600,23466.75,23476.5,23461.25,23475.25,0,0,0,0,0,0,0,NaN,23476.5,23461.25,23475.25
1756944900,23473.75,23499.75,23469.75,23498.25,0,0,0,0,0,0,0,NaN,23499.75,23469.75,23498.25
1756945200,23498.25,23515,23495.25,23496.25,0,0,0,0,0,0,0,NaN,23515,23495.25,23496.25
1756945500,23496.25,23505.25,23489.25,23497.5,0,0,0,0,0,0,0,NaN,23505.25,23489.25,23497.5
1756945800,23496.75,23506.5,23494.75,23506.5,0,0,0,0,0,0,0,NaN,23506.5,23494.75,23506.5
1756946100,23506.75,23512.5,23504,23506.5,0,0,0,0,0,0,0,NaN,23512.5,23504,23506.5
1756946400,23507.5,23512.5,23502,23504.75,0,0,0,0,0,0,0,NaN,23512.5,23502,23504.75
1756946700,23504.75,23505.25,23494.5,23500.25,0,0,0,0,0,0,0,NaN,23505.25,23494.5,23500.25
1756947000,23500.5,23507.5,23500,23506.75,0,0,0,0,0,0,0,NaN,23507.5,23500,23506.75
1756947300,23506.5,23507.5,23497.75,23502.5,0,0,0,0,0,0,0,NaN,23507.5,23497.75,23502.5
1756947600,23503.75,23509.75,23496.75,23506.25,0,0,0,0,0,0,0,NaN,23509.75,23496.75,23506.25
1756947900,23506.75,23508.5,23497,23506.25,0,0,0,0,0,0,0,NaN,23508.5,23497,23506.25
1756948200,23505.5,23509.25,23497.75,23498,0,0,0,0,0,0,0,NaN,23509.25,23497.75,23498
1756948500,23497.25,23504.75,23494.75,23503.75,0,0,0,0,0,0,0,NaN,23504.75,23494.75,23503.75
1756948800,23503,23505.5,23492,23493.75,0,0,0,0,0,0,0,NaN,23505.5,23492,23493.75
1756949100,23493,23498.25,23490,23493.5,0,0,0,0,0,0,0,NaN,23498.25,23490,23493.5
1756949400,23493,23500,23492,23493.5,0,0,0,0,0,0,0,NaN,23500,23492,23493.5
1756949700,23493.75,23498.75,23485.5,23489.25,0,0,0,0,0,0,0,NaN,23498.75,23485.5,23489.25
1756950000,23489.5,23499,23488.75,23498.25,0,0,0,0,0,0,0,NaN,23499,23488.75,23498.25
1756950300,23498.75,23501.25,23487.5,23489.5,0,0,0,0,0,0,0,NaN,23501.25,23487.5,23489.5
1756950600,23490,23494.25,23488.5,23490,0,0,0,0,0,0,0,NaN,23494.25,23488.5,23490
1756950900,23488.75,23499.25,23484.75,23498.25,0,0,0,0,0,0,0,NaN,23499.25,23484.75,23498.25
1756951200,23497.75,23516.25,23497.75,23514,0,0,0,0,0,0,0,NaN,23516.25,23497.75,23514
1756951500,23513.75,23532,23509.75,23525,0,0,0,0,0,0,0,NaN,23532,23509.75,23525
1756951800,23524,23525,23516.25,23523.5,0,0,0,0,0,0,0,NaN,23525,23516.25,23523.5
1756952100,23522.5,23523.5,23516.5,23519.25,0,0,0,0,0,0,0,NaN,23523.5,23516.5,23519.25
1756952400,23519,23519,23513,23513.5,0,0,0,0,0,0,0,NaN,23519,23513,23513.5
1756952700,23514,23514,23498.25,23498.25,0,0,0,0,0,0,0,NaN,23514,23498.25,23498.25
1756953000,23498,23501.5,23490.25,23501.5,0,0,0,0,0,0,0,NaN,23501.5,23490.25,23501.5
1756953300,23501.25,23507.75,23497.5,23503,0,0,0,0,0,0,0,NaN,23507.75,23497.5,23503
1756953600,23502.5,23503,23497.5,23499.75,0,0,0,0,0,0,0,NaN,23503,23497.5,23499.75
1756953900,23500.25,23503.5,23496.75,23502,0,0,0,0,0,0,0,NaN,23503.5,23496.75,23502
1756954200,23501.25,23501.25,23488,23489.75,0,0,0,0,0,0,0,NaN,23501.25,23488,23489.75
1756954500,23490.25,23494.5,23475.5,23480.25,0,0,0,0,0,0,0,NaN,23494.5,23475.5,23480.25
1756954800,23480.25,23482.25,23474,23475,0,0,0,0,0,0,0,NaN,23482.25,23474,23475
1756955100,23474.75,23475.75,23469.25,23473.5,0,0,0,0,0,0,0,NaN,23475.75,23469.25,23473.5
1756955400,23474.25,23479.25,23474,23478,0,0,0,0,0,0,0,NaN,23479.25,23474,23478
1756955700,23478.5,23480.5,23476,23479,0,0,0,0,0,0,0,NaN,23480.5,23476,23479
1756956000,23479,23484,23474.75,23475.75,0,0,0,0,0,0,0,NaN,23484,23474.75,23475.75
1756956300,23476.25,23478.75,23467.25,23470.75,0,0,0,0,0,0,0,NaN,23478.75,23467.25,23470.75
1756956600,23469.25,23472,23460.5,23460.75,0,0,0,0,0,0,0,NaN,23472,23460.5,23460.75
1756956900,23460.25,23464.25,23459,23462.75,0,0,0,0,0,0,0,NaN,23464.25,23459,23462.75
1756957200,23462.75,23466.5,23459,23466.25,0,0,0,0,0,0,0,NaN,23466.5,23459,23466.25
1756957500,23466.5,23469.75,23465,23468.75,0,0,0,0,0,0,0,NaN,23469.75,23465,23468.75
1756957800,23469.5,23471,23464,23465.75,0,0,0,0,0,0,0,NaN,23471,23464,23465.75
1756958100,23465.75,23470.5,23463,23469,0,0,0,0,0,0,0,NaN,23470.5,23463,23469
1756958400,23469.25,23480,23469.25,23478.75,0,0,0,0,1,0,0,NaN,23480,23469.25,23478.75
1756958700,23478.5,23482,23475.25,23478.75,0,0,0,0,0,0,0,NaN,23482,23475.25,23478.75
1756959000,23479,23492.5,23479,23487.5,0,0,0,0,0,0,0,NaN,23492.5,23479,23487.5
1756959300,23487.5,23493,23486.75,23491.25,0,0,0,0,0,0,0,NaN,23493,23486.75,23491.25
1756959600,23490.75,23494.5,23487.25,23490.25,0,0,0,0,0,0,0,NaN,23494.5,23487.25,23490.25
1756959900,23491.25,23495,23490.25,23492,0,0,0,0,0,0,0,NaN,23495,23490.25,23492
1756960200,23492.25,23493,23488.75,23490.75,0,0,0,0,0,0,0,NaN,23493,23488.75,23490.75
1756960500,23491,23492,23487,23490.25,0,0,0,0,0,0,0,NaN,23492,23487,23490.25
1756960800,23491.25,23491.25,23483.75,23484,0,0,0,0,0,0,0,NaN,23491.25,23483.75,23484
1756961100,23484,23492.5,23483.75,23488.25,0,0,0,0,0,0,0,NaN,23492.5,23483.75,23488.25
1756961400,23489,23492,23488.5,23490.75,0,0,0,0,0,0,0,NaN,23492,23488.5,23490.75
1756961700,23490.25,23492.5,23488.5,23491,0,0,0,0,0,0,0,NaN,23492.5,23488.5,23491
1756962000,23491,23492.75,23487.25,23487.25,0,0,0,0,0,0,0,NaN,23492.75,23487.25,23487.25
1756962300,23487,23492.25,23484,23491.25,0,0,0,0,0,0,0,NaN,23492.25,23484,23491.25
1756962600,23490.75,23493.5,23489.25,23490.75,0,0,0,0,0,0,0,NaN,23493.5,23489.25,23490.75
1756962900,23490.75,23501.5,23488.75,23499.25,0,0,0,0,0,0,0,NaN,23501.5,23488.75,23499.25
1756963200,23499.25,23502.75,23467,23467,0,0,0,0,0,0,0,NaN,23502.75,23467,23467
1756963500,23467,23474.5,23465,23470.75,0,0,0,0,0,0,0,NaN,23474.5,23465,23470.75
1756963800,23472,23479.5,23470.5,23474,0,0,0,0,0,0,0,NaN,23479.5,23470.5,23474
1756964100,23474.25,23480.5,23469.5,23471.75,0,0,0,0,0,0,0,NaN,23480.5,23469.5,23471.75
1756964400,23471.25,23475.75,23468.25,23468.5,0,0,0,0,0,0,0,NaN,23475.75,23468.25,23468.5
1756964700,23469.25,23470,23465.25,23468,0,0,0,0,0,0,0,NaN,23470,23465.25,23468
1756965000,23467.75,23471,23459.75,23471,0,0,0,0,0,0,0,NaN,23471,23459.75,23471
1756965300,23470.5,23471.75,23463.5,23469,0,0,0,0,0,0,0,NaN,23471.75,23463.5,23469
1756965600,23467.75,23476.75,23467,23471.25,0,0,0,0,0,0,0,NaN,23476.75,23467,23471.25
1756965900,23470.75,23481.25,23469.75,23481.25,0,0,0,0,0,0,0,NaN,23481.25,23469.75,23481.25
1756966200,23481.25,23481.75,23470.25,23471,0,0,0,0,0,0,0,NaN,23481.75,23470.25,23471
1756966500,23470.5,23470.75,23460.5,23470.5,0,0,0,0,0,0,0,NaN,23470.75,23460.5,23470.5
1756966800,23470.5,23473.75,23463.25,23468.5,0,0,0,0,0,0,0,NaN,23473.75,23463.25,23468.5
1756967100,23467.75,23470,23461.5,23465.75,0,0,0,0,0,0,0,NaN,23470,23461.5,23465.75
1756967400,23466.25,23472.75,23461.75,23471.75,0,0,0,0,0,0,0,NaN,23472.75,23461.75,23471.75
1756967700,23471.25,23482.25,23469,23469.5,0,0,0,0,0,0,0,NaN,23482.25,23469,23469.5
1756968000,23468.75,23473.75,23467,23473,0,0,0,0,0,0,0,NaN,23473.75,23467,23473
1756968300,23473,23479,23470.75,23478.75,0,0,0,0,0,0,0,NaN,23479,23470.75,23478.75
1756968600,23479,23479.5,23467,23469,0,0,0,0,0,0,0,NaN,23479.5,23467,23469
1756968900,23468.75,23468.75,23452.75,23454.75,0,0,0,0,0,0,0,NaN,23468.75,23452.75,23454.75
1756969200,23454.5,23483.25,23451,23476.75,0,0,0,0,0,0,0,NaN,23483.25,23451,23476.75
1756969500,23476,23486.5,23471.25,23484.25,0,0,0,0,0,0,0,NaN,23486.5,23471.25,23484.25
1756969800,23483.5,23488.25,23481.5,23486.75,0,0,0,0,0,0,0,NaN,23488.25,23481.5,23486.75
1756970100,23486.25,23497.5,23482.25,23495.5,0,0,0,0,0,0,0,NaN,23497.5,23482.25,23495.5
1756970400,23495,23495,23478.75,23480,0,0,0,0,0,0,0,NaN,23495,23478.75,23480
1756970700,23480.75,23483.25,23477,23479.25,0,0,0,0,0,0,0,NaN,23483.25,23477,23479.25
1756971000,23479.5,23489.75,23474,23489,0,0,0,0,0,0,0,NaN,23489.75,23474,23489
1756971300,23489.25,23505.5,23486,23486.75,0,0,0,0,0,0,0,NaN,23505.5,23486,23486.75
1756971600,23486.5,23489.5,23483.25,23488.75,0,0,0,0,0,0,0,NaN,23489.5,23483.25,23488.75
1756971900,23487.75,23488.5,23481.5,23482.5,0,0,0,0,0,0,0,NaN,23488.5,23481.5,23482.5
1756972200,23482,23488.25,23479.5,23483.75,0,0,0,0,0,0,0,NaN,23488.25,23479.5,23483.75
1756972500,23483.75,23488.75,23483.75,23488.75,0,0,0,0,0,0,0,NaN,23488.75,23483.75,23488.75
1756972800,23488.25,23492.5,23482,23490,0,0,0,0,0,0,0,NaN,23492.5,23482,23490
1756973100,23490.25,23500.75,23476.75,23499.5,0,0,0,0,0,0,0,NaN,23500.75,23476.75,23499.5
1756973400,23499.75,23500,23482.75,23489.75,0,0,0,0,0,0,0,NaN,23500,23482.75,23489.75
1756973700,23490.75,23497,23489.25,23494.5,0,0,0,0,0,0,0,NaN,23497,23489.25,23494.5
1756974000,23494.75,23503.75,23491.25,23499.75,0,0,0,0,0,0,0,NaN,23503.75,23491.25,23499.75
1756974300,23499,23507,23498.25,23507,0,0,0,0,0,0,0,NaN,23507,23498.25,23507
1756974600,23507,23509.75,23493.25,23495.25,0,0,0,0,0,0,0,NaN,23509.75,23493.25,23495.25
1756974900,23495.75,23503.5,23495.25,23502.75,0,0,0,0,0,0,0,NaN,23503.5,23495.25,23502.75
1756975200,23502.25,23504.25,23498,23502.75,0,0,0,0,0,0,0,NaN,23504.25,23498,23502.75
1756975500,23503.75,23503.75,23494,23497.25,0,0,0,0,0,0,0,NaN,23503.75,23494,23497.25
1756975800,23497,23502.25,23496.75,23499.5,0,0,0,0,0,0,0,NaN,23502.25,23496.75,23499.5
1756976100,23500.25,23501,23493.5,23496.75,0,0,0,0,0,0,0,NaN,23501,23493.5,23496.75
1756976400,23497.75,23503.25,23496.5,23500.5,0,0,0,0,0,0,0,NaN,23503.25,23496.5,23500.5
1756976700,23500,23503,23498.75,23503,0,0,0,0,0,0,0,NaN,23503,23498.75,23503
1756977000,23502.75,23507,23499,23500,0,0,0,0,0,0,0,NaN,23507,23499,23500
1756977300,23500.5,23501.25,23492.75,23493.25,0,0,0,0,0,0,0,NaN,23501.25,23492.75,23493.25
1756977600,23492.5,23497,23491.5,23496,0,0,0,0,0,0,0,NaN,23497,23491.5,23496
1756977900,23496.75,23499.75,23495,23499,0,0,0,0,0,0,0,NaN,23499.75,23495,23499
1756978200,23499.25,23507.5,23498.5,23505.25,0,0,0,0,0,0,0,NaN,23507.5,23498.5,23505.25
1756978500,23506,23510.25,23503.25,23507.25,0,0,0,0,0,0,0,NaN,23510.25,23503.25,23507.25
1756978800,23507.5,23510,23505,23506,0,0,0,0,0,0,0,NaN,23510,23505,23506
1756979100,23505.25,23510.5,23504.5,23509.75,0,0,0,0,0,0,0,NaN,23510.5,23504.5,23509.75
1756979400,23509,23509,23499.75,23505.25,0,0,0,0,0,0,0,NaN,23509,23499.75,23505.25
1756979700,23503.75,23518,23503.75,23515.5,0,0,0,0,0,0,0,NaN,23518,23503.75,23515.5
1756980000,23516.25,23526.5,23514.75,23523.5,0,0,0,0,0,0,0,NaN,23526.5,23514.75,23523.5
1756980300,23523.5,23528.75,23520.25,23525.5,0,0,0,0,0,0,0,NaN,23528.75,23520.25,23525.5
1756980600,23525,23535,23518,23531.5,0,0,0,0,0,0,0,NaN,23535,23518,23531.5
1756980900,23532,23534,23520,23521.25,0,0,0,0,0,0,0,NaN,23534,23520,23521.25
1756981200,23521.75,23522.75,23512.25,23512.25,0,0,0,0,0,0,0,NaN,23522.75,23512.25,23512.25
1756981500,23512.25,23513,23503,23504.75,0,0,0,0,0,0,0,NaN,23513,23503,23504.75
1756981800,23504.25,23515.5,23503.25,23509.75,0,0,0,0,0,0,0,NaN,23515.5,23503.25,23509.75
1756982100,23511,23516,23510.75,23514,0,0,0,0,0,0,0,NaN,23516,23510.75,23514
1756982400,23514,23520.5,23512.75,23514.25,0,0,0,0,0,0,0,NaN,23520.5,23512.75,23514.25
1756982700,23514,23516.5,23510.5,23511.5,0,0,0,0,0,0,0,NaN,23516.5,23510.5,23511.5
1756983000,23512.75,23515,23510.75,23511.75,0,0,0,0,0,0,0,NaN,23515,23510.75,23511.75
1756983300,23512.25,23514,23508.25,23509,0,0,0,0,0,0,0,NaN,23514,23508.25,23509
1756983600,23509,23520.5,23504.25,23518.5,0,0,0,0,0,0,0,NaN,23520.5,23504.25,23518.5
1756983900,23518,23520.75,23513.25,23515.25,0,0,0,0,0,0,0,NaN,23520.75,23513.25,23515.25
1756984200,23514.75,23518.75,23509,23518.75,0,0,0,0,0,0,0,NaN,23518.75,23509,23518.75
1756984500,23519.25,23519.75,23509.5,23510.75,0,0,0,0,0,0,0,NaN,23519.75,23509.5,23510.75
1756984800,23511.5,23511.75,23497.25,23502.5,0,0,0,0,0,0,0,NaN,23511.75,23497.25,23502.5
1756985100,23502.5,23507.5,23493.75,23499,0,0,0,0,0,0,0,NaN,23507.5,23493.75,23499
1756985400,23499,23505.5,23496.75,23505.25,0,0,0,0,0,0,0,NaN,23505.5,23496.75,23505.25
1756985700,23504.5,23505,23498,23500.25,0,0,0,0,0,0,0,NaN,23505,23498,23500.25
1756986000,23500.25,23509.25,23498.75,23507.5,0,0,0,0,0,0,0,NaN,23509.25,23498.75,23507.5
1756986300,23507.75,23508,23491,23495,0,0,0,0,0,0,0,NaN,23508,23491,23495
1756986600,23494.75,23496.5,23480,23487.75,0,0,0,0,0,0,0,NaN,23496.5,23480,23487.75
1756986900,23487.75,23498.75,23486.75,23497.5,0,0,0,0,0,0,0,NaN,23498.75,23486.75,23497.5
1756987200,23496.5,23508.75,23496,23506.5,0,0,0,0,0,0,0,NaN,23508.75,23496,23506.5
1756987500,23506,23514,23502,23511,0,0,0,0,0,0,0,NaN,23514,23502,23511
1756987800,23511.25,23520.25,23509.25,23513.75,0,0,0,0,0,0,0,NaN,23520.25,23509.25,23513.75
1756988100,23513.5,23522.75,23489.25,23489.5,0,0,0,0,0,0,0,NaN,23522.75,23489.25,23489.5
1756988400,23489,23492.25,23482,23489.5,0,0,0,0,0,0,0,NaN,23492.25,23482,23489.5
1756988700,23489.5,23495.5,23483.25,23495,0,0,0,0,0,0,0,NaN,23495.5,23483.25,23495
1756989000,23494.75,23507,23477.5,23478.25,0,0,0,0,0,0,0,NaN,23507,23477.5,23478.25
1756989300,23478.5,23487,23474,23484.25,0,0,0,0,0,0,0,NaN,23487,23474,23484.25
1756989600,23484,23488,23472,23477.5,0,0,0,0,0,0,0,NaN,23488,23472,23477.5
1756989900,23477.25,23486.5,23469.5,23483.5,0,0,0,0,0,0,0,NaN,23486.5,23469.5,23483.5
1756990200,23484,23488.75,23477.75,23480.5,0,0,0,0,0,0,0,NaN,23488.75,23477.75,23480.5
1756990500,23480,23489.5,23478.5,23485,0,0,0,0,0,0,0,NaN,23489.5,23478.5,23485
1756990800,23484.75,23486,23471.75,23475,0,0,0,0,0,0,0,NaN,23486,23471.75,23475
1756991100,23474.75,23476.25,23463.5,23472,0,0,0,0,0,0,0,NaN,23476.25,23463.5,23472
1756991400,23472.25,23474.5,23462.5,23466.75,0,0,0,0,0,0,0,NaN,23474.5,23462.5,23466.75
1756991700,23466.75,23473,23462.5,23472.5,0,0,0,0,0,0,0,NaN,23473,23462.5,23472.5
1756992000,23472,23473.75,23465.25,23465.25,0,0,0,0,0,0,0,NaN,23473.75,23465.25,23465.25
1756992300,23465.25,23486.5,23460.25,23479.75,0,0,0,0,0,0,0,NaN,23486.5,23460.25,23479.75
1756992600,23480.5,23538,23457.25,23535,0,0,0,0,0,0,0,NaN,23538,23457.25,23535
1756992900,23535.25,23548.25,23481,23491.75,0,0,0,0,0,0,0,NaN,23548.25,23481,23491.75
1756993200,23491.25,23504,23462,23486,0,0,0,0,0,0,0,NaN,23504,23462,23486
1756993500,23487.25,23512.5,23460,23484.75,0,0,0,0,0,0,0,NaN,23512.5,23460,23484.75
1756993800,23484.75,23503,23465.5,23474.25,0,0,0,0,0,0,0,NaN,23503,23465.5,23474.25
1756994100,23475,23491.75,23459,23474,0,0,0,0,0,0,0,NaN,23491.75,23459,23474
1756994400,23477.5,23490.75,23426.25,23432.75,0,0,0,0,0,0,0,NaN,23490.75,23426.25,23432.75
1756994700,23432.5,23454.25,23421,23440.5,0,0,0,0,0,0,0,NaN,23454.25,23421,23440.5
1756995000,23441,23470.75,23432.25,23437,0,0,0,0,0,0,0,NaN,23470.75,23432.25,23437
1756995300,23436.5,23448,23410,23443.75,0,0,0,0,0,0,0,NaN,23448,23410,23443.75
1756995600,23443.5,23479.5,23440.25,23477.5,0,0,0,0,0,0,0,NaN,23479.5,23440.25,23477.5
1756995900,23477,23494.5,23462.5,23481.25,0,0,0,0,0,0,0,NaN,23494.5,23462.5,23481.25
1756996200,23481,23509,23479.5,23498.5,0,0,0,0,0,0,0,NaN,23509,23479.5,23498.5
1756996500,23498.5,23530.25,23497.5,23519.5,0,0,0,0,0,0,0,NaN,23530.25,23497.5,23519.5
1756996800,23520,23524.5,23494.5,23500.75,0,0,0,0,0,0,0,NaN,23524.5,23494.5,23500.75
1756997100,23500.25,23521,23493,23519.5,0,0,0,0,0,0,0,NaN,23521,23493,23519.5
1756997400,23519.25,23525.75,23500.75,23516.75,0,0,0,0,0,0,0,NaN,23525.75,23500.75,23516.75
1756997700,23517.5,23522.5,23499.25,23521.75,0,0,0,0,0,0,0,NaN,23522.5,23499.25,23521.75
1756998000,23522,23534,23520,23525.25,0,0,0,0,0,0,0,NaN,23534,23520,23525.25
1756998300,23525.25,23540.5,23517.5,23530.25,0,0,0,0,0,0,0,NaN,23540.5,23517.5,23530.25
1756998600,23529.5,23533.25,23492.25,23505.75,0,0,0,0,0,0,0,NaN,23533.25,23492.25,23505.75
1756998900,23505.75,23537.75,23504.75,23537,0,0,0,0,0,0,0,NaN,23537.75,23504.75,23537
1756999200,23536.25,23548.75,23531,23536.25,0,0,0,0,0,0,0,NaN,23548.75,23531,23536.25
1756999500,23536.75,23556,23534.5,23546,0,0,0,0,0,0,0,NaN,23556,23534.5,23546
1756999800,23547,23549,23527,23535.5,0,0,0,0,0,0,0,NaN,23549,23527,23535.5
1757000100,23535.5,23536.5,23517.25,23528.75,0,0,0,0,0,0,0,NaN,23536.5,23517.25,23528.75
1757000400,23529,23543,23519.25,23531.5,0,0,0,0,0,0,0,NaN,23543,23519.25,23531.5
1757000700,23531.75,23543.75,23523.75,23541,0,0,0,0,0,0,0,NaN,23543.75,23523.75,23541
1757001000,23541.25,23552.25,23531.25,23551.5,0,0,0,0,0,0,0,NaN,23552.25,23531.25,23551.5
1757001300,23551,23554.5,23537.75,23538.5,0,0,0,0,0,0,0,NaN,23554.5,23537.75,23538.5
1757001600,23538.25,23541,23526.75,23537.5,0,0,0,0,0,0,0,NaN,23541,23526.75,23537.5
1757001900,23538,23552.5,23532,23551.5,0,0,0,0,0,0,0,NaN,23552.5,23532,23551.5
1757002200,23551.5,23553,23544,23547.75,0,0,0,0,0,0,0,NaN,23553,23544,23547.75
1757002500,23548.25,23549.5,23536.5,23542.75,0,0,0,0,0,0,0,NaN,23549.5,23536.5,23542.75
1757002800,23542.75,23549,23528.75,23529.75,0,0,0,0,0,0,0,NaN,23549,23528.75,23529.75
1757003100,23530.5,23534,23512.5,23519.75,0,0,0,0,0,0,0,NaN,23534,23512.5,23519.75
1757003400,23519.75,23533.5,23515.25,23530,0,0,0,0,0,0,0,NaN,23533.5,23515.25,23530
1757003700,23529.75,23542.75,23528.25,23536.5,0,0,0,0,0,0,0,NaN,23542.75,23528.25,23536.5
1757004000,23536.5,23536.75,23527,23532.75,0,0,0,0,0,0,0,NaN,23536.75,23527,23532.75
1757004300,23533,23564,23532.5,23558.25,0,0,0,0,0,0,0,NaN,23564,23532.5,23558.25
1757004600,23558.5,23565.25,23552.25,23560.75,0,0,0,0,0,0,0,NaN,23565.25,23552.25,23560.75
1757004900,23561,23564.5,23536.75,23538.25,0,0,0,0,0,0,0,NaN,23564.5,23536.75,23538.25
1757005200,23538.5,23568.75,23536.5,23567.75,0,0,0,0,0,0,0,NaN,23568.75,23536.5,23567.75
1757005500,23567.75,23577.5,23566,23569,0,0,0,0,0,0,0,NaN,23577.5,23566,23569
1757005800,23568.75,23571,23550,23552,0,0,0,0,0,0,0,NaN,23571,23550,23552
1757006100,23551.75,23566.25,23551.25,23565.75,0,0,0,0,0,0,0,NaN,23566.25,23551.25,23565.75
1757006400,23565.25,23578,23564,23573.75,0,0,0,0,0,0,0,NaN,23578,23564,23573.75
1757006700,23574.25,23580,23570.5,23575.25,0,0,0,0,0,0,0,NaN,23580,23570.5,23575.25
1757007000,23575.25,23578.25,23566.5,23568.75,0,0,0,0,0,0,0,NaN,23578.25,23566.5,23568.75
1757007300,23568.75,23578.25,23566,23568.25,0,0,0,0,0,0,0,NaN,23578.25,23566,23568.25
1757007600,23568,23579.5,23566.25,23573.5,0,0,0,0,0,0,0,NaN,23579.5,23566.25,23573.5
1757007900,23573.75,23583,23569,23580.25,0,0,0,0,0,0,0,NaN,23583,23569,23580.25
1757008200,23580.75,23608.25,23579.75,23599.25,0,0,0,0,0,0,0,NaN,23608.25,23579.75,23599.25
1757008500,23598.75,23599.25,23579,23583.75,0,0,0,0,0,0,0,NaN,23599.25,23579,23583.75
1757008800,23583.25,23597.25,23582.5,23594.25,0,0,0,0,0,0,0,NaN,23597.25,23582.5,23594.25
1757009100,23594.25,23595,23586.5,23591.5,0,0,0,0,0,0,0,NaN,23595,23586.5,23591.5
1757009400,23591.25,23597.5,23591,23596.5,0,0,0,0,0,0,0,NaN,23597.5,23591,23596.5
1757009700,23596.75,23607,23595.75,23600.25,0,0,0,0,0,0,0,NaN,23607,23595.75,23600.25
1757010000,23600.5,23603.5,23594.25,23603,0,0,0,0,0,0,0,NaN,23603.5,23594.25,23603
1757010300,23602.75,23604.5,23594.75,23597.25,0,0,0,0,0,0,0,NaN,23604.5,23594.75,23597.25
1757010600,23597.75,23613.75,23594,23613.75,0,0,0,0,0,0,0,NaN,23613.75,23594,23613.75
1757010900,23613.75,23619.25,23610.5,23613.25,0,0,0,0,0,0,0,NaN,23619.25,23610.5,23613.25
1757011200,23613.25,23619.75,23605.75,23606.25,0,0,0,0,0,0,0,NaN,23619.75,23605.75,23606.25
1757011500,23606.5,23619,23605,23618.75,0,0,0,0,0,0,0,NaN,23619,23605,23618.75
1757011800,23618.75,23624,23615.75,23617,0,0,0,0,0,0,0,NaN,23624,23615.75,23617
1757012100,23617.5,23625,23616,23620.25,0,0,0,0,0,0,0,NaN,23625,23616,23620.25
1757012400,23620,23626,23616.75,23621.75,0,0,0,0,0,0,0,NaN,23626,23616.75,23621.75
1757012700,23622,23624.5,23616.5,23619,0,0,0,0,0,0,0,NaN,23624.5,23616.5,23619
1757013000,23619,23637.5,23616.5,23636,0,0,0,0,0,0,0,NaN,23637.5,23616.5,23636
1757013300,23636,23639,23630.75,23635.5,0,0,0,0,0,0,0,NaN,23639,23630.75,23635.5
1757013600,23635.5,23643.25,23635,23636.5,0,0,0,0,0,0,0,NaN,23643.25,23635,23636.5
1757013900,23636.25,23638.25,23627.75,23629.25,0,0,0,0,0,0,0,NaN,23638.25,23627.75,23629.25
1757014200,23628.75,23632.75,23625,23626.25,0,0,0,0,0,0,0,NaN,23632.75,23625,23626.25
1757014500,23626.25,23636.25,23621.75,23635.5,0,0,0,0,0,0,0,NaN,23636.25,23621.75,23635.5
1757014800,23635.75,23643,23631.75,23639,0,0,0,0,0,0,0,NaN,23643,23631.75,23639
1757015100,23639,23639,23626,23627.25,0,0,0,0,0,0,0,NaN,23639,23626,23627.25
1757015400,23627.25,23659.75,23624,23655.75,0,0,0,0,0,0,0,NaN,23659.75,23624,23655.75
1757015700,23655.25,23680.25,23652.25,23666.5,0,0,0,0,0,0,0,NaN,23680.25,23652.25,23666.5
1757016000,23666,23673,23658.5,23663.5,0,0,0,0,0,0,0,NaN,23673,23658.5,23663.5
1757016300,23663.5,23676.25,23661.25,23669.5,0,0,0,0,0,0,0,NaN,23676.25,23661.25,23669.5
1757016600,23669.5,23698.25,23667.75,23692.5,0,0,0,0,0,0,0,NaN,23698.25,23667.75,23692.5
1757016900,23692.75,23708.75,23661.5,23680.75,0,0,0,0,0,0,0,NaN,23708.75,23661.5,23680.75
1757017200,23681,23686.25,23673.25,23685.5,0,0,0,0,0,0,0,NaN,23686.25,23673.25,23685.5
1757017500,23684.75,23695.5,23681.5,23691,0,0,0,0,0,0,0,NaN,23695.5,23681.5,23691
1757017800,23691.25,23691.25,23683,23688.75,0,0,0,0,0,0,0,NaN,23691.25,23683,23688.75
1757018100,23688,23695.25,23687,23689,0,0,0,0,0,0,0,NaN,23695.25,23687,23689
1757018400,23689,23691.75,23687.25,23688.75,0,0,0,0,0,0,0,NaN,23691.75,23687.25,23688.75
1757018700,23688.5,23688.5,23684.5,23686.75,0,0,0,0,0,0,0,NaN,23688.5,23684.5,23686.75
1757019000,23686.75,23695.25,23685,23689.25,0,0,0,0,0,0,0,NaN,23695.25,23685,23689.25
1757019300,23689,23690.25,23683,23684,0,0,0,0,0,0,0,NaN,23690.25,23683,23684
1757023200,23700,23713.25,23695.5,23707.75,0,0,0,0,0,0,0,NaN,23713.25,23695.5,23707.75
1757023500,23707.5,23713.75,23702.75,23705.5,0,0,0,0,0,0,0,NaN,23713.75,23702.75,23705.5
1757023800,23706.25,23707.25,23702,23703.25,0,0,0,0,0,0,0,NaN,23707.25,23702,23703.25
1757024100,23702.5,23712.75,23701.5,23708.75,0,0,0,0,0,0,0,NaN,23712.75,23701.5,23708.75
1757024400,23708.25,23708.25,23702,23703.5,0,0,0,0,0,0,0,NaN,23708.25,23702,23703.5
1757024700,23703.25,23705.5,23699.5,23699.75,0,0,0,0,0,0,0,NaN,23705.5,23699.5,23699.75
1757025000,23699.75,23700.25,23693.75,23696.5,0,0,0,0,0,0,0,NaN,23700.25,23693.75,23696.5
1757025300,23695.75,23698.25,23691.75,23697,0,0,0,0,0,0,0,NaN,23698.25,23691.75,23697
1757025600,23696.75,23697.25,23691.75,23695,0,0,0,0,0,0,0,NaN,23697.25,23691.75,23695
1757025900,23695,23703.25,23694,23701.25,0,0,0,0,0,0,0,NaN,23703.25,23694,23701.25
1757026200,23701.75,23702.25,23698.5,23701.75,0,0,0,0,0,0,0,NaN,23702.25,23698.5,23701.75
1757026500,23702,23710.25,23701.75,23706.75,0,0,0,0,0,0,0,NaN,23710.25,23701.75,23706.75
1757026800,23707,23712.75,23706,23707.5,0,0,0,0,0,0,0,NaN,23712.75,23706,23707.5
1757027100,23707.5,23714.5,23707.5,23711.75,0,0,0,0,0,0,0,NaN,23714.5,23707.5,23711.75
1757027400,23712.25,23714.25,23708.75,23712.5,0,0,0,0,0,0,0,NaN,23714.25,23708.75,23712.5
1757027700,23712.75,23713.75,23708.25,23710.25,0,0,0,0,0,0,0,NaN,23713.75,23708.25,23710.25
1757028000,23710.25,23711.25,23708.75,23710.5,0,0,0,0,0,0,0,NaN,23711.25,23708.75,23710.5
1757028300,23710,23716.25,23710,23712.5,0,0,0,0,0,0,0,NaN,23716.25,23710,23712.5
1757028600,23712.75,23715,23709.75,23709.75,0,0,0,0,0,0,0,NaN,23715,23709.75,23709.75
1757028900,23710,23711.75,23706.5,23709.5,0,0,0,0,0,0,0,NaN,23711.75,23706.5,23709.5
1757029200,23709.25,23710,23705.5,23706.25,0,0,0,0,0,0,0,NaN,23710,23705.5,23706.25
1757029500,23706.5,23709.75,23704.5,23709,0,0,0,0,0,0,0,NaN,23709.75,23704.5,23709
1757029800,23709.25,23715,23707.75,23713.75,0,0,0,0,0,0,0,NaN,23715,23707.75,23713.75
1757030100,23712.5,23712.5,23706.5,23706.75,0,0,0,0,0,0,0,NaN,23712.5,23706.5,23706.75
1757030400,23706,23714.75,23701.25,23707,0,0,0,0,0,0,0,NaN,23714.75,23701.25,23707
1757030700,23705.5,23723.25,23703.75,23721.25,0,0,0,0,0,0,0,NaN,23723.25,23703.75,23721.25
1757031000,23721.25,23724.5,23716.25,23720.5,0,0,0,0,0,0,0,NaN,23724.5,23716.25,23720.5
1757031300,23720.5,23727.5,23717,23723.75,0,0,0,0,0,0,0,NaN,23727.5,23717,23723.75
1757031600,23723.75,23724.5,23717,23721.25,0,0,0,0,0,0,0,NaN,23724.5,23717,23721.25
1757031900,23721.5,23728.5,23721,23726.5,0,0,0,0,0,0,0,NaN,23728.5,23721,23726.5
1757032200,23726.25,23726.75,23720.5,23724.5,0,0,0,0,0,0,0,NaN,23726.75,23720.5,23724.5
1757032500,23725,23725.75,23720,23721.75,0,0,0,0,0,0,0,NaN,23725.75,23720,23721.75
1757032800,23720.75,23726.25,23720.5,23723.75,0,0,0,0,0,0,0,NaN,23726.25,23720.5,23723.75
1757033100,23723.5,23724.75,23720.75,23722.5,0,0,0,0,0,0,0,NaN,23724.75,23720.75,23722.5
1757033400,23723.25,23725.5,23720.25,23725.5,0,0,0,0,0,0,0,NaN,23725.5,23720.25,23725.5
1757033700,23726,23731.75,23723.25,23729.75,0,0,0,0,0,0,0,NaN,23731.75,23723.25,23729.75
1757034000,23729,23732.5,23727,23730.5,0,0,0,0,0,0,0,NaN,23732.5,23727,23730.5
1757034300,23731.25,23733.25,23727.75,23732,0,0,0,0,0,0,0,NaN,23733.25,23727.75,23732
1757034600,23732,23733,23730,23731.75,0,0,0,0,0,0,0,NaN,23733,23730,23731.75
1757034900,23732,23739.75,23731.5,23733.25,0,0,0,0,0,0,0,NaN,23739.75,23731.5,23733.25
1757035200,23733.75,23738.25,23732.75,23738,0,0,0,0,0,0,0,NaN,23738.25,23732.75,23738
1757035500,23737.75,23739.25,23733.5,23733.5,0,0,0,0,0,0,0,NaN,23739.25,23733.5,23733.5
1757035800,23733.5,23733.75,23729.25,23731.5,0,0,0,0,0,0,0,NaN,23733.75,23729.25,23731.5
1757036100,23731.5,23732,23729.25,23730.75,0,0,0,0,0,0,0,NaN,23732,23729.25,23730.75
1757036400,23731.25,23731.75,23727.5,23729.5,0,0,0,0,0,0,0,NaN,23731.75,23727.5,23729.5
1757036700,23729.25,23731,23722.25,23725.75,0,0,0,0,0,0,0,NaN,23731,23722.25,23725.75
1757037000,23725,23732.5,23724.75,23732.5,0,0,0,0,0,0,0,NaN,23732.5,23724.75,23732.5
1757037300,23732,23736.25,23731.25,23734.75,0,0,0,0,0,0,0,NaN,23736.25,23731.25,23734.75
1757037600,23735,23735,23730.25,23733,0,0,0,0,0,0,0,NaN,23735,23730.25,23733
1757037900,23734,23734.5,23729.25,23729.5,0,0,0,0,0,0,0,NaN,23734.5,23729.25,23729.5
1757038200,23730.5,23731.25,23727,23727.5,0,0,0,0,0,0,0,NaN,23731.25,23727,23727.5
1757038500,23727.5,23729.5,23724.25,23728.75,0,0,0,0,0,0,0,NaN,23729.5,23724.25,23728.75
1757038800,23728.25,23732,23728,23728,0,0,0,0,0,0,0,NaN,23732,23728,23728
1757039100,23728,23728,23720.5,23721,0,0,0,0,0,0,0,NaN,23728,23720.5,23721
1757039400,23721,23728.75,23716.25,23728.5,0,0,0,0,0,0,0,NaN,23728.75,23716.25,23728.5
1757039700,23728,23733.25,23727.75,23733.25,0,0,0,0,0,0,0,NaN,23733.25,23727.75,23733.25
1757040000,23732.75,23735.75,23732.75,23734.5,0,0,0,0,0,0,0,NaN,23735.75,23732.75,23734.5
1757040300,23734.25,23742.25,23733.5,23740.75,0,0,0,0,0,0,0,NaN,23742.25,23733.5,23740.75
1757040600,23740.25,23741.5,23736.75,23740.5,0,0,0,0,0,0,0,NaN,23741.5,23736.75,23740.5
1757040900,23740.5,23740.5,23735,23737,0,0,0,0,0,0,0,NaN,23740.5,23735,23737
1757041200,23736,23736.25,23728,23734.75,0,0,0,0,0,0,0,NaN,23736.25,23728,23734.75
1757041500,23735,23738.25,23734,23735.5,0,0,0,0,0,0,0,NaN,23738.25,23734,23735.5
1757041800,23734.25,23736,23726,23735,0,0,0,0,0,0,0,NaN,23736,23726,23735
1757042100,23735,23738.5,23731.5,23733.75,0,0,0,0,0,0,0,NaN,23738.5,23731.5,23733.75
1757042400,23733.5,23735.75,23732.5,23734.75,0,0,0,0,0,0,0,NaN,23735.75,23732.5,23734.75
1757042700,23735.5,23736,23733.25,23735,0,0,0,0,0,0,0,NaN,23736,23733.25,23735
1757043000,23735.75,23738.5,23730.25,23732.75,0,0,0,0,0,0,0,NaN,23738.5,23730.25,23732.75
1757043300,23733.75,23737.25,23733.75,23737.25,0,0,0,0,0,0,0,NaN,23737.25,23733.75,23737.25
1757043600,23736.75,23740.75,23735.5,23739.5,0,0,0,0,0,0,0,NaN,23740.75,23735.5,23739.5
1757043900,23739.5,23739.5,23737,23737.5,0,0,0,0,0,0,0,NaN,23739.5,23737,23737.5
1757044200,23738,23740.25,23737.75,23740.25,0,0,0,0,0,0,0,NaN,23740.25,23737.75,23740.25
1757044500,23740.25,23742.75,23740,23741,0,0,0,0,0,0,0,NaN,23742.75,23740,23741
1757044800,23742.25,23743.5,23741.25,23741.5,0,0,0,0,0,1,0,NaN,23743.5,23741.25,23741.5
1757045100,23742.25,23744.75,23740,23744.25,0,0,0,0,0,0,0,NaN,23744.75,23740,23744.25
1757045400,23744.25,23749.75,23744,23745.5,0,0,0,0,0,0,0,NaN,23749.75,23744,23745.5
1757045700,23745.5,23747.5,23744.25,23745,0,0,0,0,0,0,0,NaN,23747.5,23744.25,23745
1757046000,23745,23747.75,23744,23747.75,0,0,0,0,0,0,0,NaN,23747.75,23744,23747.75
1757046300,23747.75,23750.25,23744.75,23745.25,0,0,0,0,0,0,0,NaN,23750.25,23744.75,23745.25
1757046600,23745,23747.5,23744.75,23747,0,0,0,0,0,0,0,NaN,23747.5,23744.75,23747
1757046900,23747.25,23751.75,23746.5,23749.75,0,0,0,0,0,0,0,NaN,23751.75,23746.5,23749.75
1757047200,23749.5,23749.5,23745.75,23748.5,0,0,0,0,0,0,0,NaN,23749.5,23745.75,23748.5
1757047500,23748.75,23748.75,23746,23746.25,0,0,0,0,0,0,0,NaN,23748.75,23746,23746.25
1757047800,23746,23747,23743.75,23745.25,0,0,0,0,0,0,0,NaN,23747,23743.75,23745.25
1757048100,23744.75,23747,23743.75,23744.25,0,0,0,0,0,0,0,NaN,23747,23743.75,23744.25
1757048400,23745,23745.5,23740.75,23744.5,0,0,0,0,0,0,0,NaN,23745.5,23740.75,23744.5
1757048700,23745.25,23748,23745.25,23747.75,0,0,0,0,0,0,0,NaN,23748,23745.25,23747.75
1757049000,23747.75,23748.5,23746,23748.25,0,0,0,0,0,0,0,NaN,23748.5,23746,23748.25
1757049300,23748.5,23754.25,23748.5,23754,0,0,0,0,0,0,0,NaN,23754.25,23748.5,23754
1757049600,23754.75,23756,23752.25,23752.25,0,0,0,0,0,0,0,NaN,23756,23752.25,23752.25
1757049900,23752.5,23753,23749.25,23753,0,0,0,0,0,0,0,NaN,23753,23749.25,23753
1757050200,23753.5,23759.25,23753.25,23757.75,0,0,0,0,0,0,0,NaN,23759.25,23753.25,23757.75
1757050500,23758,23769,23758,23762,0,0,0,0,0,0,0,NaN,23769,23758,23762
1757050800,23762.5,23771,23761,23769,0,0,0,0,0,0,0,NaN,23771,23761,23769
1757051100,23768,23768,23761.5,23766.25,0,0,0,0,0,0,0,NaN,23768,23761.5,23766.25
1757051400,23766.5,23769,23766.5,23767.25,0,0,0,0,0,0,0,NaN,23769,23766.5,23767.25
1757051700,23767.5,23767.5,23759.5,23760.75,0,0,0,0,0,0,0,NaN,23767.5,23759.5,23760.75
1757052000,23761.5,23770,23759.25,23770,0,0,0,0,0,0,0,NaN,23770,23759.25,23770
1757052300,23769.75,23780,23765,23778.25,0,0,0,0,0,0,0,NaN,23780,23765,23778.25
1757052600,23777,23777.75,23769.25,23771.5,0,0,0,0,0,0,0,NaN,23777.75,23769.25,23771.5
1757052900,23771.75,23780,23770.5,23777.5,0,0,0,0,0,0,0,NaN,23780,23770.5,23777.5
1757053200,23778,23783,23777,23781.75,0,0,0,0,0,0,0,NaN,23783,23777,23781.75
1757053500,23781.5,23787.75,23780.75,23785.5,0,0,0,0,0,0,0,NaN,23787.75,23780.75,23785.5
1757053800,23785.75,23788,23780.25,23780.25,0,0,0,0,0,0,0,NaN,23788,23780.25,23780.25
1757054100,23780,23785.25,23778,23780.25,0,0,0,0,0,0,0,NaN,23785.25,23778,23780.25
1757054400,23780.25,23780.25,23774.75,23775.5,0,0,0,0,0,0,0,NaN,23780.25,23774.75,23775.5
1757054700,23775.25,23776.75,23773.25,23774.25,0,0,0,0,0,0,0,NaN,23776.75,23773.25,23774.25
1757055000,23774,23778.25,23772.75,23773.5,0,0,0,0,0,0,0,NaN,23778.25,23772.75,23773.5
1757055300,23773.75,23778,23772,23772,0,0,0,0,0,0,0,NaN,23778,23772,23772
1757055600,23771.75,23776.25,23751.5,23752,0,0,0,0,0,0,0,NaN,23776.25,23751.5,23752
1757055900,23752.25,23761.25,23743.5,23755,0,0,0,0,0,0,0,NaN,23761.25,23743.5,23755
1757056200,23755.75,23761.75,23754.5,23758.5,0,0,0,0,0,0,0,NaN,23761.75,23754.5,23758.5
1757056500,23759.75,23760.25,23749.5,23752,0,0,0,0,0,0,0,NaN,23760.25,23749.5,23752
1757056800,23752,23760.75,23749.75,23754,0,0,0,0,0,0,0,NaN,23760.75,23749.75,23754
1757057100,23754.5,23757.5,23752.5,23753,0,0,0,0,0,0,0,NaN,23757.5,23752.5,23753
1757057400,23754.25,23757.75,23749,23755.75,0,0,0,0,0,0,0,NaN,23757.75,23749,23755.75
1757057700,23756,23760,23752.5,23756.25,0,0,0,0,0,0,0,NaN,23760,23752.5,23756.25
1757058000,23755.25,23763.75,23754,23759.25,0,0,0,0,0,0,0,NaN,23763.75,23754,23759.25
1757058300,23759.5,23759.75,23748,23752,0,0,0,0,0,0,0,NaN,23759.75,23748,23752
1757058600,23753,23761.25,23751,23760.25,0,0,0,0,0,0,0,NaN,23761.25,23751,23760.25
1757058900,23759.5,23762.5,23756.5,23756.5,0,0,0,0,0,0,0,NaN,23762.5,23756.5,23756.5
1757059200,23756,23759.75,23748.5,23755,0,0,0,0,0,0,0,NaN,23759.75,23748.5,23755
1757059500,23755,23762.75,23755,23761,0,0,0,0,0,0,0,NaN,23762.75,23755,23761
1757059800,23760.75,23772,23758.25,23771.75,0,0,0,0,0,0,0,NaN,23772,23758.25,23771.75
1757060100,23771.5,23774.5,23767.5,23770,0,0,0,0,0,0,0,NaN,23774.5,23767.5,23770
1757060400,23769.75,23773.5,23766.75,23773.5,0,0,0,0,0,0,0,NaN,23773.5,23766.75,23773.5
1757060700,23773.5,23778,23769.5,23777,0,0,0,0,0,0,0,NaN,23778,23769.5,23777
1757061000,23776.5,23778.5,23774.5,23777.5,0,0,0,0,0,0,0,NaN,23778.5,23774.5,23777.5
1757061300,23777,23783.5,23776.5,23776.5,0,0,0,0,0,0,0,NaN,23783.5,23776.5,23776.5
1757061600,23775.75,23779.75,23772.5,23779,0,0,0,0,0,0,0,NaN,23779.75,23772.5,23779
1757061900,23779,23779.5,23771.25,23771.25,0,0,0,0,0,0,0,NaN,23779.5,23771.25,23771.25
1757062200,23770.5,23774.5,23770,23774.25,0,0,0,0,0,0,0,NaN,23774.5,23770,23774.25
1757062500,23774.75,23787.25,23774.75,23787,0,0,0,0,0,0,0,NaN,23787.25,23774.75,23787
1757062800,23787.25,23791.75,23778.5,23785,0,0,0,0,0,0,0,NaN,23791.75,23778.5,23785
1757063100,23784.75,23786,23778,23781,0,0,0,0,0,0,0,NaN,23786,23778,23781
1757063400,23781,23783.75,23777.5,23780.25,0,0,0,0,0,0,0,NaN,23783.75,23777.5,23780.25
1757063700,23780.5,23783,23779.75,23780,0,0,0,0,0,0,0,NaN,23783,23779.75,23780
1757064000,23780.25,23784.75,23777.5,23782.5,0,0,0,0,0,0,0,NaN,23784.75,23777.5,23782.5
1757064300,23782.5,23786.5,23780,23783.75,0,0,0,0,0,0,0,NaN,23786.5,23780,23783.75
1757064600,23784,23789.5,23782.5,23788.25,0,0,0,0,0,0,0,NaN,23789.5,23782.5,23788.25
1757064900,23788.5,23789.5,23782,23784.5,0,0,0,0,0,0,0,NaN,23789.5,23782,23784.5
1757065200,23784.25,23786,23779.75,23785,0,0,0,0,0,0,0,NaN,23786,23779.75,23785
1757065500,23785.5,23788.5,23782,23787.25,0,0,0,0,0,0,0,NaN,23788.5,23782,23787.25
1757065800,23787.5,23789,23785.75,23788.5,0,0,0,0,0,0,0,NaN,23789,23785.75,23788.5
1757066100,23788,23788.25,23781,23783.75,0,0,0,0,0,0,0,NaN,23788.25,23781,23783.75
1757066400,23783.75,23786.5,23779,23780,0,0,0,0,0,0,0,NaN,23786.5,23779,23780
1757066700,23779.75,23779.75,23774,23777.25,0,0,0,0,0,0,0,NaN,23779.75,23774,23777.25
1757067000,23778,23784,23777.25,23781,0,0,0,0,0,0,0,NaN,23784,23777.25,23781
1757067300,23780.75,23786.5,23779.5,23784.5,0,0,0,0,0,0,0,NaN,23786.5,23779.5,23784.5
1757067600,23783.75,23786.75,23781,23782.5,0,0,0,0,0,0,0,NaN,23786.75,23781,23782.5
1757067900,23783.25,23787.75,23782.75,23784.5,0,0,0,0,0,0,0,NaN,23787.75,23782.75,23784.5
1757068200,23784.25,23786.75,23783,23785.5,0,0,0,0,0,0,0,NaN,23786.75,23783,23785.5
1757068500,23785.25,23788.5,23783.25,23787,0,0,0,0,0,0,0,NaN,23788.5,23783.25,23787
1757068800,23787.75,23789.5,23786.25,23787.75,0,0,0,0,0,0,0,NaN,23789.5,23786.25,23787.75
1757069100,23788,23789,23784.5,23787.75,0,0,0,0,0,0,0,NaN,23789,23784.5,23787.75
1757069400,23787.5,23788.25,23784,23784,0,0,0,0,0,0,0,NaN,23788.25,23784,23784
1757069700,23784.25,23784.5,23776.5,23776.75,0,0,0,0,0,0,0,NaN,23784.5,23776.5,23776.75
1757070000,23776.25,23787.25,23774.5,23786.75,0,0,0,0,0,0,0,NaN,23787.25,23774.5,23786.75
1757070300,23787,23789.5,23785.25,23788,0,0,0,0,0,0,0,NaN,23789.5,23785.25,23788
1757070600,23788.5,23794.5,23786.25,23794,0,0,0,0,0,0,0,NaN,23794.5,23786.25,23794
1757070900,23794,23796.75,23790.75,23791.5,0,0,0,0,0,0,0,NaN,23796.75,23790.75,23791.5
1757071200,23791.5,23800,23791,23796.25,0,0,0,0,0,0,0,NaN,23800,23791,23796.25
1757071500,23796.75,23799.5,23794.75,23796.25,0,0,0,0,0,0,0,NaN,23799.5,23794.75,23796.25
1757071800,23796.25,23796.25,23784.5,23789,0,0,0,0,0,0,0,NaN,23796.25,23784.5,23789
1757072100,23789.5,23793.5,23787,23787.25,0,0,0,0,0,0,0,NaN,23793.5,23787,23787.25
1757072400,23787.25,23787.25,23780,23784.25,0,0,0,0,0,0,0,NaN,23787.25,23780,23784.25
1757072700,23784.5,23789.25,23782,23784.25,0,0,0,0,0,0,0,NaN,23789.25,23782,23784.25
1757073000,23783.75,23790.25,23782,23784,0,0,0,0,0,0,0,NaN,23790.25,23782,23784
1757073300,23784,23784,23768.25,23769.25,0,0,0,0,0,0,0,NaN,23784,23768.25,23769.25
1757073600,23769.75,23786.25,23769,23784.5,0,0,0,0,0,0,0,NaN,23786.25,23769,23784.5
1757073900,23784.25,23794,23774.25,23787.5,0,0,0,0,0,0,0,NaN,23794,23774.25,23787.5
1757074200,23787.25,23787.25,23777,23785.5,0,0,0,0,0,0,0,NaN,23787.25,23777,23785.5
1757074500,23784.5,23794.25,23781.75,23783.25,0,0,0,0,0,0,0,NaN,23794.25,23781.75,23783.25
1757074800,23784,23784.5,23772.25,23776.25,0,0,0,0,0,0,0,NaN,23784.5,23772.25,23776.25
1757075100,23776.75,23787.25,23774,23782.25,0,0,0,0,0,0,0,NaN,23787.25,23774,23782.25
1757075400,23782.25,23830.75,23725.5,23829.25,0,0,0,0,0,0,0,NaN,23830.75,23725.5,23829.25
1757075700,23829,23844.25,23807.25,23816.5,0,0,0,0,0,0,0,NaN,23844.25,23807.25,23816.5
1757076000,23816.25,23831,23793.5,23830,0,0,0,0,0,0,0,NaN,23831,23793.5,23830
1757076300,23829.5,23842.75,23821.5,23840.25,0,0,0,0,0,0,0,NaN,23842.75,23821.5,23840.25
1757076600,23840.25,23868.75,23838,23865.75,0,0,0,0,0,0,0,NaN,23868.75,23838,23865.75
1757076900,23866.25,23875,23852.5,23873.75,0,0,0,0,0,0,0,NaN,23875,23852.5,23873.75
1757077200,23873.75,23889.75,23870.25,23884,0,0,0,0,0,0,0,NaN,23889.75,23870.25,23884
1757077500,23884.25,23897.75,23881.25,23883.5,0,0,0,0,0,0,0,NaN,23897.75,23881.25,23883.5
1757077800,23883.75,23888.25,23876,23883.5,0,0,0,0,0,0,0,NaN,23888.25,23876,23883.5
1757078100,23884,23894,23874.25,23891.5,0,0,0,0,0,0,0,NaN,23894,23874.25,23891.5
1757078400,23891.25,23892,23875.5,23882.25,0,0,0,0,0,0,0,NaN,23892,23875.5,23882.25
1757078700,23882.75,23896.5,23871,23874.5,0,0,0,0,0,0,0,NaN,23896.5,23871,23874.5
1757079000,23875,23902,23845,23847.5,0,0,0,0,0,0,0,NaN,23902,23845,23847.5
1757079300,23847,23855.75,23821.75,23836,0,0,0,0,0,0,0,NaN,23855.75,23821.75,23836
1757079600,23836.5,23881.75,23834,23874.5,0,0,0,0,0,0,0,NaN,23881.75,23834,23874.5
1757079900,23874.25,23887.25,23835.5,23879.75,0,0,0,0,0,0,0,NaN,23887.25,23835.5,23879.75
1757080200,23879.5,23893.25,23832,23863.5,0,0,0,0,0,0,0,NaN,23893.25,23832,23863.5
1757080500,23863,23864,23826,23852.5,0,0,0,0,0,0,0,NaN,23864,23826,23852.5
1757080800,23853,23853.5,23804.5,23836.75,0,0,0,0,0,0,0,NaN,23853.5,23804.5,23836.75
1757081100,23836.25,23837.25,23786,23796,0,0,0,0,0,0,0,NaN,23837.25,23786,23796
1757081400,23797,23802.75,23754.75,23756.25,0,0,0,0,0,0,0,NaN,23802.75,23754.75,23756.25
1757081700,23756.5,23763.5,23690.25,23695.5,0,0,0,0,0,0,0,NaN,23763.5,23690.25,23695.5
1757082000,23695,23733.75,23653.25,23663,0,0,0,0,0,0,0,NaN,23733.75,23653.25,23663
1757082300,23663.5,23686.75,23628.5,23654,0,0,0,0,0,0,0,NaN,23686.75,23628.5,23654
1757082600,23653.75,23666,23631,23646.25,0,0,0,0,0,0,0,NaN,23666,23631,23646.25
1757082900,23646.5,23658.75,23607.25,23617.25,0,0,0,0,0,0,0,NaN,23658.75,23607.25,23617.25
1757083200,23617.25,23640,23589.75,23608.25,0,0,0,0,0,0,0,NaN,23640,23589.75,23608.25
1757083500,23608.75,23608.75,23567,23588.75,0,0,0,0,0,0,0,NaN,23608.75,23567,23588.75
1757083800,23588.75,23634.75,23562.75,23633.5,0,0,0,0,0,0,0,NaN,23634.75,23562.75,23633.5
1757084100,23632.75,23637.5,23544.75,23548,0,0,0,0,0,0,0,NaN,23637.5,23544.75,23548
1757084400,23547.75,23560.75,23515.25,23535.25,0,0,0,0,0,0,0,NaN,23560.75,23515.25,23535.25
1757084700,23535.75,23560.75,23525,23537.75,0,0,0,0,0,0,0,NaN,23560.75,23525,23537.75
1757085000,23537.5,23574.25,23505,23573.25,0,0,0,0,0,0,0,NaN,23574.25,23505,23573.25
1757085300,23573,23594.75,23561.25,23578,0,0,0,0,0,0,0,NaN,23594.75,23561.25,23578
1757085600,23578,23616.5,23572.25,23611.75,0,0,0,0,0,0,0,NaN,23616.5,23572.25,23611.75
1757085900,23610.5,23638.25,23595,23632.5,0,0,0,0,0,0,0,NaN,23638.25,23595,23632.5
1757086200,23633,23640,23606.5,23620.5,0,0,0,0,0,0,0,NaN,23640,23606.5,23620.5
1757086500,23621.5,23659,23621.5,23644.25,0,0,0,0,0,0,0,NaN,23659,23621.5,23644.25
1757086800,23644.25,23669,23640.25,23661.75,0,0,0,0,0,0,0,NaN,23669,23640.25,23661.75
1757087100,23662.25,23662.5,23622,23649.75,0,0,0,0,0,0,0,NaN,23662.5,23622,23649.75
1757087400,23650.25,23653.75,23615.5,23629.25,0,0,0,0,0,0,0,NaN,23653.75,23615.5,23629.25
1757087700,23628.5,23644,23603.75,23619,0,0,0,0,0,0,0,NaN,23644,23603.75,23619
1757088000,23618.5,23632,23595,23610.75,0,0,0,0,0,0,0,NaN,23632,23595,23610.75
1757088300,23612,23630.25,23596,23627.5,0,0,0,0,0,0,0,NaN,23630.25,23596,23627.5
1757088600,23628.25,23657.5,23625,23652.75,0,0,0,0,0,0,0,NaN,23657.5,23625,23652.75
1757088900,23652.75,23658.75,23626.75,23640.75,0,0,0,0,0,0,0,NaN,23658.75,23626.75,23640.75
1757089200,23641,23650.5,23611.25,23647.25,0,0,0,0,0,0,0,NaN,23650.5,23611.25,23647.25
1757089500,23647.25,23648.25,23616.75,23620.75,0,0,0,0,0,0,0,NaN,23648.25,23616.75,23620.75
1757089800,23621,23632.5,23604,23607.5,0,0,0,0,0,0,0,NaN,23632.5,23604,23607.5
1757090100,23607.25,23622.5,23596.25,23613.75,0,0,0,0,0,0,0,NaN,23622.5,23596.25,23613.75
1757090400,23613.25,23648,23610,23639.75,0,0,0,0,0,0,0,NaN,23648,23610,23639.75
1757090700,23639.5,23651.25,23612.25,23612.5,0,0,0,0,0,0,0,NaN,23651.25,23612.25,23612.5
1757091000,23612.5,23628.5,23606.75,23617.5,0,0,0,0,0,0,0,NaN,23628.5,23606.75,23617.5
1757091300,23617,23654.75,23611.25,23654.5,0,0,0,0,0,0,0,NaN,23654.75,23611.25,23654.5
1757091600,23654,23654,23613,23614,0,0,0,0,0,0,0,NaN,23654,23613,23614
1757091900,23613.25,23641.5,23603,23641.25,0,0,0,0,0,0,0,NaN,23641.5,23603,23641.25
1757092200,23640.75,23652.5,23631.5,23646.75,0,0,0,0,0,0,0,NaN,23652.5,23631.5,23646.75
1757092500,23646.5,23657.75,23634.25,23645.75,0,0,0,0,0,0,0,NaN,23657.75,23634.25,23645.75
1757092800,23645.75,23663.75,23641.5,23655.25,0,0,0,0,0,0,0,NaN,23663.75,23641.5,23655.25
1757093100,23656.5,23659.25,23629.25,23634,0,0,0,0,0,0,0,NaN,23659.25,23629.25,23634
1757093400,23634.5,23642.25,23624.25,23638.5,0,0,0,0,0,0,0,NaN,23642.25,23624.25,23638.5
1757093700,23638.25,23643.75,23615.75,23625.25,0,0,0,0,0,0,0,NaN,23643.75,23615.75,23625.25
1757094000,23625.5,23629.5,23585.75,23612,0,0,0,0,0,0,0,NaN,23629.5,23585.75,23612
1757094300,23612.5,23620,23598.5,23602.75,0,0,0,0,0,0,0,NaN,23620,23598.5,23602.75
1757094600,23602.25,23619.25,23597,23604.5,0,0,0,0,0,0,0,NaN,23619.25,23597,23604.5
1757094900,23604.75,23620.25,23595.75,23613.5,0,0,0,0,0,0,0,NaN,23620.25,23595.75,23613.5
1757095200,23614.25,23625.25,23603.25,23610.75,0,0,0,0,0,0,0,NaN,23625.25,23603.25,23610.75
1757095500,23611.5,23630,23611.5,23618.25,0,0,0,0,0,0,0,NaN,23630,23611.5,23618.25
1757095800,23617.5,23634.25,23614.25,23633.5,0,0,0,0,0,0,0,NaN,23634.25,23614.25,23633.5
1757096100,23633.25,23654.75,23630.75,23651.75,0,0,0,0,0,0,0,NaN,23654.75,23630.75,23651.75
1757096400,23652.25,23656.5,23635.25,23637.25,0,0,0,0,0,0,0,NaN,23656.5,23635.25,23637.25
1757096700,23636.75,23648,23628,23642.5,0,0,0,0,0,0,0,NaN,23648,23628,23642.5
1757097000,23642.5,23664,23641.75,23646.25,0,0,0,0,0,0,0,NaN,23664,23641.75,23646.25
1757097300,23646.5,23656,23637.75,23644.75,0,0,0,0,0,0,0,NaN,23656,23637.75,23644.75
1757097600,23644.5,23651.25,23638.25,23649.75,0,0,0,0,0,0,0,NaN,23651.25,23638.25,23649.75
1757097900,23649.25,23656.5,23642,23649,0,0,0,0,0,0,0,NaN,23656.5,23642,23649
1757098200,23649,23659,23635.75,23639,0,0,0,0,0,0,0,NaN,23659,23635.75,23639
1757098500,23639.75,23657.5,23631.5,23657.25,0,0,0,0,0,0,0,NaN,23657.5,23631.5,23657.25
1757098800,23657,23657.75,23641.25,23655.75,0,0,0,0,0,0,0,NaN,23657.75,23641.25,23655.75
1757099100,23656.25,23680.75,23655.75,23669.25,0,0,0,0,0,0,0,NaN,23680.75,23655.75,23669.25
1757099400,23669.75,23672.75,23664.25,23671,0,0,0,0,0,0,0,NaN,23672.75,23664.25,23671
1757099700,23670.5,23690,23665.25,23671.75,0,0,0,0,0,0,0,NaN,23690,23665.25,23671.75
1757100000,23672,23691.75,23666,23687.25,0,0,0,0,0,0,0,NaN,23691.75,23666,23687.25
1757100300,23687.25,23692.25,23680.5,23683,0,0,0,0,0,0,0,NaN,23692.25,23680.5,23683
1757100600,23683.25,23685.75,23654,23664,0,0,0,0,0,0,0,NaN,23685.75,23654,23664
1757100900,23664,23684.25,23661.5,23665.5,0,0,0,0,0,0,0,NaN,23684.25,23661.5,23665.5
1757101200,23665.5,23676.75,23657.75,23664.75,0,0,0,0,0,0,0,NaN,23676.75,23657.75,23664.75
1757101500,23664.5,23674,23659.5,23666.5,0,0,0,0,0,0,0,NaN,23674,23659.5,23666.5
1757101800,23665.75,23675.5,23643.75,23660.5,0,0,0,0,0,0,0,NaN,23675.5,23643.75,23660.5
1757102100,23660.5,23694.25,23652,23691,0,0,0,0,0,0,0,NaN,23694.25,23652,23691
1757102400,23691.25,23696.25,23677.5,23682.25,0,0,0,0,0,0,0,NaN,23696.25,23677.5,23682.25
1757102700,23682.5,23684.25,23675,23675.5,0,0,0,0,0,0,0,NaN,23684.25,23675,23675.5
1757103000,23675.25,23679,23673,23675.5,0,0,0,0,0,0,0,NaN,23679,23673,23675.5
1757103300,23675.5,23677.25,23666.75,23672,0,0,0,0,0,0,0,NaN,23677.25,23666.75,23672
1757103600,23672.25,23676.5,23671,23674.75,0,0,0,0,0,0,0,NaN,23676.5,23671,23674.75
1757103900,23674.25,23676,23671,23674.75,0,0,0,0,0,0,0,NaN,23676,23671,23674.75
1757104200,23675,23675,23671.25,23672.75,0,0,0,0,0,0,0,NaN,23675,23671.25,23672.75
1757104500,23672.75,23681.5,23672.5,23680.5,0,0,0,0,0,0,0,NaN,23681.5,23672.5,23680.5
1757104800,23680.75,23681,23667.5,23670.5,0,0,0,0,0,0,0,NaN,23681,23667.5,23670.5
1757105100,23670.5,23673.25,23669,23670.75,0,0,0,0,0,0,0,NaN,23673.25,23669,23670.75
1757105400,23671,23677,23670.75,23673.5,0,0,0,0,0,0,0,NaN,23677,23670.75,23673.5
1757105700,23673.5,23676,23672.25,23673.25,0,0,0,0,0,0,0,NaN,23676,23672.25,23673.25
1757282400,23673.5,23689.25,23655,23658.25,0,0,0,0,0,0,0,NaN,23689.25,23655,23658.25
1757282700,23657.5,23664.5,23650.25,23655,0,0,0,0,0,0,0,NaN,23664.5,23650.25,23655
1757283000,23655,23669.25,23655,23669,0,0,0,0,0,0,0,NaN,23669.25,23655,23669
1757283300,23667.75,23679.25,23667.25,23677.25,0,0,0,0,0,0,0,NaN,23679.25,23667.25,23677.25
1757283600,23677.75,23681,23674.25,23680.75,0,0,0,0,0,0,0,NaN,23681,23674.25,23680.75
1757283900,23681.5,23700.25,23680,23697.25,0,0,0,0,0,0,0,NaN,23700.25,23680,23697.25
1757284200,23697.75,23717,23697.75,23717,0,0,0,0,0,0,0,NaN,23717,23697.75,23717
1757284500,23715.75,23717,23706,23716,0,0,0,0,0,0,0,NaN,23717,23706,23716
1757284800,23716,23732,23714.25,23728.25,0,0,0,0,0,0,0,NaN,23732,23714.25,23728.25
1757285100,23728.5,23748,23728.5,23733.25,0,0,0,0,0,0,0,NaN,23748,23728.5,23733.25
1757285400,23734.5,23738.5,23729,23733,0,0,0,0,0,0,0,NaN,23738.5,23729,23733
1757285700,23733.75,23742.25,23732.75,23740.75,0,0,0,0,0,0,0,NaN,23742.25,23732.75,23740.75
1757286000,23740.75,23747,23740.75,23745,0,0,0,0,0,0,0,NaN,23747,23740.75,23745
1757286300,23745,23752.5,23744.75,23751,0,0,0,0,0,0,0,NaN,23752.5,23744.75,23751
1757286600,23750.75,23754.5,23746.5,23751.75,0,0,0,0,0,0,0,NaN,23754.5,23746.5,23751.75
1757286900,23751.75,23752.75,23744.25,23746,0,0,0,0,0,0,0,NaN,23752.75,23744.25,23746
1757287200,23746,23758.25,23744.75,23757.25,0,0,0,0,0,0,0,NaN,23758.25,23744.75,23757.25
1757287500,23756.5,23782,23756.25,23768.25,0,0,0,0,0,0,0,NaN,23782,23756.25,23768.25
1757287800,23769.25,23784.25,23769,23776.25,0,0,0,0,0,0,0,NaN,23784.25,23769,23776.25
1757288100,23776.25,23783.25,23773.75,23777,0,0,0,0,0,0,0,NaN,23783.25,23773.75,23777
1757288400,23777.25,23781.25,23770.25,23774,0,0,0,0,0,0,0,NaN,23781.25,23770.25,23774
1757288700,23773.5,23778.75,23768.75,23774.75,0,0,0,0,0,0,0,NaN,23778.75,23768.75,23774.75
1757289000,23774,23779.5,23769.25,23778.5,0,0,0,0,0,0,0,NaN,23779.5,23769.25,23778.5
1757289300,23778.25,23781,23775.25,23778,0,0,0,0,0,0,0,NaN,23781,23775.25,23778
1757289600,23778.25,23783.5,23765.5,23769,0,0,0,0,0,0,0,NaN,23783.5,23765.5,23769
1757289900,23770.75,23791.25,23770,23785.75,0,0,0,0,0,0,0,NaN,23791.25,23770,23785.75
1757290200,23786,23787.75,23776.75,23783,0,0,0,0,0,0,0,NaN,23787.75,23776.75,23783
1757290500,23783.75,23783.75,23775.75,23781.5,0,0,0,0,0,0,0,NaN,23783.75,23775.75,23781.5
1757290800,23781.25,23787.5,23779.25,23782,0,0,0,0,0,0,0,NaN,23787.5,23779.25,23782
1757291100,23782.25,23786,23780.5,23784.25,0,0,0,0,0,0,0,NaN,23786,23780.5,23784.25
1757291400,23785,23787.75,23778.5,23780.25,0,0,0,0,0,0,0,NaN,23787.75,23778.5,23780.25
1757291700,23779.75,23784.75,23776.5,23779,0,0,0,0,0,0,0,NaN,23784.75,23776.5,23779
1757292000,23778.5,23781.5,23773.75,23775,0,0,0,0,0,0,0,NaN,23781.5,23773.75,23775
1757292300,23774.5,23776.25,23768,23771.25,0,0,0,0,0,0,0,NaN,23776.25,23768,23771.25
1757292600,23771.25,23774.5,23766.25,23767,0,0,0,0,0,0,0,NaN,23774.5,23766.25,23767
1757292900,23767.25,23770.5,23764,23764.75,0,0,0,0,0,0,0,NaN,23770.5,23764,23764.75
1757293200,23764.75,23772,23761.25,23761.75,0,0,0,0,0,0,0,NaN,23772,23761.25,23761.75
1757293500,23762.5,23769.25,23761.5,23762.75,0,0,0,0,0,0,0,NaN,23769.25,23761.5,23762.75
1757293800,23763.5,23766.25,23757,23764.25,0,0,0,0,0,0,0,NaN,23766.25,23757,23764.25
1757294100,23763.5,23765.25,23760.25,23763,0,0,0,0,0,0,0,NaN,23765.25,23760.25,23763
1757294400,23764,23767.5,23759.25,23761.75,0,0,0,0,0,0,0,NaN,23767.5,23759.25,23761.75
1757294700,23763,23765.25,23761,23762.25,0,0,0,0,0,0,0,NaN,23765.25,23761,23762.25
1757295000,23762.5,23767.25,23761,23766.5,0,0,0,0,0,0,0,NaN,23767.25,23761,23766.5
1757295300,23767.25,23776.5,23766.5,23776.25,0,0,0,0,0,0,0,NaN,23776.5,23766.5,23776.25
1757295600,23775,23780,23772.25,23776,0,0,0,0,0,0,0,NaN,23780,23772.25,23776
1757295900,23776.25,23779.25,23773.5,23778.75,0,0,0,0,0,0,0,NaN,23779.25,23773.5,23778.75
1757296200,23779.25,23779.25,23765,23770,0,0,0,0,0,0,0,NaN,23779.25,23765,23770
1757296500,23770,23770.5,23767.25,23767.25,0,0,0,0,0,0,0,NaN,23770.5,23767.25,23767.25
1757296800,23768.25,23771,23754.25,23756.5,0,0,0,0,0,0,0,NaN,23771,23754.25,23756.5
1757297100,23756.25,23762,23756.25,23761,0,0,0,0,0,0,0,NaN,23762,23756.25,23761
1757297400,23761.25,23761.75,23752.5,23754.25,0,0,0,0,0,0,0,NaN,23761.75,23752.5,23754.25
1757297700,23755,23759.25,23738.5,23740.25,0,0,0,0,0,0,0,NaN,23759.25,23738.5,23740.25
1757298000,23739.5,23745,23735.75,23738.5,0,0,0,0,0,0,0,NaN,23745,23735.75,23738.5
1757298300,23739,23745.25,23736.5,23739.25,0,0,0,0,0,0,0,NaN,23745.25,23736.5,23739.25
1757298600,23740.25,23745,23739.75,23743.5,0,0,0,0,0,0,0,NaN,23745,23739.75,23743.5
1757298900,23742.75,23746.25,23740,23741.25,0,0,0,0,0,0,0,NaN,23746.25,23740,23741.25
1757299200,23740.75,23744,23740,23741.25,0,0,0,0,0,0,0,NaN,23744,23740,23741.25
1757299500,23740.75,23743.25,23739,23741,0,0,0,0,0,0,0,NaN,23743.25,23739,23741
1757299800,23740.75,23744.5,23739,23739.5,0,0,0,0,0,0,0,NaN,23744.5,23739,23739.5
1757300100,23740,23743.5,23740,23741.25,0,0,0,0,0,0,0,NaN,23743.5,23740,23741.25
1757300400,23741.25,23748,23741.25,23747,0,0,0,0,0,0,0,NaN,23748,23741.25,23747
1757300700,23747,23763.5,23744.75,23759,0,0,0,0,0,0,0,NaN,23763.5,23744.75,23759
1757301000,23759.75,23760,23753.25,23757,0,0,0,0,0,0,0,NaN,23760,23753.25,23757
1757301300,23757,23762,23755.25,23758,0,0,0,0,0,0,0,NaN,23762,23755.25,23758
1757301600,23758,23760.25,23754.5,23760,0,0,0,0,0,0,0,NaN,23760.25,23754.5,23760
1757301900,23760,23761.75,23756,23756.75,0,0,0,0,0,0,0,NaN,23761.75,23756,23756.75
1757302200,23757.25,23760.75,23755,23759.5,0,0,0,0,0,0,0,NaN,23760.75,23755,23759.5
1757302500,23760.5,23761.5,23757,23757,0,0,0,0,0,0,0,NaN,23761.5,23757,23757
1757302800,23757.75,23761.75,23753.25,23755.75,0,0,0,0,0,0,0,NaN,23761.75,23753.25,23755.75
1757303100,23755.25,23756,23747,23748,0,0,0,0,0,0,0,NaN,23756,23747,23748
1757303400,23748.5,23752.5,23747.25,23752.25,0,0,0,0,0,0,0,NaN,23752.5,23747.25,23752.25
1757303700,23752,23757.25,23752,23754.25,0,0,0,0,0,0,0,NaN,23757.25,23752,23754.25
1757304000,23754,23754.5,23748.25,23751.5,0,1,0,0,0,0,0,NaN,23754.5,23748.25,23751.5
1757304300,23753,23755.5,23746,23747.75,0,0,0,0,0,0,0,NaN,23755.5,23746,23747.75
1757304600,23747,23748.5,23741,23741.75,0,0,0,0,0,0,0,NaN,23748.5,23741,23741.75
1757304900,23742,23742.25,23734.5,23740.75,0,0,0,0,0,0,0,NaN,23742.25,23734.5,23740.75
1757305200,23740.75,23742.5,23739,23742.5,0,0,0,0,0,0,0,NaN,23742.5,23739,23742.5
1757305500,23743.25,23745.5,23741.25,23744.75,0,0,0,0,0,0,0,NaN,23745.5,23741.25,23744.75
1757305800,23746,23750.5,23743.75,23743.75,0,0,0,0,0,0,0,NaN,23750.5,23743.75,23743.75
1757306100,23743.75,23743.75,23737,23737,0,0,0,0,0,0,0,NaN,23743.75,23737,23737
1757306400,23737.25,23740.5,23730.75,23736.25,0,0,0,0,0,0,0,NaN,23740.5,23730.75,23736.25
1757306700,23736.5,23741,23735.5,23735.5,0,0,0,0,0,0,0,NaN,23741,23735.5,23735.5
1757307000,23735,23736.5,23731.75,23732.5,0,0,0,0,0,0,0,NaN,23736.5,23731.75,23732.5
1757307300,23732.75,23736,23724.5,23734,0,0,0,0,0,0,0,NaN,23736,23724.5,23734
1757307600,23734.75,23738.75,23733.25,23736,0,0,0,0,0,0,0,NaN,23738.75,23733.25,23736
1757307900,23738,23740.5,23734,23734.25,0,0,0,0,0,0,0,NaN,23740.5,23734,23734.25
1757308200,23734.25,23738,23731.25,23737,0,0,0,0,0,0,0,NaN,23738,23731.25,23737
1757308500,23736.25,23751.25,23736.25,23748,0,0,0,0,0,0,0,NaN,23751.25,23736.25,23748
1757308800,23748,23748.75,23737,23740.25,0,0,0,0,0,0,0,NaN,23748.75,23737,23740.25
1757309100,23740.25,23743.5,23738,23741.75,0,0,0,0,0,0,0,NaN,23743.5,23738,23741.75
1757309400,23743,23743,23735,23737.75,0,0,0,0,0,0,0,NaN,23743,23735,23737.75
1757309700,23738.5,23745,23733,23741,0,0,0,0,0,0,0,NaN,23745,23733,23741
1757310000,23740.5,23741.25,23730.25,23732.5,0,0,0,0,0,0,0,NaN,23741.25,23730.25,23732.5
1757310300,23731.75,23736.25,23729.25,23732.25,0,0,0,0,0,0,0,NaN,23736.25,23729.25,23732.25
1757310600,23732.75,23736.5,23730.75,23732.75,0,0,0,0,0,0,0,NaN,23736.5,23730.75,23732.75
1757310900,23732.25,23738,23731,23731.5,0,0,0,0,0,0,0,NaN,23738,23731,23731.5
1757311200,23730.75,23755.5,23730.25,23748,0,0,0,0,0,0,0,NaN,23755.5,23730.25,23748
1757311500,23748,23755,23744,23752.75,0,0,0,0,0,0,0,NaN,23755,23744,23752.75
1757311800,23752.5,23759.75,23750.75,23755.75,0,0,0,0,0,0,0,NaN,23759.75,23750.75,23755.75
1757312100,23755.5,23756.75,23748,23753.75,0,0,0,0,0,0,0,NaN,23756.75,23748,23753.75
1757312400,23754.5,23757.75,23751.25,23752.5,0,0,0,0,0,0,0,NaN,23757.75,23751.25,23752.5
1757312700,23752.75,23763,23752.5,23756.75,0,0,0,0,0,0,0,NaN,23763,23752.5,23756.75
1757313000,23756,23758.25,23747.75,23753,0,0,0,0,0,0,0,NaN,23758.25,23747.75,23753
1757313300,23753,23754.75,23748.25,23749.25,0,0,0,0,0,0,0,NaN,23754.75,23748.25,23749.25
1757313600,23749.5,23757.25,23749.5,23754.5,0,0,0,0,0,0,0,NaN,23757.25,23749.5,23754.5
1757313900,23753.25,23757.5,23749.75,23757.25,0,0,0,0,0,0,0,NaN,23757.5,23749.75,23757.25
1757314200,23757.75,23759,23752,23754,0,0,0,0,0,0,0,NaN,23759,23752,23754
1757314500,23753.75,23755.5,23748.25,23753,0,0,0,0,0,0,0,NaN,23755.5,23748.25,23753
1757314800,23753,23763.75,23750.75,23763.75,0,0,0,0,0,0,0,NaN,23763.75,23750.75,23763.75
1757315100,23763.25,23767.75,23759,23767.75,0,0,0,0,0,0,0,NaN,23767.75,23759,23767.75
1757315400,23767,23778,23765.25,23768,0,0,0,0,0,0,0,NaN,23778,23765.25,23768
1757315700,23768,23781,23768,23774,0,0,0,0,0,0,0,NaN,23781,23768,23774
1757316000,23774.75,23779.25,23764.75,23767.5,0,0,0,0,0,0,0,NaN,23779.25,23764.75,23767.5
1757316300,23767.5,23773.5,23762.25,23763,0,0,0,0,0,0,0,NaN,23773.5,23762.25,23763
1757316600,23763,23768.5,23759.75,23759.75,0,0,0,0,0,0,0,NaN,23768.5,23759.75,23759.75
1757316900,23760.25,23767,23759,23767,0,0,0,0,0,0,0,NaN,23767,23759,23767
1757317200,23766,23781.5,23766,23779.75,0,0,0,0,0,0,0,NaN,23781.5,23766,23779.75
1757317500,23779.5,23780.75,23767.5,23767.5,0,0,0,0,0,0,0,NaN,23780.75,23767.5,23767.5
1757317800,23767.25,23768.75,23753.25,23757,0,0,0,0,0,0,0,NaN,23768.75,23753.25,23757
1757318100,23755.25,23757.5,23752,23753.5,0,0,0,0,0,0,0,NaN,23757.5,23752,23753.5
1757318400,23753.25,23758,23741.5,23754.75,0,0,0,0,0,0,0,NaN,23758,23741.5,23754.75
1757318700,23754.75,23760.5,23753.75,23757.5,0,0,0,0,0,0,0,NaN,23760.5,23753.75,23757.5
1757319000,23757,23765,23753.75,23763.5,0,0,0,0,0,0,0,NaN,23765,23753.75,23763.5
1757319300,23763.75,23766.25,23758.75,23763.25,0,0,0,0,0,0,0,NaN,23766.25,23758.75,23763.25
1757319600,23763.75,23763.75,23755.25,23761.25,0,0,0,0,0,0,0,NaN,23763.75,23755.25,23761.25
1757319900,23761.25,23761.25,23755.75,23759.5,0,0,0,0,0,0,0,NaN,23761.25,23755.75,23759.5
1757320200,23758.25,23761.25,23754.25,23761.25,0,0,0,0,0,0,0,NaN,23761.25,23754.25,23761.25
1757320500,23761.5,23766,23759.25,23766,0,0,0,0,0,0,0,NaN,23766,23759.25,23766
1757320800,23766.25,23767.75,23761.25,23766.75,0,0,0,0,0,0,0,NaN,23767.75,23761.25,23766.75
1757321100,23766,23768.5,23761.75,23767.5,0,0,0,0,0,0,0,NaN,23768.5,23761.75,23767.5
1757321400,23767,23767.75,23759.5,23760.5,0,0,0,0,0,0,0,NaN,23767.75,23759.5,23760.5
1757321700,23760.25,23765.5,23758.5,23764.75,0,0,0,0,0,0,0,NaN,23765.5,23758.5,23764.75
1757322000,23765,23766.75,23758.25,23762,0,0,0,0,0,0,0,NaN,23766.75,23758.25,23762
1757322300,23761.25,23761.75,23756.25,23758.75,0,0,0,0,0,0,0,NaN,23761.75,23756.25,23758.75
1757322600,23758.5,23765.5,23754.75,23762.5,0,0,0,0,0,0,0,NaN,23765.5,23754.75,23762.5
1757322900,23762,23766.25,23761,23765.25,0,0,0,0,0,0,0,NaN,23766.25,23761,23765.25
1757323200,23765.75,23769.5,23763.75,23768.25,0,0,0,0,0,0,0,NaN,23769.5,23763.75,23768.25
1757323500,23768,23770.25,23762,23764,0,0,0,0,0,0,0,NaN,23770.25,23762,23764
1757323800,23763.25,23769,23761.75,23768.25,0,0,0,0,0,0,0,NaN,23769,23761.75,23768.25
1757324100,23768.25,23768.25,23763.5,23765.25,0,0,0,0,0,0,0,NaN,23768.25,23763.5,23765.25
1757324400,23764.75,23769.5,23760.5,23765,0,0,0,0,0,0,0,NaN,23769.5,23760.5,23765
1757324700,23766,23772.5,23765,23772,0,0,0,0,0,0,0,NaN,23772.5,23765,23772
1757325000,23772.5,23786,23772,23784.75,0,0,0,0,0,0,0,NaN,23786,23772,23784.75
1757325300,23783.75,23785,23777.5,23780.25,0,0,0,0,0,0,0,NaN,23785,23777.5,23780.25
1757325600,23781.25,23782.5,23776,23777.5,0,0,0,0,0,0,0,NaN,23782.5,23776,23777.5
1757325900,23776.75,23782.75,23774.25,23782.75,0,0,0,0,0,0,0,NaN,23782.75,23774.25,23782.75
1757326200,23782,23789.25,23780.25,23786.75,0,0,0,0,0,0,0,NaN,23789.25,23780.25,23786.75
1757326500,23785.25,23786,23777.25,23780,0,0,0,0,0,0,0,NaN,23786,23777.25,23780
1757326800,23781.25,23785.75,23779.25,23783,0,0,0,0,0,0,0,NaN,23785.75,23779.25,23783
1757327100,23782.75,23783,23779,23780.5,0,0,0,0,0,0,0,NaN,23783,23779,23780.5
1757327400,23780.25,23786.75,23778,23786,0,0,0,0,0,0,0,NaN,23786.75,23778,23786
1757327700,23785.75,23790,23779.5,23781.25,0,0,0,0,0,0,0,NaN,23790,23779.5,23781.25
1757328000,23781.25,23783.5,23779,23783.25,0,0,0,0,0,0,0,NaN,23783.5,23779,23783.25
1757328300,23782.75,23784,23775.75,23779.5,0,0,0,0,0,0,0,NaN,23784,23775.75,23779.5
1757328600,23779.75,23780.75,23774.5,23775.5,0,0,0,0,0,0,0,NaN,23780.75,23774.5,23775.5
1757328900,23775.5,23776,23769.25,23771.5,0,0,0,0,0,0,0,NaN,23776,23769.25,23771.5
1757329200,23771.5,23773.25,23765.5,23771.25,0,0,0,0,0,0,0,NaN,23773.25,23765.5,23771.25
1757329500,23771.75,23777.25,23770,23773.25,0,0,0,0,0,0,0,NaN,23777.25,23770,23773.25
1757329800,23774,23781.5,23772.75,23781.5,0,0,0,0,0,0,0,NaN,23781.5,23772.75,23781.5
1757330100,23781.5,23781.75,23771.75,23777.75,0,0,0,0,0,0,0,NaN,23781.75,23771.75,23777.75
1757330400,23777,23777,23768.5,23769,0,0,0,0,0,0,0,NaN,23777,23768.5,23769
1757330700,23769.25,23779,23768,23777,0,0,0,0,0,0,0,NaN,23779,23768,23777
1757331000,23777.75,23782.25,23772.25,23772.25,0,0,0,0,0,0,0,NaN,23782.25,23772.25,23772.25
1757331300,23772.5,23777,23771,23773,0,0,0,0,0,0,0,NaN,23777,23771,23773
1757331600,23773.5,23777,23773,23776,0,0,0,0,0,0,0,NaN,23777,23773,23776
1757331900,23776.5,23777.5,23767.75,23771.25,0,0,0,0,0,0,0,NaN,23777.5,23767.75,23771.25
1757332200,23770.5,23777.25,23769.25,23775.25,0,0,0,0,0,0,0,NaN,23777.25,23769.25,23775.25
1757332500,23775.5,23779.25,23760.5,23762.75,0,0,0,0,0,0,0,NaN,23779.25,23760.5,23762.75
1757332800,23762.5,23768.25,23759,23764.75,0,0,0,0,0,0,0,NaN,23768.25,23759,23764.75
1757333100,23765,23765,23749,23757,0,0,0,0,0,0,0,NaN,23765,23749,23757
1757333400,23756.75,23757.25,23744.5,23746.5,0,0,0,0,0,0,0,NaN,23757.25,23744.5,23746.5
1757333700,23747,23756,23744.25,23750,0,0,0,0,0,0,0,NaN,23756,23744.25,23750
1757334000,23750.25,23754.75,23743.5,23749.25,0,0,0,0,0,0,0,NaN,23754.75,23743.5,23749.25
1757334300,23749.25,23755,23749.25,23754,0,0,0,0,0,0,0,NaN,23755,23749.25,23754
1757334600,23753.75,23768.5,23753.25,23764,0,0,0,0,0,0,0,NaN,23768.5,23753.25,23764
1757334900,23764,23766,23757.25,23761.25,0,0,0,0,0,0,0,NaN,23766,23757.25,23761.25
1757335200,23761,23762,23755.5,23759,0,0,0,0,0,0,0,NaN,23762,23755.5,23759
1757335500,23760.25,23769,23754.25,23767.75,0,0,0,0,0,0,0,NaN,23769,23754.25,23767.75
1757335800,23768,23772,23764.5,23770.5,0,0,0,0,0,0,0,NaN,23772,23764.5,23770.5
1757336100,23770.75,23779.5,23769,23779,0,0,0,0,0,0,0,NaN,23779.5,23769,23779
1757336400,23778.25,23782.5,23773.25,23780.5,0,0,0,0,0,0,0,NaN,23782.5,23773.25,23780.5
1757336700,23780.75,23782,23771.5,23772.5,0,0,0,0,0,0,0,NaN,23782,23771.5,23772.5
1757337000,23772.25,23782.5,23767,23781.5,0,0,0,0,0,0,0,NaN,23782.5,23767,23781.5
1757337300,23780.75,23787,23779.75,23785.5,0,0,0,0,0,0,0,NaN,23787,23779.75,23785.5
1757337600,23786.25,23793.5,23783.5,23784.25,0,0,0,0,0,0,0,NaN,23793.5,23783.5,23784.25
1757337900,23784.5,23795,23777,23784,0,0,0,0,0,0,0,NaN,23795,23777,23784
1757338200,23784.25,23821,23771.75,23820,0,0,0,0,0,0,0,NaN,23821,23771.75,23820
1757338500,23820,23849,23796.5,23803,0,0,0,0,0,0,0,NaN,23849,23796.5,23803
1757338800,23802.75,23846,23802.5,23831,0,0,0,0,0,0,0,NaN,23846,23802.5,23831
1757339100,23830.75,23852.25,23813.75,23849,0,0,0,0,0,0,0,NaN,23852.25,23813.75,23849
1757339400,23849.25,23865.75,23830,23865,0,0,0,0,0,0,0,NaN,23865.75,23830,23865
1757339700,23865,23876.25,23845,23846.25,0,0,0,0,0,0,0,NaN,23876.25,23845,23846.25
1757340000,23846.25,23858,23826.5,23856.75,0,0,0,0,0,0,0,NaN,23858,23826.5,23856.75
1757340300,23856.5,23870,23846.25,23854,0,0,0,0,0,0,0,NaN,23870,23846.25,23854
1757340600,23854.5,23861,23838.75,23841.5,0,0,0,0,0,0,0,NaN,23861,23838.75,23841.5
1757340900,23841.5,23845.25,23810.75,23817.25,0,0,0,0,0,0,0,NaN,23845.25,23810.75,23817.25
1757341200,23816.75,23830.75,23806.25,23823.75,0,0,0,0,0,0,0,NaN,23830.75,23806.25,23823.75
1757341500,23824.25,23869.75,23822.5,23862.75,0,0,0,0,0,0,0,NaN,23869.75,23822.5,23862.75
1757341800,23862.5,23880,23852,23857.75,0,0,0,0,0,0,0,NaN,23880,23852,23857.75
1757342100,23857.75,23879.75,23852.75,23872.75,0,0,0,0,0,0,0,NaN,23879.75,23852.75,23872.75
1757342400,23872.75,23886.5,23869.75,23881,0,0,0,0,0,0,0,NaN,23886.5,23869.75,23881
1757342700,23881.25,23888,23873.75,23876.75,0,0,0,0,0,0,0,NaN,23888,23873.75,23876.75
1757343000,23876.5,23876.5,23863.25,23872.25,0,0,0,0,0,0,0,NaN,23876.5,23863.25,23872.25
1757343300,23872.25,23880.5,23858.25,23859.5,0,0,0,0,0,0,0,NaN,23880.5,23858.25,23859.5
1757343600,23859.5,23868.5,23854.75,23861.5,0,0,0,0,0,0,0,NaN,23868.5,23854.75,23861.5
1757343900,23862,23869,23858.75,23865.75,0,0,0,0,0,0,0,NaN,23869,23858.75,23865.75
1757344200,23866,23881,23865.75,23873.5,0,0,0,0,0,0,0,NaN,23881,23865.75,23873.5
1757344500,23873.25,23874,23845.25,23849,0,0,0,0,0,0,0,NaN,23874,23845.25,23849
1757344800,23849.75,23855.25,23844,23850.5,0,0,0,0,0,0,0,NaN,23855.25,23844,23850.5
1757345100,23850.75,23877.5,23848.5,23876.25,0,0,0,0,0,0,0,NaN,23877.5,23848.5,23876.25
1757345400,23876,23884.75,23866.75,23870.75,0,0,0,0,0,0,0,NaN,23884.75,23866.75,23870.75
1757345700,23870.75,23875,23864.75,23870.75,0,0,0,0,0,0,0,NaN,23875,23864.75,23870.75
1757346000,23871,23871,23858.25,23860.75,0,0,0,0,0,0,0,NaN,23871,23858.25,23860.75
1757346300,23861.25,23863.75,23829.75,23844.25,0,0,0,0,0,0,0,NaN,23863.75,23829.75,23844.25
1757346600,23843.75,23865.25,23838.75,23862.25,0,0,0,0,0,0,0,NaN,23865.25,23838.75,23862.25
1757346900,23862,23876,23861.25,23872.5,0,0,0,0,0,0,0,NaN,23876,23861.25,23872.5
1757347200,23873,23873.75,23852,23855.75,0,0,0,0,0,0,0,NaN,23873.75,23852,23855.75
1757347500,23856,23858.25,23842.5,23845.25,0,0,0,0,0,0,0,NaN,23858.25,23842.5,23845.25
1757347800,23845.75,23852.75,23841.5,23843.5,0,0,0,0,0,0,0,NaN,23852.75,23841.5,23843.5
1757348100,23843,23843.25,23826,23834.25,0,0,0,0,0,0,0,NaN,23843.25,23826,23834.25
1757348400,23834.25,23841,23825.25,23829.5,0,0,0,0,0,0,0,NaN,23841,23825.25,23829.5
1757348700,23829.75,23834,23820.75,23831.25,0,0,0,0,0,0,0,NaN,23834,23820.75,23831.25
1757349000,23831.25,23837.75,23803.5,23811.25,0,0,0,0,0,0,0,NaN,23837.75,23803.5,23811.25
1757349300,23811.75,23816.75,23790,23807.5,0,0,0,0,0,0,0,NaN,23816.75,23790,23807.5
1757349600,23808,23823.25,23800,23813.5,0,0,0,0,0,0,0,NaN,23823.25,23800,23813.5
1757349900,23814,23814,23792,23797,0,0,0,0,0,0,0,NaN,23814,23792,23797
1757350200,23797.5,23817.5,23797.25,23816.75,0,0,0,0,0,0,0,NaN,23817.5,23797.25,23816.75
1757350500,23816.5,23822,23800.25,23811.75,0,0,0,0,0,0,0,NaN,23822,23800.25,23811.75
1757350800,23811.5,23815.75,23790.75,23793.5,0,0,0,0,0,0,0,NaN,23815.75,23790.75,23793.5
1757351100,23794,23802.5,23785.25,23792.5,0,0,0,0,0,0,0,NaN,23802.5,23785.25,23792.5
1757351400,23793.25,23805.75,23787.5,23788.25,0,0,0,0,0,0,0,NaN,23805.75,23787.5,23788.25
1757351700,23788.5,23804.5,23787,23802,0,0,0,0,0,0,0,NaN,23804.5,23787,23802
1757352000,23802,23815.5,23797.5,23813.5,0,0,0,0,0,0,0,NaN,23815.5,23797.5,23813.5
1757352300,23813.25,23817,23800.25,23805.25,0,0,0,0,0,0,0,NaN,23817,23800.25,23805.25
1757352600,23805.5,23812.5,23800.5,23804.5,0,0,0,0,0,0,0,NaN,23812.5,23800.5,23804.5
1757352900,23804.75,23808.5,23798.75,23799,0,0,0,0,0,0,0,NaN,23808.5,23798.75,23799
1757353200,23799.5,23804.25,23792.5,23803.25,0,0,0,0,0,0,0,NaN,23804.25,23792.5,23803.25
1757353500,23803.5,23805,23787.5,23788.75,0,0,0,0,0,0,0,NaN,23805,23787.5,23788.75
1757353800,23789.25,23793,23762.75,23786,0,0,0,0,0,0,0,NaN,23793,23762.75,23786
1757354100,23785.5,23790.75,23774.5,23782.25,0,0,0,0,0,0,0,NaN,23790.75,23774.5,23782.25
1757354400,23782.75,23784.5,23773.25,23776.5,0,0,0,0,0,0,0,NaN,23784.5,23773.25,23776.5
1757354700,23776.25,23788.5,23772.25,23782,0,0,0,0,0,0,0,NaN,23788.5,23772.25,23782
1757355000,23782.5,23804.5,23781.25,23799.25,0,0,0,0,0,0,0,NaN,23804.5,23781.25,23799.25
1757355300,23799.25,23814,23797.25,23811.75,0,0,0,0,0,0,0,NaN,23814,23797.25,23811.75
1757355600,23811.5,23819.75,23807.25,23809.25,0,0,0,0,0,0,0,NaN,23819.75,23807.25,23809.25
1757355900,23809.25,23814.25,23802.25,23812.5,0,0,0,0,0,0,0,NaN,23814.25,23802.25,23812.5
1757356200,23812,23816.75,23804,23810.25,0,0,0,0,0,0,0,NaN,23816.75,23804,23810.25
1757356500,23810,23813.5,23797.5,23797.75,0,0,0,0,0,0,0,NaN,23813.5,23797.5,23797.75
1757356800,23798,23803,23787.5,23801.5,0,0,0,0,0,0,0,NaN,23803,23787.5,23801.5
1757357100,23801,23811.25,23799.25,23805,0,0,0,0,0,0,0,NaN,23811.25,23799.25,23805
1757357400,23805.5,23808.75,23792.25,23795,0,0,0,0,0,0,0,NaN,23808.75,23792.25,23795
1757357700,23795,23801.5,23789.75,23793.75,0,0,0,0,0,0,0,NaN,23801.5,23789.75,23793.75
1757358000,23793.75,23794.25,23783.5,23791.75,0,0,0,0,0,0,0,NaN,23794.25,23783.5,23791.75
1757358300,23791.5,23796.5,23786.5,23787.25,0,0,0,0,0,0,0,NaN,23796.5,23786.5,23787.25
1757358600,23787,23789.75,23764,23770.25,0,0,0,0,0,0,0,NaN,23789.75,23764,23770.25
1757358900,23770.5,23775.75,23763,23768.5,0,0,0,0,0,0,0,NaN,23775.75,23763,23768.5
1757359200,23768.5,23773,23760,23769.25,0,0,0,0,0,0,0,NaN,23773,23760,23769.25
1757359500,23768.5,23772.5,23763.5,23770.25,0,0,0,0,0,0,0,NaN,23772.5,23763.5,23770.25
1757359800,23770.75,23790.25,23770.75,23771,0,0,0,0,0,0,0,NaN,23790.25,23770.75,23771
1757360100,23771.25,23793.5,23771.25,23791,0,0,0,0,0,0,0,NaN,23793.5,23771.25,23791
1757360400,23791,23803.25,23790.25,23799.25,0,0,0,0,0,0,0,NaN,23803.25,23790.25,23799.25
1757360700,23799.5,23811.5,23799.25,23811,0,0,0,0,0,0,0,NaN,23811.5,23799.25,23811
1757361000,23810.5,23812.5,23785.25,23795.5,0,0,0,0,0,0,0,NaN,23812.5,23785.25,23795.5
1757361300,23796,23805,23785,23803.75,0,0,0,0,0,0,0,NaN,23805,23785,23803.75
1757361600,23803.75,23806.75,23795.25,23798.5,0,0,0,0,0,0,0,NaN,23806.75,23795.25,23798.5
1757361900,23798.75,23810.25,23796.75,23809.25,0,0,0,0,0,0,0,NaN,23810.25,23796.75,23809.25
1757362200,23809.25,23809.25,23800.5,23804.75,0,0,0,0,0,0,0,NaN,23809.25,23800.5,23804.75
1757362500,23804.25,23804.5,23798.25,23799.5,0,0,0,0,0,0,0,NaN,23804.5,23798.25,23799.5
1757362800,23799.25,23802,23796,23799.25,0,0,0,0,0,0,0,NaN,23802,23796,23799.25
1757363100,23798.75,23803,23798.5,23801.25,0,0,0,0,0,0,0,NaN,23803,23798.5,23801.25
1757363400,23801.5,23803,23800,23801.25,0,0,0,0,0,0,0,NaN,23803,23800,23801.25
1757363700,23801.25,23801.25,23797,23798,0,0,0,0,0,0,0,NaN,23801.25,23797,23798
1757364000,23798.25,23799.25,23792.75,23794.25,0,0,0,0,0,0,0,NaN,23799.25,23792.75,23794.25
1757364300,23794.25,23798.25,23794.25,23794.75,0,0,0,0,0,0,0,NaN,23798.25,23794.25,23794.75
1757364600,23794.5,23796,23792.5,23793.5,0,0,0,0,0,0,0,NaN,23796,23792.5,23793.5
1757364900,23793,23799.5,23791.75,23798.5,0,0,0,0,0,0,0,NaN,23799.5,23791.75,23798.5
1757368800,23799,23818.5,23798,23813.75,0,0,0,0,0,0,0,NaN,23818.5,23798,23813.75
1757369100,23812.5,23821.25,23810,23813,0,0,0,0,0,0,0,NaN,23821.25,23810,23813
1757369400,23814.5,23817,23809.5,23814.75,0,0,0,0,0,0,0,NaN,23817,23809.5,23814.75
1757369700,23814.25,23817.75,23808.75,23815.75,0,0,0,0,0,0,0,NaN,23817.75,23808.75,23815.75
1757370000,23817.75,23820.5,23815.75,23820,0,0,0,0,0,0,0,NaN,23820.5,23815.75,23820
1757370300,23819.25,23822,23815.5,23815.5,0,0,0,0,0,0,0,NaN,23822,23815.5,23815.5
1757370600,23815.75,23822.5,23815,23821.75,0,0,0,0,0,0,0,NaN,23822.5,23815,23821.75
1757370900,23822.5,23824.5,23819.25,23819.5,0,0,0,0,0,0,0,NaN,23824.5,23819.25,23819.5
1757371200,23820,23824.25,23820,23822.75,0,0,0,0,0,0,0,NaN,23824.25,23820,23822.75
1757371500,23822,23829,23819.25,23828.25,0,0,0,0,0,0,0,NaN,23829,23819.25,23828.25
1757371800,23827.25,23828.25,23818,23821,0,0,0,0,0,0,0,NaN,23828.25,23818,23821
1757372100,23821,23825.75,23820.25,23825.25,0,0,0,0,0,0,0,NaN,23825.75,23820.25,23825.25
1757372400,23825.75,23830.25,23824.75,23824.75,0,0,0,0,0,0,0,NaN,23830.25,23824.75,23824.75
1757372700,23825.25,23826.75,23821,23821,0,0,0,0,0,0,0,NaN,23826.75,23821,23821
1757373000,23821.5,23827.25,23821.5,23824.5,0,0,0,0,0,0,0,NaN,23827.25,23821.5,23824.5
1757373300,23823.75,23828.25,23821.25,23823,0,0,0,0,0,0,0,NaN,23828.25,23821.25,23823
1757373600,23822.5,23823,23818.25,23818.5,0,0,0,0,0,0,0,NaN,23823,23818.25,23818.5
1757373900,23818.75,23819,23815.75,23818.75,0,0,0,0,0,0,0,NaN,23819,23815.75,23818.75
1757374200,23818.75,23821,23814,23815.25,0,0,0,0,0,0,0,NaN,23821,23814,23815.25
1757374500,23815.25,23818.75,23812.5,23816.25,0,0,0,0,0,0,0,NaN,23818.75,23812.5,23816.25
1757374800,23816,23817,23804.25,23805.5,0,0,0,0,0,0,0,NaN,23817,23804.25,23805.5
1757375100,23805,23811,23803.75,23809.25,0,0,0,0,0,0,0,NaN,23811,23803.75,23809.25
1757375400,23809.5,23813.25,23806.25,23811.75,0,0,0,0,0,0,0,NaN,23813.25,23806.25,23811.75
1757375700,23810.5,23813.25,23806.5,23808,0,0,0,0,0,0,0,NaN,23813.25,23806.5,23808
1757376000,23807.5,23818.25,23802.5,23815,0,0,0,0,0,0,0,NaN,23818.25,23802.5,23815
1757376300,23814.25,23819.75,23810.75,23819.5,0,0,0,0,0,0,0,NaN,23819.75,23810.75,23819.5
1757376600,23819,23826.75,23817.75,23826.75,0,0,0,0,0,0,0,NaN,23826.75,23817.75,23826.75
1757376900,23826.5,23826.5,23811.25,23816.75,0,0,0,0,0,0,0,NaN,23826.5,23811.25,23816.75
1757377200,23817.5,23817.5,23811.25,23811.75,0,0,0,0,0,0,0,NaN,23817.5,23811.25,23811.75
1757377500,23812.75,23815.5,23811,23814.5,0,0,0,0,0,0,0,NaN,23815.5,23811,23814.5
1757377800,23813.25,23815,23810.5,23812.25,0,0,0,0,0,0,0,NaN,23815,23810.5,23812.25
1757378100,23813,23815.75,23811.5,23812.75,0,0,0,0,0,0,0,NaN,23815.75,23811.5,23812.75
1757378400,23811.75,23814.75,23807.75,23812.25,0,0,0,0,0,0,0,NaN,23814.75,23807.75,23812.25
1757378700,23811,23812.5,23807,23812,0,0,0,0,0,0,0,NaN,23812.5,23807,23812
1757379000,23813,23816,23810.25,23812.75,0,0,0,0,0,0,0,NaN,23816,23810.25,23812.75
1757379300,23813.75,23813.75,23805.25,23807.25,0,0,0,0,0,0,0,NaN,23813.75,23805.25,23807.25
1757379600,23806.75,23808.25,23804,23806.25,0,0,0,0,0,0,0,NaN,23808.25,23804,23806.25
1757379900,23806.5,23812.25,23805.25,23809.75,0,0,0,0,0,0,0,NaN,23812.25,23805.25,23809.75
1757380200,23808.25,23810.75,23805.5,23808,0,0,0,0,0,0,0,NaN,23810.75,23805.5,23808
1757380500,23808.25,23808.5,23803.5,23806.25,0,0,0,0,0,0,0,NaN,23808.5,23803.5,23806.25
1757380800,23805.25,23806.25,23795.25,23796,0,0,0,0,0,0,0,NaN,23806.25,23795.25,23796
1757381100,23796,23799.25,23790.75,23797.25,0,0,0,0,0,0,0,NaN,23799.25,23790.75,23797.25
1757381400,23796.25,23800,23794.25,23795.25,0,0,0,0,0,0,0,NaN,23800,23794.25,23795.25
1757381700,23795.75,23800.75,23794.75,23796.5,0,0,0,0,0,0,0,NaN,23800.75,23794.75,23796.5
1757382000,23795.75,23804.25,23794.75,23804,0,0,0,0,0,0,0,NaN,23804.25,23794.75,23804
1757382300,23803,23810.75,23802.75,23808,0,0,0,0,0,0,0,NaN,23810.75,23802.75,23808
1757382600,23808,23815,23804.75,23813,0,0,0,0,0,0,0,NaN,23815,23804.75,23813
1757382900,23813.75,23818.25,23813.25,23813.75,0,0,0,0,0,0,0,NaN,23818.25,23813.25,23813.75
1757383200,23814,23821.75,23814,23818.25,0,0,0,0,0,0,0,NaN,23821.75,23814,23818.25
1757383500,23817.75,23824.75,23817,23823.75,0,0,0,0,0,0,0,NaN,23824.75,23817,23823.75
1757383800,23824.25,23830.75,23823.5,23828.75,0,0,0,0,0,0,0,NaN,23830.75,23823.5,23828.75
1757384100,23829.5,23837,23828,23834.5,0,0,0,0,0,0,0,NaN,23837,23828,23834.5
1757384400,23834.25,23834.5,23828,23830.25,0,0,0,0,0,0,0,NaN,23834.5,23828,23830.25
1757384700,23830.25,23833.25,23828.75,23832.25,0,0,0,0,0,0,0,NaN,23833.25,23828.75,23832.25
1757385000,23832,23848.25,23831.5,23833.75,0,0,0,0,0,0,0,NaN,23848.25,23831.5,23833.75
1757385300,23834,23834.75,23828.5,23831.75,0,0,0,0,0,0,0,NaN,23834.75,23828.5,23831.75
1757385600,23832,23835.75,23830,23834.25,0,0,0,0,0,0,0,NaN,23835.75,23830,23834.25
1757385900,23834.5,23835,23830.25,23832.25,0,0,0,0,0,0,0,NaN,23835,23830.25,23832.25
1757386200,23832.5,23833.5,23825,23828,0,0,0,0,0,0,0,NaN,23833.5,23825,23828
1757386500,23828.5,23830,23826.5,23827.75,0,0,0,0,0,0,0,NaN,23830,23826.5,23827.75
1757386800,23828,23829.75,23826.25,23829,0,0,0,0,0,0,0,NaN,23829.75,23826.25,23829
1757387100,23829,23830.5,23826.5,23829.5,0,0,0,0,0,0,0,NaN,23830.5,23826.5,23829.5
1757387400,23829.75,23836.25,23828.75,23831.5,0,0,0,0,0,0,0,NaN,23836.25,23828.75,23831.5
1757387700,23831.25,23835.5,23830.5,23833.75,0,0,0,0,0,0,0,NaN,23835.5,23830.5,23833.75
1757388000,23833.5,23838.5,23832.25,23834.5,0,0,0,0,0,0,0,NaN,23838.5,23832.25,23834.5
1757388300,23833,23837,23833,23836.5,0,0,0,0,0,0,0,NaN,23837,23833,23836.5
1757388600,23837,23842.25,23836,23841.5,0,0,0,0,0,0,0,NaN,23842.25,23836,23841.5
1757388900,23841,23842,23837.5,23838.75,0,0,0,0,0,0,0,NaN,23842,23837.5,23838.75
1757389200,23838.5,23841,23837,23838.25,0,0,0,0,0,0,0,NaN,23841,23837,23838.25
1757389500,23839.5,23842,23839,23841.25,0,0,0,0,0,0,0,NaN,23842,23839,23841.25
1757389800,23840.5,23841,23836.25,23836.75,0,0,0,0,0,0,0,NaN,23841,23836.25,23836.75
1757390100,23836.25,23839.5,23836.25,23839.5,0,0,0,0,0,0,0,NaN,23839.5,23836.25,23839.5
1757390400,23839.5,23840.75,23832.75,23833.5,0,0,1,0,0,0,0,NaN,23840.75,23832.75,23833.5
1757390700,23834,23839.75,23832.75,23835,0,0,0,0,0,0,0,NaN,23839.75,23832.75,23835
1757391000,23835,23836.5,23834.5,23836.25,0,0,0,0,0,0,0,NaN,23836.5,23834.5,23836.25
1757391300,23836.75,23838.75,23836.5,23836.5,0,0,0,0,0,0,0,NaN,23838.75,23836.5,23836.5
1757391600,23837.25,23839.5,23834.75,23839.5,0,0,0,0,0,0,0,NaN,23839.5,23834.75,23839.5
1757391900,23838.5,23840,23834.25,23834.75,0,0,0,0,0,0,0,NaN,23840,23834.25,23834.75
1757392200,23834,23837.75,23833,23835.25,0,0,0,0,0,0,0,NaN,23837.75,23833,23835.25
1757392500,23835,23835.5,23833.75,23834,0,0,0,0,0,0,0,NaN,23835.5,23833.75,23834
1757392800,23834.25,23834.75,23831,23832.25,0,0,0,0,0,0,0,NaN,23834.75,23831,23832.25
1757393100,23832.5,23835.75,23830.5,23834.75,0,0,0,0,0,0,0,NaN,23835.75,23830.5,23834.75
1757393400,23835,23839,23834.5,23836,0,0,0,0,0,0,0,NaN,23839,23834.5,23836
1757393700,23836.25,23840.5,23835.25,23838,0,0,0,0,0,0,0,NaN,23840.5,23835.25,23838
1757394000,23836.5,23837,23833,23835.75,0,0,0,0,0,0,0,NaN,23837,23833,23835.75
1757394300,23835.25,23835.75,23832.25,23833.75,0,0,0,0,0,0,0,NaN,23835.75,23832.25,23833.75
1757394600,23834.5,23837.25,23832.75,23834,0,0,0,0,0,0,0,NaN,23837.25,23832.75,23834
1757394900,23833.5,23833.5,23822.75,23828,0,0,0,0,0,0,0,NaN,23833.5,23822.75,23828
1757395200,23828.5,23828.75,23815.25,23821.75,0,0,0,0,0,0,0,NaN,23828.75,23815.25,23821.75
1757395500,23820.75,23821,23814.75,23818.5,0,0,0,0,0,0,0,NaN,23821,23814.75,23818.5
1757395800,23819,23829.5,23818.5,23824.25,0,0,0,0,0,0,0,NaN,23829.5,23818.5,23824.25
1757396100,23825,23826.25,23821.25,23825,0,0,0,0,0,0,0,NaN,23826.25,23821.25,23825
1757396400,23825.5,23827,23819.5,23825.5,0,0,0,0,0,0,0,NaN,23827,23819.5,23825.5
1757396700,23825.75,23828.5,23824,23826,0,0,0,0,0,0,0,NaN,23828.5,23824,23826
1757397000,23825.5,23836.25,23825,23835.75,0,0,0,0,0,0,0,NaN,23836.25,23825,23835.75
1757397300,23836.5,23842.25,23833,23834.5,0,0,0,0,0,0,0,NaN,23842.25,23833,23834.5
1757397600,23835,23843.25,23830.5,23841,0,0,0,0,0,0,0,NaN,23843.25,23830.5,23841
1757397900,23841.75,23845.25,23839,23843.75,0,0,0,0,0,0,0,NaN,23845.25,23839,23843.75
1757398200,23844.5,23854.75,23842.75,23851,0,0,0,0,0,0,0,NaN,23854.75,23842.75,23851
1757398500,23851.5,23855,23840.5,23846.5,0,0,0,0,0,0,0,NaN,23855,23840.5,23846.5
1757398800,23846.5,23851.5,23843.75,23850.25,0,0,0,0,0,0,0,NaN,23851.5,23843.75,23850.25
1757399100,23851,23853.75,23848.25,23849,0,0,0,0,0,0,0,NaN,23853.75,23848.25,23849
1757399400,23848.75,23851,23844.25,23849.25,0,0,0,0,0,0,0,NaN,23851,23844.25,23849.25
1757399700,23850,23854.5,23841.25,23852.5,0,0,0,0,0,0,0,NaN,23854.5,23841.25,23852.5
1757400000,23852.5,23853.75,23843.25,23845.5,0,0,0,0,0,0,0,NaN,23853.75,23843.25,23845.5
1757400300,23844.75,23852.75,23843.75,23847.25,0,0,0,0,0,0,0,NaN,23852.75,23843.75,23847.25
1757400600,23847,23855.75,23847,23852,0,0,0,0,0,0,0,NaN,23855.75,23847,23852
1757400900,23852.25,23853.5,23847.25,23849.25,0,0,0,0,0,0,0,NaN,23853.5,23847.25,23849.25
1757401200,23850.5,23855,23846.5,23850.25,0,0,0,0,0,0,0,NaN,23855,23846.5,23850.25
1757401500,23850.75,23856.25,23847.75,23855.25,0,0,0,0,0,0,0,NaN,23856.25,23847.75,23855.25
1757401800,23855,23863.75,23854.25,23863.75,0,0,0,0,0,0,0,NaN,23863.75,23854.25,23863.75
1757402100,23863.5,23867.25,23860.5,23862.75,0,0,0,0,0,0,0,NaN,23867.25,23860.5,23862.75
1757402400,23862.25,23863.75,23858.75,23862.75,0,0,0,0,0,0,0,NaN,23863.75,23858.75,23862.75
1757402700,23863,23871,23863,23866.75,0,0,0,0,0,0,0,NaN,23871,23863,23866.75
1757403000,23866.75,23872.5,23862.5,23871.25,0,0,0,0,0,0,0,NaN,23872.5,23862.5,23871.25
1757403300,23871.25,23885.25,23871.25,23872,0,0,0,0,0,0,0,NaN,23885.25,23871.25,23872
1757403600,23872,23874.5,23854.75,23856,0,0,0,0,0,0,0,NaN,23874.5,23854.75,23856
1757403900,23856.25,23857.75,23850,23853,0,0,0,0,0,0,0,NaN,23857.75,23850,23853
1757404200,23852.5,23856,23850.75,23855.25,0,0,0,0,0,0,0,NaN,23856,23850.75,23855.25
1757404500,23855,23857,23854.5,23855.5,0,0,0,0,0,0,0,NaN,23857,23854.5,23855.5
1757404800,23855,23857.25,23853,23854,0,0,0,0,0,0,0,NaN,23857.25,23853,23854
1757405100,23854,23854.25,23839,23839.5,0,0,0,0,0,0,0,NaN,23854.25,23839,23839.5
1757405400,23839,23852,23839,23846,0,0,0,0,0,0,0,NaN,23852,23839,23846
1757405700,23846,23850.5,23836.5,23844,0,0,0,0,0,0,0,NaN,23850.5,23836.5,23844
1757406000,23844.25,23853.25,23841.5,23852.5,0,0,0,0,0,0,0,NaN,23853.25,23841.5,23852.5
1757406300,23853.25,23854.5,23845.75,23848.75,0,0,0,0,0,0,0,NaN,23854.5,23845.75,23848.75
1757406600,23849.5,23855.75,23845.25,23849.25,0,0,0,0,0,0,0,NaN,23855.75,23845.25,23849.25
1757406900,23849.25,23852.5,23838.25,23840.25,0,0,0,0,0,0,0,NaN,23852.5,23838.25,23840.25
1757407200,23840.25,23849.75,23838,23845.75,0,0,0,0,0,0,0,NaN,23849.75,23838,23845.75
1757407500,23846.25,23846.25,23834.75,23835.75,0,0,0,0,0,0,0,NaN,23846.25,23834.75,23835.75
1757407800,23835.5,23840.25,23834,23837.25,0,0,0,0,0,0,0,NaN,23840.25,23834,23837.25
1757408100,23836.5,23844,23836.25,23844,0,0,0,0,0,0,0,NaN,23844,23836.25,23844
1757408400,23843,23848.25,23839,23845,0,0,0,0,0,0,0,NaN,23848.25,23839,23845
1757408700,23844,23848.25,23836,23836.75,0,0,0,0,0,0,0,NaN,23848.25,23836,23836.75
1757409000,23836,23850.5,23835.75,23850.25,0,0,0,0,0,0,0,NaN,23850.5,23835.75,23850.25
1757409300,23850.5,23854.75,23847.75,23851.5,0,0,0,0,0,0,0,NaN,23854.75,23847.75,23851.5
1757409600,23851.5,23853.25,23844.5,23847.5,0,0,0,0,0,0,0,NaN,23853.25,23844.5,23847.5
1757409900,23847.25,23853.75,23845.25,23847.75,0,0,0,0,0,0,0,NaN,23853.75,23845.25,23847.75
1757410200,23847.5,23851.25,23846.5,23847.5,0,0,0,0,0,0,0,NaN,23851.25,23846.5,23847.5
1757410500,23847.5,23852,23847.5,23851.25,0,0,0,0,0,0,0,NaN,23852,23847.5,23851.25
1757410800,23852,23856,23846.25,23849.75,0,0,0,0,0,0,0,NaN,23856,23846.25,23849.75
1757411100,23849.25,23852.5,23845.75,23852,0,0,0,0,0,0,0,NaN,23852.5,23845.75,23852
1757411400,23852,23852,23844.75,23845.75,0,0,0,0,0,0,0,NaN,23852,23844.75,23845.75
1757411700,23846,23849,23842.25,23844.25,0,0,0,0,0,0,0,NaN,23849,23842.25,23844.25
1757412000,23844.5,23847.25,23841.75,23843.75,0,0,0,0,0,0,0,NaN,23847.25,23841.75,23843.75
1757412300,23844,23852,23844,23852,0,0,0,0,0,0,0,NaN,23852,23844,23852
1757412600,23851,23856.75,23849,23854,0,0,0,0,0,0,0,NaN,23856.75,23849,23854
1757412900,23853,23856.75,23851.5,23851.75,0,0,0,0,0,0,0,NaN,23856.75,23851.5,23851.75
1757413200,23853,23855,23851.25,23852.25,0,0,0,0,0,0,0,NaN,23855,23851.25,23852.25
1757413500,23852.75,23855.5,23846.75,23847.25,0,0,0,0,0,0,0,NaN,23855.5,23846.75,23847.25
1757413800,23847.25,23849,23840.75,23848,0,0,0,0,0,0,0,NaN,23849,23840.75,23848
1757414100,23847.5,23854.5,23845.5,23854,0,0,0,0,0,0,0,NaN,23854.5,23845.5,23854
1757414400,23854.5,23860.25,23853.25,23856.25,0,0,0,0,0,0,0,NaN,23860.25,23853.25,23856.25
1757414700,23856,23857.25,23843.5,23844,0,0,0,0,0,0,0,NaN,23857.25,23843.5,23844
1757415000,23843.25,23847,23837.75,23841.25,0,0,0,0,0,0,0,NaN,23847,23837.75,23841.25
1757415300,23841.5,23845.5,23838.75,23845.5,0,0,0,0,0,0,0,NaN,23845.5,23838.75,23845.5
1757415600,23845.25,23845.25,23836.5,23836.75,0,0,0,0,0,0,0,NaN,23845.25,23836.5,23836.75
1757415900,23836.25,23843.25,23834.5,23839.75,0,0,0,0,0,0,0,NaN,23843.25,23834.5,23839.75
1757416200,23841,23842.5,23828.5,23831.5,0,0,0,0,0,0,0,NaN,23842.5,23828.5,23831.5
1757416500,23831,23831.5,23812.25,23814.5,0,0,0,0,0,0,0,NaN,23831.5,23812.25,23814.5
1757416800,23814,23826,23811.75,23823,0,0,0,0,0,0,0,NaN,23826,23811.75,23823
1757417100,23823,23825.25,23819.5,23821,0,0,0,0,0,0,0,NaN,23825.25,23819.5,23821
1757417400,23820.75,23832.75,23820.75,23831.5,0,0,0,0,0,0,0,NaN,23832.75,23820.75,23831.5
1757417700,23831,23833.75,23825.75,23833,0,0,0,0,0,0,0,NaN,23833.75,23825.75,23833
1757418000,23833.5,23837,23829.75,23836.75,0,0,0,0,0,0,0,NaN,23837,23829.75,23836.75
1757418300,23836.25,23849.75,23835.5,23848,0,0,0,0,0,0,0,NaN,23849.75,23835.5,23848
1757418600,23847.75,23850.75,23845.25,23847.75,0,0,0,0,0,0,0,NaN,23850.75,23845.25,23847.75
1757418900,23848,23853.25,23844,23849.75,0,0,0,0,0,0,0,NaN,23853.25,23844,23849.75
1757419200,23849.5,23849.75,23838.25,23849.25,0,0,0,0,0,0,0,NaN,23849.75,23838.25,23849.25
1757419500,23847.75,23849.25,23845.25,23847.25,0,0,0,0,0,0,0,NaN,23849.25,23845.25,23847.25
1757419800,23846.25,23856.75,23846.25,23853.25,0,0,0,0,0,0,0,NaN,23856.75,23846.25,23853.25
1757420100,23853.75,23857.25,23847.5,23849.75,0,0,0,0,0,0,0,NaN,23857.25,23847.5,23849.75
1757420400,23850.25,23854.75,23845.5,23845.5,0,0,0,0,0,0,0,NaN,23854.75,23845.5,23845.5
1757420700,23845.5,23852.25,23841.75,23852,0,0,0,0,0,0,0,NaN,23852.25,23841.75,23852
1757421000,23852.25,23852.25,23834.75,23842.75,0,0,0,0,0,0,0,NaN,23852.25,23834.75,23842.75
1757421300,23842.5,23851.75,23841.25,23849.5,0,0,0,0,0,0,0,NaN,23851.75,23841.25,23849.5
1757421600,23850,23851.5,23839.5,23842.75,0,0,0,0,0,0,0,NaN,23851.5,23839.5,23842.75
1757421900,23843,23845.75,23837,23839.75,0,0,0,0,0,0,0,NaN,23845.75,23837,23839.75
1757422200,23839.5,23841.5,23833,23839,0,0,0,0,0,0,0,NaN,23841.5,23833,23839
1757422500,23839,23844,23837.75,23839.75,0,0,0,0,0,0,0,NaN,23844,23837.75,23839.75
1757422800,23839.25,23840.25,23800.25,23807.75,0,0,0,0,0,0,0,NaN,23840.25,23800.25,23807.75
1757423100,23807.5,23828.75,23800,23828.75,0,0,0,0,0,0,0,NaN,23828.75,23800,23828.75
1757423400,23827.5,23828,23816,23823,0,0,0,0,0,0,0,NaN,23828,23816,23823
1757423700,23822.5,23825.5,23816.25,23819.75,0,0,0,0,0,0,0,NaN,23825.5,23816.25,23819.75
1757424000,23819.25,23825.75,23810,23817.75,0,0,0,0,0,0,0,NaN,23825.75,23810,23817.75
1757424300,23818,23838,23815.25,23835.25,0,0,0,0,0,0,0,NaN,23838,23815.25,23835.25
1757424600,23835.5,23857.75,23823,23842.75,0,0,0,0,0,0,0,NaN,23857.75,23823,23842.75
1757424900,23842.5,23848,23824.5,23834.25,0,0,0,0,0,0,0,NaN,23848,23824.5,23834.25
1757425200,23834.5,23843.5,23815.75,23841.25,0,0,0,0,0,0,0,NaN,23843.5,23815.75,23841.25
1757425500,23841.25,23848.75,23824.5,23829,0,0,0,0,0,0,0,NaN,23848.75,23824.5,23829
1757425800,23829.5,23832,23804.25,23807.25,0,0,0,0,0,0,0,NaN,23832,23804.25,23807.25
1757426100,23807.5,23836.75,23801.25,23815,0,0,0,0,0,0,0,NaN,23836.75,23801.25,23815
1757426400,23815.5,23833.25,23781.25,23795.5,0,0,0,0,0,0,0,NaN,23833.25,23781.25,23795.5
1757426700,23795.25,23834,23787.75,23831.75,0,0,0,0,0,0,0,NaN,23834,23787.75,23831.75
1757427000,23831.5,23850.75,23827,23835.75,0,0,0,0,0,0,0,NaN,23850.75,23827,23835.75
1757427300,23836,23841.75,23810,23816.75,0,0,0,0,0,0,0,NaN,23841.75,23810,23816.75
1757427600,23817.25,23828.25,23815,23818,0,0,0,0,0,0,0,NaN,23828.25,23815,23818
1757427900,23818.75,23822.75,23799.25,23810.5,0,0,0,0,0,0,0,NaN,23822.75,23799.25,23810.5
1757428200,23810.25,23812.25,23752.25,23754,0,0,0,0,0,0,0,NaN,23812.25,23752.25,23754
1757428500,23754.25,23761.75,23733.25,23743,0,0,0,0,0,0,0,NaN,23761.75,23733.25,23743
1757428800,23743.5,23758.25,23726,23744.25,0,0,0,0,0,0,0,NaN,23758.25,23726,23744.25
1757429100,23744.25,23764.5,23736.75,23760.75,0,0,0,0,0,0,0,NaN,23764.5,23736.75,23760.75
1757429400,23761,23789,23740.75,23787.5,0,0,0,0,0,0,0,NaN,23789,23740.75,23787.5
1757429700,23787.5,23803.75,23785.75,23785.75,0,0,0,0,0,0,0,NaN,23803.75,23785.75,23785.75
1757430000,23785.75,23803.5,23765.25,23772,0,0,0,0,0,0,0,NaN,23803.5,23765.25,23772
1757430300,23771.5,23778,23752,23773,0,0,0,0,0,0,0,NaN,23778,23752,23773
1757430600,23772.5,23784.25,23763.25,23776,0,0,0,0,0,0,0,NaN,23784.25,23763.25,23776
1757430900,23776.5,23790.25,23775.75,23782.5,0,0,0,0,0,0,0,NaN,23790.25,23775.75,23782.5
1757431200,23782.75,23790.5,23773.75,23779.25,0,0,0,0,0,0,0,NaN,23790.5,23773.75,23779.25
1757431500,23779.5,23787.5,23774,23784.25,0,0,0,0,0,0,0,NaN,23787.5,23774,23784.25
1757431800,23783.75,23786.25,23770.25,23773.25,0,0,0,0,0,0,0,NaN,23786.25,23770.25,23773.25
1757432100,23774,23778.5,23764.25,23769.75,0,0,0,0,0,0,0,NaN,23778.5,23764.25,23769.75
1757432400,23769.75,23771,23753.75,23761.25,0,0,0,0,0,0,0,NaN,23771,23753.75,23761.25
1757432700,23760.75,23775.75,23758,23759.25,0,0,0,0,0,0,0,NaN,23775.75,23758,23759.25
1757433000,23759.75,23812.5,23759.75,23805.5,0,0,0,0,0,0,0,NaN,23812.5,23759.75,23805.5
1757433300,23805.75,23812.75,23783.75,23784.5,0,0,0,0,0,0,0,NaN,23812.75,23783.75,23784.5
1757433600,23784.5,23801.5,23781.5,23798.25,0,0,0,0,0,0,0,NaN,23801.5,23781.5,23798.25
1757433900,23797.75,23807.25,23795,23806,0,0,0,0,0,0,0,NaN,23807.25,23795,23806
1757434200,23806,23821.5,23806,23819.75,0,0,0,0,0,0,0,NaN,23821.5,23806,23819.75
1757434500,23819.5,23833.75,23815.25,23816.75,0,0,0,0,0,0,0,NaN,23833.75,23815.25,23816.75
1757434800,23817.25,23818.25,23795.25,23812.25,0,0,0,0,0,0,0,NaN,23818.25,23795.25,23812.25
1757435100,23811.75,23821.5,23809.25,23818,0,0,0,0,0,0,0,NaN,23821.5,23809.25,23818
1757435400,23818.25,23820.5,23811.25,23820,0,0,0,0,0,0,0,NaN,23820.5,23811.25,23820
1757435700,23819.5,23821,23813.75,23819.25,0,0,0,0,0,0,0,NaN,23821,23813.75,23819.25
1757436000,23819.25,23822.25,23809.5,23812,0,0,0,0,0,0,0,NaN,23822.25,23809.5,23812
1757436300,23812,23823.5,23807.25,23817.25,0,0,0,0,0,0,0,NaN,23823.5,23807.25,23817.25
1757436600,23817,23819.5,23806.25,23811.25,0,0,0,0,0,0,0,NaN,23819.5,23806.25,23811.25
1757436900,23811.75,23830,23811.5,23821.5,0,0,0,0,0,0,0,NaN,23830,23811.5,23821.5
1757437200,23821.25,23837.25,23821,23835.25,0,0,0,0,0,0,0,NaN,23837.25,23821,23835.25
1757437500,23835.25,23846,23834.75,23843,0,0,0,0,0,0,0,NaN,23846,23834.75,23843
1757437800,23843,23855.5,23839,23839,0,0,0,0,0,0,0,NaN,23855.5,23839,23839
1757438100,23839.25,23852.25,23839.25,23840.25,0,0,0,0,0,0,0,NaN,23852.25,23839.25,23840.25
1757438400,23840.25,23849.75,23838.5,23849.5,0,0,0,0,0,0,0,NaN,23849.75,23838.5,23849.5
1757438700,23849,23854.25,23841.25,23841.75,0,0,0,0,0,0,0,NaN,23854.25,23841.25,23841.75
1757439000,23842.75,23847.5,23832.75,23834.5,0,0,0,0,0,0,0,NaN,23847.5,23832.75,23834.5
1757439300,23834,23839.25,23827.75,23837,0,0,0,0,0,0,0,NaN,23839.25,23827.75,23837
1757439600,23837.25,23838.25,23826.25,23833.25,0,0,0,0,0,0,0,NaN,23838.25,23826.25,23833.25
1757439900,23833,23844,23831.5,23839,0,0,0,0,0,0,0,NaN,23844,23831.5,23839
1757440200,23839,23845,23836.5,23843,0,0,0,0,0,0,0,NaN,23845,23836.5,23843
1757440500,23843.5,23846.25,23837.5,23839.5,0,0,0,0,0,0,0,NaN,23846.25,23837.5,23839.5
1757440800,23839.5,23845.25,23836,23841,0,0,0,0,0,0,0,NaN,23845.25,23836,23841
1757441100,23841.75,23848.25,23840.75,23847,0,0,0,0,0,0,0,NaN,23848.25,23840.75,23847
1757441400,23846.75,23848.75,23823.5,23843,0,0,0,0,0,0,0,NaN,23848.75,23823.5,23843
1757441700,23842.5,23846.75,23833.5,23841.25,0,0,0,0,0,0,0,NaN,23846.75,23833.5,23841.25
1757442000,23841.25,23846.5,23837.25,23840.5,0,0,0,0,0,0,0,NaN,23846.5,23837.25,23840.5
1757442300,23841,23841.5,23831.5,23833.5,0,0,0,0,0,0,0,NaN,23841.5,23831.5,23833.5
1757442600,23834,23838.5,23827,23828.5,0,0,0,0,0,0,0,NaN,23838.5,23827,23828.5
1757442900,23828.5,23832.25,23824.25,23824.5,0,0,0,0,0,0,0,NaN,23832.25,23824.25,23824.5
1757443200,23824.75,23835,23824,23828.75,0,0,0,0,0,0,0,NaN,23835,23824,23828.75
1757443500,23828.75,23845.25,23828.75,23844.5,0,0,0,0,0,0,0,NaN,23845.25,23828.75,23844.5
1757443800,23844.75,23847.75,23840.75,23846,0,0,0,0,0,0,0,NaN,23847.75,23840.75,23846
1757444100,23846.25,23849,23840.5,23843.75,0,0,0,0,0,0,0,NaN,23849,23840.5,23843.75
1757444400,23843.5,23848,23837.75,23846.25,0,0,0,0,0,0,0,NaN,23848,23837.75,23846.25
1757444700,23846,23847.25,23838.5,23840.5,0,0,0,0,0,0,0,NaN,23847.25,23838.5,23840.5
1757445000,23840.5,23843.5,23836,23838.25,0,0,0,0,0,0,0,NaN,23843.5,23836,23838.25
1757445300,23838.25,23850,23838.25,23848.25,0,0,0,0,0,0,0,NaN,23850,23838.25,23848.25
1757445600,23848.25,23859.5,23847.25,23854.5,0,0,0,0,0,0,0,NaN,23859.5,23847.25,23854.5
1757445900,23854.5,23861,23854.25,23856.5,0,0,0,0,0,0,0,NaN,23861,23854.25,23856.5
1757446200,23856.5,23860.75,23849.25,23858.75,0,0,0,0,0,0,0,NaN,23860.75,23849.25,23858.75
1757446500,23858.75,23861.25,23845.5,23849.25,0,0,0,0,0,0,0,NaN,23861.25,23845.5,23849.25
1757446800,23849.75,23849.75,23834.75,23845.75,0,0,0,0,0,0,0,NaN,23849.75,23834.75,23845.75
1757447100,23845.5,23854.75,23844.25,23851.5,0,0,0,0,0,0,0,NaN,23854.75,23844.25,23851.5
1757447400,23851,23875.25,23851,23870.75,0,0,0,0,0,0,0,NaN,23875.25,23851,23870.75
1757447700,23870.5,23890,23865,23867.75,0,0,0,0,0,0,0,NaN,23890,23865,23867.75
1757448000,23867.75,23871.25,23853.25,23858.25,0,0,0,0,0,0,0,NaN,23871.25,23853.25,23858.25
1757448300,23857.75,23865.5,23847.75,23862.25,0,0,0,0,0,0,0,NaN,23865.5,23847.75,23862.25
1757448600,23861.75,23880.5,23860.5,23878,0,0,0,0,0,0,0,NaN,23880.5,23860.5,23878
1757448900,23877.25,23888.25,23870.75,23887.25,0,0,0,0,0,0,0,NaN,23888.25,23870.75,23887.25
1757449200,23886.75,23894.75,23883,23891,0,0,0,0,0,0,0,NaN,23894.75,23883,23891
1757449500,23891.25,23904,23887,23897,0,0,0,0,0,0,0,NaN,23904,23887,23897
1757449800,23897.25,23902.25,23892,23899.5,0,0,0,0,0,0,0,NaN,23902.25,23892,23899.5
1757450100,23900,23909.25,23899,23904,0,0,0,0,0,0,0,NaN,23909.25,23899,23904
1757450400,23904.5,23921.25,23903.75,23908,0,0,0,0,0,0,0,NaN,23921.25,23903.75,23908
1757450700,23908.75,23912.5,23899,23904.5,0,0,0,0,0,0,0,NaN,23912.5,23899,23904.5
1757451000,23905,23906,23888,23889.75,0,0,0,0,0,0,0,NaN,23906,23888,23889.75
1757451300,23889.75,23891.5,23884.75,23889.75,0,0,0,0,0,0,0,NaN,23891.5,23884.75,23889.75
1757455200,23898.5,23907.25,23891,23892.5,0,0,0,0,0,0,0,NaN,23907.25,23891,23892.5
1757455500,23893,23905,23890,23905,0,0,0,0,0,0,0,NaN,23905,23890,23905
1757455800,23904.75,23911.5,23903.5,23908,0,0,0,0,0,0,0,NaN,23911.5,23903.5,23908
1757456100,23907.75,23910.25,23899,23900,0,0,0,0,0,0,0,NaN,23910.25,23899,23900
1757456400,23900.25,23901,23893.5,23895.75,0,0,0,0,0,0,0,NaN,23901,23893.5,23895.75
1757456700,23895.5,23901,23891,23897.25,0,0,0,0,0,0,0,NaN,23901,23891,23897.25
1757457000,23896.5,23905,23896.5,23902.5,0,0,0,0,0,0,0,NaN,23905,23896.5,23902.5
1757457300,23902.75,23902.75,23893,23899.25,0,0,0,0,0,0,0,NaN,23902.75,23893,23899.25
1757457600,23898.5,23899.25,23895,23896.75,0,0,0,0,0,0,0,NaN,23899.25,23895,23896.75
1757457900,23896.5,23900,23894.5,23900,0,0,0,0,0,0,0,NaN,23900,23894.5,23900
1757458200,23900,23902.75,23893.5,23895.75,0,0,0,0,0,0,0,NaN,23902.75,23893.5,23895.75
1757458500,23895.75,23900.5,23895.5,23895.75,0,0,0,0,0,0,0,NaN,23900.5,23895.5,23895.75
1757458800,23896.25,23898,23887.25,23888.75,0,0,0,0,0,0,0,NaN,23898,23887.25,23888.75
1757459100,23889,23894.5,23883.5,23893,0,0,0,0,0,0,0,NaN,23894.5,23883.5,23893
1757459400,23893.75,23894.75,23891.25,23892.25,0,0,0,0,0,0,0,NaN,23894.75,23891.25,23892.25
1757459700,23892,23894.25,23886.25,23888.75,0,0,0,0,0,0,0,NaN,23894.25,23886.25,23888.75
1757460000,23889.25,23890.25,23877.25,23882,0,0,0,0,0,0,0,NaN,23890.25,23877.25,23882
1757460300,23882,23882.75,23874,23876.5,0,0,0,0,0,0,0,NaN,23882.75,23874,23876.5
1757460600,23877.5,23879.75,23874.25,23876,0,0,0,0,0,0,0,NaN,23879.75,23874.25,23876
1757460900,23876.25,23881,23875.5,23879.75,0,0,0,0,0,0,0,NaN,23881,23875.5,23879.75
1757461200,23880.25,23886,23879.25,23885,0,0,0,0,0,0,0,NaN,23886,23879.25,23885
1757461500,23885.25,23889,23880,23883.75,0,0,0,0,0,0,0,NaN,23889,23880,23883.75
1757461800,23883.25,23891,23882.25,23889,0,0,0,0,0,0,0,NaN,23891,23882.25,23889
1757462100,23888.25,23888.25,23879.25,23885.75,0,0,0,0,0,0,0,NaN,23888.25,23879.25,23885.75
1757462400,23884.75,23887.5,23881.25,23883.25,0,0,0,0,0,0,0,NaN,23887.5,23881.25,23883.25
1757462700,23884,23891.5,23884,23888.25,0,0,0,0,0,0,0,NaN,23891.5,23884,23888.25
1757463000,23888.5,23896.75,23887.25,23893.75,0,0,0,0,0,0,0,NaN,23896.75,23887.25,23893.75
1757463300,23893.25,23896.25,23889.5,23894.25,0,0,0,0,0,0,0,NaN,23896.25,23889.5,23894.25
1757463600,23893.75,23897.5,23893.5,23895.75,0,0,0,0,0,0,0,NaN,23897.5,23893.5,23895.75
1757463900,23895.5,23899.5,23895.25,23896,0,0,0,0,0,0,0,NaN,23899.5,23895.25,23896
1757464200,23895.75,23898.75,23895.5,23896.5,0,0,0,0,0,0,0,NaN,23898.75,23895.5,23896.5
1757464500,23895.75,23898.75,23894,23897.25,0,0,0,0,0,0,0,NaN,23898.75,23894,23897.25
1757464800,23897,23898.5,23889,23896,0,0,0,0,0,0,0,NaN,23898.5,23889,23896
1757465100,23895.25,23895.75,23885.5,23887.75,0,0,0,0,0,0,0,NaN,23895.75,23885.5,23887.75
1757465400,23888,23892,23883.75,23884.5,0,0,0,0,0,0,0,NaN,23892,23883.75,23884.5
1757465700,23884.25,23886,23881.75,23886,0,0,0,0,0,0,0,NaN,23886,23881.75,23886
1757466000,23886.25,23891.5,23878.5,23881.5,0,0,0,0,0,0,0,NaN,23891.5,23878.5,23881.5
1757466300,23881.25,23884,23878.5,23881,0,0,0,0,0,0,0,NaN,23884,23878.5,23881
1757466600,23880.75,23882,23878,23881.5,0,0,0,0,0,0,0,NaN,23882,23878,23881.5
1757466900,23881.25,23885.25,23879.25,23883.75,0,0,0,0,0,0,0,NaN,23885.25,23879.25,23883.75
1757467200,23882.75,23888,23879.5,23887.5,0,0,0,0,0,0,0,NaN,23888,23879.5,23887.5
1757467500,23887.5,23898.75,23886.75,23897,0,0,0,0,0,0,0,NaN,23898.75,23886.75,23897
1757467800,23897,23904.5,23895.75,23903,0,0,0,0,0,0,0,NaN,23904.5,23895.75,23903
1757468100,23903.5,23904.75,23898,23899,0,0,0,0,0,0,0,NaN,23904.75,23898,23899
1757468400,23898.75,23900,23893.25,23896,0,0,0,0,0,0,0,NaN,23900,23893.25,23896
1757468700,23896.5,23902.25,23896.5,23899.25,0,0,0,0,0,0,0,NaN,23902.25,23896.5,23899.25
1757469000,23898.75,23900.5,23896.5,23900.25,0,0,0,0,0,0,0,NaN,23900.5,23896.5,23900.25
1757469300,23900.75,23906.25,23898.75,23903,0,0,0,0,0,0,0,NaN,23906.25,23898.75,23903
1757469600,23903.25,23906,23900.5,23902.75,0,0,0,0,0,0,0,NaN,23906,23900.5,23902.75
1757469900,23902.5,23903.25,23897.25,23899.25,0,0,0,0,0,0,0,NaN,23903.25,23897.25,23899.25
1757470200,23899.75,23904.25,23899.75,23903.5,0,0,0,0,0,0,0,NaN,23904.25,23899.75,23903.5
1757470500,23902.5,23905.5,23897.5,23905.25,0,0,0,0,0,0,0,NaN,23905.5,23897.5,23905.25
1757470800,23904.5,23906,23902,23905,0,0,0,0,0,0,0,NaN,23906,23902,23905
1757471100,23904.75,23907,23901.25,23905,0,0,0,0,0,0,0,NaN,23907,23901.25,23905
1757471400,23905.5,23917.75,23903.75,23913,0,0,0,0,0,0,0,NaN,23917.75,23903.75,23913
1757471700,23913.25,23915,23905,23906.75,0,0,0,0,0,0,0,NaN,23915,23905,23906.75
1757472000,23906.75,23910,23905.5,23907,0,0,0,0,0,0,0,NaN,23910,23905.5,23907
1757472300,23906.75,23910.5,23906.25,23909.5,0,0,0,0,0,0,0,NaN,23910.5,23906.25,23909.5
1757472600,23909.25,23912,23907.25,23908.25,0,0,0,0,0,0,0,NaN,23912,23907.25,23908.25
1757472900,23908.75,23913.75,23907.5,23911,0,0,0,0,0,0,0,NaN,23913.75,23907.5,23911
1757473200,23911,23916.75,23910.75,23915,0,0,0,0,0,0,0,NaN,23916.75,23910.75,23915
1757473500,23915,23915.5,23912,23912.75,0,0,0,0,0,0,0,NaN,23915.5,23912,23912.75
1757473800,23913,23915.75,23912.25,23914.75,0,0,0,0,0,0,0,NaN,23915.75,23912.25,23914.75
1757474100,23914.5,23916,23911.5,23912.5,0,0,0,0,0,0,0,NaN,23916,23911.5,23912.5
1757474400,23912.75,23915.5,23912,23914,0,0,0,0,0,0,0,NaN,23915.5,23912,23914
1757474700,23914.5,23914.75,23912.75,23912.75,0,0,0,0,0,0,0,NaN,23914.75,23912.75,23912.75
1757475000,23913.75,23915.75,23913,23913.75,0,0,0,0,0,0,0,NaN,23915.75,23913,23913.75
1757475300,23913.25,23916,23911.75,23915.75,0,0,0,0,0,0,0,NaN,23916,23911.75,23915.75
1757475600,23915.25,23918.75,23914,23914.75,0,0,0,0,0,0,0,NaN,23918.75,23914,23914.75
1757475900,23915,23915.5,23913.25,23914.75,0,0,0,0,0,0,0,NaN,23915.5,23913.25,23914.75
1757476200,23915,23918,23914.25,23917,0,0,0,0,0,0,0,NaN,23918,23914.25,23917
1757476500,23916.5,23918,23912.75,23917.75,0,0,0,0,0,0,0,NaN,23918,23912.75,23917.75
1757476800,23917.75,23920.75,23916.75,23920,0,0,0,1,0,0,0,NaN,23920.75,23916.75,23920
1757477100,23920,23922.75,23918.25,23919,0,0,0,0,0,0,0,NaN,23922.75,23918.25,23919
1757477400,23918.25,23920.25,23917.5,23919,0,0,0,0,0,0,0,NaN,23920.25,23917.5,23919
1757477700,23919.5,23921.25,23919.5,23920.5,0,0,0,0,0,0,0,NaN,23921.25,23919.5,23920.5
1757478000,23920.75,23921.5,23917,23917,0,0,0,0,0,0,0,NaN,23921.5,23917,23917
1757478300,23917.75,23919.25,23917.25,23918.75,0,0,0,0,0,0,0,NaN,23919.25,23917.25,23918.75
1757478600,23918.5,23925,23918.5,23919,0,0,0,0,0,0,0,NaN,23925,23918.5,23919
1757478900,23918.75,23920.75,23917,23920.75,0,0,0,0,0,0,0,NaN,23920.75,23917,23920.75
1757479200,23919.5,23920,23918.25,23919.5,0,0,0,0,0,0,0,NaN,23920,23918.25,23919.5
1757479500,23920.25,23920.25,23917.25,23920.25,0,0,0,0,0,0,0,NaN,23920.25,23917.25,23920.25
1757479800,23920.5,23921.5,23919.25,23920,0,0,0,0,0,0,0,NaN,23921.5,23919.25,23920
1757480100,23920.5,23923.5,23920.25,23922,0,0,0,0,0,0,0,NaN,23923.5,23920.25,23922
1757480400,23922.25,23923,23917.75,23918.25,0,0,0,0,0,0,0,NaN,23923,23917.75,23918.25
1757480700,23918.25,23919.25,23915.25,23916,0,0,0,0,0,0,0,NaN,23919.25,23915.25,23916
1757481000,23915.75,23918.75,23912,23917.75,0,0,0,0,0,0,0,NaN,23918.75,23912,23917.75
1757481300,23918,23918.25,23912.25,23917.25,0,0,0,0,0,0,0,NaN,23918.25,23912.25,23917.25
1757481600,23917,23920.75,23916.5,23919.25,0,0,0,0,0,0,0,NaN,23920.75,23916.5,23919.25
1757481900,23919,23922.25,23918,23920.25,0,0,0,0,0,0,0,NaN,23922.25,23918,23920.25
1757482200,23920.25,23928.75,23913.25,23915.25,0,0,0,0,0,0,0,NaN,23928.75,23913.25,23915.25
1757482500,23915,23918.5,23913,23918.5,0,0,0,0,0,0,0,NaN,23918.5,23913,23918.5
1757482800,23918.25,23919,23913.5,23917,0,0,0,0,0,0,0,NaN,23919,23913.5,23917
1757483100,23916.75,23919.75,23916,23919.25,0,0,0,0,0,0,0,NaN,23919.75,23916,23919.25
1757483400,23919,23920,23914.75,23918.25,0,0,0,0,0,0,0,NaN,23920,23914.75,23918.25
1757483700,23918.75,23921,23915.25,23919,0,0,0,0,0,0,0,NaN,23921,23915.25,23919
1757484000,23919.5,23920.25,23915,23916.75,0,0,0,0,0,0,0,NaN,23920.25,23915,23916.75
1757484300,23917.5,23922.75,23912.5,23920.75,0,0,0,0,0,0,0,NaN,23922.75,23912.5,23920.75
1757484600,23920,23928.5,23915.5,23926.25,0,0,0,0,0,0,0,NaN,23928.5,23915.5,23926.25
1757484900,23926.75,23928.75,23921.5,23928,0,0,0,0,0,0,0,NaN,23928.75,23921.5,23928
1757485200,23928,23936,23928,23934.75,0,0,0,0,0,0,0,NaN,23936,23928,23934.75
1757485500,23934.25,23938.5,23933,23936.5,0,0,0,0,0,0,0,NaN,23938.5,23933,23936.5
1757485800,23936,23941,23936,23937.75,0,0,0,0,0,0,0,NaN,23941,23936,23937.75
1757486100,23938,23944.5,23938,23943.25,0,0,0,0,0,0,0,NaN,23944.5,23938,23943.25
1757486400,23943,23948.75,23940,23946.25,0,0,0,0,0,0,0,NaN,23948.75,23940,23946.25
1757486700,23946,23946,23936.5,23938,0,0,0,0,0,0,0,NaN,23946,23936.5,23938
1757487000,23937.5,23942.75,23930.25,23940.25,0,0,0,0,0,0,0,NaN,23942.75,23930.25,23940.25
1757487300,23940.5,23944.75,23936,23944.25,0,0,0,0,0,0,0,NaN,23944.75,23936,23944.25
1757487600,23943.25,23945.75,23937,23942.25,0,0,0,0,0,0,0,NaN,23945.75,23937,23942.25
1757487900,23942.5,23945.75,23940,23944.75,0,0,0,0,0,0,0,NaN,23945.75,23940,23944.75
1757488200,23945.5,23954,23945.25,23951,0,0,0,0,0,0,0,NaN,23954,23945.25,23951
1757488500,23951.25,23952.25,23941,23942,0,0,0,0,0,0,0,NaN,23952.25,23941,23942
1757488800,23942.25,23947,23941,23946.5,0,0,0,0,0,0,0,NaN,23947,23941,23946.5
1757489100,23946.75,23948.25,23942.75,23943.75,0,0,0,0,0,0,0,NaN,23948.25,23942.75,23943.75
1757489400,23943,23946.75,23938,23939.75,0,0,0,0,0,0,0,NaN,23946.75,23938,23939.75
1757489700,23940,23942.75,23935.75,23938,0,0,0,0,0,0,0,NaN,23942.75,23935.75,23938
1757490000,23938.25,23944.5,23935.25,23938.5,0,0,0,0,0,0,0,NaN,23944.5,23935.25,23938.5
1757490300,23939.25,23946.5,23936.5,23940,0,0,0,0,0,0,0,NaN,23946.5,23936.5,23940
1757490600,23940,23943.25,23935.75,23942,0,0,0,0,0,0,0,NaN,23943.25,23935.75,23942
1757490900,23942.5,23946.5,23937,23938,0,0,0,0,0,0,0,NaN,23946.5,23937,23938
1757491200,23938,23940,23927,23929.25,0,0,0,0,0,0,0,NaN,23940,23927,23929.25
1757491500,23929.5,23929.75,23917.75,23918.75,0,0,0,0,0,0,0,NaN,23929.75,23917.75,23918.75
1757491800,23918.5,23929.5,23918,23928.25,0,0,0,0,0,0,0,NaN,23929.5,23918,23928.25
1757492100,23928.25,23931.75,23921.5,23921.5,0,0,0,0,0,0,0,NaN,23931.75,23921.5,23921.5
1757492400,23921.25,23921.5,23908.5,23917.25,0,0,0,0,0,0,0,NaN,23921.5,23908.5,23917.25
1757492700,23916.75,23920,23910,23910,0,0,0,0,0,0,0,NaN,23920,23910,23910
1757493000,23910.5,23912.25,23893,23895.75,0,0,0,0,0,0,0,NaN,23912.25,23893,23895.75
1757493300,23895,23900.25,23888.5,23898.5,0,0,0,0,0,0,0,NaN,23900.25,23888.5,23898.5
1757493600,23899,23899,23890.75,23891.75,0,0,0,0,0,0,0,NaN,23899,23890.75,23891.75
1757493900,23891.25,23904,23887.25,23902.5,0,0,0,0,0,0,0,NaN,23904,23887.25,23902.5
1757494200,23902.75,23904.75,23891.75,23892,0,0,0,0,0,0,0,NaN,23904.75,23891.75,23892
1757494500,23892.25,23898.75,23892.25,23895.75,0,0,0,0,0,0,0,NaN,23898.75,23892.25,23895.75
1757494800,23896,23900.75,23887.5,23889.5,0,0,0,0,0,0,0,NaN,23900.75,23887.5,23889.5
1757495100,23888.75,23895.75,23887.75,23889.25,0,0,0,0,0,0,0,NaN,23895.75,23887.75,23889.25
1757495400,23889,23895.75,23885.25,23894.25,0,0,0,0,0,0,0,NaN,23895.75,23885.25,23894.25
1757495700,23893.75,23893.75,23883,23884,0,0,0,0,0,0,0,NaN,23893.75,23883,23884
1757496000,23883.25,23889.75,23882.25,23888.25,0,0,0,0,0,0,0,NaN,23889.75,23882.25,23888.25
1757496300,23889,23894.5,23888.25,23888.5,0,0,0,0,0,0,0,NaN,23894.5,23888.25,23888.5
1757496600,23889,23894.25,23885.75,23889.25,0,0,0,0,0,0,0,NaN,23894.25,23885.75,23889.25
1757496900,23889.25,23897,23889.25,23894,0,0,0,0,0,0,0,NaN,23897,23889.25,23894
1757497200,23893.75,23901.75,23891,23901.25,0,0,0,0,0,0,0,NaN,23901.75,23891,23901.25
1757497500,23901.25,23907.5,23900.5,23907.25,0,0,0,0,0,0,0,NaN,23907.5,23900.5,23907.25
1757497800,23907.25,23910.25,23904.25,23907.5,0,0,0,0,0,0,0,NaN,23910.25,23904.25,23907.5
1757498100,23907.5,23909.75,23905.5,23909.25,0,0,0,0,0,0,0,NaN,23909.75,23905.5,23909.25
1757498400,23908,23909,23903.5,23907.5,0,0,0,0,0,0,0,NaN,23909,23903.5,23907.5
1757498700,23907.25,23910.5,23905.5,23910.5,0,0,0,0,0,0,0,NaN,23910.5,23905.5,23910.5
1757499000,23910.5,23915.5,23910,23913.75,0,0,0,0,0,0,0,NaN,23915.5,23910,23913.75
1757499300,23914,23914,23906.75,23912.25,0,0,0,0,0,0,0,NaN,23914,23906.75,23912.25
1757499600,23911.25,23917,23907.5,23916.5,0,0,0,0,0,0,0,NaN,23917,23907.5,23916.5
1757499900,23916.25,23921,23915.75,23919.75,0,0,0,0,0,0,0,NaN,23921,23915.75,23919.75
1757500200,23919,23924.75,23916.75,23918.75,0,0,0,0,0,0,0,NaN,23924.75,23916.75,23918.75
1757500500,23918.5,23926.25,23917.5,23923.5,0,0,0,0,0,0,0,NaN,23926.25,23917.5,23923.5
1757500800,23923.25,23926.75,23919.75,23926,0,0,0,0,0,0,0,NaN,23926.75,23919.75,23926
1757501100,23925.25,23926.25,23920.75,23921.75,0,0,0,0,0,0,0,NaN,23926.25,23920.75,23921.75
1757501400,23922.25,23926.25,23921,23925.25,0,0,0,0,0,0,0,NaN,23926.25,23921,23925.25
1757501700,23925.5,23926.5,23921.75,23924.75,0,0,0,0,0,0,0,NaN,23926.5,23921.75,23924.75
1757502000,23925,23928,23922.5,23926.25,0,0,0,0,0,0,0,NaN,23928,23922.5,23926.25
1757502300,23926.5,23928,23925.25,23927,0,0,0,0,0,0,0,NaN,23928,23925.25,23927
1757502600,23926.75,23929.5,23923.75,23928,0,0,0,0,0,0,0,NaN,23929.5,23923.75,23928
1757502900,23928,23931.25,23922.5,23930,0,0,0,0,0,0,0,NaN,23931.25,23922.5,23930
1757503200,23929.75,23935.5,23925.5,23927,0,0,0,0,0,0,0,NaN,23935.5,23925.5,23927
1757503500,23926.75,23930,23923.25,23927.5,0,0,0,0,0,0,0,NaN,23930,23923.25,23927.5
1757503800,23928.25,23936,23927.75,23935.75,0,0,0,0,0,0,0,NaN,23936,23927.75,23935.75
1757504100,23935.75,23947.75,23935,23945,0,0,0,0,0,0,0,NaN,23947.75,23935,23945
1757504400,23945.25,23955,23944.5,23954.25,0,0,0,0,0,0,0,NaN,23955,23944.5,23954.25
1757504700,23954,23957.5,23951.25,23952.5,0,0,0,0,0,0,0,NaN,23957.5,23951.25,23952.5
1757505000,23952.25,23954.75,23948.5,23950.5,0,0,0,0,0,0,0,NaN,23954.75,23948.5,23950.5
1757505300,23951,23953.75,23947.75,23948.25,0,0,0,0,0,0,0,NaN,23953.75,23947.75,23948.25
1757505600,23948.5,23962.75,23942,23962.5,0,0,0,0,0,0,0,NaN,23962.75,23942,23962.5
1757505900,23962.5,23964.5,23952.5,23958.75,0,0,0,0,0,0,0,NaN,23964.5,23952.5,23958.75
1757506200,23959,23959.5,23947.5,23948.25,0,0,0,0,0,0,0,NaN,23959.5,23947.5,23948.25
1757506500,23948,23950.25,23941.5,23949.5,0,0,0,0,0,0,0,NaN,23950.25,23941.5,23949.5
1757506800,23948.75,23949.5,23938.25,23938.25,0,0,0,0,0,0,0,NaN,23949.5,23938.25,23938.25
1757507100,23938.5,23943.75,23934.25,23939,0,0,0,0,0,0,0,NaN,23943.75,23934.25,23939
1757507400,23938,24044.25,23926.5,24020.5,0,0,0,0,0,0,0,NaN,24044.25,23926.5,24020.5
1757507700,24020.25,24024,23992.25,24002.5,0,0,0,0,0,0,0,NaN,24024,23992.25,24002.5
1757508000,24002.75,24010.75,23996.25,24010.75,0,0,0,0,0,0,0,NaN,24010.75,23996.25,24010.75
1757508300,24010.75,24014.25,23996.5,24002,0,0,0,0,0,0,0,NaN,24014.25,23996.5,24002
1757508600,24001.5,24007,23995.25,23999.25,0,0,0,0,0,0,0,NaN,24007,23995.25,23999.25
1757508900,23999.25,24006.5,23997.5,24004.5,0,0,0,0,0,0,0,NaN,24006.5,23997.5,24004.5
1757509200,24004,24005.75,23977.75,23985,0,0,0,0,0,0,0,NaN,24005.75,23977.75,23985
1757509500,23984.75,23990,23978.5,23988.75,0,0,0,0,0,0,0,NaN,23990,23978.5,23988.75
1757509800,23989.5,24002.25,23986,23998.5,0,0,0,0,0,0,0,NaN,24002.25,23986,23998.5
1757510100,23998.25,24010,23997.75,24007.75,0,0,0,0,0,0,0,NaN,24010,23997.75,24007.75
1757510400,24007.5,24012.5,24004.25,24006,0,0,0,0,0,0,0,NaN,24012.5,24004.25,24006
1757510700,24006.75,24015,23996,23998.5,0,0,0,0,0,0,0,NaN,24015,23996,23998.5
1757511000,23998.75,24000.5,23931.75,23962.75,0,0,0,0,0,0,0,NaN,24000.5,23931.75,23962.75
1757511300,23962.25,23976,23925.25,23940.5,0,0,0,0,0,0,0,NaN,23976,23925.25,23940.5
1757511600,23940.5,23952,23917.75,23931.25,0,0,0,0,0,0,0,NaN,23952,23917.75,23931.25
1757511900,23931,23946.75,23910.25,23944.5,0,0,0,0,0,0,0,NaN,23946.75,23910.25,23944.5
1757512200,23944.5,23953,23900.25,23915.75,0,0,0,0,0,0,0,NaN,23953,23900.25,23915.75
1757512500,23916,23936,23905,23930.25,0,0,0,0,0,0,0,NaN,23936,23905,23930.25
1757512800,23930.75,23970,23924.75,23963,0,0,0,0,0,0,0,NaN,23970,23924.75,23963
1757513100,23963.25,23977,23945,23954.25,0,0,0,0,0,0,0,NaN,23977,23945,23954.25
1757513400,23954,23972,23946.25,23958.5,0,0,0,0,0,0,0,NaN,23972,23946.25,23958.5
1757513700,23958.25,23976.5,23948.75,23969.75,0,0,0,0,0,0,0,NaN,23976.5,23948.75,23969.75
1757514000,23969.75,23984.25,23960.25,23982.25,0,0,0,0,0,0,0,NaN,23984.25,23960.25,23982.25
1757514300,23982,23985.75,23959.75,23964.75,0,0,0,0,0,0,0,NaN,23985.75,23959.75,23964.75
1757514600,23963.75,23981.75,23960.5,23969.25,0,0,0,0,0,0,0,NaN,23981.75,23960.5,23969.25
1757514900,23969.5,23982.5,23957.5,23971.25,0,0,0,0,0,0,0,NaN,23982.5,23957.5,23971.25
1757515200,23970.75,23981.75,23962.75,23977,0,0,0,0,0,0,0,NaN,23981.75,23962.75,23977
1757515500,23976.75,23991,23972,23977.75,0,0,0,0,0,0,0,NaN,23991,23972,23977.75
1757515800,23978,23987.25,23959,23970,0,0,0,0,0,0,0,NaN,23987.25,23959,23970
1757516100,23969.5,23983.5,23958.5,23966.75,0,0,0,0,0,0,0,NaN,23983.5,23958.5,23966.75
1757516400,23966.75,23979,23960,23970.75,0,0,0,0,0,0,0,NaN,23979,23960,23970.75
1757516700,23970.75,23975.75,23959,23967.5,0,0,0,0,0,0,0,NaN,23975.75,23959,23967.5
1757517000,23967.75,23978.25,23966,23969,0,0,0,0,0,0,0,NaN,23978.25,23966,23969
1757517300,23969,23969.5,23936,23938.75,0,0,0,0,0,0,0,NaN,23969.5,23936,23938.75
1757517600,23938.25,23941.5,23926,23935,0,0,0,0,0,0,0,NaN,23941.5,23926,23935
1757517900,23934.75,23949.5,23922.5,23942.25,0,0,0,0,0,0,0,NaN,23949.5,23922.5,23942.25
1757518200,23943.5,23947,23923,23933.5,0,0,0,0,0,0,0,NaN,23947,23923,23933.5
1757518500,23933.25,23952.75,23927.75,23948.25,0,0,0,0,0,0,0,NaN,23952.75,23927.75,23948.25
1757518800,23948.25,23955.75,23944,23955.25,0,0,0,0,0,0,0,NaN,23955.75,23944,23955.25
1757519100,23955,23961.75,23948.25,23960.25,0,0,0,0,0,0,0,NaN,23961.75,23948.25,23960.25
1757519400,23960.25,23969.5,23958,23968,0,0,0,0,0,0,0,NaN,23969.5,23958,23968
1757519700,23967.75,23968.25,23949.5,23949.75,0,0,0,0,0,0,0,NaN,23968.25,23949.5,23949.75
1757520000,23950.25,23950.75,23928.25,23932,0,0,0,0,0,0,0,NaN,23950.75,23928.25,23932
1757520300,23932.25,23938,23923.5,23932,0,0,0,0,0,0,0,NaN,23938,23923.5,23932
1757520600,23932.25,23941.5,23931.25,23932.5,0,0,0,0,0,0,0,NaN,23941.5,23931.25,23932.5
1757520900,23933.25,23941,23919,23919.5,0,0,0,0,0,0,0,NaN,23941,23919,23919.5
1757521200,23919.75,23923,23904.5,23919.75,0,0,0,0,0,0,0,NaN,23923,23904.5,23919.75
1757521500,23920.25,23925.5,23914.75,23917.25,0,0,0,0,0,0,0,NaN,23925.5,23914.75,23917.25
1757521800,23917,23926.75,23917,23924.75,0,0,0,0,0,0,0,NaN,23926.75,23917,23924.75
1757522100,23924.25,23926.5,23912,23913.75,0,0,0,0,0,0,0,NaN,23926.5,23912,23913.75
1757522400,23914.25,23918,23901,23902.25,0,0,0,0,0,0,0,NaN,23918,23901,23902.25
1757522700,23902.75,23910.5,23897.25,23900.75,0,0,0,0,0,0,0,NaN,23910.5,23897.25,23900.75
1757523000,23901,23915,23898.5,23911,0,0,0,0,0,0,0,NaN,23915,23898.5,23911
1757523300,23911.5,23926.5,23911.5,23924.5,0,0,0,0,0,0,0,NaN,23926.5,23911.5,23924.5
1757523600,23924,23940.25,23919.75,23928.75,0,0,0,0,0,0,0,NaN,23940.25,23919.75,23928.75
1757523900,23929,23932.25,23920.75,23931.25,0,0,0,0,0,0,0,NaN,23932.25,23920.75,23931.25
1757524200,23930.75,23932,23923,23924.25,0,0,0,0,0,0,0,NaN,23932,23923,23924.25
1757524500,23925,23926.25,23910.5,23912,0,0,0,0,0,0,0,NaN,23926.25,23910.5,23912
1757524800,23912,23916.75,23889.5,23897.5,0,0,0,0,0,0,0,NaN,23916.75,23889.5,23897.5
1757525100,23897.25,23897.5,23872.5,23884.25,0,0,0,0,0,0,0,NaN,23897.5,23872.5,23884.25
1757525400,23884.5,23898,23877.5,23896.5,0,0,0,0,0,0,0,NaN,23898,23877.5,23896.5
1757525700,23896.25,23906.5,23888,23891,0,0,0,0,0,0,0,NaN,23906.5,23888,23891
1757526000,23890.75,23907.5,23887.5,23899.75,0,0,0,0,0,0,0,NaN,23907.5,23887.5,23899.75
1757526300,23899,23905.5,23893.75,23902.5,0,0,0,0,0,0,0,NaN,23905.5,23893.75,23902.5
1757526600,23903,23909.25,23880.25,23891.5,0,0,0,0,0,0,0,NaN,23909.25,23880.25,23891.5
1757526900,23891.25,23899.25,23881.25,23897.25,0,0,0,0,0,0,0,NaN,23899.25,23881.25,23897.25
1757527200,23897.75,23899.75,23890,23893,0,0,0,0,0,0,0,NaN,23899.75,23890,23893
1757527500,23892.5,23892.5,23881,23882,0,0,0,0,0,0,0,NaN,23892.5,23881,23882
1757527800,23882.25,23890.5,23876,23888.25,0,0,0,0,0,0,0,NaN,23890.5,23876,23888.25
1757528100,23887.75,23888,23857.25,23861,0,0,0,0,0,0,0,NaN,23888,23857.25,23861
1757528400,23861.25,23871.25,23856.75,23862.75,0,0,0,0,0,0,0,NaN,23871.25,23856.75,23862.75
1757528700,23863,23865.25,23845.75,23857.75,0,0,0,0,0,0,0,NaN,23865.25,23845.75,23857.75
1757529000,23857.75,23879,23854.25,23878,0,0,0,0,0,0,0,NaN,23879,23854.25,23878
1757529300,23877.75,23879.5,23858.75,23867,0,0,0,0,0,0,0,NaN,23879.5,23858.75,23867
1757529600,23867.25,23876.75,23860.25,23861.25,0,0,0,0,0,0,0,NaN,23876.75,23860.25,23861.25
1757529900,23861.5,23867.25,23840,23848,0,0,0,0,0,0,0,NaN,23867.25,23840,23848
1757530200,23848,23848.5,23835.75,23844.75,0,0,0,0,0,0,0,NaN,23848.5,23835.75,23844.75
1757530500,23845,23867.25,23844,23862.25,0,0,0,0,0,0,0,NaN,23867.25,23844,23862.25
1757530800,23862.5,23866.5,23838.5,23841.75,0,0,0,0,0,0,0,NaN,23866.5,23838.5,23841.75
1757531100,23841.75,23850.25,23823.75,23829.25,0,0,0,0,0,0,0,NaN,23850.25,23823.75,23829.25
1757531400,23828.25,23834.25,23805,23806.5,0,0,0,0,0,0,0,NaN,23834.25,23805,23806.5
1757531700,23806.75,23823.25,23801.5,23819.25,0,0,0,0,0,0,0,NaN,23823.25,23801.5,23819.25
1757532000,23819.25,23819.25,23785,23805,0,0,0,0,0,0,0,NaN,23819.25,23785,23805
1757532300,23805,23815.5,23801.25,23809.5,0,0,0,0,0,0,0,NaN,23815.5,23801.25,23809.5
1757532600,23810,23840,23809.25,23829.5,0,0,0,0,0,0,0,NaN,23840,23809.25,23829.5
1757532900,23830,23840.25,23812,23814.5,0,0,0,0,0,0,0,NaN,23840.25,23812,23814.5
1757533200,23814.25,23864.5,23808.75,23863,0,0,0,0,0,0,0,NaN,23864.5,23808.75,23863
1757533500,23863,23867.75,23850,23863.75,0,0,0,0,0,0,0,NaN,23867.75,23850,23863.75
1757533800,23863.75,23883.25,23863.25,23869.5,0,0,0,0,0,0,0,NaN,23883.25,23863.25,23869.5
1757534100,23869.25,23893,23868.75,23874.25,0,0,0,0,0,0,0,NaN,23893,23868.75,23874.25
1757534400,23874.5,23885.25,23866.25,23880.5,0,0,0,0,0,0,0,NaN,23885.25,23866.25,23880.5
1757534700,23880.5,23881.5,23873,23878.75,0,0,0,0,0,0,0,NaN,23881.5,23873,23878.75
1757535000,23878.75,23878.75,23870,23871,0,0,0,0,0,0,0,NaN,23878.75,23870,23871
1757535300,23871.25,23875.75,23867.25,23870.25,0,0,0,0,0,0,0,NaN,23875.75,23867.25,23870.25
1757535600,23869.75,23870.5,23865.25,23869.25,0,0,0,0,0,0,0,NaN,23870.5,23865.25,23869.25
1757535900,23869.25,23875.5,23868.75,23874.5,0,0,0,0,0,0,0,NaN,23875.5,23868.75,23874.5
1757536200,23874,23874.5,23869.25,23871.25,0,0,0,0,0,0,0,NaN,23874.5,23869.25,23871.25
1757536500,23870.75,23874,23869.5,23871,0,0,0,0,0,0,0,NaN,23874,23869.5,23871
1757536800,23870.75,23871.25,23867,23867.5,0,0,0,0,0,0,0,NaN,23871.25,23867,23867.5
1757537100,23867.5,23867.75,23857.25,23857.75,0,0,0,0,0,0,0,NaN,23867.75,23857.25,23857.75
1757537400,23857.75,23863.25,23857.5,23859.75,0,0,0,0,0,0,0,NaN,23863.25,23857.5,23859.75
1757537700,23859.25,23863,23858,23858,0,0,0,0,0,0,0,NaN,23863,23858,23858
1757541600,23853.75,23879.5,23852.75,23874.5,0,0,0,0,0,0,0,NaN,23879.5,23852.75,23874.5
1757541900,23874.5,23878.75,23870.25,23872,0,0,0,0,0,0,0,NaN,23878.75,23870.25,23872
1757542200,23871.75,23879.75,23869.25,23871.25,0,0,0,0,0,0,0,NaN,23879.75,23869.25,23871.25
1757542500,23870.75,23874,23867.25,23873.75,0,0,0,0,0,0,0,NaN,23874,23867.25,23873.75
1757542800,23874,23879.5,23869.75,23872,0,0,0,0,0,0,0,NaN,23879.5,23869.75,23872
1757543100,23871,23876.25,23869.75,23874.25,0,0,0,0,0,0,0,NaN,23876.25,23869.75,23874.25
1757543400,23874.5,23878.75,23874.5,23877.5,0,0,0,0,0,0,0,NaN,23878.75,23874.5,23877.5
1757543700,23877,23880,23876.75,23878.75,0,0,0,0,0,0,0,NaN,23880,23876.75,23878.75
1757544000,23879,23886.75,23879,23886.75,0,0,0,0,0,0,0,NaN,23886.75,23879,23886.75
1757544300,23886.5,23898.75,23885.75,23898.75,0,0,0,0,0,0,0,NaN,23898.75,23885.75,23898.75
1757544600,23898.5,23899.5,23890,23891.75,0,0,0,0,0,0,0,NaN,23899.5,23890,23891.75
1757544900,23892.75,23908.75,23892.75,23897,0,0,0,0,0,0,0,NaN,23908.75,23892.75,23897
1757545200,23897,23899,23892.5,23897,0,0,0,0,0,0,0,NaN,23899,23892.5,23897
1757545500,23897.5,23909.75,23897.5,23908,0,0,0,0,0,0,0,NaN,23909.75,23897.5,23908
1757545800,23908.25,23909.75,23900.25,23902.5,0,0,0,0,0,0,0,NaN,23909.75,23900.25,23902.5
1757546100,23902.75,23915,23900.75,23905,0,0,0,0,0,0,0,NaN,23915,23900.75,23905
1757546400,23906.25,23908.5,23903.75,23904.5,0,0,0,0,0,0,0,NaN,23908.5,23903.75,23904.5
1757546700,23904.5,23906,23899.75,23900.75,0,0,0,0,0,0,0,NaN,23906,23899.75,23900.75
1757547000,23901.25,23903.75,23898.25,23901,0,0,0,0,0,0,0,NaN,23903.75,23898.25,23901
1757547300,23900.75,23903.5,23900.25,23900.25,0,0,0,0,0,0,0,NaN,23903.5,23900.25,23900.25
1757547600,23901.5,23901.5,23893.5,23898.25,0,0,0,0,0,0,0,NaN,23901.5,23893.5,23898.25
1757547900,23898.75,23899.75,23894.25,23896.75,0,0,0,0,0,0,0,NaN,23899.75,23894.25,23896.75
1757548200,23896.5,23898.5,23892.5,23896.5,0,0,0,0,0,0,0,NaN,23898.5,23892.5,23896.5
1757548500,23896.25,23901,23895,23901,0,0,0,0,0,0,0,NaN,23901,23895,23901
1757548800,23900.25,23905.5,23893,23895.25,0,0,0,0,0,0,0,NaN,23905.5,23893,23895.25
1757549100,23895.5,23897,23887.25,23887.25,0,0,0,0,0,0,0,NaN,23897,23887.25,23887.25
1757549400,23888,23891,23882.5,23883.75,0,0,0,0,0,0,0,NaN,23891,23882.5,23883.75
1757549700,23883.75,23883.75,23871.5,23877.25,0,0,0,0,0,0,0,NaN,23883.75,23871.5,23877.25
1757550000,23877.25,23889,23876.5,23885,0,0,0,0,0,0,0,NaN,23889,23876.5,23885
1757550300,23885,23892.25,23884.25,23885,0,0,0,0,0,0,0,NaN,23892.25,23884.25,23885
1757550600,23885,23897.75,23881.5,23894,0,0,0,0,0,0,0,NaN,23897.75,23881.5,23894
1757550900,23892.75,23900,23891,23899.5,0,0,0,0,0,0,0,NaN,23900,23891,23899.5
1757551200,23899.5,23901.75,23895.5,23901.25,0,0,0,0,0,0,0,NaN,23901.75,23895.5,23901.25
1757551500,23900.75,23908.25,23899.5,23908.25,0,0,0,0,0,0,0,NaN,23908.25,23899.5,23908.25
1757551800,23908.5,23912.25,23900,23902.5,0,0,0,0,0,0,0,NaN,23912.25,23900,23902.5
1757552100,23902.5,23907.5,23901,23904.5,0,0,0,0,0,0,0,NaN,23907.5,23901,23904.5
1757552400,23904.25,23908.25,23899,23906.25,0,0,0,0,0,0,0,NaN,23908.25,23899,23906.25
1757552700,23906,23909.5,23905,23909.5,0,0,0,0,0,0,0,NaN,23909.5,23905,23909.5
1757553000,23909.5,23911.5,23905.5,23906.75,0,0,0,0,0,0,0,NaN,23911.5,23905.5,23906.75
1757553300,23906.25,23909,23904.5,23907,0,0,0,0,0,0,0,NaN,23909,23904.5,23907
1757553600,23906.25,23910,23902.5,23904.5,0,0,0,0,0,0,0,NaN,23910,23902.5,23904.5
1757553900,23904.5,23912.25,23903.75,23911.5,0,0,0,0,0,0,0,NaN,23912.25,23903.75,23911.5
1757554200,23910.75,23915.5,23909.25,23913.75,0,0,0,0,0,0,0,NaN,23915.5,23909.25,23913.75
1757554500,23913.5,23916.75,23906.5,23907.25,0,0,0,0,0,0,0,NaN,23916.75,23906.5,23907.25
1757554800,23908.5,23914.5,23908.5,23912.75,0,0,0,0,0,0,0,NaN,23914.5,23908.5,23912.75
1757555100,23911.25,23911.25,23904.25,23905.25,0,0,0,0,0,0,0,NaN,23911.25,23904.25,23905.25
1757555400,23905,23910,23902.75,23908.75,0,0,0,0,0,0,0,NaN,23910,23902.75,23908.75
1757555700,23909.5,23910.25,23904.75,23907.5,0,0,0,0,0,0,0,NaN,23910.25,23904.75,23907.5
1757556000,23907,23909.25,23902.5,23902.5,0,0,0,0,0,0,0,NaN,23909.25,23902.5,23902.5
1757556300,23902.5,23904.5,23899.75,23902,0,0,0,0,0,0,0,NaN,23904.5,23899.75,23902
1757556600,23903.5,23907,23902,23904.75,0,0,0,0,0,0,0,NaN,23907,23902,23904.75
1757556900,23905.25,23905.5,23900.5,23902.25,0,0,0,0,0,0,0,NaN,23905.5,23900.5,23902.25
1757557200,23904.5,23907.25,23903,23904.25,0,0,0,0,0,0,0,NaN,23907.25,23903,23904.25
1757557500,23905.75,23911.75,23905.75,23910,0,0,0,0,0,0,0,NaN,23911.75,23905.75,23910
1757557800,23910.25,23916.25,23909.75,23915.25,0,0,0,0,0,0,0,NaN,23916.25,23909.75,23915.25
1757558100,23915.5,23915.5,23907,23910.75,0,0,0,0,0,0,0,NaN,23915.5,23907,23910.75
1757558400,23912,23912.75,23906,23907.5,0,0,0,0,0,0,0,NaN,23912.75,23906,23907.5
1757558700,23907.25,23908.5,23901,23904.25,0,0,0,0,0,0,0,NaN,23908.5,23901,23904.25
1757559000,23904.25,23905,23901,23903.75,0,0,0,0,0,0,0,NaN,23905,23901,23903.75
1757559300,23903.5,23909.75,23903.5,23908,0,0,0,0,0,0,0,NaN,23909.75,23903.5,23908
1757559600,23907.5,23911.25,23905,23909,0,0,0,0,0,0,0,NaN,23911.25,23905,23909
1757559900,23909,23910.5,23905.75,23908.75,0,0,0,0,0,0,0,NaN,23910.5,23905.75,23908.75
1757560200,23909,23909.5,23906.25,23908.5,0,0,0,0,0,0,0,NaN,23909.5,23906.25,23908.5
1757560500,23909.25,23912,23908.5,23910.5,0,0,0,0,0,0,0,NaN,23912,23908.5,23910.5
1757560800,23910.5,23912,23910,23912,0,0,0,0,0,0,0,NaN,23912,23910,23912
1757561100,23911.5,23915,23910,23914,0,0,0,0,0,0,0,NaN,23915,23910,23914
1757561400,23913.75,23914.25,23908.75,23910.25,0,0,0,0,0,0,0,NaN,23914.25,23908.75,23910.25
1757561700,23910.75,23916.5,23910.75,23914.5,0,0,0,0,0,0,0,NaN,23916.5,23910.75,23914.5
1757562000,23915,23916.75,23913.5,23915,0,0,0,0,0,0,0,NaN,23916.75,23913.5,23915
1757562300,23914.5,23918,23911,23916.25,0,0,0,0,0,0,0,NaN,23918,23911,23916.25
1757562600,23915.75,23919,23915.75,23917.5,0,0,0,0,0,0,0,NaN,23919,23915.75,23917.5
1757562900,23917.5,23917.75,23911,23913.5,0,0,0,0,0,0,0,NaN,23917.75,23911,23913.5
1757563200,23913,23915.5,23909.5,23912.5,0,0,0,0,1,0,0,NaN,23915.5,23909.5,23912.5
1757563500,23912.5,23915,23910.25,23913,0,0,0,0,0,0,0,NaN,23915,23910.25,23913
1757563800,23912.75,23913.25,23907.5,23908.25,0,0,0,0,0,0,0,NaN,23913.25,23907.5,23908.25
1757564100,23908.25,23908.5,23897,23899.25,0,0,0,0,0,0,0,NaN,23908.5,23897,23899.25
1757564400,23898.75,23900.25,23885.25,23888.5,0,0,0,0,0,0,0,NaN,23900.25,23885.25,23888.5
1757564700,23887.25,23891.25,23881.5,23887.75,0,0,0,0,0,0,0,NaN,23891.25,23881.5,23887.75
1757565000,23888.25,23889,23881.5,23883.25,0,0,0,0,0,0,0,NaN,23889,23881.5,23883.25
1757565300,23882.5,23886.5,23880.5,23884,0,0,0,0,0,0,0,NaN,23886.5,23880.5,23884
1757565600,23884.25,23884.75,23880,23882.75,0,0,0,0,0,0,0,NaN,23884.75,23880,23882.75
1757565900,23882,23884.25,23879.5,23880.75,0,0,0,0,0,0,0,NaN,23884.25,23879.5,23880.75
1757566200,23880.75,23885.25,23877.5,23880.25,0,0,0,0,0,0,0,NaN,23885.25,23877.5,23880.25
1757566500,23880.75,23882.75,23878.75,23879.5,0,0,0,0,0,0,0,NaN,23882.75,23878.75,23879.5
1757566800,23880,23885.25,23877.25,23878.5,0,0,0,0,0,0,0,NaN,23885.25,23877.25,23878.5
1757567100,23878.5,23887.25,23878.25,23884.75,0,0,0,0,0,0,0,NaN,23887.25,23878.25,23884.75
1757567400,23883.5,23883.75,23872.5,23873,0,0,0,0,0,0,0,NaN,23883.75,23872.5,23873
1757567700,23874.25,23884.25,23871,23882,0,0,0,0,0,0,0,NaN,23884.25,23871,23882
1757568000,23882.25,23888.75,23877.25,23888.25,0,0,0,0,0,0,0,NaN,23888.75,23877.25,23888.25
1757568300,23887.5,23893.75,23887.25,23889.25,0,0,0,0,0,0,0,NaN,23893.75,23887.25,23889.25
1757568600,23889.25,23892,23884.5,23892,0,0,0,0,0,0,0,NaN,23892,23884.5,23892
1757568900,23892.25,23895,23886.25,23893.25,0,0,0,0,0,0,0,NaN,23895,23886.25,23893.25
1757569200,23893.25,23896.25,23892.25,23894.5,0,0,0,0,0,0,0,NaN,23896.25,23892.25,23894.5
1757569500,23894,23894.25,23887.75,23891,0,0,0,0,0,0,0,NaN,23894.25,23887.75,23891
1757569800,23890.75,23892.5,23884,23888,0,0,0,0,0,0,0,NaN,23892.5,23884,23888
1757570100,23887.5,23887.5,23881.25,23885.75,0,0,0,0,0,0,0,NaN,23887.5,23881.25,23885.75
1757570400,23885,23887,23878.5,23884.75,0,0,0,0,0,0,0,NaN,23887,23878.5,23884.75
1757570700,23884,23893.25,23884,23891.75,0,0,0,0,0,0,0,NaN,23893.25,23884,23891.75
1757571000,23891.75,23895.75,23889.25,23894.75,0,0,0,0,0,0,0,NaN,23895.75,23889.25,23894.75
1757571300,23894.25,23899,23891.5,23895,0,0,0,0,0,0,0,NaN,23899,23891.5,23895
1757571600,23895.75,23903,23894,23902,0,0,0,0,0,0,0,NaN,23903,23894,23902
1757571900,23901.75,23907.5,23901.75,23905.25,0,0,0,0,0,0,0,NaN,23907.5,23901.75,23905.25
1757572200,23905.25,23922,23904.25,23912.25,0,0,0,0,0,0,0,NaN,23922,23904.25,23912.25
1757572500,23912,23923,23911.75,23918,0,0,0,0,0,0,0,NaN,23923,23911.75,23918
1757572800,23918.25,23920,23913,23915.25,0,0,0,0,0,0,0,NaN,23920,23913,23915.25
1757573100,23914,23919.5,23914,23915.5,0,0,0,0,0,0,0,NaN,23919.5,23914,23915.5
1757573400,23916.25,23918,23914,23915.5,0,0,0,0,0,0,0,NaN,23918,23914,23915.5
1757573700,23915,23919.25,23910.75,23918.25,0,0,0,0,0,0,0,NaN,23919.25,23910.75,23918.25
1757574000,23918.25,23921.5,23910,23912.5,0,0,0,0,0,0,0,NaN,23921.5,23910,23912.5
1757574300,23912.25,23919.75,23906.5,23908.25,0,0,0,0,0,0,0,NaN,23919.75,23906.5,23908.25
1757574600,23908.25,23917.25,23907.25,23917.25,0,0,0,0,0,0,0,NaN,23917.25,23907.25,23917.25
1757574900,23916.25,23920,23909,23913.75,0,0,0,0,0,0,0,NaN,23920,23909,23913.75
1757575200,23913.5,23923.75,23911.75,23922.75,0,0,0,0,0,0,0,NaN,23923.75,23911.75,23922.75
1757575500,23923,23923,23911,23911.5,0,0,0,0,0,0,0,NaN,23923,23911,23911.5
1757575800,23911.25,23916.5,23908.75,23914.5,0,0,0,0,0,0,0,NaN,23916.5,23908.75,23914.5
1757576100,23914.25,23924.25,23914,23923.25,0,0,0,0,0,0,0,NaN,23924.25,23914,23923.25
1757576400,23923.5,23929.5,23920.75,23921.5,0,0,0,0,0,0,0,NaN,23929.5,23920.75,23921.5
1757576700,23921.25,23929.75,23918.5,23929.75,0,0,0,0,0,0,0,NaN,23929.75,23918.5,23929.75
1757577000,23929.25,23933.5,23927.75,23933,0,0,0,0,0,0,0,NaN,23933.5,23927.75,23933
1757577300,23933.25,23935.75,23928.75,23931.5,0,0,0,0,0,0,0,NaN,23935.75,23928.75,23931.5
1757577600,23931.25,23938.25,23927,23933.75,0,0,0,0,0,0,0,NaN,23938.25,23927,23933.75
1757577900,23933.75,23935,23929,23931.75,0,0,0,0,0,0,0,NaN,23935,23929,23931.75
1757578200,23931.25,23939.75,23931,23939,0,0,0,0,0,0,0,NaN,23939.75,23931,23939
1757578500,23938.75,23942.25,23931.25,23932.5,0,0,0,0,0,0,0,NaN,23942.25,23931.25,23932.5
1757578800,23932,23937.75,23927.75,23929.25,0,0,0,0,0,0,0,NaN,23937.75,23927.75,23929.25
1757579100,23930,23930.75,23922.75,23925.5,0,0,0,0,0,0,0,NaN,23930.75,23922.75,23925.5
1757579400,23925.25,23929,23920.5,23922.25,0,0,0,0,0,0,0,NaN,23929,23920.5,23922.25
1757579700,23922.5,23923.5,23917.25,23921,0,0,0,0,0,0,0,NaN,23923.5,23917.25,23921
1757580000,23921,23925.75,23917.5,23924.75,0,0,0,0,0,0,0,NaN,23925.75,23917.5,23924.75
1757580300,23925,23927,23922.5,23923.25,0,0,0,0,0,0,0,NaN,23927,23922.5,23923.25
1757580600,23923,23925,23920.5,23924,0,0,0,0,0,0,0,NaN,23925,23920.5,23924
1757580900,23924.75,23925,23921.25,23922,0,0,0,0,0,0,0,NaN,23925,23921.25,23922
1757581200,23923,23927.25,23922.5,23923.5,0,0,0,0,0,0,0,NaN,23927.25,23922.5,23923.5
1757581500,23924,23927.5,23921.75,23925.75,0,0,0,0,0,0,0,NaN,23927.5,23921.75,23925.75
1757581800,23925.75,23928.5,23920.25,23925.75,0,0,0,0,0,0,0,NaN,23928.5,23920.25,23925.75
1757582100,23925.5,23929.75,23925,23928.5,0,0,0,0,0,0,0,NaN,23929.75,23925,23928.5
1757582400,23928.75,23929.75,23923.5,23926.75,0,0,0,0,0,0,0,NaN,23929.75,23923.5,23926.75
1757582700,23926.5,23927,23922.75,23925.5,0,0,0,0,0,0,0,NaN,23927,23922.75,23925.5
1757583000,23924.75,23925.5,23922,23922,0,0,0,0,0,0,0,NaN,23925.5,23922,23922
1757583300,23922,23923.25,23914,23917,0,0,0,0,0,0,0,NaN,23923.25,23914,23917
1757583600,23917.25,23918.75,23913,23914.25,0,0,0,0,0,0,0,NaN,23918.75,23913,23914.25
1757583900,23914.25,23915.25,23908,23913.25,0,0,0,0,0,0,0,NaN,23915.25,23908,23913.25
1757584200,23912.25,23920.25,23911.75,23918.75,0,0,0,0,0,0,0,NaN,23920.25,23911.75,23918.75
1757584500,23919.25,23921.75,23918,23920,0,0,0,0,0,0,0,NaN,23921.75,23918,23920
1757584800,23920,23927.75,23918.25,23926.75,0,0,0,0,0,0,0,NaN,23927.75,23918.25,23926.75
1757585100,23927.5,23933,23924.25,23931.25,0,0,0,0,0,0,0,NaN,23933,23924.25,23931.25
1757585400,23931.5,23935.5,23930,23935,0,0,0,0,0,0,0,NaN,23935.5,23930,23935
1757585700,23934.75,23939,23931.5,23934.75,0,0,0,0,0,0,0,NaN,23939,23931.5,23934.75
1757586000,23935.5,23938.75,23934.5,23936,0,0,0,0,0,0,0,NaN,23938.75,23934.5,23936
1757586300,23935.25,23938.25,23933.5,23938.25,0,0,0,0,0,0,0,NaN,23938.25,23933.5,23938.25
1757586600,23937.5,23941.75,23936.5,23938.25,0,0,0,0,0,0,0,NaN,23941.75,23936.5,23938.25
1757586900,23938.25,23941.75,23935.5,23941.75,0,0,0,0,0,0,0,NaN,23941.75,23935.5,23941.75
1757587200,23941.75,23947,23938,23941.25,0,0,0,0,0,0,0,NaN,23947,23938,23941.25
1757587500,23941.75,23945,23938.75,23944.25,0,0,0,0,0,0,0,NaN,23945,23938.75,23944.25
1757587800,23944,23948.5,23942.75,23947.5,0,0,0,0,0,0,0,NaN,23948.5,23942.75,23947.5
1757588100,23948.25,23950,23945.25,23946,0,0,0,0,0,0,0,NaN,23950,23945.25,23946
1757588400,23946.75,23950,23944,23947.25,0,0,0,0,0,0,0,NaN,23950,23944,23947.25
1757588700,23947.75,23948.25,23944,23946,0,0,0,0,0,0,0,NaN,23948.25,23944,23946
1757589000,23945.75,23945.75,23943,23944.25,0,0,0,0,0,0,0,NaN,23945.75,23943,23944.25
1757589300,23944,23946,23939.5,23942.25,0,0,0,0,0,0,0,NaN,23946,23939.5,23942.25
1757589600,23942.25,23945.25,23940,23940.5,0,0,0,0,0,0,0,NaN,23945.25,23940,23940.5
1757589900,23941,23945,23939,23943.5,0,0,0,0,0,0,0,NaN,23945,23939,23943.5
1757590200,23943,23944.75,23940,23944.75,0,0,0,0,0,0,0,NaN,23944.75,23940,23944.75
1757590500,23944.75,23950.25,23941.5,23946.5,0,0,0,0,0,0,0,NaN,23950.25,23941.5,23946.5
1757590800,23946.5,23952.75,23946,23949.25,0,0,0,0,0,0,0,NaN,23952.75,23946,23949.25
1757591100,23948.75,23956,23947,23954,0,0,0,0,0,0,0,NaN,23956,23947,23954
1757591400,23953.5,23955.25,23943.75,23947.5,0,0,0,0,0,0,0,NaN,23955.25,23943.75,23947.5
1757591700,23947.25,23950.25,23946,23946.25,0,0,0,0,0,0,0,NaN,23950.25,23946,23946.25
1757592000,23946,23952,23943.25,23946.75,0,0,0,0,0,0,0,NaN,23952,23943.25,23946.75
1757592300,23947,23951.25,23942.75,23944.25,0,0,0,0,0,0,0,NaN,23951.25,23942.75,23944.25
1757592600,23945,23947.25,23939,23944.75,0,0,0,0,0,0,0,NaN,23947.25,23939,23944.75
1757592900,23945.5,23950.5,23939.75,23942.75,0,0,0,0,0,0,0,NaN,23950.5,23939.75,23942.75
1757593200,23943.5,23956.75,23940,23943,0,0,0,0,0,0,0,NaN,23956.75,23940,23943
1757593500,23943,23953.75,23930,23948,0,0,0,0,0,0,0,NaN,23953.75,23930,23948
1757593800,23951,23976,23838,23882.5,0,0,0,0,0,0,0,NaN,23976,23838,23882.5
1757594100,23882.5,23914.25,23881.25,23898.25,0,0,0,0,0,0,0,NaN,23914.25,23881.25,23898.25
1757594400,23898.5,23925,23897.5,23924.5,0,0,0,0,0,0,0,NaN,23925,23897.5,23924.5
1757594700,23924.5,23948,23915,23932.5,0,0,0,0,0,0,0,NaN,23948,23915,23932.5
1757595000,23932,23961.75,23928.5,23949.5,0,0,0,0,0,0,0,NaN,23961.75,23928.5,23949.5
1757595300,23949.25,23961.5,23939.75,23959.75,0,0,0,0,0,0,0,NaN,23961.5,23939.75,23959.75
1757595600,23959.25,23964.5,23952,23954,0,0,0,0,0,0,0,NaN,23964.5,23952,23954
1757595900,23952.75,23955,23941.25,23950.5,0,0,0,0,0,0,0,NaN,23955,23941.25,23950.5
1757596200,23950.75,23954.5,23940.25,23949.25,0,0,0,0,0,0,0,NaN,23954.5,23940.25,23949.25
1757596500,23949.25,23953.5,23939.75,23950.5,0,0,0,0,0,0,0,NaN,23953.5,23939.75,23950.5
1757596800,23951.75,23961,23950.5,23952.75,0,0,0,0,0,0,0,NaN,23961,23950.5,23952.75
1757597100,23953,23978,23952.5,23976.75,0,0,0,0,0,0,0,NaN,23978,23952.5,23976.75
1757597400,23977.25,23997.5,23967.75,23985,0,0,0,0,0,0,0,NaN,23997.5,23967.75,23985
1757597700,23984.75,23987.25,23926.75,23935,0,0,0,0,0,0,0,NaN,23987.25,23926.75,23935
1757598000,23935,23946,23911,23924.75,0,0,0,0,0,0,0,NaN,23946,23911,23924.75
1757598300,23924.25,23965.5,23909.75,23950.25,0,0,0,0,0,0,0,NaN,23965.5,23909.75,23950.25
1757598600,23950,23978.75,23940,23971.25,0,0,0,0,0,0,0,NaN,23978.75,23940,23971.25
1757598900,23971.25,23987.75,23960.75,23979.75,0,0,0,0,0,0,0,NaN,23987.75,23960.75,23979.75
1757599200,23978.75,23983.25,23962,23980.5,0,0,0,0,0,0,0,NaN,23983.25,23962,23980.5
1757599500,23980,24004,23977.5,23986.5,0,0,0,0,0,0,0,NaN,24004,23977.5,23986.5
1757599800,23986.5,23991.75,23955,23959.25,0,0,0,0,0,0,0,NaN,23991.75,23955,23959.25
1757600100,23959.5,23977.75,23947.5,23952.5,0,0,0,0,0,0,0,NaN,23977.75,23947.5,23952.5
1757600400,23951.75,23969,23947,23968.75,0,0,0,0,0,0,0,NaN,23969,23947,23968.75
1757600700,23968.5,23971.75,23951,23965.5,0,0,0,0,0,0,0,NaN,23971.75,23951,23965.5
1757601000,23965,23999.5,23961.25,23998.25,0,0,0,0,0,0,0,NaN,23999.5,23961.25,23998.25
1757601300,23997.75,24013,23996.25,24012,0,0,0,0,0,0,0,NaN,24013,23996.25,24012
1757601600,24012.25,24017.5,24006.25,24014.25,0,0,0,0,0,0,0,NaN,24017.5,24006.25,24014.25
1757601900,24014,24020,23993.75,24006,0,0,0,0,0,0,0,NaN,24020,23993.75,24006
1757602200,24006.5,24009.75,23975.75,23991.5,0,0,0,0,0,0,0,NaN,24009.75,23975.75,23991.5
1757602500,23991.25,24004,23975,24003.5,0,0,0,0,0,0,0,NaN,24004,23975,24003.5
1757602800,24003.5,24012,24001.25,24006.5,0,0,0,0,0,0,0,NaN,24012,24001.25,24006.5
1757603100,24006.75,24017.25,24000.5,24006.75,0,0,0,0,0,0,0,NaN,24017.25,24000.5,24006.75
1757603400,24007,24018.75,24005.75,24016.75,0,0,0,0,0,0,0,NaN,24018.75,24005.75,24016.75
1757603700,24016.5,24046,24014,24039.75,0,0,0,0,0,0,0,NaN,24046,24014,24039.75
1757604000,24040,24044,24025.5,24029,0,0,0,0,0,0,0,NaN,24044,24025.5,24029
1757604300,24028.75,24039.5,24025.25,24037.75,0,0,0,0,0,0,0,NaN,24039.5,24025.25,24037.75
1757604600,24037.75,24045.5,24036.25,24037,0,0,0,0,0,0,0,NaN,24045.5,24036.25,24037
1757604900,24037.5,24039.25,24023.25,24025,0,0,0,0,0,0,0,NaN,24039.25,24023.25,24025
1757605200,24024.25,24028.25,24018.75,24018.75,0,0,0,0,0,0,0,NaN,24028.25,24018.75,24018.75
1757605500,24019.25,24022.75,24003,24011.25,0,0,0,0,0,0,0,NaN,24022.75,24003,24011.25
1757605800,24011.25,24029.25,24010.5,24026.75,0,0,0,0,0,0,0,NaN,24029.25,24010.5,24026.75
1757606100,24026,24030,24021.75,24024.75,0,0,0,0,0,0,0,NaN,24030,24021.75,24024.75
1757606400,24024.5,24043.5,24021.5,24041.5,0,0,0,0,0,0,0,NaN,24043.5,24021.5,24041.5
1757606700,24041.75,24042.5,24033.5,24037,0,0,0,0,0,0,0,NaN,24042.5,24033.5,24037
1757607000,24037,24040.5,24032.5,24033.5,0,0,0,0,0,0,0,NaN,24040.5,24032.5,24033.5
1757607300,24033.75,24039,24025,24037.5,0,0,0,0,0,0,0,NaN,24039,24025,24037.5
1757607600,24037.25,24041.75,24029.75,24032.25,0,0,0,0,0,0,0,NaN,24041.75,24029.75,24032.25
1757607900,24032.5,24037.5,24023,24024.5,0,0,0,0,0,0,0,NaN,24037.5,24023,24024.5
1757608200,24024.5,24033.5,24022.5,24025.5,0,0,0,0,0,0,0,NaN,24033.5,24022.5,24025.5
1757608500,24025,24026.5,24016.75,24016.75,0,0,0,0,0,0,0,NaN,24026.5,24016.75,24016.75
1757608800,24017,24019,24006,24014.75,0,0,0,0,0,0,0,NaN,24019,24006,24014.75
1757609100,24014.5,24017.75,24007.25,24016.75,0,0,0,0,0,0,0,NaN,24017.75,24007.25,24016.75
1757609400,24016.25,24016.25,23994,24008.5,0,0,0,0,0,0,0,NaN,24016.25,23994,24008.5
1757609700,24008,24017,24001.75,24008.5,0,0,0,0,0,0,0,NaN,24017,24001.75,24008.5
1757610000,24009,24010.75,23998,24002.25,0,0,0,0,0,0,0,NaN,24010.75,23998,24002.25
1757610300,24001.25,24013.5,23997.25,24012.25,0,0,0,0,0,0,0,NaN,24013.5,23997.25,24012.25
1757610600,24012.25,24026.5,24012,24024.25,0,0,0,0,0,0,0,NaN,24026.5,24012,24024.25
1757610900,24024.5,24027.25,24011.75,24016.25,0,0,0,0,0,0,0,NaN,24027.25,24011.75,24016.25
1757611200,24016,24027,24014,24024.75,0,0,0,0,0,0,0,NaN,24027,24014,24024.75
1757611500,24024.75,24030,24012.75,24014,0,0,0,0,0,0,0,NaN,24030,24012.75,24014
1757611800,24014,24029.75,24013.5,24026.5,0,0,0,0,0,0,0,NaN,24029.75,24013.5,24026.5
1757612100,24026.25,24030.5,24020.25,24023.5,0,0,0,0,0,0,0,NaN,24030.5,24020.25,24023.5
1757612400,24024,24033.75,24021.75,24029.5,0,0,0,0,0,0,0,NaN,24033.75,24021.75,24029.5
1757612700,24029.75,24031.75,24008,24009.5,0,0,0,0,0,0,0,NaN,24031.75,24008,24009.5
1757613000,24009.75,24024.5,24004,24024.25,0,0,0,0,0,0,0,NaN,24024.5,24004,24024.25
1757613300,24023.75,24033,24017.75,24032.25,0,0,0,0,0,0,0,NaN,24033,24017.75,24032.25
1757613600,24032.75,24035.75,24023.25,24026.25,0,0,0,0,0,0,0,NaN,24035.75,24023.25,24026.25
1757613900,24026.5,24032.75,24024.5,24029.25,0,0,0,0,0,0,0,NaN,24032.75,24024.5,24029.25
1757614200,24029,24035,24022,24026.75,0,0,0,0,0,0,0,NaN,24035,24022,24026.75
1757614500,24026.75,24029.75,24021,24022.5,0,0,0,0,0,0,0,NaN,24029.75,24021,24022.5
1757614800,24022.75,24026.25,24015.75,24021.25,0,0,0,0,0,0,0,NaN,24026.25,24015.75,24021.25
1757615100,24020.75,24028.75,24014.25,24021.5,0,0,0,0,0,0,0,NaN,24028.75,24014.25,24021.5
1757615400,24021.25,24025.5,24017.25,24019.5,0,0,0,0,0,0,0,NaN,24025.5,24017.25,24019.5
1757615700,24019.75,24029.5,24017,24029,0,0,0,0,0,0,0,NaN,24029.5,24017,24029
1757616000,24028.75,24034.5,24025.75,24032.5,0,0,0,0,0,0,0,NaN,24034.5,24025.75,24032.5
1757616300,24032.75,24038,24030,24035.75,0,0,0,0,0,0,0,NaN,24038,24030,24035.75
1757616600,24036,24044.5,24032.75,24035,0,0,0,0,0,0,0,NaN,24044.5,24032.75,24035
1757616900,24034.75,24042,24031.75,24033.75,0,0,0,0,0,0,0,NaN,24042,24031.75,24033.75
1757617200,24033.75,24035,24028,24031,0,0,0,0,0,0,0,NaN,24035,24028,24031
1757617500,24030.5,24037.5,24024.25,24025,0,0,0,0,0,0,0,NaN,24037.5,24024.25,24025
1757617800,24025.25,24031.25,24022,24023.75,0,0,0,0,0,0,0,NaN,24031.25,24022,24023.75
1757618100,24023.25,24033.75,24021.25,24031,0,0,0,0,0,0,0,NaN,24033.75,24021.25,24031
1757618400,24030.75,24036.5,24027.5,24033.25,0,0,0,0,0,0,0,NaN,24036.5,24027.5,24033.25
1757618700,24033.5,24038.5,24029.75,24033,0,0,0,0,0,0,0,NaN,24038.5,24029.75,24033
1757619000,24033,24041.25,24028.5,24036,0,0,0,0,0,0,0,NaN,24041.25,24028.5,24036
1757619300,24036,24039,24030,24035.75,0,0,0,0,0,0,0,NaN,24039,24030,24035.75
1757619600,24036,24037.5,24024.5,24026,0,0,0,0,0,0,0,NaN,24037.5,24024.5,24026
1757619900,24026.25,24037.5,24024,24036,0,0,0,0,0,0,0,NaN,24037.5,24024,24036
1757620200,24036.25,24044,24027.25,24035.75,0,0,0,0,0,0,0,NaN,24044,24027.25,24035.75
1757620500,24035.75,24040.75,24007.5,24011.5,0,0,0,0,0,0,0,NaN,24040.75,24007.5,24011.5
1757620800,24012,24015.5,24003.75,24010,0,0,0,0,0,0,0,NaN,24015.5,24003.75,24010
1757621100,24010.25,24023.75,24009.25,24020.5,0,0,0,0,0,0,0,NaN,24023.75,24009.25,24020.5
1757621400,24020,24021.75,24004.75,24007.25,0,0,0,0,0,0,0,NaN,24021.75,24004.75,24007.25
1757621700,24007.5,24016,24006,24011,0,0,0,0,0,0,0,NaN,24016,24006,24011
1757622000,24011.25,24013.25,24009.75,24011.25,0,0,0,0,0,0,0,NaN,24013.25,24009.75,24011.25
1757622300,24010.75,24013.75,24009.5,24012.25,0,0,0,0,0,0,0,NaN,24013.75,24009.5,24012.25
1757622600,24011.75,24014.75,24010.75,24012.75,0,0,0,0,0,0,0,NaN,24014.75,24010.75,24012.75
1757622900,24012.25,24013.25,24008,24008.25,0,0,0,0,0,0,0,NaN,24013.25,24008,24008.25
1757623200,24008,24008.75,24005,24006.75,0,0,0,0,0,0,0,NaN,24008.75,24005,24006.75
1757623500,24006.5,24012,24004.25,24011.25,0,0,0,0,0,0,0,NaN,24012,24004.25,24011.25
1757623800,24011,24011.75,24007.25,24010.25,0,0,0,0,0,0,0,NaN,24011.75,24007.25,24010.25
1757624100,24009.75,24010.75,24005.75,24006.75,0,0,0,0,0,0,0,NaN,24010.75,24005.75,24006.75
1757628000,24028.25,24029.25,24012,24019.25,0,0,0,0,0,0,0,NaN,24029.25,24012,24019.25
1757628300,24017.5,24025,24014.25,24022.75,0,0,0,0,0,0,0,NaN,24025,24014.25,24022.75
1757628600,24024,24024.5,24014.25,24015,0,0,0,0,0,0,0,NaN,24024.5,24014.25,24015
1757628900,24014.5,24016.75,24009.75,24010.25,0,0,0,0,0,0,0,NaN,24016.75,24009.75,24010.25
1757629200,24010.5,24017.25,24006.5,24014,0,0,0,0,0,0,0,NaN,24017.25,24006.5,24014
1757629500,24014.25,24016.5,24011,24014,0,0,0,0,0,0,0,NaN,24016.5,24011,24014
1757629800,24014.5,24016.5,24007,24007.75,0,0,0,0,0,0,0,NaN,24016.5,24007,24007.75
1757630100,24008.25,24010.75,24005,24007,0,0,0,0,0,0,0,NaN,24010.75,24005,24007
1757630400,24006.5,24007.25,24001,24005,0,0,0,0,0,0,0,NaN,24007.25,24001,24005
1757630700,24004.75,24010.25,24003,24008.25,0,0,0,0,0,0,0,NaN,24010.25,24003,24008.25
1757631000,24007.75,24014.75,24007.25,24012.75,0,0,0,0,0,0,0,NaN,24014.75,24007.25,24012.75
1757631300,24013,24014,24011.5,24013.75,0,0,0,0,0,0,0,NaN,24014,24011.5,24013.75
1757631600,24013.5,24013.75,24009.75,24011.5,0,0,0,0,0,0,0,NaN,24013.75,24009.75,24011.5
1757631900,24011.25,24011.25,24005,24006.5,0,0,0,0,0,0,0,NaN,24011.25,24005,24006.5
1757632200,24007.25,24018,24006.25,24016.25,0,0,0,0,0,0,0,NaN,24018,24006.25,24016.25
1757632500,24015.75,24018.75,24014.25,24017.75,0,0,0,0,0,0,0,NaN,24018.75,24014.25,24017.75
1757632800,24017.5,24023.75,24017,24022,0,0,0,0,0,0,0,NaN,24023.75,24017,24022
1757633100,24022,24022.25,24016.25,24018.5,0,0,0,0,0,0,0,NaN,24022.25,24016.25,24018.5
1757633400,24018.25,24023.25,24018,24021.5,0,0,0,0,0,0,0,NaN,24023.25,24018,24021.5
1757633700,24022,24025,24017.5,24018.75,0,0,0,0,0,0,0,NaN,24025,24017.5,24018.75
1757634000,24018.5,24021.5,24018,24020.25,0,0,0,0,0,0,0,NaN,24021.5,24018,24020.25
1757634300,24020.25,24020.25,24017.75,24018,0,0,0,0,0,0,0,NaN,24020.25,24017.75,24018
1757634600,24017.25,24022.75,24016.5,24020.75,0,0,0,0,0,0,0,NaN,24022.75,24016.5,24020.75
1757634900,24020.5,24025.75,24018.75,24020.25,0,0,0,0,0,0,0,NaN,24025.75,24018.75,24020.25
1757635200,24019.75,24020.5,24008.25,24010.5,0,0,0,0,0,0,0,NaN,24020.5,24008.25,24010.5
1757635500,24010.25,24011.75,24006.25,24009.75,0,0,0,0,0,0,0,NaN,24011.75,24006.25,24009.75
1757635800,24009.25,24016.75,24008.5,24013,0,0,0,0,0,0,0,NaN,24016.75,24008.5,24013
1757636100,24013.25,24016.25,24011.25,24012.75,0,0,0,0,0,0,0,NaN,24016.25,24011.25,24012.75
1757636400,24012.25,24021.5,24012,24017.5,0,0,0,0,0,0,0,NaN,24021.5,24012,24017.5
1757636700,24018,24023,24016.25,24018,0,0,0,0,0,0,0,NaN,24023,24016.25,24018
1757637000,24017.75,24019.25,24008.25,24010.25,0,0,0,0,0,0,0,NaN,24019.25,24008.25,24010.25
1757637300,24010.25,24015,24009.75,24013.75,0,0,0,0,0,0,0,NaN,24015,24009.75,24013.75
1757637600,24013.5,24013.5,24009.75,24012.75,0,0,0,0,0,0,0,NaN,24013.5,24009.75,24012.75
1757637900,24012.5,24015,24010.75,24015,0,0,0,0,0,0,0,NaN,24015,24010.75,24015
1757638200,24014.75,24016,24007.5,24009.5,0,0,0,0,0,0,0,NaN,24016,24007.5,24009.5
1757638500,24009.75,24010.75,24008,24009.5,0,0,0,0,0,0,0,NaN,24010.75,24008,24009.5
1757638800,24010.5,24011.25,24005.5,24011,0,0,0,0,0,0,0,NaN,24011.25,24005.5,24011
1757639100,24010.75,24011.75,24008,24011,0,0,0,0,0,0,0,NaN,24011.75,24008,24011
1757639400,24010.5,24015.5,24010.25,24014.5,0,0,0,0,0,0,0,NaN,24015.5,24010.25,24014.5
1757639700,24015,24017.75,24011.25,24014.75,0,0,0,0,0,0,0,NaN,24017.75,24011.25,24014.75
1757640000,24015.5,24015.75,24008.75,24009,0,0,0,0,0,0,0,NaN,24015.75,24008.75,24009
1757640300,24008.75,24009,24003.75,24008,0,0,0,0,0,0,0,NaN,24009,24003.75,24008
1757640600,24008.5,24009.75,24002.5,24006.75,0,0,0,0,0,0,0,NaN,24009.75,24002.5,24006.75
1757640900,24006.25,24007.75,24002.75,24006,0,0,0,0,0,0,0,NaN,24007.75,24002.75,24006
1757641200,24005.5,24006.25,24003,24006,0,0,0,0,0,0,0,NaN,24006.25,24003,24006
1757641500,24006,24006,24001.25,24003,0,0,0,0,0,0,0,NaN,24006,24001.25,24003
1757641800,24002.75,24006,24001.25,24004.5,0,0,0,0,0,0,0,NaN,24006,24001.25,24004.5
1757642100,24004.75,24008,24002,24004.5,0,0,0,0,0,0,0,NaN,24008,24002,24004.5
1757642400,24005,24006.25,24002.75,24005.75,0,0,0,0,0,0,0,NaN,24006.25,24002.75,24005.75
1757642700,24005.25,24005.5,23999.75,24003,0,0,0,0,0,0,0,NaN,24005.5,23999.75,24003
1757643000,24003.5,24004.25,23996.5,23998,0,0,0,0,0,0,0,NaN,24004.25,23996.5,23998
1757643300,23997.5,23998.75,23992.5,23994,0,0,0,0,0,0,0,NaN,23998.75,23992.5,23994
1757643600,23994.25,23995.75,23992.5,23993,0,0,0,0,0,0,0,NaN,23995.75,23992.5,23993
1757643900,23993,23996.5,23992.25,23994.75,0,0,0,0,0,0,0,NaN,23996.5,23992.25,23994.75
1757644200,23995.25,23996.25,23992,23995.5,0,0,0,0,0,0,0,NaN,23996.25,23992,23995.5
1757644500,23995.75,24001,23995.25,24000,0,0,0,0,0,0,0,NaN,24001,23995.25,24000
1757644800,24000.25,24004.5,23999.5,24003.75,0,0,0,0,0,0,0,NaN,24004.5,23999.5,24003.75
1757645100,24003.25,24004.75,24001,24003.75,0,0,0,0,0,0,0,NaN,24004.75,24001,24003.75
1757645400,24003,24007.25,24003,24006.25,0,0,0,0,0,0,0,NaN,24007.25,24003,24006.25
1757645700,24006,24006.5,24002.75,24003,0,0,0,0,0,0,0,NaN,24006.5,24002.75,24003
1757646000,24004,24005.5,24002.5,24004,0,0,0,0,0,0,0,NaN,24005.5,24002.5,24004
1757646300,24003.75,24004.25,24001.25,24002.75,0,0,0,0,0,0,0,NaN,24004.25,24001.25,24002.75
1757646600,24003,24005.25,24002.75,24003.25,0,0,0,0,0,0,0,NaN,24005.25,24002.75,24003.25
1757646900,24003.25,24004.5,24002.5,24004.5,0,0,0,0,0,0,0,NaN,24004.5,24002.5,24004.5
1757647200,24004.25,24006.75,24003.25,24005.75,0,0,0,0,0,0,0,NaN,24006.75,24003.25,24005.75
1757647500,24005.5,24005.5,24000,24001.5,0,0,0,0,0,0,0,NaN,24005.5,24000,24001.5
1757647800,24002.25,24003.25,24000.5,24003,0,0,0,0,0,0,0,NaN,24003.25,24000.5,24003
1757648100,24002.5,24003.75,24000.5,24002.75,0,0,0,0,0,0,0,NaN,24003.75,24000.5,24002.75
1757648400,24002.75,24004,24000.75,24003.75,0,0,0,0,0,0,0,NaN,24004,24000.75,24003.75
1757648700,24002.5,24002.5,24000.5,24001.75,0,0,0,0,0,0,0,NaN,24002.5,24000.5,24001.75
1757649000,24002,24003.75,24001.5,24003.5,0,0,0,0,0,0,0,NaN,24003.75,24001.5,24003.5
1757649300,24003.5,24009.75,24003,24008.75,0,0,0,0,0,0,0,NaN,24009.75,24003,24008.75
1757649600,24008.5,24011.25,24007.5,24010.5,0,0,0,0,0,1,0,NaN,24011.25,24007.5,24010.5
1757649900,24010,24014.75,24010,24014,0,0,0,0,0,0,0,NaN,24014.75,24010,24014
1757650200,24013.5,24018.5,24013.5,24016,0,0,0,0,0,0,0,NaN,24018.5,24013.5,24016
1757650500,24015.5,24016.5,24012.25,24013.5,0,0,0,0,0,0,0,NaN,24016.5,24012.25,24013.5
1757650800,24013.25,24023,24013,24017.75,0,0,0,0,0,0,0,NaN,24023,24013,24017.75
1757651100,24017.5,24018.25,24015.75,24018,0,0,0,0,0,0,0,NaN,24018.25,24015.75,24018
1757651400,24018.25,24021.75,24017.25,24020.5,0,0,0,0,0,0,0,NaN,24021.75,24017.25,24020.5
1757651700,24020.5,24023.5,24018.75,24023,0,0,0,0,0,0,0,NaN,24023.5,24018.75,24023
1757652000,24022.5,24024.25,24021.5,24023.75,0,0,0,0,0,0,0,NaN,24024.25,24021.5,24023.75
1757652300,24023.75,24024,24020.75,24022.75,0,0,0,0,0,0,0,NaN,24024,24020.75,24022.75
1757652600,24022.5,24025.25,24022.25,24023.5,0,0,0,0,0,0,0,NaN,24025.25,24022.25,24023.5
1757652900,24023.25,24023.25,24018.5,24019.5,0,0,0,0,0,0,0,NaN,24023.25,24018.5,24019.5
1757653200,24020.25,24025.75,24018.25,24023.5,0,0,0,0,0,0,0,NaN,24025.75,24018.25,24023.5
1757653500,24024.5,24027,24022,24022.75,0,0,0,0,0,0,0,NaN,24027,24022,24022.75
1757653800,24023.25,24027.5,24020.5,24024.75,0,0,0,0,0,0,0,NaN,24027.5,24020.5,24024.75
1757654100,24024.5,24027.75,24023.25,24026.75,0,0,0,0,0,0,0,NaN,24027.75,24023.25,24026.75
1757654400,24028,24028.25,24022.75,24024.75,0,0,0,0,0,0,0,NaN,24028.25,24022.75,24024.75
1757654700,24024.75,24028.25,24023,24028.25,0,0,0,0,0,0,0,NaN,24028.25,24023,24028.25
1757655000,24027.5,24034,24027,24028.5,0,0,0,0,0,0,0,NaN,24034,24027,24028.5
1757655300,24028.5,24033.5,24024.5,24033.5,0,0,0,0,0,0,0,NaN,24033.5,24024.5,24033.5
1757655600,24032.75,24035.25,24032,24034,0,0,0,0,0,0,0,NaN,24035.25,24032,24034
1757655900,24033,24039.75,24032.25,24036.5,0,0,0,0,0,0,0,NaN,24039.75,24032.25,24036.5
1757656200,24036.75,24037.25,24033.75,24034.5,0,0,0,0,0,0,0,NaN,24037.25,24033.75,24034.5
1757656500,24034,24036.25,24032.75,24034.25,0,0,0,0,0,0,0,NaN,24036.25,24032.75,24034.25
1757656800,24035,24035.75,24025.5,24028,0,0,0,0,0,0,0,NaN,24035.75,24025.5,24028
1757657100,24027.75,24031.5,24024.75,24029.25,0,0,0,0,0,0,0,NaN,24031.5,24024.75,24029.25
1757657400,24028.75,24029.25,24025.75,24029.25,0,0,0,0,0,0,0,NaN,24029.25,24025.75,24029.25
1757657700,24028.75,24030.5,24028,24028.75,0,0,0,0,0,0,0,NaN,24030.5,24028,24028.75
1757658000,24028,24032,24025,24025.5,0,0,0,0,0,0,0,NaN,24032,24025,24025.5
1757658300,24025.25,24025.25,24013.25,24018.25,0,0,0,0,0,0,0,NaN,24025.25,24013.25,24018.25
1757658600,24019.25,24024.5,24014.5,24015.25,0,0,0,0,0,0,0,NaN,24024.5,24014.5,24015.25
1757658900,24014.75,24015.25,24008.25,24009,0,0,0,0,0,0,0,NaN,24015.25,24008.25,24009
1757659200,24008.5,24013.75,24008,24009,0,0,0,0,0,0,0,NaN,24013.75,24008,24009
1757659500,24008,24013.25,24006.25,24011,0,0,0,0,0,0,0,NaN,24013.25,24006.25,24011
1757659800,24011,24018.75,24011,24018,0,0,0,0,0,0,0,NaN,24018.75,24011,24018
1757660100,24017.75,24024.25,24015,24023.5,0,0,0,0,0,0,0,NaN,24024.25,24015,24023.5
1757660400,24023,24027.75,24018,24027,0,0,0,0,0,0,0,NaN,24027.75,24018,24027
1757660700,24027.75,24031.5,24019.5,24024,0,0,0,0,0,0,0,NaN,24031.5,24019.5,24024
1757661000,24023.25,24026.5,24020.25,24021.75,0,0,0,0,0,0,0,NaN,24026.5,24020.25,24021.75
1757661300,24022,24024.5,24016,24023,0,0,0,0,0,0,0,NaN,24024.5,24016,24023
1757661600,24022.5,24027.5,24020,24023,0,0,0,0,0,0,0,NaN,24027.5,24020,24023
1757661900,24023.25,24024.5,24017.5,24022.75,0,0,0,0,0,0,0,NaN,24024.5,24017.5,24022.75
1757662200,24022,24022.75,24015,24016.75,0,0,0,0,0,0,0,NaN,24022.75,24015,24016.75
1757662500,24018,24022,24016,24017.75,0,0,0,0,0,0,0,NaN,24022,24016,24017.75
1757662800,24018,24018.5,24006.75,24008.5,0,0,0,0,0,0,0,NaN,24018.5,24006.75,24008.5
1757663100,24008.75,24017,24007.75,24016,0,0,0,0,0,0,0,NaN,24017,24007.75,24016
1757663400,24016,24019.5,24015.25,24017.25,0,0,0,0,0,0,0,NaN,24019.5,24015.25,24017.25
1757663700,24017.25,24019,24008.5,24011,0,0,0,0,0,0,0,NaN,24019,24008.5,24011
1757664000,24010.25,24018.5,24002,24003.75,0,0,0,0,0,0,0,NaN,24018.5,24002,24003.75
1757664300,24003.75,24013,24002.25,24004.5,0,0,0,0,0,0,0,NaN,24013,24002.25,24004.5
1757664600,24003.25,24004.75,23984,23984.5,0,0,0,0,0,0,0,NaN,24004.75,23984,23984.5
1757664900,23985,23985.25,23969,23977.75,0,0,0,0,0,0,0,NaN,23985.25,23969,23977.75
1757665200,23978.75,23986.75,23973,23986.25,0,0,0,0,0,0,0,NaN,23986.75,23973,23986.25
1757665500,23986.5,23993,23985.75,23991,0,0,0,0,0,0,0,NaN,23993,23985.75,23991
1757665800,23990.5,23993.5,23989.5,23991.25,0,0,0,0,0,0,0,NaN,23993.5,23989.5,23991.25
1757666100,23991,24000.5,23987.25,23995.5,0,0,0,0,0,0,0,NaN,24000.5,23987.25,23995.5
1757666400,23995.25,23998.75,23992.75,23998.5,0,0,0,0,0,0,0,NaN,23998.75,23992.75,23998.5
1757666700,23998.75,24000.75,23996.5,23998.5,0,0,0,0,0,0,0,NaN,24000.75,23996.5,23998.5
1757667000,23998.25,24000,23994,23997,0,0,0,0,0,0,0,NaN,24000,23994,23997
1757667300,23997.75,24003,23996.25,24002.75,0,0,0,0,0,0,0,NaN,24003,23996.25,24002.75
1757667600,24002.25,24005.25,23998.75,24002.5,0,0,0,0,0,0,0,NaN,24005.25,23998.75,24002.5
1757667900,24002.75,24005.5,24000.25,24003,0,0,0,0,0,0,0,NaN,24005.5,24000.25,24003
1757668200,24002.75,24004.5,24001.25,24004,0,0,0,0,0,0,0,NaN,24004.5,24001.25,24004
1757668500,24004,24005.25,24000,24002.5,0,0,0,0,0,0,0,NaN,24005.25,24000,24002.5
1757668800,24002.25,24002.25,23996.75,24000.75,0,0,0,0,0,0,0,NaN,24002.25,23996.75,24000.75
1757669100,24001.5,24003.75,24000.5,24002,0,0,0,0,0,0,0,NaN,24003.75,24000.5,24002
1757669400,24002.25,24007,24001.25,24002,0,0,0,0,0,0,0,NaN,24007,24001.25,24002
1757669700,24001,24003.75,23996.25,24003,0,0,0,0,0,0,0,NaN,24003.75,23996.25,24003
1757670000,24002,24009.5,24001,24007.5,0,0,0,0,0,0,0,NaN,24009.5,24001,24007.5
1757670300,24008.25,24015.5,24006.75,24014.75,0,0,0,0,0,0,0,NaN,24015.5,24006.75,24014.75
1757670600,24014.75,24018.75,24012.75,24015.5,0,0,0,0,0,0,0,NaN,24018.75,24012.75,24015.5
1757670900,24016,24016.75,24008.5,24010.5,0,0,0,0,0,0,0,NaN,24016.75,24008.5,24010.5
1757671200,24010.75,24011.75,24005.5,24007.25,0,0,0,0,0,0,0,NaN,24011.75,24005.5,24007.25
1757671500,24007,24013.75,24006.25,24011.5,0,0,0,0,0,0,0,NaN,24013.75,24006.25,24011.5
1757671800,24011.25,24014,24009,24012.25,0,0,0,0,0,0,0,NaN,24014,24009,24012.25
1757672100,24012.25,24014,24010,24011.5,0,0,0,0,0,0,0,NaN,24014,24010,24011.5
1757672400,24012.25,24015.25,24010.25,24010.75,0,0,0,0,0,0,0,NaN,24015.25,24010.25,24010.75
1757672700,24010.75,24016.75,24010.5,24015.25,0,0,0,0,0,0,0,NaN,24016.75,24010.5,24015.25
1757673000,24015.25,24022,24012,24018.75,0,0,0,0,0,0,0,NaN,24022,24012,24018.75
1757673300,24018.5,24020.25,24016.75,24017,0,0,0,0,0,0,0,NaN,24020.25,24016.75,24017
1757673600,24016.75,24021,24016.5,24019.25,0,0,0,0,0,0,0,NaN,24021,24016.5,24019.25
1757673900,24019.5,24022.5,24017,24021.5,0,0,0,0,0,0,0,NaN,24022.5,24017,24021.5
1757674200,24022,24023.25,24017.25,24017.75,0,0,0,0,0,0,0,NaN,24023.25,24017.25,24017.75
1757674500,24017.75,24023.75,24017.75,24023.25,0,0,0,0,0,0,0,NaN,24023.75,24017.75,24023.25
1757674800,24023,24023.5,24016.25,24019.5,0,0,0,0,0,0,0,NaN,24023.5,24016.25,24019.5
1757675100,24019.25,24022.25,24009.5,24014,0,0,0,0,0,0,0,NaN,24022.25,24009.5,24014
1757675400,24013.75,24017.5,24013,24014.25,0,0,0,0,0,0,0,NaN,24017.5,24013,24014.25
1757675700,24013.5,24015.25,24011.25,24011.75,0,0,0,0,0,0,0,NaN,24015.25,24011.25,24011.75
1757676000,24012.25,24021.5,24010,24020.5,0,0,0,0,0,0,0,NaN,24021.5,24010,24020.5
1757676300,24020.5,24026,24020,24025.5,0,0,0,0,0,0,0,NaN,24026,24020,24025.5
1757676600,24025,24027,24022.5,24023.25,0,0,0,0,0,0,0,NaN,24027,24022.5,24023.25
1757676900,24023,24029,24021,24027.75,0,0,0,0,0,0,0,NaN,24029,24021,24027.75
1757677200,24028,24028.75,24024.5,24028.25,0,0,0,0,0,0,0,NaN,24028.75,24024.5,24028.25
1757677500,24028.25,24035.5,24027.25,24032,0,0,0,0,0,0,0,NaN,24035.5,24027.25,24032
1757677800,24031.75,24035.5,24029.5,24034.75,0,0,0,0,0,0,0,NaN,24035.5,24029.5,24034.75
1757678100,24035.25,24048.75,24035,24044.5,0,0,0,0,0,0,0,NaN,24048.75,24035,24044.5
1757678400,24044.5,24047,24029,24029.75,0,0,0,0,0,0,0,NaN,24047,24029,24029.75
1757678700,24030,24037.5,24024.75,24031.25,0,0,0,0,0,0,0,NaN,24037.5,24024.75,24031.25
1757679000,24031.5,24034.5,24029.25,24031.75,0,0,0,0,0,0,0,NaN,24034.5,24029.25,24031.75
1757679300,24033,24044,24033,24043,0,0,0,0,0,0,0,NaN,24044,24033,24043
1757679600,24043.75,24044.25,24036,24038.75,0,0,0,0,0,0,0,NaN,24044.25,24036,24038.75
1757679900,24038.75,24042,24027,24037.5,0,0,0,0,0,0,0,NaN,24042,24027,24037.5
1757680200,24036.5,24038.75,24015,24027,0,0,0,0,0,0,0,NaN,24038.75,24015,24027
1757680500,24027.25,24032.5,24020.25,24029,0,0,0,0,0,0,0,NaN,24032.5,24020.25,24029
1757680800,24028.75,24037,24024.75,24031.75,0,0,0,0,0,0,0,NaN,24037,24024.75,24031.75
1757681100,24032.25,24040,24031.75,24038.75,0,0,0,0,0,0,0,NaN,24040,24031.75,24038.75
1757681400,24038.75,24043.25,24036.5,24042.5,0,0,0,0,0,0,0,NaN,24043.25,24036.5,24042.5
1757681700,24042.25,24044.75,24040.5,24042,0,0,0,0,0,0,0,NaN,24044.75,24040.5,24042
1757682000,24041.75,24049,24039,24043.25,0,0,0,0,0,0,0,NaN,24049,24039,24043.25
1757682300,24043.75,24051.5,24043,24051,0,0,0,0,0,0,0,NaN,24051.5,24043,24051
1757682600,24050.75,24051.5,24046.25,24048.25,0,0,0,0,0,0,0,NaN,24051.5,24046.25,24048.25
1757682900,24048,24050,24045.5,24048,0,0,0,0,0,0,0,NaN,24050,24045.5,24048
1757683200,24048,24049,24044.5,24046.25,0,0,0,0,0,0,0,NaN,24049,24044.5,24046.25
1757683500,24046.25,24049,24037.5,24040.25,0,0,0,0,0,0,0,NaN,24049,24037.5,24040.25
1757683800,24040.75,24064.5,24026.25,24034.5,0,0,0,0,0,0,0,NaN,24064.5,24026.25,24034.5
1757684100,24034.25,24035,24001.5,24012.75,0,0,0,0,0,0,0,NaN,24035,24001.5,24012.75
1757684400,24013,24033.75,24007.25,24029.75,0,0,0,0,0,0,0,NaN,24033.75,24007.25,24029.75
1757684700,24029.75,24039.25,24020.5,24026.75,0,0,0,0,0,0,0,NaN,24039.25,24020.5,24026.75
1757685000,24026.5,24034.25,24016.5,24025.75,0,0,0,0,0,0,0,NaN,24034.25,24016.5,24025.75
1757685300,24025.75,24049.75,24025.25,24042.5,0,0,0,0,0,0,0,NaN,24049.75,24025.25,24042.5
1757685600,24049,24055,24023.25,24049.5,0,0,0,0,0,0,0,NaN,24055,24023.25,24049.5
1757685900,24049.75,24058.75,24046.5,24057.5,0,0,0,0,0,0,0,NaN,24058.75,24046.5,24057.5
1757686200,24057.25,24060.75,24028.5,24031.25,0,0,0,0,0,0,0,NaN,24060.75,24028.5,24031.25
1757686500,24031.75,24056.25,24026.5,24053.75,0,0,0,0,0,0,0,NaN,24056.25,24026.5,24053.75
1757686800,24053.75,24073.5,24050.5,24071.5,0,0,0,0,0,0,0,NaN,24073.5,24050.5,24071.5
1757687100,24071,24076.25,24066,24071.25,0,0,0,0,0,0,0,NaN,24076.25,24066,24071.25
1757687400,24071.25,24084.5,24064.5,24080,0,0,0,0,0,0,0,NaN,24084.5,24064.5,24080
1757687700,24079.75,24088.25,24077,24081.75,0,0,0,0,0,0,0,NaN,24088.25,24077,24081.75
1757688000,24082,24087.25,24075.25,24081.75,0,0,0,0,0,0,0,NaN,24087.25,24075.25,24081.75
1757688300,24082,24096.5,24079.5,24094.75,0,0,0,0,0,0,0,NaN,24096.5,24079.5,24094.75
1757688600,24095.25,24107,24091.25,24106.75,0,0,0,0,0,0,0,NaN,24107,24091.25,24106.75
1757688900,24107,24115.5,24100.25,24106,0,0,0,0,0,0,0,NaN,24115.5,24100.25,24106
1757689200,24106.25,24111.5,24085.25,24086.5,0,0,0,0,0,0,0,NaN,24111.5,24085.25,24086.5
1757689500,24086.75,24095.75,24082.75,24092.75,0,0,0,0,0,0,0,NaN,24095.75,24082.75,24092.75
1757689800,24092.5,24099,24084,24095,0,0,0,0,0,0,0,NaN,24099,24084,24095
1757690100,24095.5,24105.25,24087.25,24088.75,0,0,0,0,0,0,0,NaN,24105.25,24087.25,24088.75
1757690400,24088.75,24093,24079.25,24092,0,0,0,0,0,0,0,NaN,24093,24079.25,24092
1757690700,24092.5,24099,24086.25,24087.5,0,0,0,0,0,0,0,NaN,24099,24086.25,24087.5
1757691000,24086.75,24097,24077.5,24093,0,0,0,0,0,0,0,NaN,24097,24077.5,24093
1757691300,24092.75,24096.25,24082,24085.5,0,0,0,0,0,0,0,NaN,24096.25,24082,24085.5
1757691600,24085.5,24091.25,24076.25,24080,0,0,0,0,0,0,0,NaN,24091.25,24076.25,24080
1757691900,24080,24083.5,24072.25,24080.5,0,0,0,0,0,0,0,NaN,24083.5,24072.25,24080.5
1757692200,24080.25,24090.25,24079.25,24088.5,0,0,0,0,0,0,0,NaN,24090.25,24079.25,24088.5
1757692500,24088.75,24099.5,24088,24090.75,0,0,0,0,0,0,0,NaN,24099.5,24088,24090.75
1757692800,24090.75,24092.25,24074.5,24080.25,0,0,0,0,0,0,0,NaN,24092.25,24074.5,24080.25
1757693100,24080.25,24091.5,24071.75,24091.25,0,0,0,0,0,0,0,NaN,24091.5,24071.75,24091.25
1757693400,24091.25,24100.75,24090,24097.5,0,0,0,0,0,0,0,NaN,24100.75,24090,24097.5
1757693700,24098,24106.75,24098,24101,0,0,0,0,0,0,0,NaN,24106.75,24098,24101
1757694000,24101,24106.5,24091.75,24104.5,0,0,0,0,0,0,0,NaN,24106.5,24091.75,24104.5
1757694300,24104.5,24106.5,24100.5,24105,0,0,0,0,0,0,0,NaN,24106.5,24100.5,24105
1757694600,24105.25,24114,24102,24110.25,0,0,0,0,0,0,0,NaN,24114,24102,24110.25
1757694900,24110.5,24111,24097.75,24098.75,0,0,0,0,0,0,0,NaN,24111,24097.75,24098.75
1757695200,24098.5,24101.75,24096,24101.25,0,0,0,0,0,0,0,NaN,24101.75,24096,24101.25
1757695500,24101,24110,24096.75,24104.75,0,0,0,0,0,0,0,NaN,24110,24096.75,24104.75
1757695800,24105.25,24114,24102,24111.5,0,0,0,0,0,0,0,NaN,24114,24102,24111.5
1757696100,24111.75,24122,24107.75,24110.75,0,0,0,0,0,0,0,NaN,24122,24107.75,24110.75
1757696400,24111,24112,24101.5,24101.75,0,0,0,0,0,0,0,NaN,24112,24101.5,24101.75
1757696700,24102.25,24104.25,24098,24098.75,0,0,0,0,0,0,0,NaN,24104.25,24098,24098.75
1757697000,24098.75,24105.75,24097.5,24104.75,0,0,0,0,0,0,0,NaN,24105.75,24097.5,24104.75
1757697300,24105,24111.25,24098.75,24101,0,0,0,0,0,0,0,NaN,24111.25,24098.75,24101
1757697600,24101.25,24106.75,24099,24105.5,0,0,0,0,0,0,0,NaN,24106.75,24099,24105.5
1757697900,24105.5,24106,24099.75,24101,0,0,0,0,0,0,0,NaN,24106,24099.75,24101
1757698200,24101,24106.75,24098.5,24100,0,0,0,0,0,0,0,NaN,24106.75,24098.5,24100
1757698500,24100,24103.25,24091.5,24098,0,0,0,0,0,0,0,NaN,24103.25,24091.5,24098
1757698800,24098,24105,24097.75,24103,0,0,0,0,0,0,0,NaN,24105,24097.75,24103
1757699100,24103,24114.75,24102.75,24113.5,0,0,0,0,0,0,0,NaN,24114.75,24102.75,24113.5
1757699400,24113.5,24120.75,24111,24118,0,0,0,0,0,0,0,NaN,24120.75,24111,24118
1757699700,24118,24128.25,24116.75,24123.75,0,0,0,0,0,0,0,NaN,24128.25,24116.75,24123.75
1757700000,24123.75,24124.5,24113.25,24113.75,0,0,0,0,0,0,0,NaN,24124.5,24113.25,24113.75
1757700300,24113.25,24121,24113,24120.75,0,0,0,0,0,0,0,NaN,24121,24113,24120.75
1757700600,24120.5,24124.75,24116,24124,0,0,0,0,0,0,0,NaN,24124.75,24116,24124
1757700900,24124,24124,24116.75,24120.75,0,0,0,0,0,0,0,NaN,24124,24116.75,24120.75
1757701200,24120.5,24123.5,24118.75,24121.75,0,0,0,0,0,0,0,NaN,24123.5,24118.75,24121.75
1757701500,24122.25,24126.25,24120.5,24122,0,0,0,0,0,0,0,NaN,24126.25,24120.5,24122
1757701800,24122,24137.5,24119.5,24131.75,0,0,0,0,0,0,0,NaN,24137.5,24119.5,24131.75
1757702100,24132,24141,24128.75,24139.25,0,0,0,0,0,0,0,NaN,24141,24128.75,24139.25
1757702400,24138.5,24142.75,24135.5,24139.5,0,0,0,0,0,0,0,NaN,24142.75,24135.5,24139.5
1757702700,24139.5,24141.25,24118,24129.5,0,0,0,0,0,0,0,NaN,24141.25,24118,24129.5
1757703000,24129.5,24157.5,24129.5,24154,0,0,0,0,0,0,0,NaN,24157.5,24129.5,24154
1757703300,24153.5,24159,24150.5,24154,0,0,0,0,0,0,0,NaN,24159,24150.5,24154
1757703600,24154,24157.75,24151,24153.5,0,0,0,0,0,0,0,NaN,24157.75,24151,24153.5
1757703900,24153.5,24156.75,24147,24150.25,0,0,0,0,0,0,0,NaN,24156.75,24147,24150.25
1757704200,24150.5,24150.5,24135.25,24139,0,0,0,0,0,0,0,NaN,24150.5,24135.25,24139
1757704500,24139.5,24141.25,24133.5,24137.25,0,0,0,0,0,0,0,NaN,24141.25,24133.5,24137.25
1757704800,24137.5,24139.25,24127.75,24128,0,0,0,0,0,0,0,NaN,24139.25,24127.75,24128
1757705100,24128,24133.5,24119,24124.5,0,0,0,0,0,0,0,NaN,24133.5,24119,24124.5
1757705400,24124.25,24126,24104.25,24111.25,0,0,0,0,0,0,0,NaN,24126,24104.25,24111.25
1757705700,24110.75,24115.5,24097.5,24100.25,0,0,0,0,0,0,0,NaN,24115.5,24097.5,24100.25
1757706000,24100.25,24114.5,24087.5,24113.25,0,0,0,0,0,0,0,NaN,24114.5,24087.5,24113.25
1757706300,24113.25,24123.5,24107.75,24119.25,0,0,0,0,0,0,0,NaN,24123.5,24107.75,24119.25
1757706600,24119.25,24134,24118,24132.75,0,0,0,0,0,0,0,NaN,24134,24118,24132.75
1757706900,24133,24133,24108.5,24110.25,0,0,0,0,0,0,0,NaN,24133,24108.5,24110.25
1757707200,24110.25,24111.75,24097,24105.75,0,0,0,0,0,0,0,NaN,24111.75,24097,24105.75
1757707500,24105.5,24112.75,24104.75,24108.75,0,0,0,0,0,0,0,NaN,24112.75,24104.75,24108.75
1757707800,24108.5,24112.5,24108,24111.5,0,0,0,0,0,0,0,NaN,24112.5,24108,24111.5
1757708100,24111.75,24119.25,24111.25,24114.25,0,0,0,0,0,0,0,NaN,24119.25,24111.25,24114.25
1757708400,24114.75,24116.75,24111.75,24112.5,0,0,0,0,0,0,0,NaN,24116.75,24111.75,24112.5
1757708700,24112.75,24114.75,24112,24113.25,0,0,0,0,0,0,0,NaN,24114.75,24112,24113.25
1757709000,24113.25,24115,24110.75,24113.75,0,0,0,0,0,0,0,NaN,24115,24110.75,24113.75
1757709300,24113.5,24114.5,24110,24111.25,0,0,0,0,0,0,0,NaN,24114.5,24110,24111.25
1757709600,24111.5,24114.75,24110.75,24113.5,0,0,0,0,0,0,0,NaN,24114.75,24110.75,24113.5
1757709900,24113.75,24117,24113,24113,0,0,0,0,0,0,0,NaN,24117,24113,24113
1757710200,24113,24114.75,24112,24113.25,0,0,0,0,0,0,0,NaN,24114.75,24112,24113.25
1757710500,24113,24116.75,24110,24115.25,0,0,0,0,0,0,0,NaN,24116.75,24110,24115.25
1757887200,24115.25,24122.5,24099.75,24105.25,0,0,0,0,0,0,0,NaN,24122.5,24099.75,24105.25
1757887500,24105,24121.5,24101.75,24118.5,0,0,0,0,0,0,0,NaN,24121.5,24101.75,24118.5
1757887800,24118,24121.75,24113.75,24121.25,0,0,0,0,0,0,0,NaN,24121.75,24113.75,24121.25
1757888100,24120.5,24129.5,24120,24123.5,0,0,0,0,0,0,0,NaN,24129.5,24120,24123.5
1757888400,24123.25,24123.75,24116.5,24119.75,0,0,0,0,0,0,0,NaN,24123.75,24116.5,24119.75
1757888700,24118,24124.5,24117.75,24122,0,0,0,0,0,0,0,NaN,24124.5,24117.75,24122
1757889000,24123.5,24124,24119,24120.75,0,0,0,0,0,0,0,NaN,24124,24119,24120.75
1757889300,24120.5,24124,24118.75,24122.75,0,0,0,0,0,0,0,NaN,24124,24118.75,24122.75
1757889600,24123,24126.25,24121.75,24124,0,0,0,0,0,0,0,NaN,24126.25,24121.75,24124
1757889900,24124.75,24128.25,24124.5,24125.5,0,0,0,0,0,0,0,NaN,24128.25,24124.5,24125.5
1757890200,24125.25,24126.75,24120.75,24124,0,0,0,0,0,0,0,NaN,24126.75,24120.75,24124
1757890500,24124.5,24125.5,24122.5,24124.5,0,0,0,0,0,0,0,NaN,24125.5,24122.5,24124.5
1757890800,24124.5,24128.5,24123.25,24125.5,0,0,0,0,0,0,0,NaN,24128.5,24123.25,24125.5
1757891100,24125.25,24126,24119,24119,0,0,0,0,0,0,0,NaN,24126,24119,24119
1757891400,24119.5,24122.25,24117.5,24120.5,0,0,0,0,0,0,0,NaN,24122.25,24117.5,24120.5
1757891700,24120.25,24123,24119,24119.75,0,0,0,0,0,0,0,NaN,24123,24119,24119.75
1757892000,24119.5,24121,24116.75,24118.5,0,0,0,0,0,0,0,NaN,24121,24116.75,24118.5
1757892300,24118,24118,24111,24111.5,0,0,0,0,0,0,0,NaN,24118,24111,24111.5
1757892600,24111,24114.5,24102,24102.75,0,0,0,0,0,0,0,NaN,24114.5,24102,24102.75
1757892900,24103,24109,24100,24108.5,0,0,0,0,0,0,0,NaN,24109,24100,24108.5
1757893200,24108.25,24109.25,24100.5,24108.75,0,0,0,0,0,0,0,NaN,24109.25,24100.5,24108.75
1757893500,24109,24110,24101.5,24109.5,0,0,0,0,0,0,0,NaN,24110,24101.5,24109.5
1757893800,24108.25,24111.25,24106,24106,0,0,0,0,0,0,0,NaN,24111.25,24106,24106
1757894100,24106,24112.25,24102.75,24110.75,0,0,0,0,0,0,0,NaN,24112.25,24102.75,24110.75
1757894400,24111,24113.25,24104.75,24106.5,0,0,0,0,0,0,0,NaN,24113.25,24104.75,24106.5
1757894700,24105.5,24110,24100.25,24110,0,0,0,0,0,0,0,NaN,24110,24100.25,24110
1757895000,24110.25,24115,24107.5,24113.75,0,0,0,0,0,0,0,NaN,24115,24107.5,24113.75
1757895300,24112.75,24113.25,24095,24107.75,0,0,0,0,0,0,0,NaN,24113.25,24095,24107.75
1757895600,24108.5,24109,24101.5,24101.5,0,0,0,0,0,0,0,NaN,24109,24101.5,24101.5
1757895900,24101,24103.75,24092,24095.5,0,0,0,0,0,0,0,NaN,24103.75,24092,24095.5
1757896200,24096,24103.5,24095.25,24102.5,0,0,0,0,0,0,0,NaN,24103.5,24095.25,24102.5
1757896500,24101,24101.75,24095.25,24099.75,0,0,0,0,0,0,0,NaN,24101.75,24095.25,24099.75
1757896800,24098.75,24099.25,24095,24098.5,0,0,0,0,0,0,0,NaN,24099.25,24095,24098.5
1757897100,24099,24106,24097.75,24104.5,0,0,0,0,0,0,0,NaN,24106,24097.75,24104.5
1757897400,24104.5,24109.25,24100.75,24108,0,0,0,0,0,0,0,NaN,24109.25,24100.75,24108
1757897700,24108.25,24114.5,24106.75,24109,0,0,0,0,0,0,0,NaN,24114.5,24106.75,24109
1757898000,24109.5,24113.25,24106,24107.25,0,0,0,0,0,0,0,NaN,24113.25,24106,24107.25
1757898300,24107,24113,24107,24111,0,0,0,0,0,0,0,NaN,24113,24107,24111
1757898600,24110.5,24111.5,24105.75,24107.25,0,0,0,0,0,0,0,NaN,24111.5,24105.75,24107.25
1757898900,24107,24109.25,24106.25,24108,0,0,0,0,0,0,0,NaN,24109.25,24106.25,24108
1757899200,24108.25,24111.25,24105.25,24109.75,0,0,0,0,0,0,0,NaN,24111.25,24105.25,24109.75
1757899500,24110.25,24113,24108.25,24113,0,0,0,0,0,0,0,NaN,24113,24108.25,24113
1757899800,24113.5,24114.5,24108.5,24110.5,0,0,0,0,0,0,0,NaN,24114.5,24108.5,24110.5
1757900100,24111,24117.5,24111,24114.5,0,0,0,0,0,0,0,NaN,24117.5,24111,24114.5
1757900400,24114.25,24114.75,24109,24111.5,0,0,0,0,0,0,0,NaN,24114.75,24109,24111.5
1757900700,24111.5,24118.5,24111.5,24114.75,0,0,0,0,0,0,0,NaN,24118.5,24111.5,24114.75
1757901000,24115,24117.75,24114.5,24116,0,0,0,0,0,0,0,NaN,24117.75,24114.5,24116
1757901300,24116.5,24117.25,24114,24114,0,0,0,0,0,0,0,NaN,24117.25,24114,24114
1757901600,24114,24116.25,24108.25,24115.5,0,0,0,0,0,0,0,NaN,24116.25,24108.25,24115.5
1757901900,24115.25,24122,24114.75,24119.75,0,0,0,0,0,0,0,NaN,24122,24114.75,24119.75
1757902200,24119.75,24122.75,24119.5,24120,0,0,0,0,0,0,0,NaN,24122.75,24119.5,24120
1757902500,24119.25,24123.25,24117,24122.25,0,0,0,0,0,0,0,NaN,24123.25,24117,24122.25
1757902800,24121.5,24121.5,24114.5,24119.5,0,0,0,0,0,0,0,NaN,24121.5,24114.5,24119.5
1757903100,24119.75,24120.25,24116.25,24119.25,0,0,0,0,0,0,0,NaN,24120.25,24116.25,24119.25
1757903400,24118.75,24118.75,24115.5,24116,0,0,0,0,0,0,0,NaN,24118.75,24115.5,24116
1757903700,24116,24116.25,24112.25,24112.25,0,0,0,0,0,0,0,NaN,24116.25,24112.25,24112.25
1757904000,24112.25,24118,24112.25,24118,0,0,0,0,0,0,0,NaN,24118,24112.25,24118
1757904300,24118,24120,24116.25,24116.75,0,0,0,0,0,0,0,NaN,24120,24116.25,24116.75
1757904600,24116.75,24118.75,24116,24117.75,0,0,0,0,0,0,0,NaN,24118.75,24116,24117.75
1757904900,24118,24119,24114.75,24118.25,0,0,0,0,0,0,0,NaN,24119,24114.75,24118.25
1757905200,24117.75,24121,24116.5,24120.75,0,0,0,0,0,0,0,NaN,24121,24116.5,24120.75
1757905500,24120.75,24124,24120.25,24122.75,0,0,0,0,0,0,0,NaN,24124,24120.25,24122.75
1757905800,24122.75,24123.5,24120.25,24123,0,0,0,0,0,0,0,NaN,24123.5,24120.25,24123
1757906100,24123,24130.75,24121,24125.75,0,0,0,0,0,0,0,NaN,24130.75,24121,24125.75
1757906400,24126,24131,24125.25,24129,0,0,0,0,0,0,0,NaN,24131,24125.25,24129
1757906700,24128.75,24128.75,24120.5,24121.25,0,0,0,0,0,0,0,NaN,24128.75,24120.5,24121.25
1757907000,24121.25,24122.5,24118.5,24120.25,0,0,0,0,0,0,0,NaN,24122.5,24118.5,24120.25
1757907300,24119.5,24123.25,24119,24122,0,0,0,0,0,0,0,NaN,24123.25,24119,24122
1757907600,24122.25,24127.75,24122.25,24126.25,0,0,0,0,0,0,0,NaN,24127.75,24122.25,24126.25
1757907900,24126.25,24128.5,24124.5,24125.25,0,0,0,0,0,0,0,NaN,24128.5,24124.5,24125.25
1757908200,24125.5,24127.5,24125.25,24126.75,0,0,0,0,0,0,0,NaN,24127.5,24125.25,24126.75
1757908500,24126.75,24126.75,24121.5,24121.75,0,0,0,0,0,0,0,NaN,24126.75,24121.5,24121.75
1757908800,24121.25,24124,24120.75,24123.5,0,1,0,0,0,0,0,NaN,24124,24120.75,24123.5
1757909100,24123.5,24128.25,24122,24125.75,0,0,0,0,0,0,0,NaN,24128.25,24122,24125.75
1757909400,24124.75,24124.75,24120.25,24122.25,0,0,0,0,0,0,0,NaN,24124.75,24120.25,24122.25
1757909700,24122.5,24125,24120.75,24125,0,0,0,0,0,0,0,NaN,24125,24120.75,24125
1757910000,24125.75,24129.25,24125.5,24128,0,0,0,0,0,0,0,NaN,24129.25,24125.5,24128
1757910300,24127.25,24130,24125.5,24128.75,0,0,0,0,0,0,0,NaN,24130,24125.5,24128.75
1757910600,24128.75,24132.25,24128,24130,0,0,0,0,0,0,0,NaN,24132.25,24128,24130
1757910900,24129.25,24133,24129,24130.5,0,0,0,0,0,0,0,NaN,24133,24129,24130.5
1757911200,24130.5,24131.75,24128.25,24131.75,0,0,0,0,0,0,0,NaN,24131.75,24128.25,24131.75
1757911500,24131,24132,24129.75,24130.5,0,0,0,0,0,0,0,NaN,24132,24129.75,24130.5
1757911800,24130,24131.5,24127.5,24130.25,0,0,0,0,0,0,0,NaN,24131.5,24127.5,24130.25
1757912100,24129.25,24131,24129,24130.75,0,0,0,0,0,0,0,NaN,24131,24129,24130.75
1757912400,24131.5,24132.25,24128,24129,0,0,0,0,0,0,0,NaN,24132.25,24128,24129
1757912700,24129.5,24130.75,24129.25,24129.75,0,0,0,0,0,0,0,NaN,24130.75,24129.25,24129.75
1757913000,24130,24132,24128.25,24130,0,0,0,0,0,0,0,NaN,24132,24128.25,24130
1757913300,24130.25,24130.25,24123,24124.25,0,0,0,0,0,0,0,NaN,24130.25,24123,24124.25
1757913600,24124.75,24127,24123.75,24126.25,0,0,0,0,0,0,0,NaN,24127,24123.75,24126.25
1757913900,24126.75,24130.75,24126.75,24129.25,0,0,0,0,0,0,0,NaN,24130.75,24126.75,24129.25
1757914200,24128,24131,24126.5,24131,0,0,0,0,0,0,0,NaN,24131,24126.5,24131
1757914500,24131.25,24136.5,24130.5,24135.25,0,0,0,0,0,0,0,NaN,24136.5,24130.5,24135.25
1757914800,24135.5,24144,24134.5,24138.75,0,0,0,0,0,0,0,NaN,24144,24134.5,24138.75
1757915100,24139.25,24139.75,24135.75,24136.5,0,0,0,0,0,0,0,NaN,24139.75,24135.75,24136.5
1757915400,24135.75,24139.75,24134.75,24138.75,0,0,0,0,0,0,0,NaN,24139.75,24134.75,24138.75
1757915700,24139.25,24140.5,24137.75,24139.5,0,0,0,0,0,0,0,NaN,24140.5,24137.75,24139.5
1757916000,24140.25,24144.25,24137.25,24140.25,0,0,0,0,0,0,0,NaN,24144.25,24137.25,24140.25
1757916300,24141.5,24144.75,24136,24143.5,0,0,0,0,0,0,0,NaN,24144.75,24136,24143.5
1757916600,24143.25,24145.5,24138.75,24140.5,0,0,0,0,0,0,0,NaN,24145.5,24138.75,24140.5
1757916900,24141,24143,24139,24142.75,0,0,0,0,0,0,0,NaN,24143,24139,24142.75
1757917200,24141.75,24141.75,24135,24135.75,0,0,0,0,0,0,0,NaN,24141.75,24135,24135.75
1757917500,24135,24136.5,24132.25,24134.5,0,0,0,0,0,0,0,NaN,24136.5,24132.25,24134.5
1757917800,24134,24144.5,24132.25,24140.25,0,0,0,0,0,0,0,NaN,24144.5,24132.25,24140.25
1757918100,24139.25,24144,24138.25,24143.5,0,0,0,0,0,0,0,NaN,24144,24138.25,24143.5
1757918400,24143.5,24147.5,24143.25,24146.25,0,0,0,0,0,0,0,NaN,24147.5,24143.25,24146.25
1757918700,24146.25,24147,24142.25,24146,0,0,0,0,0,0,0,NaN,24147,24142.25,24146
1757919000,24145.25,24147.25,24142.75,24144,0,0,0,0,0,0,0,NaN,24147.25,24142.75,24144
1757919300,24143.5,24150,24143.5,24147,0,0,0,0,0,0,0,NaN,24150,24143.5,24147
1757919600,24146.25,24152.75,24143.75,24147,0,0,0,0,0,0,0,NaN,24152.75,24143.75,24147
1757919900,24146.75,24147.25,24143.75,24146.25,0,0,0,0,0,0,0,NaN,24147.25,24143.75,24146.25
1757920200,24146.75,24148.75,24144,24145.5,0,0,0,0,0,0,0,NaN,24148.75,24144,24145.5
1757920500,24145,24147.75,24138.75,24146.5,0,0,0,0,0,0,0,NaN,24147.75,24138.75,24146.5
1757920800,24146.75,24152.75,24146,24149.5,0,0,0,0,0,0,0,NaN,24152.75,24146,24149.5
1757921100,24150,24150.5,24143.5,24144,0,0,0,0,0,0,0,NaN,24150.5,24143.5,24144
1757921400,24143.75,24152.5,24140.5,24152.25,0,0,0,0,0,0,0,NaN,24152.5,24140.5,24152.25
1757921700,24153,24159.5,24148,24150.5,0,0,0,0,0,0,0,NaN,24159.5,24148,24150.5
1757922000,24151.25,24155,24143.75,24143.75,0,0,0,0,0,0,0,NaN,24155,24143.75,24143.75
1757922300,24145.25,24148.5,24144.25,24146.75,0,0,0,0,0,0,0,NaN,24148.5,24144.25,24146.75
1757922600,24145.5,24146.75,24139.75,24144.25,0,0,0,0,0,0,0,NaN,24146.75,24139.75,24144.25
1757922900,24145,24145.5,24138,24138.75,0,0,0,0,0,0,0,NaN,24145.5,24138,24138.75
1757923200,24140,24141.75,24076,24084,0,0,0,0,0,0,0,NaN,24141.75,24076,24084
1757923500,24084.25,24123.25,24082.25,24120.5,0,0,0,0,0,0,0,NaN,24123.25,24082.25,24120.5
1757923800,24120.25,24121.25,24104.5,24112.5,0,0,0,0,0,0,0,NaN,24121.25,24104.5,24112.5
1757924100,24112.25,24122.5,24097.25,24120,0,0,0,0,0,0,0,NaN,24122.5,24097.25,24120
1757924400,24118.75,24118.75,24101,24113.25,0,0,0,0,0,0,0,NaN,24118.75,24101,24113.25
1757924700,24112.5,24113.5,24095.25,24098.5,0,0,0,0,0,0,0,NaN,24113.5,24095.25,24098.5
1757925000,24098.5,24104.25,24080,24080.5,0,0,0,0,0,0,0,NaN,24104.25,24080,24080.5
1757925300,24080.75,24096,24080,24095.25,0,0,0,0,0,0,0,NaN,24096,24080,24095.25
1757925600,24095.25,24101,24090,24101,0,0,0,0,0,0,0,NaN,24101,24090,24101
1757925900,24100.25,24119.5,24100.25,24116,0,0,0,0,0,0,0,NaN,24119.5,24100.25,24116
1757926200,24116,24116.75,24100.5,24102.25,0,0,0,0,0,0,0,NaN,24116.75,24100.5,24102.25
1757926500,24101.25,24101.5,24091,24095.75,0,0,0,0,0,0,0,NaN,24101.5,24091,24095.75
1757926800,24095,24096.75,24086.5,24089.75,0,0,0,0,0,0,0,NaN,24096.75,24086.5,24089.75
1757927100,24089.75,24095.5,24087,24092.25,0,0,0,0,0,0,0,NaN,24095.5,24087,24092.25
1757927400,24091,24094.25,24088,24090.75,0,0,0,0,0,0,0,NaN,24094.25,24088,24090.75
1757927700,24090.5,24093,24083.75,24087,0,0,0,0,0,0,0,NaN,24093,24083.75,24087
1757928000,24086.75,24091,24080.25,24090.5,0,0,0,0,0,0,0,NaN,24091,24080.25,24090.5
1757928300,24090.5,24094.25,24088,24093,0,0,0,0,0,0,0,NaN,24094.25,24088,24093
1757928600,24093,24100,24091,24093.25,0,0,0,0,0,0,0,NaN,24100,24091,24093.25
1757928900,24093.75,24100,24089.75,24098.5,0,0,0,0,0,0,0,NaN,24100,24089.75,24098.5
1757929200,24098.75,24098.75,24089.75,24093.75,0,0,0,0,0,0,0,NaN,24098.75,24089.75,24093.75
1757929500,24095.5,24099,24093,24096.25,0,0,0,0,0,0,0,NaN,24099,24093,24096.25
1757929800,24094.25,24098.5,24094,24097.5,0,0,0,0,0,0,0,NaN,24098.5,24094,24097.5
1757930100,24097.5,24099.75,24095,24097,0,0,0,0,0,0,0,NaN,24099.75,24095,24097
1757930400,24095.5,24097.75,24092.25,24095.5,0,0,0,0,0,0,0,NaN,24097.75,24092.25,24095.5
1757930700,24096.25,24103,24095.75,24102,0,0,0,0,0,0,0,NaN,24103,24095.75,24102
1757931000,24101.5,24102.5,24096.25,24102.5,0,0,0,0,0,0,0,NaN,24102.5,24096.25,24102.5
1757931300,24101.5,24109,24101.25,24108.5,0,0,0,0,0,0,0,NaN,24109,24101.25,24108.5
1757931600,24107.25,24114.5,24106.5,24109,0,0,0,0,0,0,0,NaN,24114.5,24106.5,24109
1757931900,24110.5,24122.75,24109.25,24122.75,0,0,0,0,0,0,0,NaN,24122.75,24109.25,24122.75
1757932200,24123,24133.25,24122.25,24123.5,0,0,0,0,0,0,0,NaN,24133.25,24122.25,24123.5
1757932500,24125.25,24130.75,24118.5,24120,0,0,0,0,0,0,0,NaN,24130.75,24118.5,24120
1757932800,24120,24121.5,24115.5,24118.75,0,0,0,0,0,0,0,NaN,24121.5,24115.5,24118.75
1757933100,24117.75,24124.75,24116.75,24122.75,0,0,0,0,0,0,0,NaN,24124.75,24116.75,24122.75
1757933400,24123.25,24129.25,24120,24127.25,0,0,0,0,0,0,0,NaN,24129.25,24120,24127.25
1757933700,24126.5,24128.25,24124,24127,0,0,0,0,0,0,0,NaN,24128.25,24124,24127
1757934000,24128.5,24135.75,24125.75,24134.5,0,0,0,0,0,0,0,NaN,24135.75,24125.75,24134.5
1757934300,24135,24145,24130.25,24142.25,0,0,0,0,0,0,0,NaN,24145,24130.25,24142.25
1757934600,24143,24144.5,24137.75,24137.75,0,0,0,0,0,0,0,NaN,24144.5,24137.75,24137.75
1757934900,24139.75,24140.75,24133,24134.75,0,0,0,0,0,0,0,NaN,24140.75,24133,24134.75
1757935200,24136.75,24140.75,24136.5,24136.75,0,0,0,0,0,0,0,NaN,24140.75,24136.5,24136.75
1757935500,24136,24139,24131.75,24134.5,0,0,0,0,0,0,0,NaN,24139,24131.75,24134.5
1757935800,24134.75,24138,24129.75,24135.75,0,0,0,0,0,0,0,NaN,24138,24129.75,24135.75
1757936100,24134.75,24147.75,24134.5,24143,0,0,0,0,0,0,0,NaN,24147.75,24134.5,24143
1757936400,24143,24146.25,24136.25,24141.5,0,0,0,0,0,0,0,NaN,24146.25,24136.25,24141.5
1757936700,24141.75,24146.75,24141.5,24143.5,0,0,0,0,0,0,0,NaN,24146.75,24141.5,24143.5
1757937000,24142.5,24144.75,24139.25,24140.5,0,0,0,0,0,0,0,NaN,24144.75,24139.25,24140.5
1757937300,24139.25,24145.5,24135.25,24144.5,0,0,0,0,0,0,0,NaN,24145.5,24135.25,24144.5
1757937600,24143.25,24152.75,24142.25,24151,0,0,0,0,0,0,0,NaN,24152.75,24142.25,24151
1757937900,24152.25,24153,24143.75,24149,0,0,0,0,0,0,0,NaN,24153,24143.75,24149
1757938200,24149.25,24151,24145.75,24148,0,0,0,0,0,0,0,NaN,24151,24145.75,24148
1757938500,24148.75,24162.5,24143.5,24152,0,0,0,0,0,0,0,NaN,24162.5,24143.5,24152
1757938800,24152,24173.75,24148,24170.25,0,0,0,0,0,0,0,NaN,24173.75,24148,24170.25
1757939100,24170.75,24174.25,24155.5,24157.25,0,0,0,0,0,0,0,NaN,24174.25,24155.5,24157.25
1757939400,24157.75,24157.75,24145.5,24152.5,0,0,0,0,0,0,0,NaN,24157.75,24145.5,24152.5
1757939700,24152.5,24152.5,24141.5,24144.25,0,0,0,0,0,0,0,NaN,24152.5,24141.5,24144.25
1757940000,24144.5,24156,24139.5,24155.25,0,0,0,0,0,0,0,NaN,24156,24139.5,24155.25
1757940300,24154.75,24156.25,24148.25,24155.75,0,0,0,0,0,0,0,NaN,24156.25,24148.25,24155.75
1757940600,24155.5,24168.25,24154,24168,0,0,0,0,0,0,0,NaN,24168.25,24154,24168
1757940900,24167.5,24173,24160.5,24173,0,0,0,0,0,0,0,NaN,24173,24160.5,24173
1757941200,24172.75,24179.75,24169.25,24171,0,0,0,0,0,0,0,NaN,24179.75,24169.25,24171
1757941500,24171.25,24177.5,24170,24171.75,0,0,0,0,0,0,0,NaN,24177.5,24170,24171.75
1757941800,24172,24176.25,24170,24172,0,0,0,0,0,0,0,NaN,24176.25,24170,24172
1757942100,24172.75,24173.5,24162.25,24169.5,0,0,0,0,0,0,0,NaN,24173.5,24162.25,24169.5
1757942400,24169.75,24177.5,24169,24172.75,0,0,0,0,0,0,0,NaN,24177.5,24169,24172.75
1757942700,24173.5,24183,24167.25,24178,0,0,0,0,0,0,0,NaN,24183,24167.25,24178
1757943000,24177.75,24212,24172.75,24201.5,0,0,0,0,0,0,0,NaN,24212,24172.75,24201.5
1757943300,24201.5,24224.75,24196,24213.5,0,0,0,0,0,0,0,NaN,24224.75,24196,24213.5
1757943600,24213.5,24226.5,24197.25,24203.5,0,0,0,0,0,0,0,NaN,24226.5,24197.25,24203.5
1757943900,24203.5,24231.5,24203.5,24228.5,0,0,0,0,0,0,0,NaN,24231.5,24203.5,24228.5
1757944200,24228.75,24251,24226,24246.5,0,0,0,0,0,0,0,NaN,24251,24226,24246.5
1757944500,24246.5,24262.25,24239,24260.5,0,0,0,0,0,0,0,NaN,24262.25,24239,24260.5
1757944800,24260.5,24265.25,24248.75,24253.5,0,0,0,0,0,0,0,NaN,24265.25,24248.75,24253.5
1757945100,24253.25,24262,24245.75,24249.75,0,0,0,0,0,0,0,NaN,24262,24245.75,24249.75
1757945400,24249.75,24254.5,24238,24247.5,0,0,0,0,0,0,0,NaN,24254.5,24238,24247.5
1757945700,24247.75,24249.75,24238.75,24241.25,0,0,0,0,0,0,0,NaN,24249.75,24238.75,24241.25
1757946000,24242,24242.75,24227.75,24235,0,0,0,0,0,0,0,NaN,24242.75,24227.75,24235
1757946300,24234.25,24257.5,24230.5,24254.75,0,0,0,0,0,0,0,NaN,24257.5,24230.5,24254.75
1757946600,24254.25,24259.5,24236.75,24241.25,0,0,0,0,0,0,0,NaN,24259.5,24236.75,24241.25
1757946900,24241.5,24253.25,24237.5,24248.25,0,0,0,0,0,0,0,NaN,24253.25,24237.5,24248.25
1757947200,24248,24258.5,24245.75,24255,0,0,0,0,0,0,0,NaN,24258.5,24245.75,24255
1757947500,24255.25,24262.25,24240,24244.25,0,0,0,0,0,0,0,NaN,24262.25,24240,24244.25
1757947800,24244,24256.25,24240.5,24251.5,0,0,0,0,0,0,0,NaN,24256.25,24240.5,24251.5
1757948100,24251.5,24262,24250.75,24262,0,0,0,0,0,0,0,NaN,24262,24250.75,24262
1757948400,24262,24270,24257.25,24265.5,0,0,0,0,0,0,0,NaN,24270,24257.25,24265.5
1757948700,24266.25,24267.5,24249.5,24249.5,0,0,0,0,0,0,0,NaN,24267.5,24249.5,24249.5
1757949000,24250,24265,24246.25,24256,0,0,0,0,0,0,0,NaN,24265,24246.25,24256
1757949300,24255.75,24262,24248,24249.75,0,0,0,0,0,0,0,NaN,24262,24248,24249.75
1757949600,24250,24251,24240.25,24247.25,0,0,0,0,0,0,0,NaN,24251,24240.25,24247.25
1757949900,24247.25,24264,24247.25,24254,0,0,0,0,0,0,0,NaN,24264,24247.25,24254
1757950200,24253.25,24257.25,24250,24250.75,0,0,0,0,0,0,0,NaN,24257.25,24250,24250.75
1757950500,24251,24267,24250.5,24265,0,0,0,0,0,0,0,NaN,24267,24250.5,24265
1757950800,24265.25,24278.25,24260.25,24260.75,0,0,0,0,0,0,0,NaN,24278.25,24260.25,24260.75
1757951100,24261,24279,24259.5,24277.75,0,0,0,0,0,0,0,NaN,24279,24259.5,24277.75
1757951400,24277.25,24282.75,24273.25,24281.25,0,0,0,0,0,0,0,NaN,24282.75,24273.25,24281.25
1757951700,24281,24289.75,24275,24279.75,0,0,0,0,0,0,0,NaN,24289.75,24275,24279.75
1757952000,24280,24281.25,24265.75,24270,0,0,0,0,0,0,0,NaN,24281.25,24265.75,24270
1757952300,24270,24283.5,24269,24283.25,0,0,0,0,0,0,0,NaN,24283.5,24269,24283.25
1757952600,24283,24295,24276.5,24286,0,0,0,0,0,0,0,NaN,24295,24276.5,24286
1757952900,24286.25,24291.25,24280.75,24281.75,0,0,0,0,0,0,0,NaN,24291.25,24280.75,24281.75
1757953200,24282.25,24288.25,24276.75,24279.25,0,0,0,0,0,0,0,NaN,24288.25,24276.75,24279.25
1757953500,24279.5,24280.25,24267.5,24269.75,0,0,0,0,0,0,0,NaN,24280.25,24267.5,24269.75
1757953800,24269.75,24287.25,24268.75,24284.75,0,0,0,0,0,0,0,NaN,24287.25,24268.75,24284.75
1757954100,24285,24286.5,24277.25,24284.75,0,0,0,0,0,0,0,NaN,24286.5,24277.25,24284.75
1757954400,24284.5,24286.75,24275.75,24284,0,0,0,0,0,0,0,NaN,24286.75,24275.75,24284
1757954700,24283.75,24283.75,24272,24276.25,0,0,0,0,0,0,0,NaN,24283.75,24272,24276.25
1757955000,24276.25,24281,24268,24273.75,0,0,0,0,0,0,0,NaN,24281,24268,24273.75
1757955300,24273.5,24276,24261,24266,0,0,0,0,0,0,0,NaN,24276,24261,24266
1757955600,24266,24270.75,24263,24264.75,0,0,0,0,0,0,0,NaN,24270.75,24263,24264.75
1757955900,24265,24280.25,24264.5,24273,0,0,0,0,0,0,0,NaN,24280.25,24264.5,24273
1757956200,24273,24274.5,24262.75,24266,0,0,0,0,0,0,0,NaN,24274.5,24262.75,24266
1757956500,24265.25,24268,24256.5,24260,0,0,0,0,0,0,0,NaN,24268,24256.5,24260
1757956800,24259.75,24265.5,24253,24261,0,0,0,0,0,0,0,NaN,24265.5,24253,24261
1757957100,24261.25,24262,24253.5,24254.25,0,0,0,0,0,0,0,NaN,24262,24253.5,24254.25
1757957400,24253.75,24261.25,24248.75,24258.75,0,0,0,0,0,0,0,NaN,24261.25,24248.75,24258.75
1757957700,24258,24265.75,24251.75,24263.25,0,0,0,0,0,0,0,NaN,24265.75,24251.75,24263.25
1757958000,24263.25,24273,24263.25,24268.25,0,0,0,0,0,0,0,NaN,24273,24263.25,24268.25
1757958300,24268.25,24277.75,24263,24275.5,0,0,0,0,0,0,0,NaN,24277.75,24263,24275.5
1757958600,24275.75,24279.25,24274,24276.25,0,0,0,0,0,0,0,NaN,24279.25,24274,24276.25
1757958900,24276.75,24288.5,24275.25,24286.75,0,0,0,0,0,0,0,NaN,24288.5,24275.25,24286.75
1757959200,24286.5,24287.75,24277.5,24287.5,0,0,0,0,0,0,0,NaN,24287.75,24277.5,24287.5
1757959500,24287,24290.5,24280.25,24282.25,0,0,0,0,0,0,0,NaN,24290.5,24280.25,24282.25
1757959800,24282.5,24286,24273.25,24281.75,0,0,0,0,0,0,0,NaN,24286,24273.25,24281.75
1757960100,24281.75,24284.75,24270.75,24275.25,0,0,0,0,0,0,0,NaN,24284.75,24270.75,24275.25
1757960400,24275,24276.75,24270.25,24272.25,0,0,0,0,0,0,0,NaN,24276.75,24270.25,24272.25
1757960700,24272,24276,24264,24264.25,0,0,0,0,0,0,0,NaN,24276,24264,24264.25
1757961000,24264.5,24280,24263.5,24276.25,0,0,0,0,0,0,0,NaN,24280,24263.5,24276.25
1757961300,24276,24278.75,24265.25,24267.25,0,0,0,0,0,0,0,NaN,24278.75,24265.25,24267.25
1757961600,24266.75,24266.75,24245,24251.75,0,0,0,0,0,0,0,NaN,24266.75,24245,24251.75
1757961900,24251.5,24262.25,24251.5,24261.75,0,0,0,0,0,0,0,NaN,24262.25,24251.5,24261.75
1757962200,24261.25,24273.25,24258.5,24272,0,0,0,0,0,0,0,NaN,24273.25,24258.5,24272
1757962500,24272.25,24273.5,24266,24270.75,0,0,0,0,0,0,0,NaN,24273.5,24266,24270.75
1757962800,24271.25,24281,24266.5,24267,0,0,0,0,0,0,0,NaN,24281,24266.5,24267
1757963100,24267.5,24275.75,24262.5,24274,0,0,0,0,0,0,0,NaN,24275.75,24262.5,24274
1757963400,24273.25,24278,24269.75,24270.75,0,0,0,0,0,0,0,NaN,24278,24269.75,24270.75
1757963700,24270.75,24274,24261.75,24273.5,0,0,0,0,0,0,0,NaN,24274,24261.75,24273.5
1757964000,24273.75,24277.5,24268.25,24273.25,0,0,0,0,0,0,0,NaN,24277.5,24268.25,24273.25
1757964300,24273,24277.25,24269.5,24274.25,0,0,0,0,0,0,0,NaN,24277.25,24269.5,24274.25
1757964600,24273.25,24277.75,24268.75,24277.25,0,0,0,0,0,0,0,NaN,24277.75,24268.75,24277.25
1757964900,24277.75,24282.75,24274,24279.5,0,0,0,0,0,0,0,NaN,24282.75,24274,24279.5
1757965200,24279.5,24287,24275.25,24277.75,0,0,0,0,0,0,0,NaN,24287,24275.25,24277.75
1757965500,24277.5,24292.75,24276,24290.75,0,0,0,0,0,0,0,NaN,24292.75,24276,24290.75
1757965800,24290,24294,24265.5,24287.75,0,0,0,0,0,0,0,NaN,24294,24265.5,24287.75
1757966100,24287,24315.5,24276.5,24311.75,0,0,0,0,0,0,0,NaN,24315.5,24276.5,24311.75
1757966400,24311.75,24314.5,24292.25,24293.75,0,0,0,0,0,0,0,NaN,24314.5,24292.25,24293.75
1757966700,24294.25,24298.75,24290.25,24296.25,0,0,0,0,0,0,0,NaN,24298.75,24290.25,24296.25
1757967000,24296.5,24296.5,24286,24288,0,0,0,0,0,0,0,NaN,24296.5,24286,24288
1757967300,24287.5,24297,24286.5,24295,0,0,0,0,0,0,0,NaN,24297,24286.5,24295
1757967600,24295,24297.25,24294.5,24295.5,0,0,0,0,0,0,0,NaN,24297.25,24294.5,24295.5
1757967900,24295.75,24296,24289.75,24290,0,0,0,0,0,0,0,NaN,24296,24289.75,24290
1757968200,24290.25,24293.75,24289,24292.75,0,0,0,0,0,0,0,NaN,24293.75,24289,24292.75
1757968500,24292.5,24298.5,24292,24298.5,0,0,0,0,0,0,0,NaN,24298.5,24292,24298.5
1757968800,24297.75,24302.25,24296.75,24301.75,0,0,0,0,0,0,0,NaN,24302.25,24296.75,24301.75
1757969100,24301.25,24304.5,24298.25,24298.75,0,0,0,0,0,0,0,NaN,24304.5,24298.25,24298.75
1757969400,24298.5,24302.75,24298,24298.5,0,0,0,0,0,0,0,NaN,24302.75,24298,24298.5
1757969700,24298.75,24301.5,24296,24296.5,0,0,0,0,0,0,0,NaN,24301.5,24296,24296.5
1757973600,24533.75,24537,24526.25,24531,0,0,0,0,0,0,0,NaN,24537,24526.25,24531
1757973900,24531.5,24536.25,24528.75,24532.25,0,0,0,0,0,0,0,NaN,24536.25,24528.75,24532.25
1757974200,24533,24535,24529.5,24531.75,0,0,0,0,0,0,0,NaN,24535,24529.5,24531.75
1757974500,24532.5,24532.75,24529.75,24530.25,0,0,0,0,0,0,0,NaN,24532.75,24529.75,24530.25
1757974800,24530.75,24537.5,24528,24532.75,0,0,0,0,0,0,0,NaN,24537.5,24528,24532.75
1757975100,24532,24532.5,24527.25,24529.75,0,0,0,0,0,0,0,NaN,24532.5,24527.25,24529.75
1757975400,24530.25,24530.5,24524,24527.25,0,0,0,0,0,0,0,NaN,24530.5,24524,24527.25
1757975700,24527.25,24531,24526.5,24529.75,0,0,0,0,0,0,0,NaN,24531,24526.5,24529.75
1757976000,24530,24533.5,24529.5,24532.75,0,0,0,0,0,0,0,NaN,24533.5,24529.5,24532.75
1757976300,24532,24533.5,24530.5,24532,0,0,0,0,0,0,0,NaN,24533.5,24530.5,24532
1757976600,24532,24533.75,24530,24530.5,0,0,0,0,0,0,0,NaN,24533.75,24530,24530.5
1757976900,24530,24532.25,24525.75,24530.25,0,0,0,0,0,0,0,NaN,24532.25,24525.75,24530.25
1757977200,24531.5,24533.5,24528,24531,0,0,0,0,0,0,0,NaN,24533.5,24528,24531
1757977500,24531.75,24534,24529.5,24529.5,0,0,0,0,0,0,0,NaN,24534,24529.5,24529.5
1757977800,24529.5,24533.5,24529.5,24531.25,0,0,0,0,0,0,0,NaN,24533.5,24529.5,24531.25
1757978100,24532,24540.75,24531.25,24540,0,0,0,0,0,0,0,NaN,24540.75,24531.25,24540
1757978400,24540,24546.5,24538.5,24546,0,0,0,0,0,0,0,NaN,24546.5,24538.5,24546
1757978700,24546,24549.25,24544.5,24547,0,0,0,0,0,0,0,NaN,24549.25,24544.5,24547
1757979000,24545.25,24546,24540.5,24543.75,0,0,0,0,0,0,0,NaN,24546,24540.5,24543.75
1757979300,24544,24544,24540.75,24543,0,0,0,0,0,0,0,NaN,24544,24540.75,24543
1757979600,24542.5,24546.5,24540,24542.25,0,0,0,0,0,0,0,NaN,24546.5,24540,24542.25
1757979900,24541.75,24543.5,24537,24541.75,0,0,0,0,0,0,0,NaN,24543.5,24537,24541.75
1757980200,24541.5,24545.5,24541,24544.75,0,0,0,0,0,0,0,NaN,24545.5,24541,24544.75
1757980500,24545,24547.25,24544.25,24546.25,0,0,0,0,0,0,0,NaN,24547.25,24544.25,24546.25
1757980800,24546.75,24547.25,24538.25,24544.5,0,0,0,0,0,0,0,NaN,24547.25,24538.25,24544.5
1757981100,24544,24544.5,24540.5,24542.75,0,0,0,0,0,0,0,NaN,24544.5,24540.5,24542.75
1757981400,24542.5,24543.5,24538.75,24540,0,0,0,0,0,0,0,NaN,24543.5,24538.75,24540
1757981700,24538.75,24542.25,24536,24541.25,0,0,0,0,0,0,0,NaN,24542.25,24536,24541.25
1757982000,24541.25,24542.5,24538.75,24539.25,0,0,0,0,0,0,0,NaN,24542.5,24538.75,24539.25
1757982300,24538.75,24539,24534,24536,0,0,0,0,0,0,0,NaN,24539,24534,24536
1757982600,24536.25,24536.75,24526.75,24534.75,0,0,0,0,0,0,0,NaN,24536.75,24526.75,24534.75
1757982900,24534.5,24537,24532.25,24537,0,0,0,0,0,0,0,NaN,24537,24532.25,24537
1757983200,24537.25,24541.75,24535.25,24540.75,0,0,0,0,0,0,0,NaN,24541.75,24535.25,24540.75
1757983500,24541.25,24546,24537.5,24544.5,0,0,0,0,0,0,0,NaN,24546,24537.5,24544.5
1757983800,24544,24546.25,24542,24544,0,0,0,0,0,0,0,NaN,24546.25,24542,24544
1757984100,24544.75,24545,24542,24544.5,0,0,0,0,0,0,0,NaN,24545,24542,24544.5
1757984400,24545.25,24546,24541.5,24544.5,0,0,0,0,0,0,0,NaN,24546,24541.5,24544.5
1757984700,24545.5,24551.5,24545.5,24550,0,0,0,0,0,0,0,NaN,24551.5,24545.5,24550
1757985000,24550,24556.25,24550,24551.5,0,0,0,0,0,0,0,NaN,24556.25,24550,24551.5
1757985300,24552,24553.75,24549.75,24551,0,0,0,0,0,0,0,NaN,24553.75,24549.75,24551
1757985600,24550.25,24551.5,24548.75,24550.5,0,0,0,0,0,0,0,NaN,24551.5,24548.75,24550.5
1757985900,24551,24553,24548.5,24548.5,0,0,0,0,0,0,0,NaN,24553,24548.5,24548.5
1757986200,24549.25,24553.25,24548.75,24552.25,0,0,0,0,0,0,0,NaN,24553.25,24548.75,24552.25
1757986500,24552.75,24556.25,24552,24555,0,0,0,0,0,0,0,NaN,24556.25,24552,24555
1757986800,24555.5,24561.25,24551.5,24560.5,0,0,0,0,0,0,0,NaN,24561.25,24551.5,24560.5
1757987100,24560.75,24562.5,24558,24559,0,0,0,0,0,0,0,NaN,24562.5,24558,24559
1757987400,24559.25,24560,24553.25,24555.5,0,0,0,0,0,0,0,NaN,24560,24553.25,24555.5
1757987700,24555.25,24558.25,24554.25,24555.75,0,0,0,0,0,0,0,NaN,24558.25,24554.25,24555.75
1757988000,24556.5,24558,24554,24557,0,0,0,0,0,0,0,NaN,24558,24554,24557
1757988300,24557.5,24559.75,24556,24558.25,0,0,0,0,0,0,0,NaN,24559.75,24556,24558.25
1757988600,24558,24561.5,24558,24560.25,0,0,0,0,0,0,0,NaN,24561.5,24558,24560.25
1757988900,24560.25,24564.75,24560,24563,0,0,0,0,0,0,0,NaN,24564.75,24560,24563
1757989200,24562.5,24564,24561.25,24562.75,0,0,0,0,0,0,0,NaN,24564,24561.25,24562.75
1757989500,24563,24568,24561.5,24565.75,0,0,0,0,0,0,0,NaN,24568,24561.5,24565.75
1757989800,24565.5,24585.75,24565.25,24579.75,0,0,0,0,0,0,0,NaN,24585.75,24565.25,24579.75
1757990100,24579,24579.5,24573,24574.75,0,0,0,0,0,0,0,NaN,24579.5,24573,24574.75
1757990400,24574.75,24574.75,24569.25,24573,0,0,0,0,0,0,0,NaN,24574.75,24569.25,24573
1757990700,24572.75,24573,24569,24571.25,0,0,0,0,0,0,0,NaN,24573,24569,24571.25
1757991000,24572,24574.25,24571.5,24571.75,0,0,0,0,0,0,0,NaN,24574.25,24571.5,24571.75
1757991300,24572,24572,24568,24571,0,0,0,0,0,0,0,NaN,24572,24568,24571
1757991600,24571.5,24573.75,24569.75,24573.75,0,0,0,0,0,0,0,NaN,24573.75,24569.75,24573.75
1757991900,24573.75,24578,24573.25,24576.75,0,0,0,0,0,0,0,NaN,24578,24573.25,24576.75
1757992200,24577.25,24579.25,24575.5,24577.25,0,0,0,0,0,0,0,NaN,24579.25,24575.5,24577.25
1757992500,24577,24578.25,24574.5,24576,0,0,0,0,0,0,0,NaN,24578.25,24574.5,24576
1757992800,24575.5,24577.25,24573.75,24576.25,0,0,0,0,0,0,0,NaN,24577.25,24573.75,24576.25
1757993100,24575.75,24582,24575.75,24579.25,0,0,0,0,0,0,0,NaN,24582,24575.75,24579.25
1757993400,24579.75,24589.5,24578,24584.25,0,0,0,0,0,0,0,NaN,24589.5,24578,24584.25
1757993700,24583.75,24584,24579,24581.75,0,0,0,0,0,0,0,NaN,24584,24579,24581.75
1757994000,24582.5,24584.75,24581.5,24582.25,0,0,0,0,0,0,0,NaN,24584.75,24581.5,24582.25
1757994300,24582,24586,24579.25,24585.25,0,0,0,0,0,0,0,NaN,24586,24579.25,24585.25
1757994600,24585.5,24585.5,24578.5,24581.5,0,0,0,0,0,0,0,NaN,24585.5,24578.5,24581.5
1757994900,24583,24586.75,24583,24585.25,0,0,0,0,0,0,0,NaN,24586.75,24583,24585.25
1757995200,24584.75,24585.75,24581.5,24583.25,0,0,1,0,0,0,0,NaN,24585.75,24581.5,24583.25
1757995500,24583.25,24583.75,24581,24582,0,0,0,0,0,0,0,NaN,24583.75,24581,24582
1757995800,24581.75,24582.25,24576.75,24578.5,0,0,0,0,0,0,0,NaN,24582.25,24576.75,24578.5
1757996100,24577.5,24580.75,24577.5,24579,0,0,0,0,0,0,0,NaN,24580.75,24577.5,24579
1757996400,24579.75,24585,24579.5,24583.75,0,0,0,0,0,0,0,NaN,24585,24579.5,24583.75
1757996700,24583,24583,24580.5,24580.5,0,0,0,0,0,0,0,NaN,24583,24580.5,24580.5
1757997000,24580,24580.75,24577.5,24580.5,0,0,0,0,0,0,0,NaN,24580.75,24577.5,24580.5
1757997300,24581,24583,24579.25,24581,0,0,0,0,0,0,0,NaN,24583,24579.25,24581
1757997600,24581.25,24584.75,24580.5,24582,0,0,0,0,0,0,0,NaN,24584.75,24580.5,24582
1757997900,24582,24582.5,24579,24579.75,0,0,0,0,0,0,0,NaN,24582.5,24579,24579.75
1757998200,24578.75,24581,24577,24578,0,0,0,0,0,0,0,NaN,24581,24577,24578
1757998500,24579.5,24581.25,24578.5,24580,0,0,0,0,0,0,0,NaN,24581.25,24578.5,24580
1757998800,24580.75,24584,24577.5,24580.5,0,0,0,0,0,0,0,NaN,24584,24577.5,24580.5
1757999100,24580.25,24586.75,24579.25,24584.75,0,0,0,0,0,0,0,NaN,24586.75,24579.25,24584.75
1757999400,24584.5,24594.25,24584.25,24590.25,0,0,0,0,0,0,0,NaN,24594.25,24584.25,24590.25
1757999700,24590,24591.5,24583,24585.25,0,0,0,0,0,0,0,NaN,24591.5,24583,24585.25
1758000000,24584.5,24588,24582.25,24587.75,0,0,0,0,0,0,0,NaN,24588,24582.25,24587.75
1758000300,24587.25,24591,24585.75,24589.5,0,0,0,0,0,0,0,NaN,24591,24585.75,24589.5
1758000600,24588.75,24589.75,24583.5,24584.25,0,0,0,0,0,0,0,NaN,24589.75,24583.5,24584.25
1758000900,24585,24589,24584.75,24588.75,0,0,0,0,0,0,0,NaN,24589,24584.75,24588.75
1758001200,24588.75,24592,24586,24591,0,0,0,0,0,0,0,NaN,24592,24586,24591
1758001500,24589.5,24593.5,24586,24592.75,0,0,0,0,0,0,0,NaN,24593.5,24586,24592.75
1758001800,24593.5,24602,24593.5,24598.5,0,0,0,0,0,0,0,NaN,24602,24593.5,24598.5
1758002100,24598.5,24599,24593.25,24595,0,0,0,0,0,0,0,NaN,24599,24593.25,24595
1758002400,24595,24602.75,24594,24600.75,0,0,0,0,0,0,0,NaN,24602.75,24594,24600.75
1758002700,24600.75,24600.75,24595.75,24599,0,0,0,0,0,0,0,NaN,24600.75,24595.75,24599
1758003000,24599.5,24603.5,24597,24602,0,0,0,0,0,0,0,NaN,24603.5,24597,24602
1758003300,24601.5,24602.25,24598.25,24601,0,0,0,0,0,0,0,NaN,24602.25,24598.25,24601
1758003600,24600.5,24603.25,24596.25,24597,0,0,0,0,0,0,0,NaN,24603.25,24596.25,24597
1758003900,24597.25,24597.25,24591.5,24593.75,0,0,0,0,0,0,0,NaN,24597.25,24591.5,24593.75
1758004200,24594.25,24594.25,24584.75,24587.75,0,0,0,0,0,0,0,NaN,24594.25,24584.75,24587.75
1758004500,24587.5,24590,24585.25,24588.25,0,0,0,0,0,0,0,NaN,24590,24585.25,24588.25
1758004800,24588,24596,24586.5,24593.25,0,0,0,0,0,0,0,NaN,24596,24586.5,24593.25
1758005100,24593,24593,24588.75,24590,0,0,0,0,0,0,0,NaN,24593,24588.75,24590
1758005400,24589.25,24591,24588,24589,0,0,0,0,0,0,0,NaN,24591,24588,24589
1758005700,24588.75,24589.25,24585.25,24588.25,0,0,0,0,0,0,0,NaN,24589.25,24585.25,24588.25
1758006000,24588,24595.5,24585.25,24595,0,0,0,0,0,0,0,NaN,24595.5,24585.25,24595
1758006300,24595,24595.5,24581.5,24590.75,0,0,0,0,0,0,0,NaN,24595.5,24581.5,24590.75
1758006600,24590.5,24604.25,24589.75,24599.5,0,0,0,0,0,0,0,NaN,24604.25,24589.75,24599.5
1758006900,24599.5,24606.75,24594.25,24604.5,0,0,0,0,0,0,0,NaN,24606.75,24594.25,24604.5
1758007200,24605.25,24614.25,24596,24607.5,0,0,0,0,0,0,0,NaN,24614.25,24596,24607.5
1758007500,24607.75,24612,24605,24610,0,0,0,0,0,0,0,NaN,24612,24605,24610
1758007800,24610.25,24615,24606.5,24615,0,0,0,0,0,0,0,NaN,24615,24606.5,24615
1758008100,24615,24618,24609,24613.75,0,0,0,0,0,0,0,NaN,24618,24609,24613.75
1758008400,24613.75,24614.25,24604.25,24609.5,0,0,0,0,0,0,0,NaN,24614.25,24604.25,24609.5
1758008700,24609.75,24609.75,24604,24606.25,0,0,0,0,0,0,0,NaN,24609.75,24604,24606.25
1758009000,24605.75,24606.5,24595.75,24601.5,0,0,0,0,0,0,0,NaN,24606.5,24595.75,24601.5
1758009300,24601,24604.25,24598.75,24602,0,0,0,0,0,0,0,NaN,24604.25,24598.75,24602
1758009600,24602.25,24626.75,24601,24622.5,0,0,0,0,0,0,0,NaN,24626.75,24601,24622.5
1758009900,24622,24634.5,24620.25,24632.75,0,0,0,0,0,0,0,NaN,24634.5,24620.25,24632.75
1758010200,24633,24635.5,24628,24634,0,0,0,0,0,0,0,NaN,24635.5,24628,24634
1758010500,24633.75,24638,24629,24630,0,0,0,0,0,0,0,NaN,24638,24629,24630
1758010800,24629.5,24634,24625,24634,0,0,0,0,0,0,0,NaN,24634,24625,24634
1758011100,24634.5,24636.5,24628.75,24636.5,0,0,0,0,0,0,0,NaN,24636.5,24628.75,24636.5
1758011400,24636.25,24636.25,24628.5,24628.5,0,0,0,0,0,0,0,NaN,24636.25,24628.5,24628.5
1758011700,24628.25,24632,24626.5,24631.75,0,0,0,0,0,0,0,NaN,24632,24626.5,24631.75
1758012000,24632.5,24638.25,24632,24636,0,0,0,0,0,0,0,NaN,24638.25,24632,24636
1758012300,24636.75,24646.5,24635,24646.5,0,0,0,0,0,0,0,NaN,24646.5,24635,24646.5
1758012600,24645.25,24647.25,24640.5,24644,0,0,0,0,0,0,0,NaN,24647.25,24640.5,24644
1758012900,24643.25,24643.75,24633.75,24639.5,0,0,0,0,0,0,0,NaN,24643.75,24633.75,24639.5
1758013200,24640.25,24645.5,24638.25,24643.25,0,0,0,0,0,0,0,NaN,24645.5,24638.25,24643.25
1758013500,24644.5,24645.25,24640.5,24642.5,0,0,0,0,0,0,0,NaN,24645.25,24640.5,24642.5
1758013800,24642.25,24642.25,24637.25,24637.75,0,0,0,0,0,0,0,NaN,24642.25,24637.25,24637.75
1758014100,24637.25,24638.75,24628.5,24631,0,0,0,0,0,0,0,NaN,24638.75,24628.5,24631
1758014400,24630.75,24635,24628.75,24631.5,0,0,0,0,0,0,0,NaN,24635,24628.75,24631.5
1758014700,24631.5,24635,24628,24632.75,0,0,0,0,0,0,0,NaN,24635,24628,24632.75
1758015000,24632.75,24632.75,24621.75,24624.5,0,0,0,0,0,0,0,NaN,24632.75,24621.75,24624.5
1758015300,24624.25,24627.75,24616.75,24617.5,0,0,0,0,0,0,0,NaN,24627.75,24616.75,24617.5
1758015600,24617.25,24623.25,24617.25,24621.75,0,0,0,0,0,0,0,NaN,24623.25,24617.25,24621.75
1758015900,24621.5,24625.25,24620.75,24621.5,0,0,0,0,0,0,0,NaN,24625.25,24620.75,24621.5
1758016200,24621.25,24625.25,24619.5,24624.5,0,0,0,0,0,0,0,NaN,24625.25,24619.5,24624.5
1758016500,24625.25,24627.5,24620,24625.75,0,0,0,0,0,0,0,NaN,24627.5,24620,24625.75
1758016800,24625.75,24626.75,24620.5,24620.75,0,0,0,0,0,0,0,NaN,24626.75,24620.5,24620.75
1758017100,24620.5,24624.25,24619,24622,0,0,0,0,0,0,0,NaN,24624.25,24619,24622
1758017400,24622,24624.75,24617.75,24622.5,0,0,0,0,0,0,0,NaN,24624.75,24617.75,24622.5
1758017700,24622.5,24625.5,24620.25,24625,0,0,0,0,0,0,0,NaN,24625.5,24620.25,24625
1758018000,24624.75,24631,24624,24629.75,0,0,0,0,0,0,0,NaN,24631,24624,24629.75
1758018300,24630,24630.75,24625.25,24629,0,0,0,0,0,0,0,NaN,24630.75,24625.25,24629
1758018600,24629.5,24630,24622.75,24624.5,0,0,0,0,0,0,0,NaN,24630,24622.75,24624.5
1758018900,24623.75,24625,24620.75,24623.5,0,0,0,0,0,0,0,NaN,24625,24620.75,24623.5
1758019200,24623.5,24625.5,24620.75,24622.25,0,0,0,0,0,0,0,NaN,24625.5,24620.75,24622.25
1758019500,24621.75,24628,24621.5,24625.75,0,0,0,0,0,0,0,NaN,24628,24621.5,24625.75
1758019800,24626.5,24632.75,24625,24631.25,0,0,0,0,0,0,0,NaN,24632.75,24625,24631.25
1758020100,24631.25,24631.25,24623.75,24627,0,0,0,0,0,0,0,NaN,24631.25,24623.75,24627
1758020400,24627,24627.25,24620,24623.25,0,0,0,0,0,0,0,NaN,24627.25,24620,24623.25
1758020700,24623,24625.75,24617.25,24623.75,0,0,0,0,0,0,0,NaN,24625.75,24617.25,24623.75
1758021000,24624.25,24626.75,24618.5,24621.75,0,0,0,0,0,0,0,NaN,24626.75,24618.5,24621.75
1758021300,24621.5,24621.5,24600,24608,0,0,0,0,0,0,0,NaN,24621.5,24600,24608
1758021600,24608,24614.5,24606,24611.75,0,0,0,0,0,0,0,NaN,24614.5,24606,24611.75
1758021900,24610.25,24614.75,24609.25,24610,0,0,0,0,0,0,0,NaN,24614.75,24609.25,24610
1758022200,24610,24613.75,24607,24607,0,0,0,0,0,0,0,NaN,24613.75,24607,24607
1758022500,24607,24608.25,24601.25,24602.75,0,0,0,0,0,0,0,NaN,24608.25,24601.25,24602.75
1758022800,24603.25,24605.25,24597,24600.5,0,0,0,0,0,0,0,NaN,24605.25,24597,24600.5
1758023100,24601.25,24605.75,24600.5,24601,0,0,0,0,0,0,0,NaN,24605.75,24600.5,24601
1758023400,24601,24605.25,24599,24605.25,0,0,0,0,0,0,0,NaN,24605.25,24599,24605.25
1758023700,24605,24609.75,24605,24605,0,0,0,0,0,0,0,NaN,24609.75,24605,24605
1758024000,24605.25,24607,24591.75,24593.25,0,0,0,0,0,0,0,NaN,24607,24591.75,24593.25
1758024300,24593,24596,24591,24595.5,0,0,0,0,0,0,0,NaN,24596,24591,24595.5
1758024600,24595.75,24600.75,24589,24597.75,0,0,0,0,0,0,0,NaN,24600.75,24589,24597.75
1758024900,24598,24600.5,24594.75,24598.75,0,0,0,0,0,0,0,NaN,24600.5,24594.75,24598.75
1758025200,24598.5,24602,24593.75,24594.75,0,0,0,0,0,0,0,NaN,24602,24593.75,24594.75
1758025500,24594.5,24596.25,24586.5,24591.5,0,0,0,0,0,0,0,NaN,24596.25,24586.5,24591.5
1758025800,24590,24601,24584.5,24597.75,0,0,0,0,0,0,0,NaN,24601,24584.5,24597.75
1758026100,24597.75,24608.5,24595,24600.75,0,0,0,0,0,0,0,NaN,24608.5,24595,24600.75
1758026400,24600.25,24600.75,24590.25,24600,0,0,0,0,0,0,0,NaN,24600.75,24590.25,24600
1758026700,24600,24605.75,24598,24604,0,0,0,0,0,0,0,NaN,24605.75,24598,24604
1758027000,24604,24604,24595,24596.25,0,0,0,0,0,0,0,NaN,24604,24595,24596.25
1758027300,24596.25,24604.5,24588.25,24597,0,0,0,0,0,0,0,NaN,24604.5,24588.25,24597
1758027600,24597.25,24607.75,24593.25,24606.5,0,0,0,0,0,0,0,NaN,24607.75,24593.25,24606.5
1758027900,24605.75,24609.75,24596.75,24598,0,0,0,0,0,0,0,NaN,24609.75,24596.75,24598
1758028200,24597.5,24601.25,24595.75,24598,0,0,0,0,0,0,0,NaN,24601.25,24595.75,24598
1758028500,24596.75,24601,24595,24598.5,0,0,0,0,0,0,0,NaN,24601,24595,24598.5
1758028800,24599,24609.5,24597,24607.25,0,0,0,0,0,0,0,NaN,24609.5,24597,24607.25
1758029100,24608,24608,24586,24588.75,0,0,0,0,0,0,0,NaN,24608,24586,24588.75
1758029400,24588.25,24600.5,24559,24570.25,0,0,0,0,0,0,0,NaN,24600.5,24559,24570.25
1758029700,24570.5,24578.75,24555,24558,0,0,0,0,0,0,0,NaN,24578.75,24555,24558
1758030000,24557.5,24573,24551.75,24567.75,0,0,0,0,0,0,0,NaN,24573,24551.75,24567.75
1758030300,24567.75,24570.25,24545,24562,0,0,0,0,0,0,0,NaN,24570.25,24545,24562
1758030600,24562.25,24564.75,24527,24538,0,0,0,0,0,0,0,NaN,24564.75,24527,24538
1758030900,24537.75,24547,24523.75,24538.25,0,0,0,0,0,0,0,NaN,24547,24523.75,24538.25
1758031200,24538,24547.75,24527.75,24537,0,0,0,0,0,0,0,NaN,24547.75,24527.75,24537
1758031500,24536.75,24555.25,24536,24544.75,0,0,0,0,0,0,0,NaN,24555.25,24536,24544.75
1758031800,24544.75,24550.75,24520.75,24538.25,0,0,0,0,0,0,0,NaN,24550.75,24520.75,24538.25
1758032100,24538.5,24559.75,24536.5,24546.25,0,0,0,0,0,0,0,NaN,24559.75,24536.5,24546.25
1758032400,24547,24561.25,24534.5,24556.75,0,0,0,0,0,0,0,NaN,24561.25,24534.5,24556.75
1758032700,24556.75,24557.5,24535,24538.75,0,0,0,0,0,0,0,NaN,24557.5,24535,24538.75
1758033000,24539,24548.75,24534,24545.25,0,0,0,0,0,0,0,NaN,24548.75,24534,24545.25
1758033300,24545,24556.75,24527.25,24533,0,0,0,0,0,0,0,NaN,24556.75,24527.25,24533
1758033600,24534.5,24538.75,24530.5,24531.75,0,0,0,0,0,0,0,NaN,24538.75,24530.5,24531.75
1758033900,24532,24544.25,24527,24538,0,0,0,0,0,0,0,NaN,24544.25,24527,24538
1758034200,24538,24550.75,24536.5,24547,0,0,0,0,0,0,0,NaN,24550.75,24536.5,24547
1758034500,24547,24547,24535,24537.75,0,0,0,0,0,0,0,NaN,24547,24535,24537.75
1758034800,24538,24539.5,24511,24516.5,0,0,0,0,0,0,0,NaN,24539.5,24511,24516.5
1758035100,24516.25,24530,24515.5,24527.75,0,0,0,0,0,0,0,NaN,24530,24515.5,24527.75
1758035400,24528,24536,24519.5,24529.75,0,0,0,0,0,0,0,NaN,24536,24519.5,24529.75
1758035700,24529.5,24531.75,24518.25,24530.75,0,0,0,0,0,0,0,NaN,24531.75,24518.25,24530.75
1758036000,24531.25,24542.5,24524.75,24526,0,0,0,0,0,0,0,NaN,24542.5,24524.75,24526
1758036300,24525.25,24532,24515.75,24517,0,0,0,0,0,0,0,NaN,24532,24515.75,24517
1758036600,24517.25,24524,24513,24514.25,0,0,0,0,0,0,0,NaN,24524,24513,24514.25
1758036900,24514.75,24520.75,24509.5,24519.75,0,0,0,0,0,0,0,NaN,24520.75,24509.5,24519.75
1758037200,24519,24523.5,24502.5,24511.5,0,0,0,0,0,0,0,NaN,24523.5,24502.5,24511.5
1758037500,24511.5,24523.5,24510.25,24511.75,0,0,0,0,0,0,0,NaN,24523.5,24510.25,24511.75
1758037800,24512,24525.25,24507.25,24522.25,0,0,0,0,0,0,0,NaN,24525.25,24507.25,24522.25
1758038100,24522.5,24525,24502.25,24509.25,0,0,0,0,0,0,0,NaN,24525,24502.25,24509.25
1758038400,24508.75,24516,24499.25,24500.25,0,0,0,0,0,0,0,NaN,24516,24499.25,24500.25
1758038700,24500.25,24516,24499.75,24514.5,0,0,0,0,0,0,0,NaN,24516,24499.75,24514.5
1758039000,24514.5,24520,24508.75,24518,0,0,0,0,0,0,0,NaN,24520,24508.75,24518
1758039300,24518,24520.25,24514.25,24516.25,0,0,0,0,0,0,0,NaN,24520.25,24514.25,24516.25
1758039600,24516.25,24519,24510.25,24516.5,0,0,0,0,0,0,0,NaN,24519,24510.25,24516.5
1758039900,24516.5,24528,24514.5,24526,0,0,0,0,0,0,0,NaN,24528,24514.5,24526
1758040200,24526.5,24526.75,24517.25,24521.25,0,0,0,0,0,0,0,NaN,24526.75,24517.25,24521.25
1758040500,24521,24527.25,24507.5,24524.5,0,0,0,0,0,0,0,NaN,24527.25,24507.5,24524.5
1758040800,24524.25,24527.25,24512.75,24520.25,0,0,0,0,0,0,0,NaN,24527.25,24512.75,24520.25
1758041100,24520,24524.75,24514.75,24517.5,0,0,0,0,0,0,0,NaN,24524.75,24514.75,24517.5
1758041400,24517.5,24523.75,24515.25,24522.75,0,0,0,0,0,0,0,NaN,24523.75,24515.25,24522.75
1758041700,24522.75,24532.75,24522,24523.75,0,0,0,0,0,0,0,NaN,24532.75,24522,24523.75
1758042000,24523.75,24533.75,24523.25,24531,0,0,0,0,0,0,0,NaN,24533.75,24523.25,24531
1758042300,24531,24537.75,24528,24535.5,0,0,0,0,0,0,0,NaN,24537.75,24528,24535.5
1758042600,24535.75,24539.5,24531.25,24537.5,0,0,0,0,0,0,0,NaN,24539.5,24531.25,24537.5
1758042900,24537.75,24541.5,24533.75,24536.5,0,0,0,0,0,0,0,NaN,24541.5,24533.75,24536.5
1758043200,24536.75,24545.75,24535.5,24541.75,0,0,0,0,0,0,0,NaN,24545.75,24535.5,24541.75
1758043500,24541.75,24542,24531,24533,0,0,0,0,0,0,0,NaN,24542,24531,24533
1758043800,24533,24537,24528.25,24533.75,0,0,0,0,0,0,0,NaN,24537,24528.25,24533.75
1758044100,24533.75,24535.25,24525,24532.75,0,0,0,0,0,0,0,NaN,24535.25,24525,24532.75
1758044400,24532.5,24532.75,24527.25,24529.25,0,0,0,0,0,0,0,NaN,24532.75,24527.25,24529.25
1758044700,24528.5,24535.5,24527.25,24533.75,0,0,0,0,0,0,0,NaN,24535.5,24527.25,24533.75
1758045000,24533.5,24534.75,24522,24533.5,0,0,0,0,0,0,0,NaN,24534.75,24522,24533.5
1758045300,24533,24538.5,24532,24534.25,0,0,0,0,0,0,0,NaN,24538.5,24532,24534.25
1758045600,24534.25,24534.25,24522.25,24527.75,0,0,0,0,0,0,0,NaN,24534.25,24522.25,24527.75
1758045900,24527.5,24537.75,24524,24530.75,0,0,0,0,0,0,0,NaN,24537.75,24524,24530.75
1758046200,24530.5,24534.5,24523.5,24526,0,0,0,0,0,0,0,NaN,24534.5,24523.5,24526
1758046500,24525.25,24531.25,24524,24529.25,0,0,0,0,0,0,0,NaN,24531.25,24524,24529.25
1758046800,24528.75,24533.75,24525.25,24531.5,0,0,0,0,0,0,0,NaN,24533.75,24525.25,24531.5
1758047100,24531.25,24535.5,24528.75,24530.25,0,0,0,0,0,0,0,NaN,24535.5,24528.75,24530.25
1758047400,24530,24536.5,24526.75,24531,0,0,0,0,0,0,0,NaN,24536.5,24526.75,24531
1758047700,24531.25,24541.25,24528.5,24532.25,0,0,0,0,0,0,0,NaN,24541.25,24528.5,24532.25
1758048000,24532.25,24538.5,24532,24535.5,0,0,0,0,0,0,0,NaN,24538.5,24532,24535.5
1758048300,24536,24544.75,24535.75,24540.75,0,0,0,0,0,0,0,NaN,24544.75,24535.75,24540.75
1758048600,24540.75,24547.5,24540.5,24543.75,0,0,0,0,0,0,0,NaN,24547.5,24540.5,24543.75
1758048900,24543.75,24549,24541,24546.75,0,0,0,0,0,0,0,NaN,24549,24541,24546.75
1758049200,24546.75,24554.5,24545.5,24550,0,0,0,0,0,0,0,NaN,24554.5,24545.5,24550
1758049500,24550.5,24558.25,24549.5,24551.25,0,0,0,0,0,0,0,NaN,24558.25,24549.5,24551.25
1758049800,24551,24553.25,24545.5,24550.5,0,0,0,0,0,0,0,NaN,24553.25,24545.5,24550.5
1758050100,24550.25,24552.25,24547.25,24549.5,0,0,0,0,0,0,0,NaN,24552.25,24547.25,24549.5
1758050400,24549.5,24553.5,24543.25,24546.25,0,0,0,0,0,0,0,NaN,24553.5,24543.25,24546.25
1758050700,24546.25,24547,24533.75,24537,0,0,0,0,0,0,0,NaN,24547,24533.75,24537
1758051000,24536.75,24539,24531.75,24536,0,0,0,0,0,0,0,NaN,24539,24531.75,24536
1758051300,24535.75,24540.5,24529.25,24535,0,0,0,0,0,0,0,NaN,24540.5,24529.25,24535
1758051600,24534.5,24543.5,24532.75,24536.25,0,0,0,0,0,0,0,NaN,24543.5,24532.75,24536.25
1758051900,24536.25,24547.25,24536,24544.25,0,0,0,0,0,0,0,NaN,24547.25,24536,24544.25
1758052200,24544.75,24563,24536.5,24541.25,0,0,0,0,0,0,0,NaN,24563,24536.5,24541.25
1758052500,24540.5,24548,24517,24524.25,0,0,0,0,0,0,0,NaN,24548,24517,24524.25
1758052800,24524.25,24539,24521.25,24535.75,0,0,0,0,0,0,0,NaN,24539,24521.25,24535.75
1758053100,24536.25,24537.5,24527.75,24533.5,0,0,0,0,0,0,0,NaN,24537.5,24527.75,24533.5
1758053400,24533.5,24535.25,24531.75,24535,0,0,0,0,0,0,0,NaN,24535.25,24531.75,24535
1758053700,24535,24541.25,24534.25,24539.25,0,0,0,0,0,0,0,NaN,24541.25,24534.25,24539.25
1758054000,24539,24539.25,24534.75,24537.75,0,0,0,0,0,0,0,NaN,24539.25,24534.75,24537.75
1758054300,24537.75,24539.5,24536.5,24538.5,0,0,0,0,0,0,0,NaN,24539.5,24536.5,24538.5
1758054600,24538.75,24542,24538.25,24539.5,0,0,0,0,0,0,0,NaN,24542,24538.25,24539.5
1758054900,24539.5,24542.25,24538.75,24542.25,0,0,0,0,0,0,0,NaN,24542.25,24538.75,24542.25
1758055200,24542,24542.75,24540.25,24542.25,0,0,0,0,0,0,0,NaN,24542.75,24540.25,24542.25
1758055500,24542,24543.25,24538.5,24539.75,0,0,0,0,0,0,0,NaN,24543.25,24538.5,24539.75
1758055800,24539.25,24542.25,24538.25,24539.5,0,0,0,0,0,0,0,NaN,24542.25,24538.25,24539.5
1758056100,24539,24541,24530.25,24530.25,0,0,0,0,0,0,0,NaN,24541,24530.25,24530.25
1758060000,24526.75,24535,24525,24530.75,0,0,0,0,0,0,0,NaN,24535,24525,24530.75
1758060300,24531.25,24536.75,24531.25,24534.75,0,0,0,0,0,0,0,NaN,24536.75,24531.25,24534.75
1758060600,24535,24540.25,24534.5,24539.5,0,0,0,0,0,0,0,NaN,24540.25,24534.5,24539.5
1758060900,24539.25,24540.25,24535,24536.75,0,0,0,0,0,0,0,NaN,24540.25,24535,24536.75
1758061200,24537.25,24545.75,24537,24544.25,0,0,0,0,0,0,0,NaN,24545.75,24537,24544.25
1758061500,24545,24546.25,24541.25,24545.75,0,0,0,0,0,0,0,NaN,24546.25,24541.25,24545.75
1758061800,24546,24550,24545.5,24547.75,0,0,0,0,0,0,0,NaN,24550,24545.5,24547.75
1758062100,24547.5,24551.75,24547,24549.5,0,0,0,0,0,0,0,NaN,24551.75,24547,24549.5
1758062400,24549.5,24549.5,24545,24547.25,0,0,0,0,0,0,0,NaN,24549.5,24545,24547.25
1758062700,24547.25,24549.25,24545.25,24548.5,0,0,0,0,0,0,0,NaN,24549.25,24545.25,24548.5
1758063000,24548,24549.5,24546.75,24549.25,0,0,0,0,0,0,0,NaN,24549.5,24546.75,24549.25
1758063300,24548.75,24550,24545.25,24546,0,0,0,0,0,0,0,NaN,24550,24545.25,24546
1758063600,24546,24550.25,24545.5,24547.75,0,0,0,0,0,0,0,NaN,24550.25,24545.5,24547.75
1758063900,24547.75,24548.25,24545.75,24547,0,0,0,0,0,0,0,NaN,24548.25,24545.75,24547
1758064200,24548,24548,24544.75,24545.5,0,0,0,0,0,0,0,NaN,24548,24544.75,24545.5
1758064500,24545,24547.25,24542,24545.75,0,0,0,0,0,0,0,NaN,24547.25,24542,24545.75
1758064800,24546.25,24546.25,24541.5,24542,0,0,0,0,0,0,0,NaN,24546.25,24541.5,24542
1758065100,24541.75,24541.75,24536.75,24538.5,0,0,0,0,0,0,0,NaN,24541.75,24536.75,24538.5
1758065400,24538,24542.75,24537.25,24539.25,0,0,0,0,0,0,0,NaN,24542.75,24537.25,24539.25
1758065700,24539.5,24543.5,24539,24542.75,0,0,0,0,0,0,0,NaN,24543.5,24539,24542.75
1758066000,24542.5,24544.25,24539.75,24539.75,0,0,0,0,0,0,0,NaN,24544.25,24539.75,24539.75
1758066300,24540.5,24542.75,24539,24540,0,0,0,0,0,0,0,NaN,24542.75,24539,24540
1758066600,24541.25,24543,24540,24543,0,0,0,0,0,0,0,NaN,24543,24540,24543
1758066900,24543.25,24546.25,24542.75,24543.5,0,0,0,0,0,0,0,NaN,24546.25,24542.75,24543.5
1758067200,24543,24549.5,24540.75,24547.25,0,0,0,0,0,0,0,NaN,24549.5,24540.75,24547.25
1758067500,24547.75,24549.75,24546.25,24547.75,0,0,0,0,0,0,0,NaN,24549.75,24546.25,24547.75
1758067800,24547.75,24549.25,24531,24534,0,0,0,0,0,0,0,NaN,24549.25,24531,24534
1758068100,24533.5,24539,24532.5,24537,0,0,0,0,0,0,0,NaN,24539,24532.5,24537
1758068400,24537.5,24539.5,24532.75,24533.75,0,0,0,0,0,0,0,NaN,24539.5,24532.75,24533.75
1758068700,24534.75,24540.75,24534,24540.25,0,0,0,0,0,0,0,NaN,24540.75,24534,24540.25
1758069000,24539.5,24543.5,24538,24539,0,0,0,0,0,0,0,NaN,24543.5,24538,24539
1758069300,24537.25,24538.5,24532,24533,0,0,0,0,0,0,0,NaN,24538.5,24532,24533
1758069600,24533.75,24539.5,24533.25,24534,0,0,0,0,0,0,0,NaN,24539.5,24533.25,24534
1758069900,24534,24541,24533,24541,0,0,0,0,0,0,0,NaN,24541,24533,24541
1758070200,24540.25,24541,24537,24539.75,0,0,0,0,0,0,0,NaN,24541,24537,24539.75
1758070500,24540.75,24542.75,24538.5,24540.25,0,0,0,0,0,0,0,NaN,24542.75,24538.5,24540.25
1758070800,24540.5,24546,24540.5,24544.25,0,0,0,0,0,0,0,NaN,24546,24540.5,24544.25
1758071100,24544.5,24545.25,24541,24544.5,0,0,0,0,0,0,0,NaN,24545.25,24541,24544.5
1758071400,24544.25,24547.25,24542.75,24544.75,0,0,0,0,0,0,0,NaN,24547.25,24542.75,24544.75
1758071700,24544,24544.25,24538.5,24539.75,0,0,0,0,0,0,0,NaN,24544.25,24538.5,24539.75
1758072000,24540.5,24541.25,24535.5,24540.25,0,0,0,0,0,0,0,NaN,24541.25,24535.5,24540.25
1758072300,24540,24542.75,24537.25,24540.75,0,0,0,0,0,0,0,NaN,24542.75,24537.25,24540.75
1758072600,24539.75,24540.25,24530,24531,0,0,0,0,0,0,0,NaN,24540.25,24530,24531
1758072900,24530.75,24535,24528.75,24529.5,0,0,0,0,0,0,0,NaN,24535,24528.75,24529.5
1758073200,24529.75,24534.75,24529.25,24533.5,0,0,0,0,0,0,0,NaN,24534.75,24529.25,24533.5
1758073500,24533,24536,24532.25,24534.25,0,0,0,0,0,0,0,NaN,24536,24532.25,24534.25
1758073800,24534.75,24536,24531.5,24534.75,0,0,0,0,0,0,0,NaN,24536,24531.5,24534.75
1758074100,24533.75,24535.25,24530.25,24531,0,0,0,0,0,0,0,NaN,24535.25,24530.25,24531
1758074400,24530.5,24533,24527.75,24529.25,0,0,0,0,0,0,0,NaN,24533,24527.75,24529.25
1758074700,24529,24531.25,24526.5,24528.75,0,0,0,0,0,0,0,NaN,24531.25,24526.5,24528.75
1758075000,24529.25,24529.5,24522.5,24525.75,0,0,0,0,0,0,0,NaN,24529.5,24522.5,24525.75
1758075300,24526.25,24527.25,24521,24522.5,0,0,0,0,0,0,0,NaN,24527.25,24521,24522.5
1758075600,24521.5,24522,24513,24513.25,0,0,0,0,0,0,0,NaN,24522,24513,24513.25
1758075900,24513.5,24519.5,24513.25,24518.25,0,0,0,0,0,0,0,NaN,24519.5,24513.25,24518.25
1758076200,24517.25,24524.75,24516.5,24521.25,0,0,0,0,0,0,0,NaN,24524.75,24516.5,24521.25
1758076500,24521.25,24521.5,24518,24520.25,0,0,0,0,0,0,0,NaN,24521.5,24518,24520.25
1758076800,24520.5,24523.75,24520.25,24521.75,0,0,0,0,0,0,0,NaN,24523.75,24520.25,24521.75
1758077100,24522.25,24525,24517.75,24519.75,0,0,0,0,0,0,0,NaN,24525,24517.75,24519.75
1758077400,24518,24522.25,24518,24520.75,0,0,0,0,0,0,0,NaN,24522.25,24518,24520.75
1758077700,24521,24525.5,24520.25,24523.75,0,0,0,0,0,0,0,NaN,24525.5,24520.25,24523.75
1758078000,24523.75,24523.75,24519.5,24523,0,0,0,0,0,0,0,NaN,24523.75,24519.5,24523
1758078300,24522.75,24524.5,24520.75,24521.25,0,0,0,0,0,0,0,NaN,24524.5,24520.75,24521.25
1758078600,24521.75,24524.75,24520.5,24524,0,0,0,0,0,0,0,NaN,24524.75,24520.5,24524
1758078900,24524,24524.25,24521.25,24523,0,0,0,0,0,0,0,NaN,24524.25,24521.25,24523
1758079200,24523.5,24526,24521.75,24522,0,0,0,0,0,0,0,NaN,24526,24521.75,24522
1758079500,24522.25,24522.75,24521.5,24522.5,0,0,0,0,0,0,0,NaN,24522.75,24521.5,24522.5
1758079800,24522.75,24523,24518.75,24520.75,0,0,0,0,0,0,0,NaN,24523,24518.75,24520.75
1758080100,24520,24520.5,24518,24519,0,0,0,0,0,0,0,NaN,24520.5,24518,24519
1758080400,24518.25,24522.5,24518.25,24521,0,0,0,0,0,0,0,NaN,24522.5,24518.25,24521
1758080700,24521.25,24523,24519,24519,0,0,0,0,0,0,0,NaN,24523,24519,24519
1758081000,24519.5,24521,24517.25,24517.5,0,0,0,0,0,0,0,NaN,24521,24517.25,24517.5
1758081300,24517.5,24520,24517,24518,0,0,0,0,0,0,0,NaN,24520,24517,24518
1758081600,24519,24522.25,24517.25,24517.5,0,0,0,1,0,0,0,NaN,24522.25,24517.25,24517.5
1758081900,24517.25,24519.5,24515.25,24518.5,0,0,0,0,0,0,0,NaN,24519.5,24515.25,24518.5
1758082200,24519.25,24521,24513.5,24513.5,0,0,0,0,0,0,0,NaN,24521,24513.5,24513.5
1758082500,24513.25,24514,24507.75,24513.25,0,0,0,0,0,0,0,NaN,24514,24507.75,24513.25
1758082800,24514,24517.25,24511.25,24511.75,0,0,0,0,0,0,0,NaN,24517.25,24511.25,24511.75
1758083100,24511.25,24514,24511,24512.25,0,0,0,0,0,0,0,NaN,24514,24511,24512.25
1758083400,24511.5,24516,24511.5,24512.5,0,0,0,0,0,0,0,NaN,24516,24511.5,24512.5
1758083700,24511.75,24520.5,24511.25,24519.25,0,0,0,0,0,0,0,NaN,24520.5,24511.25,24519.25
1758084000,24519,24521.75,24518.25,24518.5,0,0,0,0,0,0,0,NaN,24521.75,24518.25,24518.5
1758084300,24519.25,24520.5,24516,24516,0,0,0,0,0,0,0,NaN,24520.5,24516,24516
1758084600,24516.75,24518.75,24516.5,24516.75,0,0,0,0,0,0,0,NaN,24518.75,24516.5,24516.75
1758084900,24517,24519.25,24516.25,24518.75,0,0,0,0,0,0,0,NaN,24519.25,24516.25,24518.75
1758085200,24519.25,24521.5,24517,24519.75,0,0,0,0,0,0,0,NaN,24521.5,24517,24519.75
1758085500,24519.5,24527,24509.5,24525.25,0,0,0,0,0,0,0,NaN,24527,24509.5,24525.25
1758085800,24525,24527,24517.75,24519.25,0,0,0,0,0,0,0,NaN,24527,24517.75,24519.25
1758086100,24518.75,24520.5,24497.5,24507.5,0,0,0,0,0,0,0,NaN,24520.5,24497.5,24507.5
1758086400,24507.25,24516,24507.25,24510.5,0,0,0,0,0,0,0,NaN,24516,24507.25,24510.5
1758086700,24511.75,24512.25,24508.5,24510,0,0,0,0,0,0,0,NaN,24512.25,24508.5,24510
1758087000,24511,24511,24508.25,24511,0,0,0,0,0,0,0,NaN,24511,24508.25,24511
1758087300,24511.25,24513,24507.25,24511.75,0,0,0,0,0,0,0,NaN,24513,24507.25,24511.75
1758087600,24512,24516.25,24508.5,24514.75,0,0,0,0,0,0,0,NaN,24516.25,24508.5,24514.75
1758087900,24515.25,24520,24514,24516.25,0,0,0,0,0,0,0,NaN,24520,24514,24516.25
1758088200,24516,24517.75,24513.25,24516.5,0,0,0,0,0,0,0,NaN,24517.75,24513.25,24516.5
1758088500,24516.25,24519.75,24516,24518,0,0,0,0,0,0,0,NaN,24519.75,24516,24518
1758088800,24518.5,24524.5,24516.5,24517.25,0,0,0,0,0,0,0,NaN,24524.5,24516.5,24517.25
1758089100,24516.75,24520.75,24515.5,24517,0,0,0,0,0,0,0,NaN,24520.75,24515.5,24517
1758089400,24515.5,24522,24509.5,24521.75,0,0,0,0,0,0,0,NaN,24522,24509.5,24521.75
1758089700,24521,24522,24517,24517,0,0,0,0,0,0,0,NaN,24522,24517,24517
1758090000,24517,24526.75,24517,24526.25,0,0,0,0,0,0,0,NaN,24526.75,24517,24526.25
1758090300,24526,24529.5,24524.5,24526.25,0,0,0,0,0,0,0,NaN,24529.5,24524.5,24526.25
1758090600,24525.5,24526,24516.75,24523.25,0,0,0,0,0,0,0,NaN,24526,24516.75,24523.25
1758090900,24524.25,24529.25,24523.75,24528.25,0,0,0,0,0,0,0,NaN,24529.25,24523.75,24528.25
1758091200,24528.5,24530.75,24524.75,24528.25,0,0,0,0,0,0,0,NaN,24530.75,24524.75,24528.25
1758091500,24528.75,24530.5,24527,24529.25,0,0,0,0,0,0,0,NaN,24530.5,24527,24529.25
1758091800,24528.25,24534.25,24528.25,24530.75,0,0,0,0,0,0,0,NaN,24534.25,24528.25,24530.75
1758092100,24530.25,24534.75,24528.5,24532.25,0,0,0,0,0,0,0,NaN,24534.75,24528.5,24532.25
1758092400,24532.5,24535,24524.5,24534.5,0,0,0,0,0,0,0,NaN,24535,24524.5,24534.5
1758092700,24534.75,24538.75,24530,24536,0,0,0,0,0,0,0,NaN,24538.75,24530,24536
1758093000,24536.75,24539.25,24532,24532.5,0,0,0,0,0,0,0,NaN,24539.25,24532,24532.5
1758093300,24532.25,24536.5,24530.5,24536.25,0,0,0,0,0,0,0,NaN,24536.5,24530.5,24536.25
1758093600,24536,24544,24535.5,24542.25,0,0,0,0,0,0,0,NaN,24544,24535.5,24542.25
1758093900,24542.25,24549,24542,24548.25,0,0,0,0,0,0,0,NaN,24549,24542,24548.25
1758094200,24547.5,24553,24546,24552.5,0,0,0,0,0,0,0,NaN,24553,24546,24552.5
1758094500,24552.25,24552.25,24542.5,24545.25,0,0,0,0,0,0,0,NaN,24552.25,24542.5,24545.25
1758094800,24545.25,24547.5,24542,24545.75,0,0,0,0,0,0,0,NaN,24547.5,24542,24545.75
1758095100,24546,24549.75,24543.5,24546,0,0,0,0,0,0,0,NaN,24549.75,24543.5,24546
1758095400,24546,24553,24546,24548.5,0,0,0,0,0,0,0,NaN,24553,24546,24548.5
1758095700,24548.25,24551,24547.25,24550,0,0,0,0,0,0,0,NaN,24551,24547.25,24550
1758096000,24550,24550.5,24538.5,24539.5,0,0,0,0,0,0,0,NaN,24550.5,24538.5,24539.5
1758096300,24539.25,24541.5,24532,24541.25,0,0,0,0,0,0,0,NaN,24541.5,24532,24541.25
1758096600,24540.75,24541.25,24527.25,24529,0,0,0,0,0,0,0,NaN,24541.25,24527.25,24529
1758096900,24527.5,24531,24521.5,24526,0,0,0,0,0,0,0,NaN,24531,24521.5,24526
1758097200,24526.75,24529.5,24524.5,24526.25,0,0,0,0,0,0,0,NaN,24529.5,24524.5,24526.25
1758097500,24525.5,24530.25,24524,24526.75,0,0,0,0,0,0,0,NaN,24530.25,24524,24526.75
1758097800,24527.75,24528.75,24501,24501,0,0,0,0,0,0,0,NaN,24528.75,24501,24501
1758098100,24501,24504,24470.25,24487,0,0,0,0,0,0,0,NaN,24504,24470.25,24487
1758098400,24488,24489.75,24456.25,24485.75,0,0,0,0,0,0,0,NaN,24489.75,24456.25,24485.75
1758098700,24485.75,24508.5,24479.75,24499.5,0,0,0,0,0,0,0,NaN,24508.5,24479.75,24499.5
1758099000,24500,24519.75,24500,24510,0,0,0,0,0,0,0,NaN,24519.75,24500,24510
1758099300,24509,24514.75,24506,24513,0,0,0,0,0,0,0,NaN,24514.75,24506,24513
1758099600,24513.75,24519.25,24509.75,24517.75,0,0,0,0,0,0,0,NaN,24519.25,24509.75,24517.75
1758099900,24518.5,24526.5,24517.5,24522.5,0,0,0,0,0,0,0,NaN,24526.5,24517.5,24522.5
1758100200,24522.5,24524.25,24515.75,24517.25,0,0,0,0,0,0,0,NaN,24524.25,24515.75,24517.25
1758100500,24517.75,24521,24510.5,24515.75,0,0,0,0,0,0,0,NaN,24521,24510.5,24515.75
1758100800,24516.25,24522,24516,24519,0,0,0,0,0,0,0,NaN,24522,24516,24519
1758101100,24519.5,24525.75,24519.5,24522.75,0,0,0,0,0,0,0,NaN,24525.75,24519.5,24522.75
1758101400,24523.5,24528.25,24521.5,24525.75,0,0,0,0,0,0,0,NaN,24528.25,24521.5,24525.75
1758101700,24525.25,24528.25,24524,24526.5,0,0,0,0,0,0,0,NaN,24528.25,24524,24526.5
1758102000,24526.25,24528.5,24517,24517,0,0,0,0,0,0,0,NaN,24528.5,24517,24517
1758102300,24516.5,24524.25,24515.25,24516.5,0,0,0,0,0,0,0,NaN,24524.25,24515.25,24516.5
1758102600,24516.25,24518,24506.5,24514.25,0,0,0,0,0,0,0,NaN,24518,24506.5,24514.25
1758102900,24515,24518.25,24508.5,24511.5,0,0,0,0,0,0,0,NaN,24518.25,24508.5,24511.5
1758103200,24511.75,24520.5,24507.75,24514.75,0,0,0,0,0,0,0,NaN,24520.5,24507.75,24514.75
1758103500,24515,24516,24510.75,24515.75,0,0,0,0,0,0,0,NaN,24516,24510.75,24515.75
1758103800,24515.5,24516.25,24503.5,24504,0,0,0,0,0,0,0,NaN,24516.25,24503.5,24504
1758104100,24504.25,24511.75,24503.5,24507.25,0,0,0,0,0,0,0,NaN,24511.75,24503.5,24507.25
1758104400,24506.5,24511,24502.5,24502.5,0,0,0,0,0,0,0,NaN,24511,24502.5,24502.5
1758104700,24502.75,24504.25,24498.75,24501.25,0,0,0,0,0,0,0,NaN,24504.25,24498.75,24501.25
1758105000,24502,24505.25,24495.75,24501,0,0,0,0,0,0,0,NaN,24505.25,24495.75,24501
1758105300,24500.5,24504.75,24490,24503.75,0,0,0,0,0,0,0,NaN,24504.75,24490,24503.75
1758105600,24503.5,24508.25,24499,24499,0,0,0,0,0,0,0,NaN,24508.25,24499,24499
1758105900,24499.25,24506.75,24498.5,24500,0,0,0,0,0,0,0,NaN,24506.75,24498.5,24500
1758106200,24500,24502.5,24494.25,24501.75,0,0,0,0,0,0,0,NaN,24502.5,24494.25,24501.75
1758106500,24502,24502,24492,24500,0,0,0,0,0,0,0,NaN,24502,24492,24500
1758106800,24500.5,24504.5,24492,24494,0,0,0,0,0,0,0,NaN,24504.5,24492,24494
1758107100,24492.75,24504.5,24486.5,24503,0,0,0,0,0,0,0,NaN,24504.5,24486.5,24503
1758107400,24503,24516.25,24502.5,24514.25,0,0,0,0,0,0,0,NaN,24516.25,24502.5,24514.25
1758107700,24514,24516,24506,24506.75,0,0,0,0,0,0,0,NaN,24516,24506,24506.75
1758108000,24506.75,24515.75,24506.75,24512.75,0,0,0,0,0,0,0,NaN,24515.75,24506.75,24512.75
1758108300,24512.75,24513,24504.5,24507.25,0,0,0,0,0,0,0,NaN,24513,24504.5,24507.25
1758108600,24506.75,24508,24498,24498.75,0,0,0,0,0,0,0,NaN,24508,24498,24498.75
1758108900,24498,24498,24487.5,24491.75,0,0,0,0,0,0,0,NaN,24498,24487.5,24491.75
1758109200,24492.25,24496.25,24489.75,24489.75,0,0,0,0,0,0,0,NaN,24496.25,24489.75,24489.75
1758109500,24490.25,24503,24490.25,24502,0,0,0,0,0,0,0,NaN,24503,24490.25,24502
1758109800,24502.25,24508,24501.25,24505.75,0,0,0,0,0,0,0,NaN,24508,24501.25,24505.75
1758110100,24505.5,24506.25,24499,24502.5,0,0,0,0,0,0,0,NaN,24506.25,24499,24502.5
1758110400,24502.5,24509.5,24499.25,24503.75,0,0,0,0,0,0,0,NaN,24509.5,24499.25,24503.75
1758110700,24503.5,24505.75,24500.75,24502.25,0,0,0,0,0,0,0,NaN,24505.75,24500.75,24502.25
1758111000,24502.25,24509.75,24498.5,24508.75,0,0,0,0,0,0,0,NaN,24509.75,24498.5,24508.75
1758111300,24508.25,24512.25,24503.75,24511.5,0,0,0,0,0,0,0,NaN,24512.25,24503.75,24511.5
1758111600,24512.25,24514.75,24508.5,24513.75,0,0,0,0,0,0,0,NaN,24514.75,24508.5,24513.75
1758111900,24513.5,24519,24512.5,24516.5,0,0,0,0,0,0,0,NaN,24519,24512.5,24516.5
1758112200,24516.5,24525,24516,24517,0,0,0,0,0,0,0,NaN,24525,24516,24517
1758112500,24516.75,24522.5,24516,24518.5,0,0,0,0,0,0,0,NaN,24522.5,24516,24518.5
1758112800,24518.25,24521.5,24511.5,24513,0,0,0,0,0,0,0,NaN,24521.5,24511.5,24513
1758113100,24513,24517.5,24508,24514.5,0,0,0,0,0,0,0,NaN,24517.5,24508,24514.5
1758113400,24514.25,24520.75,24511.25,24520.75,0,0,0,0,0,0,0,NaN,24520.75,24511.25,24520.75
1758113700,24520.75,24526,24519.25,24524.75,0,0,0,0,0,0,0,NaN,24526,24519.25,24524.75
1758114000,24524.5,24528,24521.25,24524.25,0,0,0,0,0,0,0,NaN,24528,24521.25,24524.25
1758114300,24524.5,24528.25,24519.25,24521,0,0,0,0,0,0,0,NaN,24528.25,24519.25,24521
1758114600,24520.5,24524,24519.75,24521.25,0,0,0,0,0,0,0,NaN,24524,24519.75,24521.25
1758114900,24521,24523.5,24516.25,24520.25,0,0,0,0,0,0,0,NaN,24523.5,24516.25,24520.25
1758115200,24520.25,24521.25,24512.5,24518.25,0,0,0,0,0,0,0,NaN,24521.25,24512.5,24518.25
1758115500,24518.5,24531.75,24516.75,24521.5,0,0,0,0,0,0,0,NaN,24531.75,24516.75,24521.5
1758115800,24521,24540.75,24496,24501.25,0,0,0,0,0,0,0,NaN,24540.75,24496,24501.25
1758116100,24501.5,24510.75,24478.5,24481.75,0,0,0,0,0,0,0,NaN,24510.75,24478.5,24481.75
1758116400,24481.5,24487.75,24466,24475.75,0,0,0,0,0,0,0,NaN,24487.75,24466,24475.75
1758116700,24475.75,24501,24460.25,24497.25,0,0,0,0,0,0,0,NaN,24501,24460.25,24497.25
1758117000,24496.5,24520.5,24494,24499.5,0,0,0,0,0,0,0,NaN,24520.5,24494,24499.5
1758117300,24499.5,24506.75,24473,24477,0,0,0,0,0,0,0,NaN,24506.75,24473,24477
1758117600,24477.5,24480.5,24446.75,24472.25,0,0,0,0,0,0,0,NaN,24480.5,24446.75,24472.25
1758117900,24472,24478.5,24462.5,24466,0,0,0,0,0,0,0,NaN,24478.5,24462.5,24466
1758118200,24465,24475.5,24460,24474.25,0,0,0,0,0,0,0,NaN,24475.5,24460,24474.25
1758118500,24474,24481,24454.75,24463.25,0,0,0,0,0,0,0,NaN,24481,24454.75,24463.25
1758118800,24463.5,24473.5,24452,24454,0,0,0,0,0,0,0,NaN,24473.5,24452,24454
1758119100,24453.5,24458.25,24436,24440.25,0,0,0,0,0,0,0,NaN,24458.25,24436,24440.25
1758119400,24440,24459.75,24434.5,24447.75,0,0,0,0,0,0,0,NaN,24459.75,24434.5,24447.75
1758119700,24448.5,24450.25,24429.75,24443.25,0,0,0,0,0,0,0,NaN,24450.25,24429.75,24443.25
1758120000,24442.5,24449,24423.5,24425,0,0,0,0,0,0,0,NaN,24449,24423.5,24425
1758120300,24425.25,24435,24415.75,24429,0,0,0,0,0,0,0,NaN,24435,24415.75,24429
1758120600,24429.25,24432,24410,24430,0,0,0,0,0,0,0,NaN,24432,24410,24430
1758120900,24430.25,24436.5,24417.25,24420.25,0,0,0,0,0,0,0,NaN,24436.5,24417.25,24420.25
1758121200,24420.25,24425.75,24408.75,24411.75,0,0,0,0,0,0,0,NaN,24425.75,24408.75,24411.75
1758121500,24411.5,24417.75,24404,24416.75,0,0,0,0,0,0,0,NaN,24417.75,24404,24416.75
1758121800,24417,24433,24407.25,24432,0,0,0,0,0,0,0,NaN,24433,24407.25,24432
1758122100,24431.5,24445,24425,24437.25,0,0,0,0,0,0,0,NaN,24445,24425,24437.25
1758122400,24437,24439,24422,24423.25,0,0,0,0,0,0,0,NaN,24439,24422,24423.25
1758122700,24423.5,24425.75,24405.75,24412.75,0,0,0,0,0,0,0,NaN,24425.75,24405.75,24412.75
1758123000,24412.5,24420.75,24408,24415.25,0,0,0,0,0,0,0,NaN,24420.75,24408,24415.25
1758123300,24415.5,24423.5,24406.75,24408.25,0,0,0,0,0,0,0,NaN,24423.5,24406.75,24408.25
1758123600,24408.75,24418.25,24398,24416.75,0,0,0,0,0,0,0,NaN,24418.25,24398,24416.75
1758123900,24417,24423.5,24408.25,24415.75,0,0,0,0,0,0,0,NaN,24423.5,24408.25,24415.75
1758124200,24415.75,24418.25,24401.25,24403.75,0,0,0,0,0,0,0,NaN,24418.25,24401.25,24403.75
1758124500,24403.25,24414.75,24402.25,24411.25,0,0,0,0,0,0,0,NaN,24414.75,24402.25,24411.25
1758124800,24410.75,24414.25,24401.5,24401.5,0,0,0,0,0,0,0,NaN,24414.25,24401.5,24401.5
1758125100,24401.75,24411.25,24398.75,24403.25,0,0,0,0,0,0,0,NaN,24411.25,24398.75,24403.25
1758125400,24403,24405,24389.25,24400.5,0,0,0,0,0,0,0,NaN,24405,24389.25,24400.5
1758125700,24400.5,24407,24398.5,24404.5,0,0,0,0,0,0,0,NaN,24407,24398.5,24404.5
1758126000,24404.75,24416,24402.75,24413.25,0,0,0,0,0,0,0,NaN,24416,24402.75,24413.25
1758126300,24413,24422,24409.5,24420.5,0,0,0,0,0,0,0,NaN,24422,24409.5,24420.5
1758126600,24420.25,24421,24397.75,24398.5,0,0,0,0,0,0,0,NaN,24421,24397.75,24398.5
1758126900,24399,24403,24381.75,24382,0,0,0,0,0,0,0,NaN,24403,24381.75,24382
1758127200,24382.25,24397,24374.75,24394.75,0,0,0,0,0,0,0,NaN,24397,24374.75,24394.75
1758127500,24394.75,24395,24376,24384.75,0,0,0,0,0,0,0,NaN,24395,24376,24384.75
1758127800,24385,24399.25,24384.75,24394.25,0,0,0,0,0,0,0,NaN,24399.25,24384.75,24394.25
1758128100,24394.25,24398,24383.5,24389.75,0,0,0,0,0,0,0,NaN,24398,24383.5,24389.75
1758128400,24389.75,24402.75,24388.5,24400,0,0,0,0,0,0,0,NaN,24402.75,24388.5,24400
1758128700,24400,24402.75,24395.25,24397.25,0,0,0,0,0,0,0,NaN,24402.75,24395.25,24397.25
1758129000,24397.75,24402.75,24388,24402.5,0,0,0,0,0,0,0,NaN,24402.75,24388,24402.5
1758129300,24402.5,24404.5,24395.75,24404,0,0,0,0,0,0,0,NaN,24404.5,24395.75,24404
1758129600,24404,24408,24393.25,24406,0,0,0,0,0,0,0,NaN,24408,24393.25,24406
1758129900,24406.5,24410.5,24401.5,24409.75,0,0,0,0,0,0,0,NaN,24410.5,24401.5,24409.75
1758130200,24410,24424.25,24410,24421.25,0,0,0,0,0,0,0,NaN,24424.25,24410,24421.25
1758130500,24420.75,24446,24419.5,24442,0,0,0,0,0,0,0,NaN,24446,24419.5,24442
1758130800,24441.25,24449,24433,24435.75,0,0,0,0,0,0,0,NaN,24449,24433,24435.75
1758131100,24436,24441.75,24426.5,24429.25,0,0,0,0,0,0,0,NaN,24441.75,24426.5,24429.25
1758131400,24429,24434.5,24423.5,24434,0,0,0,0,0,0,0,NaN,24434.5,24423.5,24434
1758131700,24434.25,24461.25,24426.5,24455.5,0,0,0,0,0,0,0,NaN,24461.25,24426.5,24455.5
1758132000,24455.75,24524,24439.5,24512.25,0,0,0,0,0,0,0,NaN,24524,24439.5,24512.25
1758132300,24511.75,24515,24436.25,24441,0,0,0,0,0,0,0,NaN,24515,24436.25,24441
1758132600,24441,24452.25,24323.25,24324,0,0,0,0,0,0,0,NaN,24452.25,24323.25,24324
1758132900,24324,24388.75,24291.75,24374.75,0,0,0,0,0,0,0,NaN,24388.75,24291.75,24374.75
1758133200,24374,24424.75,24333.25,24413,0,0,0,0,0,0,0,NaN,24424.75,24333.25,24413
1758133500,24413.75,24444.25,24387.5,24441.25,0,0,0,0,0,0,0,NaN,24444.25,24387.5,24441.25
1758133800,24442.25,24453.5,24347.25,24366.75,0,0,0,0,0,0,0,NaN,24453.5,24347.25,24366.75
1758134100,24365.75,24414.25,24323.25,24324.75,0,0,0,0,0,0,0,NaN,24414.25,24323.25,24324.75
1758134400,24325,24374,24288.5,24318,0,0,0,0,0,0,0,NaN,24374,24288.5,24318
1758134700,24319.25,24361.5,24264.75,24341.75,0,0,0,0,0,0,0,NaN,24361.5,24264.75,24341.75
1758135000,24341.5,24354,24242,24268.5,0,0,0,0,0,0,0,NaN,24354,24242,24268.5
1758135300,24268,24396.75,24266.5,24393,0,0,0,0,0,0,0,NaN,24396.75,24266.5,24393
1758135600,24392.25,24455.25,24382.75,24450.25,0,0,0,0,0,0,0,NaN,24455.25,24382.75,24450.25
1758135900,24451,24516.5,24436,24490.25,0,0,0,0,0,0,0,NaN,24516.5,24436,24490.25
1758136200,24491.75,24520,24412.75,24431.25,0,0,0,0,0,0,0,NaN,24520,24412.75,24431.25
1758136500,24430.75,24502.25,24428.75,24471.75,0,0,0,0,0,0,0,NaN,24502.25,24428.75,24471.75
1758136800,24472,24530,24453,24520.25,0,0,0,0,0,0,0,NaN,24530,24453,24520.25
1758137100,24521,24550.75,24510.75,24530.5,0,0,0,0,0,0,0,NaN,24550.75,24510.75,24530.5
1758137400,24530.75,24547.25,24472,24493.5,0,0,0,0,0,0,0,NaN,24547.25,24472,24493.5
1758137700,24494.5,24530.5,24490,24491.75,0,0,0,0,0,0,0,NaN,24530.5,24490,24491.75
1758138000,24491.75,24515.5,24476.5,24498,0,0,0,0,0,0,0,NaN,24515.5,24476.5,24498
1758138300,24498.75,24504.25,24474.75,24489,0,0,0,0,0,0,0,NaN,24504.25,24474.75,24489
1758138600,24490.25,24511.75,24456.25,24482.25,0,0,0,0,0,0,0,NaN,24511.75,24456.25,24482.25
1758138900,24483.25,24505,24447.75,24475.25,0,0,0,0,0,0,0,NaN,24505,24447.75,24475.25
1758139200,24475,24512.75,24472.25,24503.5,0,0,0,0,0,0,0,NaN,24512.75,24472.25,24503.5
1758139500,24503.75,24523.75,24499.25,24512.75,0,0,0,0,0,0,0,NaN,24523.75,24499.25,24512.75
1758139800,24512.25,24518.75,24503.5,24507.5,0,0,0,0,0,0,0,NaN,24518.75,24503.5,24507.5
1758140100,24507,24508.75,24487.75,24498,0,0,0,0,0,0,0,NaN,24508.75,24487.75,24498
1758140400,24498.5,24501,24487.25,24492.5,0,0,0,0,0,0,0,NaN,24501,24487.25,24492.5
1758140700,24493.75,24509.25,24492,24508.5,0,0,0,0,0,0,0,NaN,24509.25,24492,24508.5
1758141000,24507.75,24517.25,24505.5,24516,0,0,0,0,0,0,0,NaN,24517.25,24505.5,24516
1758141300,24516.75,24517.25,24500.5,24502.25,0,0,0,0,0,0,0,NaN,24517.25,24500.5,24502.25
1758141600,24502.25,24504,24497.5,24501.5,0,0,0,0,0,0,0,NaN,24504,24497.5,24501.5
1758141900,24501.25,24502.5,24491.25,24491.25,0,0,0,0,0,0,0,NaN,24502.5,24491.25,24491.25
1758142200,24491,24492.75,24487,24487.25,0,0,0,0,0,0,0,NaN,24492.75,24487,24487.25
1758142500,24487,24504,24486.5,24502,0,0,0,0,0,0,0,NaN,24504,24486.5,24502
1758146400,24498.5,24509,24495.25,24507.25,0,0,0,0,0,0,0,NaN,24509,24495.25,24507.25
1758146700,24507,24519.5,24506.25,24515.25,0,0,0,0,0,0,0,NaN,24519.5,24506.25,24515.25
1758147000,24516,24518,24509.75,24517,0,0,0,0,0,0,0,NaN,24518,24509.75,24517
1758147300,24516.25,24518,24515,24517,0,0,0,0,0,0,0,NaN,24518,24515,24517
1758147600,24517,24524,24514,24522.5,0,0,0,0,0,0,0,NaN,24524,24514,24522.5
1758147900,24522.25,24532,24522.25,24529.75,0,0,0,0,0,0,0,NaN,24532,24522.25,24529.75
1758148200,24529.5,24534.25,24527,24534.25,0,0,0,0,0,0,0,NaN,24534.25,24527,24534.25
1758148500,24534.25,24541.75,24532.25,24541.75,0,0,0,0,0,0,0,NaN,24541.75,24532.25,24541.75
1758148800,24540.5,24549,24538.75,24545,0,0,0,0,0,0,0,NaN,24549,24538.75,24545
1758149100,24545,24563,24542,24562,0,0,0,0,0,0,0,NaN,24563,24542,24562
1758149400,24562.5,24574.25,24560.25,24570.75,0,0,0,0,0,0,0,NaN,24574.25,24560.25,24570.75
1758149700,24570.75,24572.25,24566.25,24567.5,0,0,0,0,0,0,0,NaN,24572.25,24566.25,24567.5
1758150000,24567.5,24575.5,24567.5,24573.5,0,0,0,0,0,0,0,NaN,24575.5,24567.5,24573.5
1758150300,24574,24576.5,24569.25,24574,0,0,0,0,0,0,0,NaN,24576.5,24569.25,24574
1758150600,24573.5,24577.25,24567.75,24568.75,0,0,0,0,0,0,0,NaN,24577.25,24567.75,24568.75
1758150900,24568.5,24579,24568.5,24574.5,0,0,0,0,0,0,0,NaN,24579,24568.5,24574.5
1758151200,24573.75,24577.5,24572.5,24574,0,0,0,0,0,0,0,NaN,24577.5,24572.5,24574
1758151500,24574,24577,24573.25,24575.25,0,0,0,0,0,0,0,NaN,24577,24573.25,24575.25
1758151800,24574.75,24585.75,24574.25,24578,0,0,0,0,0,0,0,NaN,24585.75,24574.25,24578
1758152100,24578.5,24579.75,24571,24572.5,0,0,0,0,0,0,0,NaN,24579.75,24571,24572.5
1758152400,24572.75,24574.75,24569,24572.25,0,0,0,0,0,0,0,NaN,24574.75,24569,24572.25
1758152700,24572.75,24586,24572.5,24586,0,0,0,0,0,0,0,NaN,24586,24572.5,24586
1758153000,24583.75,24584.25,24578,24584.25,0,0,0,0,0,0,0,NaN,24584.25,24578,24584.25
1758153300,24584.5,24589,24580.75,24583.5,0,0,0,0,0,0,0,NaN,24589,24580.75,24583.5
1758153600,24584.25,24584.25,24568.25,24568.25,0,0,0,0,0,0,0,NaN,24584.25,24568.25,24568.25
1758153900,24568.25,24578.25,24568,24575.5,0,0,0,0,0,0,0,NaN,24578.25,24568,24575.5
1758154200,24575.75,24579.75,24570.25,24573.75,0,0,0,0,0,0,0,NaN,24579.75,24570.25,24573.75
1758154500,24573.75,24576.25,24571.75,24571.75,0,0,0,0,0,0,0,NaN,24576.25,24571.75,24571.75
1758154800,24571.75,24573.5,24560.75,24564.25,0,0,0,0,0,0,0,NaN,24573.5,24560.75,24564.25
1758155100,24565,24566.5,24560,24563,0,0,0,0,0,0,0,NaN,24566.5,24560,24563
1758155400,24563,24568.5,24561.75,24565.75,0,0,0,0,0,0,0,NaN,24568.5,24561.75,24565.75
1758155700,24566.5,24568.5,24563,24563.5,0,0,0,0,0,0,0,NaN,24568.5,24563,24563.5
1758156000,24563.5,24570,24563,24567,0,0,0,0,0,0,0,NaN,24570,24563,24567
1758156300,24566.75,24570,24564.25,24564.25,0,0,0,0,0,0,0,NaN,24570,24564.25,24564.25
1758156600,24564,24568.25,24560.75,24567.5,0,0,0,0,0,0,0,NaN,24568.25,24560.75,24567.5
1758156900,24566.75,24570.5,24563.5,24564.5,0,0,0,0,0,0,0,NaN,24570.5,24563.5,24564.5
1758157200,24564.25,24569.5,24560.5,24567.75,0,0,0,0,0,0,0,NaN,24569.5,24560.5,24567.75
1758157500,24568.25,24593.5,24566.5,24586.25,0,0,0,0,0,0,0,NaN,24593.5,24566.5,24586.25
1758157800,24585.5,24594.5,24585.25,24587.75,0,0,0,0,0,0,0,NaN,24594.5,24585.25,24587.75
1758158100,24587.75,24588.5,24577.25,24577.25,0,0,0,0,0,0,0,NaN,24588.5,24577.25,24577.25
1758158400,24578.25,24578.25,24567.5,24577,0,0,0,0,0,0,0,NaN,24578.25,24567.5,24577
1758158700,24577.25,24580.5,24574.75,24577,0,0,0,0,0,0,0,NaN,24580.5,24574.75,24577
1758159000,24577,24585.5,24576,24582,0,0,0,0,0,0,0,NaN,24585.5,24576,24582
1758159300,24582.5,24588.25,24582.5,24588.25,0,0,0,0,0,0,0,NaN,24588.25,24582.5,24588.25
1758159600,24588.25,24589.5,24584,24588,0,0,0,0,0,0,0,NaN,24589.5,24584,24588
1758159900,24588,24594,24586.75,24591.25,0,0,0,0,0,0,0,NaN,24594,24586.75,24591.25
1758160200,24591.25,24593.25,24587.5,24593.25,0,0,0,0,0,0,0,NaN,24593.25,24587.5,24593.25
1758160500,24593.75,24598,24592,24592.75,0,0,0,0,0,0,0,NaN,24598,24592,24592.75
1758160800,24592,24593.25,24590,24593,0,0,0,0,0,0,0,NaN,24593.25,24590,24593
1758161100,24592.5,24593,24587.5,24588,0,0,0,0,0,0,0,NaN,24593,24587.5,24588
1758161400,24587.75,24598,24586.75,24596.75,0,0,0,0,0,0,0,NaN,24598,24586.75,24596.75
1758161700,24597,24605.5,24596.5,24604.25,0,0,0,0,0,0,0,NaN,24605.5,24596.5,24604.25
1758162000,24604,24606.25,24598.5,24603.25,0,0,0,0,0,0,0,NaN,24606.25,24598.5,24603.25
1758162300,24603.75,24605.5,24601.5,24604.5,0,0,0,0,0,0,0,NaN,24605.5,24601.5,24604.5
1758162600,24603.75,24607.25,24602.25,24603.25,0,0,0,0,0,0,0,NaN,24607.25,24602.25,24603.25
1758162900,24603,24612,24603,24610,0,0,0,0,0,0,0,NaN,24612,24603,24610
1758163200,24609,24613.25,24608,24611.25,0,0,0,0,0,0,0,NaN,24613.25,24608,24611.25
1758163500,24611.25,24617.5,24611.25,24616,0,0,0,0,0,0,0,NaN,24617.5,24611.25,24616
1758163800,24616.75,24619.75,24612.75,24615.5,0,0,0,0,0,0,0,NaN,24619.75,24612.75,24615.5
1758164100,24616,24623.5,24613.5,24620.75,0,0,0,0,0,0,0,NaN,24623.5,24613.5,24620.75
1758164400,24620.75,24645,24620,24639.25,0,0,0,0,0,0,0,NaN,24645,24620,24639.25
1758164700,24639,24643,24634.75,24636.5,0,0,0,0,0,0,0,NaN,24643,24634.75,24636.5
1758165000,24636,24636.75,24629.25,24630.75,0,0,0,0,0,0,0,NaN,24636.75,24629.25,24630.75
1758165300,24632,24637,24629,24637,0,0,0,0,0,0,0,NaN,24637,24629,24637
1758165600,24636.5,24642.25,24635.75,24639.5,0,0,0,0,0,0,0,NaN,24642.25,24635.75,24639.5
1758165900,24638,24643.25,24637,24638,0,0,0,0,0,0,0,NaN,24643.25,24637,24638
1758166200,24638.5,24642.5,24635,24638.75,0,0,0,0,0,0,0,NaN,24642.5,24635,24638.75
1758166500,24638.25,24638.5,24633.75,24637.75,0,0,0,0,0,0,0,NaN,24638.5,24633.75,24637.75
1758166800,24638,24638.5,24633.75,24634.5,0,0,0,0,0,0,0,NaN,24638.5,24633.75,24634.5
1758167100,24634,24634.25,24628,24630.25,0,0,0,0,0,0,0,NaN,24634.25,24628,24630.25
1758167400,24630.5,24634.25,24626.25,24633.25,0,0,0,0,0,0,0,NaN,24634.25,24626.25,24633.25
1758167700,24633,24639.75,24632.5,24635.75,0,0,0,0,0,0,0,NaN,24639.75,24632.5,24635.75
1758168000,24635.75,24640,24632.75,24638,0,0,0,0,1,0,0,NaN,24640,24632.75,24638
1758168300,24637.5,24637.75,24630,24632.5,0,0,0,0,0,0,0,NaN,24637.75,24630,24632.5
1758168600,24632,24640.75,24631,24639.75,0,0,0,0,0,0,0,NaN,24640.75,24631,24639.75
1758168900,24639.5,24641.25,24635.25,24640.25,0,0,0,0,0,0,0,NaN,24641.25,24635.25,24640.25
1758169200,24640,24646,24637,24639.75,0,0,0,0,0,0,0,NaN,24646,24637,24639.75
1758169500,24639.5,24644,24638.5,24644,0,0,0,0,0,0,0,NaN,24644,24638.5,24644
1758169800,24644.5,24653.5,24641,24642.25,0,0,0,0,0,0,0,NaN,24653.5,24641,24642.25
1758170100,24641.75,24644,24635.75,24640.75,0,0,0,0,0,0,0,NaN,24644,24635.75,24640.75
1758170400,24640.25,24645.5,24637.5,24644.75,0,0,0,0,0,0,0,NaN,24645.5,24637.5,24644.75
1758170700,24645,24645.25,24640.75,24644.5,0,0,0,0,0,0,0,NaN,24645.25,24640.75,24644.5
1758171000,24644.5,24647,24643.75,24644.5,0,0,0,0,0,0,0,NaN,24647,24643.75,24644.5
1758171300,24645,24648,24641.75,24646,0,0,0,0,0,0,0,NaN,24648,24641.75,24646
1758171600,24645.5,24650.75,24643.5,24648,0,0,0,0,0,0,0,NaN,24650.75,24643.5,24648
1758171900,24647.5,24650,24642.5,24647.75,0,0,0,0,0,0,0,NaN,24650,24642.5,24647.75
1758172200,24647,24647.75,24643.75,24645,0,0,0,0,0,0,0,NaN,24647.75,24643.75,24645
1758172500,24645,24646.25,24634.75,24637,0,0,0,0,0,0,0,NaN,24646.25,24634.75,24637
1758172800,24636.5,24636.75,24630.5,24634.75,0,0,0,0,0,0,0,NaN,24636.75,24630.5,24634.75
1758173100,24633.5,24633.5,24615,24617.25,0,0,0,0,0,0,0,NaN,24633.5,24615,24617.25
1758173400,24617,24623,24611,24616,0,0,0,0,0,0,0,NaN,24623,24611,24616
1758173700,24616,24618.5,24613.75,24615,0,0,0,0,0,0,0,NaN,24618.5,24613.75,24615
1758174000,24615.25,24622.5,24614.25,24615.25,0,0,0,0,0,0,0,NaN,24622.5,24614.25,24615.25
1758174300,24615.75,24616.75,24611.25,24615,0,0,0,0,0,0,0,NaN,24616.75,24611.25,24615
1758174600,24615,24621.25,24614.5,24615.5,0,0,0,0,0,0,0,NaN,24621.25,24614.5,24615.5
1758174900,24615,24618.25,24612,24615,0,0,0,0,0,0,0,NaN,24618.25,24612,24615
1758175200,24614.5,24617.5,24606.5,24608.5,0,0,0,0,0,0,0,NaN,24617.5,24606.5,24608.5
1758175500,24608.75,24609.75,24595.5,24601.25,0,0,0,0,0,0,0,NaN,24609.75,24595.5,24601.25
1758175800,24602.25,24602.75,24589.5,24594,0,0,0,0,0,0,0,NaN,24602.75,24589.5,24594
1758176100,24593.5,24602.25,24587.5,24600,0,0,0,0,0,0,0,NaN,24602.25,24587.5,24600
1758176400,24599.5,24600.25,24590,24592.5,0,0,0,0,0,0,0,NaN,24600.25,24590,24592.5
1758176700,24593.25,24597.5,24591,24594.25,0,0,0,0,0,0,0,NaN,24597.5,24591,24594.25
1758177000,24594.25,24605.75,24586.5,24605.75,0,0,0,0,0,0,0,NaN,24605.75,24586.5,24605.75
1758177300,24605.25,24612,24602.25,24610,0,0,0,0,0,0,0,NaN,24612,24602.25,24610
1758177600,24609.25,24616.25,24607,24614.75,0,0,0,0,0,0,0,NaN,24616.25,24607,24614.75
1758177900,24614.75,24622.5,24612.25,24614.5,0,0,0,0,0,0,0,NaN,24622.5,24612.25,24614.5
1758178200,24614,24618.25,24610.25,24618.25,0,0,0,0,0,0,0,NaN,24618.25,24610.25,24618.25
1758178500,24618,24625.75,24618,24624.5,0,0,0,0,0,0,0,NaN,24625.75,24618,24624.5
1758178800,24624.75,24630,24620.25,24629.25,0,0,0,0,0,0,0,NaN,24630,24620.25,24629.25
1758179100,24629.75,24635.25,24623.75,24625.75,0,0,0,0,0,0,0,NaN,24635.25,24623.75,24625.75
1758179400,24625,24633.25,24622.75,24632.25,0,0,0,0,0,0,0,NaN,24633.25,24622.75,24632.25
1758179700,24632.25,24653.25,24628.75,24651.75,0,0,0,0,0,0,0,NaN,24653.25,24628.75,24651.75
1758180000,24651.75,24651.75,24625.25,24627,0,0,0,0,0,0,0,NaN,24651.75,24625.25,24627
1758180300,24625.25,24631.25,24619.5,24626,0,0,0,0,0,0,0,NaN,24631.25,24619.5,24626
1758180600,24625.5,24632.75,24623.5,24628,0,0,0,0,0,0,0,NaN,24632.75,24623.5,24628
1758180900,24628.25,24632,24625,24629.25,0,0,0,0,0,0,0,NaN,24632,24625,24629.25
1758181200,24630,24642.5,24628.75,24638.75,0,0,0,0,0,0,0,NaN,24642.5,24628.75,24638.75
1758181500,24637.75,24654.5,24637.75,24652.5,0,0,0,0,0,0,0,NaN,24654.5,24637.75,24652.5
1758181800,24652.5,24667.75,24652.5,24666.5,0,0,0,0,0,0,0,NaN,24667.75,24652.5,24666.5
1758182100,24665.75,24670.75,24661.5,24663.25,0,0,0,0,0,0,0,NaN,24670.75,24661.5,24663.25
1758182400,24663.5,24678.75,24656.25,24678.5,0,0,0,0,0,0,0,NaN,24678.75,24656.25,24678.5
1758182700,24678.25,24683.75,24669.5,24676,0,0,0,0,0,0,0,NaN,24683.75,24669.5,24676
1758183000,24676.75,24695.25,24674.75,24686.75,0,0,0,0,0,0,0,NaN,24695.25,24674.75,24686.75
1758183300,24687,24693,24681.5,24684.75,0,0,0,0,0,0,0,NaN,24693,24681.5,24684.75
1758183600,24685,24692.25,24679.75,24691.5,0,0,0,0,0,0,0,NaN,24692.25,24679.75,24691.5
1758183900,24691.25,24696,24684.25,24692.75,0,0,0,0,0,0,0,NaN,24696,24684.25,24692.75
1758184200,24692.75,24699,24688.5,24696.25,0,0,0,0,0,0,0,NaN,24699,24688.5,24696.25
1758184500,24697,24706.75,24695.5,24703.75,0,0,0,0,0,0,0,NaN,24706.75,24695.5,24703.75
1758184800,24704,24708,24700.5,24703.25,0,0,0,0,0,0,0,NaN,24708,24700.5,24703.25
1758185100,24703.75,24719,24699.5,24718.75,0,0,0,0,0,0,0,NaN,24719,24699.5,24718.75
1758185400,24719,24725.75,24717.5,24723.5,0,0,0,0,0,0,0,NaN,24725.75,24717.5,24723.5
1758185700,24723.75,24732.75,24720.5,24727.5,0,0,0,0,0,0,0,NaN,24732.75,24720.5,24727.5
1758186000,24728.75,24731,24720.25,24723,0,0,0,0,0,0,0,NaN,24731,24720.25,24723
1758186300,24722.75,24729.75,24718.25,24728.25,0,0,0,0,0,0,0,NaN,24729.75,24718.25,24728.25
1758186600,24728,24732.25,24708.25,24711.25,0,0,0,0,0,0,0,NaN,24732.25,24708.25,24711.25
1758186900,24711.25,24724,24711.25,24717.5,0,0,0,0,0,0,0,NaN,24724,24711.25,24717.5
1758187200,24718,24720.25,24711.75,24712.25,0,0,0,0,0,0,0,NaN,24720.25,24711.75,24712.25
1758187500,24712.5,24722.25,24709.75,24718.5,0,0,0,0,0,0,0,NaN,24722.25,24709.75,24718.5
1758187800,24718.5,24728.5,24717.5,24728.25,0,0,0,0,0,0,0,NaN,24728.5,24717.5,24728.25
1758188100,24728.25,24731.75,24721.5,24726.75,0,0,0,0,0,0,0,NaN,24731.75,24721.5,24726.75
1758188400,24727,24729,24718.75,24719.75,0,0,0,0,0,0,0,NaN,24729,24718.75,24719.75
1758188700,24719.5,24724.25,24713.25,24720,0,0,0,0,0,0,0,NaN,24724.25,24713.25,24720
1758189000,24720.75,24730.5,24718,24718,0,0,0,0,0,0,0,NaN,24730.5,24718,24718
1758189300,24719,24721.5,24715.25,24718,0,0,0,0,0,0,0,NaN,24721.5,24715.25,24718
1758189600,24717.75,24721.5,24713.5,24721,0,0,0,0,0,0,0,NaN,24721.5,24713.5,24721
1758189900,24721.25,24729.25,24720.5,24729.25,0,0,0,0,0,0,0,NaN,24729.25,24720.5,24729.25
1758190200,24729.5,24729.5,24724.5,24727.5,0,0,0,0,0,0,0,NaN,24729.5,24724.5,24727.5
1758190500,24727,24728.25,24721.5,24722.75,0,0,0,0,0,0,0,NaN,24728.25,24721.5,24722.75
1758190800,24723.25,24724.5,24714.25,24717.25,0,0,0,0,0,0,0,NaN,24724.5,24714.25,24717.25
1758191100,24717.5,24717.75,24706,24710,0,0,0,0,0,0,0,NaN,24717.75,24706,24710
1758191400,24709.75,24709.75,24700.75,24701,0,0,0,0,0,0,0,NaN,24709.75,24700.75,24701
1758191700,24701.25,24706.25,24700.25,24704,0,0,0,0,0,0,0,NaN,24706.25,24700.25,24704
1758192000,24704.5,24706.75,24701,24703,0,0,0,0,0,0,0,NaN,24706.75,24701,24703
1758192300,24702,24708.25,24697.25,24698.75,0,0,0,0,0,0,0,NaN,24708.25,24697.25,24698.75
1758192600,24698.75,24701.25,24693,24696.75,0,0,0,0,0,0,0,NaN,24701.25,24693,24696.75
1758192900,24696.75,24708,24695,24706.5,0,0,0,0,0,0,0,NaN,24708,24695,24706.5
1758193200,24706.75,24738,24700.5,24725.25,0,0,0,0,0,0,0,NaN,24738,24700.5,24725.25
1758193500,24725.75,24734.25,24716.25,24733,0,0,0,0,0,0,0,NaN,24734.25,24716.25,24733
1758193800,24733.25,24751,24732,24746.75,0,0,0,0,0,0,0,NaN,24751,24732,24746.75
1758194100,24746.5,24752.5,24739,24744.5,0,0,0,0,0,0,0,NaN,24752.5,24739,24744.5
1758194400,24745,24755.75,24743,24744.5,0,0,0,0,0,0,0,NaN,24755.75,24743,24744.5
1758194700,24745.5,24746.25,24734,24742,0,0,0,0,0,0,0,NaN,24746.25,24734,24742
1758195000,24741.5,24744.5,24736.5,24739,0,0,0,0,0,0,0,NaN,24744.5,24736.5,24739
1758195300,24739.5,24742.25,24736,24739.5,0,0,0,0,0,0,0,NaN,24742.25,24736,24739.5
1758195600,24739.25,24739.75,24715.5,24722.75,0,0,0,0,0,0,0,NaN,24739.75,24715.5,24722.75
1758195900,24722.25,24732.5,24719.25,24728.25,0,0,0,0,0,0,0,NaN,24732.5,24719.25,24728.25
1758196200,24727.75,24737,24725.75,24733.25,0,0,0,0,0,0,0,NaN,24737,24725.75,24733.25
1758196500,24733.25,24743.75,24730.25,24742.25,0,0,0,0,0,0,0,NaN,24743.75,24730.25,24742.25
1758196800,24742.5,24743.5,24737.25,24743.25,0,0,0,0,0,0,0,NaN,24743.5,24737.25,24743.25
1758197100,24743.25,24747,24731.5,24731.5,0,0,0,0,0,0,0,NaN,24747,24731.5,24731.5
1758197400,24732,24736.5,24723,24733.5,0,0,0,0,0,0,0,NaN,24736.5,24723,24733.5
1758197700,24734.75,24740.5,24728.75,24739.25,0,0,0,0,0,0,0,NaN,24740.5,24728.75,24739.25
1758198000,24739.5,24753,24736.75,24750,0,0,0,0,0,0,0,NaN,24753,24736.75,24750
1758198300,24750.5,24762.75,24750,24753.75,0,0,0,0,0,0,0,NaN,24762.75,24750,24753.75
1758198600,24752.25,24761,24727.75,24729.75,0,0,0,0,0,0,0,NaN,24761,24727.75,24729.75
1758198900,24729.75,24741.25,24726.25,24729.25,0,0,0,0,0,0,0,NaN,24741.25,24726.25,24729.25
1758199200,24729.25,24737.75,24727,24730,0,0,0,0,0,0,0,NaN,24737.75,24727,24730
1758199500,24730.75,24737.25,24729.75,24733.5,0,0,0,0,0,0,0,NaN,24737.25,24729.75,24733.5
1758199800,24733.25,24733.75,24708.75,24711,0,0,0,0,0,0,0,NaN,24733.75,24708.75,24711
1758200100,24711.5,24716,24689.5,24689.75,0,0,0,0,0,0,0,NaN,24716,24689.5,24689.75
1758200400,24690.25,24693,24658.5,24668,0,0,0,0,0,0,0,NaN,24693,24658.5,24668
1758200700,24667.75,24680,24650.5,24679,0,0,0,0,0,0,0,NaN,24680,24650.5,24679
1758201000,24678.25,24690.75,24671,24676.5,0,0,0,0,0,0,0,NaN,24690.75,24671,24676.5
1758201300,24676.75,24694.5,24673.5,24675,0,0,0,0,0,0,0,NaN,24694.5,24673.5,24675
1758201600,24674.25,24686.5,24673.75,24678.5,0,0,0,0,0,0,0,NaN,24686.5,24673.75,24678.5
1758201900,24679.25,24691,24673.25,24679.5,0,0,0,0,0,0,0,NaN,24691,24673.25,24679.5
1758202200,24679.5,24708.75,24653.75,24698.25,0,0,0,0,0,0,0,NaN,24708.75,24653.75,24698.25
1758202500,24697.5,24713.25,24666.5,24668.25,0,0,0,0,0,0,0,NaN,24713.25,24666.5,24668.25
1758202800,24668.5,24676.5,24623.75,24625,0,0,0,0,0,0,0,NaN,24676.5,24623.75,24625
1758203100,24624.75,24657.75,24598.75,24656.75,0,0,0,0,0,0,0,NaN,24657.75,24598.75,24656.75
1758203400,24656,24698.5,24653.25,24660.75,0,0,0,0,0,0,0,NaN,24698.5,24653.25,24660.75
1758203700,24660.25,24698.5,24641.5,24697,0,0,0,0,0,0,0,NaN,24698.5,24641.5,24697
1758204000,24696.75,24730,24694,24722,0,0,0,0,0,0,0,NaN,24730,24694,24722
1758204300,24722.25,24749,24721.75,24749,0,0,0,0,0,0,0,NaN,24749,24721.75,24749
1758204600,24749,24767,24742.75,24748.75,0,0,0,0,0,0,0,NaN,24767,24742.75,24748.75
1758204900,24749,24772.5,24746.5,24770.25,0,0,0,0,0,0,0,NaN,24772.5,24746.5,24770.25
1758205200,24770.25,24781.25,24754,24769,0,0,0,0,0,0,0,NaN,24781.25,24754,24769
1758205500,24769.25,24788.5,24768.75,24786.75,0,0,0,0,0,0,0,NaN,24788.5,24768.75,24786.75
1758205800,24786.5,24809.25,24781.25,24782.5,0,0,0,0,0,0,0,NaN,24809.25,24781.25,24782.5
1758206100,24783,24786.5,24762.5,24763.5,0,0,0,0,0,0,0,NaN,24786.5,24762.5,24763.5
1758206400,24763.75,24776,24758,24760.25,0,0,0,0,0,0,0,NaN,24776,24758,24760.25
1758206700,24760,24778.5,24751,24768.75,0,0,0,0,0,0,0,NaN,24778.5,24751,24768.75
1758207000,24769.25,24769.25,24745.5,24746.5,0,0,0,0,0,0,0,NaN,24769.25,24745.5,24746.5
1758207300,24746.5,24761.5,24731.75,24734.5,0,0,0,0,0,0,0,NaN,24761.5,24731.75,24734.5
1758207600,24734.75,24771.25,24734.25,24756.75,0,0,0,0,0,0,0,NaN,24771.25,24734.25,24756.75
1758207900,24757.75,24778.5,24746.25,24774,0,0,0,0,0,0,0,NaN,24778.5,24746.25,24774
1758208200,24774,24787.25,24763,24777.75,0,0,0,0,0,0,0,NaN,24787.25,24763,24777.75
1758208500,24778,24810,24771,24808,0,0,0,0,0,0,0,NaN,24810,24771,24808
1758208800,24808.5,24816,24792.25,24796.5,0,0,0,0,0,0,0,NaN,24816,24792.25,24796.5
1758209100,24797,24801.5,24776.25,24782.5,0,0,0,0,0,0,0,NaN,24801.5,24776.25,24782.5
1758209400,24782.75,24805.75,24782.75,24790.75,0,0,0,0,0,0,0,NaN,24805.75,24782.75,24790.75
1758209700,24790.5,24791.75,24781,24790.25,0,0,0,0,0,0,0,NaN,24791.75,24781,24790.25
1758210000,24790.25,24794,24769.25,24773.5,0,0,0,0,0,0,0,NaN,24794,24769.25,24773.5
1758210300,24773.5,24777,24761,24764.25,0,0,0,0,0,0,0,NaN,24777,24761,24764.25
1758210600,24764,24766.5,24725.75,24741.5,0,0,0,0,0,0,0,NaN,24766.5,24725.75,24741.5
1758210900,24742,24750.75,24726.75,24736.5,0,0,0,0,0,0,0,NaN,24750.75,24726.75,24736.5
1758211200,24736.25,24756,24732.25,24755.75,0,0,0,0,0,0,0,NaN,24756,24732.25,24755.75
1758211500,24755.25,24758,24727,24729.5,0,0,0,0,0,0,0,NaN,24758,24727,24729.5
1758211800,24728.75,24757.75,24720.75,24754,0,0,0,0,0,0,0,NaN,24757.75,24720.75,24754
1758212100,24754,24774,24752.75,24759.75,0,0,0,0,0,0,0,NaN,24774,24752.75,24759.75
1758212400,24759.25,24773.25,24753.25,24767,0,0,0,0,0,0,0,NaN,24773.25,24753.25,24767
1758212700,24767.25,24774.5,24761,24770.25,0,0,0,0,0,0,0,NaN,24774.5,24761,24770.25
1758213000,24770.5,24788,24770,24783,0,0,0,0,0,0,0,NaN,24788,24770,24783
1758213300,24783,24789,24779.25,24786.25,0,0,0,0,0,0,0,NaN,24789,24779.25,24786.25
1758213600,24786.75,24786.75,24780,24782.75,0,0,0,0,0,0,0,NaN,24786.75,24780,24782.75
1758213900,24782.5,24791.5,24781,24790,0,0,0,0,0,0,0,NaN,24791.5,24781,24790
1758214200,24790,24793.25,24785.75,24786.25,0,0,0,0,0,0,0,NaN,24793.25,24785.75,24786.25
1758214500,24786,24791.75,24781.25,24787.75,0,0,0,0,0,0,0,NaN,24791.75,24781.25,24787.75
1758214800,24787.5,24796,24785.25,24790.25,0,0,0,0,0,0,0,NaN,24796,24785.25,24790.25
1758215100,24790.25,24796.75,24787.5,24791.25,0,0,0,0,0,0,0,NaN,24796.75,24787.5,24791.25
1758215400,24790.5,24793,24782.5,24783.5,0,0,0,0,0,0,0,NaN,24793,24782.5,24783.5
1758215700,24784.25,24792.25,24778.5,24782.75,0,0,0,0,0,0,0,NaN,24792.25,24778.5,24782.75
1758216000,24783.5,24787,24772.5,24774.75,0,0,0,0,0,0,0,NaN,24787,24772.5,24774.75
1758216300,24775,24776.75,24762.25,24762.75,0,0,0,0,0,0,0,NaN,24776.75,24762.25,24762.75
1758216600,24763.25,24766.5,24745.75,24748,0,0,0,0,0,0,0,NaN,24766.5,24745.75,24748
1758216900,24747.75,24748.25,24730.5,24746.5,0,0,0,0,0,0,0,NaN,24748.25,24730.5,24746.5
1758217200,24746.25,24747.75,24728.25,24735.25,0,0,0,0,0,0,0,NaN,24747.75,24728.25,24735.25
1758217500,24735.25,24745.25,24728,24736.25,0,0,0,0,0,0,0,NaN,24745.25,24728,24736.25
1758217800,24736.5,24748,24726.5,24745.5,0,0,0,0,0,0,0,NaN,24748,24726.5,24745.5
1758218100,24745.75,24747.25,24723.5,24734.25,0,0,0,0,0,0,0,NaN,24747.25,24723.5,24734.25
1758218400,24734.5,24747.75,24728,24747,0,0,0,0,0,0,0,NaN,24747.75,24728,24747
1758218700,24747,24762.25,24746,24753.5,0,0,0,0,0,0,0,NaN,24762.25,24746,24753.5
1758219000,24753.25,24753.25,24728.75,24738.75,0,0,0,0,0,0,0,NaN,24753.25,24728.75,24738.75
1758219300,24739.25,24751.5,24729.5,24733,0,0,0,0,0,0,0,NaN,24751.5,24729.5,24733
1758219600,24734,24745.25,24728.75,24743,0,0,0,0,0,0,0,NaN,24745.25,24728.75,24743
1758219900,24743,24751.5,24737.25,24738.25,0,0,0,0,0,0,0,NaN,24751.5,24737.25,24738.25
1758220200,24738.25,24748.75,24737.75,24747.5,0,0,0,0,0,0,0,NaN,24748.75,24737.75,24747.5
1758220500,24747.75,24752,24742,24747.5,0,0,0,0,0,0,0,NaN,24752,24742,24747.5
1758220800,24747.25,24752,24727.75,24732.75,0,0,0,0,0,0,0,NaN,24752,24727.75,24732.75
1758221100,24732.25,24761.5,24730,24750.25,0,0,0,0,0,0,0,NaN,24761.5,24730,24750.25
1758221400,24750.25,24763.5,24749.75,24761.5,0,0,0,0,0,0,0,NaN,24763.5,24749.75,24761.5
1758221700,24761.75,24769,24755,24756.25,0,0,0,0,0,0,0,NaN,24769,24755,24756.25
1758222000,24756,24758.75,24743.75,24749.5,0,0,0,0,0,0,0,NaN,24758.75,24743.75,24749.5
1758222300,24750,24756.75,24746,24754,0,0,0,0,0,0,0,NaN,24756.75,24746,24754
1758222600,24754.25,24755.5,24744.5,24746.5,0,0,0,0,0,0,0,NaN,24755.5,24744.5,24746.5
1758222900,24746,24750.25,24736.25,24747.75,0,0,0,0,0,0,0,NaN,24750.25,24736.25,24747.75
1758223200,24748.5,24748.75,24729,24730.5,0,0,0,0,0,0,0,NaN,24748.75,24729,24730.5
1758223500,24730.5,24734.25,24716.5,24721.25,0,0,0,0,0,0,0,NaN,24734.25,24716.5,24721.25
1758223800,24721.5,24732,24709,24717,0,0,0,0,0,0,0,NaN,24732,24709,24717
1758224100,24716.75,24728,24711.5,24715.5,0,0,0,0,0,0,0,NaN,24728,24711.5,24715.5
1758224400,24715.25,24722.75,24705.5,24714.5,0,0,0,0,0,0,0,NaN,24722.75,24705.5,24714.5
1758224700,24714.25,24716.75,24696.75,24707,0,0,0,0,0,0,0,NaN,24716.75,24696.75,24707
1758225000,24707,24728.75,24699.25,24722.25,0,0,0,0,0,0,0,NaN,24728.75,24699.25,24722.25
1758225300,24722.75,24726.25,24696.75,24698.25,0,0,0,0,0,0,0,NaN,24726.25,24696.75,24698.25
1758225600,24698.5,24710.25,24687.75,24700.25,0,0,0,0,0,0,0,NaN,24710.25,24687.75,24700.25
1758225900,24700.5,24712.25,24700.25,24710.75,0,0,0,0,0,0,0,NaN,24712.25,24700.25,24710.75
1758226200,24710.75,24711,24692.25,24693,0,0,0,0,0,0,0,NaN,24711,24692.25,24693
1758226500,24693.25,24699.25,24685,24694.75,0,0,0,0,0,0,0,NaN,24699.25,24685,24694.75
1758226800,24694.75,24711.75,24694.25,24708.75,0,0,0,0,0,0,0,NaN,24711.75,24694.25,24708.75
1758227100,24708.75,24711.5,24707.5,24710.25,0,0,0,0,0,0,0,NaN,24711.5,24707.5,24710.25
1758227400,24710.25,24717.5,24708.75,24714.25,0,0,0,0,0,0,0,NaN,24717.5,24708.75,24714.25
1758227700,24714,24719.5,24714,24717.25,0,0,0,0,0,0,0,NaN,24719.5,24714,24717.25
1758228000,24717.25,24720.25,24714,24718.25,0,0,0,0,0,0,0,NaN,24720.25,24714,24718.25
1758228300,24718.25,24722.75,24716.75,24719.25,0,0,0,0,0,0,0,NaN,24722.75,24716.75,24719.25
1758228600,24719.25,24720.75,24717.25,24718.5,0,0,0,0,0,0,0,NaN,24720.75,24717.25,24718.5
1758228900,24718.75,24721.25,24713.25,24713.75,0,0,0,0,0,0,0,NaN,24721.25,24713.25,24713.75
1758232800,24717.75,24732.25,24713.75,24730.75,0,0,0,0,0,0,0,NaN,24732.25,24713.75,24730.75
1758233100,24730.75,24738,24730.75,24737.25,0,0,0,0,0,0,0,NaN,24738,24730.75,24737.25
1758233400,24737.75,24740.75,24732.75,24740.75,0,0,0,0,0,0,0,NaN,24740.75,24732.75,24740.75
1758233700,24739.25,24741.5,24734.75,24735.75,0,0,0,0,0,0,0,NaN,24741.5,24734.75,24735.75
1758234000,24735,24738,24730.5,24738,0,0,0,0,0,0,0,NaN,24738,24730.5,24738
1758234300,24737,24742.75,24737,24739.75,0,0,0,0,0,0,0,NaN,24742.75,24737,24739.75
1758234600,24740.5,24743,24732,24733,0,0,0,0,0,0,0,NaN,24743,24732,24733
1758234900,24732,24732,24721,24721.75,0,0,0,0,0,0,0,NaN,24732,24721,24721.75
1758235200,24722,24722,24711.5,24716,0,0,0,0,0,0,0,NaN,24722,24711.5,24716
1758235500,24716.5,24725.5,24716.5,24725,0,0,0,0,0,0,0,NaN,24725.5,24716.5,24725
1758235800,24723.75,24733,24722.75,24731.5,0,0,0,0,0,0,0,NaN,24733,24722.75,24731.5
1758236100,24732,24740.25,24731.75,24738,0,0,0,0,0,0,0,NaN,24740.25,24731.75,24738
1758236400,24737.75,24740.75,24732,24736.75,0,0,0,0,0,0,0,NaN,24740.75,24732,24736.75
1758236700,24737,24739.75,24734,24734.25,0,0,0,0,0,0,0,NaN,24739.75,24734,24734.25
1758237000,24735,24741.75,24731,24733,0,0,0,0,0,0,0,NaN,24741.75,24731,24733
1758237300,24733.25,24739.25,24732,24736.75,0,0,0,0,0,0,0,NaN,24739.25,24732,24736.75
1758237600,24736.75,24741.5,24736.75,24738,0,0,0,0,0,0,0,NaN,24741.5,24736.75,24738
1758237900,24737.5,24739.25,24734,24736.75,0,0,0,0,0,0,0,NaN,24739.25,24734,24736.75
1758238200,24736.75,24744.25,24736.25,24743.25,0,0,0,0,0,0,0,NaN,24744.25,24736.25,24743.25
1758238500,24743,24747.5,24741.5,24746,0,0,0,0,0,0,0,NaN,24747.5,24741.5,24746
1758238800,24747,24748,24742.25,24745.5,0,0,0,0,0,0,0,NaN,24748,24742.25,24745.5
1758239100,24745,24748.75,24742.25,24744.75,0,0,0,0,0,0,0,NaN,24748.75,24742.25,24744.75
1758239400,24743.5,24747.25,24741.5,24742,0,0,0,0,0,0,0,NaN,24747.25,24741.5,24742
1758239700,24743.25,24747.5,24739.75,24740,0,0,0,0,0,0,0,NaN,24747.5,24739.75,24740
1758240000,24739.5,24749,24739.5,24743.75,0,0,0,0,0,0,0,NaN,24749,24739.5,24743.75
1758240300,24744.25,24747.5,24737.75,24741.75,0,0,0,0,0,0,0,NaN,24747.5,24737.75,24741.75
1758240600,24741.75,24741.75,24722.75,24722.75,0,0,0,0,0,0,0,NaN,24741.75,24722.75,24722.75
1758240900,24723.25,24727.5,24715.5,24717.75,0,0,0,0,0,0,0,NaN,24727.5,24715.5,24717.75
1758241200,24717,24720.25,24702.75,24707.25,0,0,0,0,0,0,0,NaN,24720.25,24702.75,24707.25
1758241500,24707,24712.5,24701.25,24705.5,0,0,0,0,0,0,0,NaN,24712.5,24701.25,24705.5
1758241800,24705,24710,24703.25,24706,0,0,0,0,0,0,0,NaN,24710,24703.25,24706
1758242100,24705.75,24711.75,24701.5,24709,0,0,0,0,0,0,0,NaN,24711.75,24701.5,24709
1758242400,24708.5,24709.5,24694.75,24701.5,0,0,0,0,0,0,0,NaN,24709.5,24694.75,24701.5
1758242700,24700.5,24708.25,24699.5,24703.5,0,0,0,0,0,0,0,NaN,24708.25,24699.5,24703.5
1758243000,24703.5,24707.5,24699.25,24706.25,0,0,0,0,0,0,0,NaN,24707.5,24699.25,24706.25
1758243300,24706.25,24715.5,24705.25,24710.25,0,0,0,0,0,0,0,NaN,24715.5,24705.25,24710.25
1758243600,24710,24713.25,24704.75,24709.25,0,0,0,0,0,0,0,NaN,24713.25,24704.75,24709.25
1758243900,24708.75,24713,24703.5,24705.5,0,0,0,0,0,0,0,NaN,24713,24703.5,24705.5
1758244200,24705,24714.5,24701.5,24714,0,0,0,0,0,0,0,NaN,24714.5,24701.5,24714
1758244500,24714,24715.25,24703.75,24713.5,0,0,0,0,0,0,0,NaN,24715.25,24703.75,24713.5
1758244800,24712.25,24716.25,24706,24708.5,0,0,0,0,0,0,0,NaN,24716.25,24706,24708.5
1758245100,24709,24713.25,24705,24712.75,0,0,0,0,0,0,0,NaN,24713.25,24705,24712.75
1758245400,24713.25,24717.75,24709.5,24711,0,0,0,0,0,0,0,NaN,24717.75,24709.5,24711
1758245700,24710,24716.75,24710,24713,0,0,0,0,0,0,0,NaN,24716.75,24710,24713
1758246000,24712.75,24717.5,24710.5,24715,0,0,0,0,0,0,0,NaN,24717.5,24710.5,24715
1758246300,24716,24718.75,24708,24709.5,0,0,0,0,0,0,0,NaN,24718.75,24708,24709.5
1758246600,24710,24714.5,24706,24714.5,0,0,0,0,0,0,0,NaN,24714.5,24706,24714.5
1758246900,24714.75,24720.75,24714.5,24716.5,0,0,0,0,0,0,0,NaN,24720.75,24714.5,24716.5
1758247200,24716.75,24722.75,24714.25,24717,0,0,0,0,0,0,0,NaN,24722.75,24714.25,24717
1758247500,24716.5,24717.25,24710.5,24713.75,0,0,0,0,0,0,0,NaN,24717.25,24710.5,24713.75
1758247800,24713,24713.5,24705,24706.25,0,0,0,0,0,0,0,NaN,24713.5,24705,24706.25
1758248100,24706,24712.5,24701.5,24706.5,0,0,0,0,0,0,0,NaN,24712.5,24701.5,24706.5
1758248400,24708,24710.5,24703.75,24707.75,0,0,0,0,0,0,0,NaN,24710.5,24703.75,24707.75
1758248700,24708,24708,24700,24701.75,0,0,0,0,0,0,0,NaN,24708,24700,24701.75
1758249000,24702,24707,24701,24706,0,0,0,0,0,0,0,NaN,24707,24701,24706
1758249300,24706.25,24715,24706.25,24713.25,0,0,0,0,0,0,0,NaN,24715,24706.25,24713.25
1758249600,24714.25,24715,24709.25,24710.25,0,0,0,0,0,0,0,NaN,24715,24709.25,24710.25
1758249900,24709.75,24712.25,24709.25,24709.5,0,0,0,0,0,0,0,NaN,24712.25,24709.25,24709.5
1758250200,24709.5,24713.5,24709.5,24711.75,0,0,0,0,0,0,0,NaN,24713.5,24709.5,24711.75
1758250500,24711.5,24713.75,24709.25,24712,0,0,0,0,0,0,0,NaN,24713.75,24709.25,24712
1758250800,24712,24714,24710,24713,0,0,0,0,0,0,0,NaN,24714,24710,24713
1758251100,24713.5,24721.5,24711.25,24720.25,0,0,0,0,0,0,0,NaN,24721.5,24711.25,24720.25
1758251400,24721,24735,24720.25,24733.25,0,0,0,0,0,0,0,NaN,24735,24720.25,24733.25
1758251700,24732.75,24735,24730,24732.25,0,0,0,0,0,0,0,NaN,24735,24730,24732.25
1758252000,24732,24736,24726.5,24734,0,0,0,0,0,0,0,NaN,24736,24726.5,24734
1758252300,24734,24737.5,24729.75,24734,0,0,0,0,0,0,0,NaN,24737.5,24729.75,24734
1758252600,24734.5,24736.75,24727,24727,0,0,0,0,0,0,0,NaN,24736.75,24727,24727
1758252900,24726.25,24729,24716.5,24728,0,0,0,0,0,0,0,NaN,24729,24716.5,24728
1758253200,24727,24731.75,24724,24726.25,0,0,0,0,0,0,0,NaN,24731.75,24724,24726.25
1758253500,24725.25,24732.25,24703.5,24716,0,0,0,0,0,0,0,NaN,24732.25,24703.5,24716
1758253800,24715.5,24723.5,24709.75,24711,0,0,0,0,0,0,0,NaN,24723.5,24709.75,24711
1758254100,24710.25,24712.75,24704.5,24712,0,0,0,0,0,0,0,NaN,24712.75,24704.5,24712
1758254400,24713,24715,24690.75,24698.25,0,0,0,0,0,1,0,NaN,24715,24690.75,24698.25
1758254700,24697.5,24707,24696.25,24700.5,0,0,0,0,0,0,0,NaN,24707,24696.25,24700.5
1758255000,24700.5,24702,24688.75,24690.5,0,0,0,0,0,0,0,NaN,24702,24688.75,24690.5
1758255300,24689.75,24699.5,24686.75,24688.5,0,0,0,0,0,0,0,NaN,24699.5,24686.75,24688.5
1758255600,24688.5,24696,24682,24687.75,0,0,0,0,0,0,0,NaN,24696,24682,24687.75
1758255900,24688.25,24706,24688.25,24705.25,0,0,0,0,0,0,0,NaN,24706,24688.25,24705.25
1758256200,24705.5,24712,24702.75,24709,0,0,0,0,0,0,0,NaN,24712,24702.75,24709
1758256500,24708.75,24713.75,24707,24712,0,0,0,0,0,0,0,NaN,24713.75,24707,24712
1758256800,24712,24714.25,24709,24710.75,0,0,0,0,0,0,0,NaN,24714.25,24709,24710.75
1758257100,24711,24715.5,24708.75,24715,0,0,0,0,0,0,0,NaN,24715.5,24708.75,24715
1758257400,24715.75,24715.75,24711.25,24714.25,0,0,0,0,0,0,0,NaN,24715.75,24711.25,24714.25
1758257700,24714,24722.75,24714,24720.25,0,0,0,0,0,0,0,NaN,24722.75,24714,24720.25
1758258000,24720.5,24723.5,24717,24717.75,0,0,0,0,0,0,0,NaN,24723.5,24717,24717.75
1758258300,24718,24719.25,24716.5,24717.75,0,0,0,0,0,0,0,NaN,24719.25,24716.5,24717.75
1758258600,24718.25,24718.25,24709.5,24714,0,0,0,0,0,0,0,NaN,24718.25,24709.5,24714
1758258900,24714.25,24715.75,24710.5,24715,0,0,0,0,0,0,0,NaN,24715.75,24710.5,24715
1758259200,24715,24718.75,24714,24717.75,0,0,0,0,0,0,0,NaN,24718.75,24714,24717.75
1758259500,24717.5,24720.75,24709,24709,0,0,0,0,0,0,0,NaN,24720.75,24709,24709
1758259800,24708.25,24712,24701.25,24707,0,0,0,0,0,0,0,NaN,24712,24701.25,24707
1758260100,24707,24713.5,24702,24713.5,0,0,0,0,0,0,0,NaN,24713.5,24702,24713.5
1758260400,24713.75,24715,24697.25,24699.5,0,0,0,0,0,0,0,NaN,24715,24697.25,24699.5
1758260700,24699.75,24703.25,24697,24701.25,0,0,0,0,0,0,0,NaN,24703.25,24697,24701.25
1758261000,24700.5,24706.25,24697.25,24705,0,0,0,0,0,0,0,NaN,24706.25,24697.25,24705
1758261300,24706,24709,24705,24706.5,0,0,0,0,0,0,0,NaN,24709,24705,24706.5
1758261600,24706.25,24714.25,24700.75,24713.5,0,0,0,0,0,0,0,NaN,24714.25,24700.75,24713.5
1758261900,24713.25,24716.75,24709.5,24712.25,0,0,0,0,0,0,0,NaN,24716.75,24709.5,24712.25
1758262200,24713.25,24716.75,24709.25,24710.25,0,0,0,0,0,0,0,NaN,24716.75,24709.25,24710.25
1758262500,24710.5,24713.75,24701.25,24703.25,0,0,0,0,0,0,0,NaN,24713.75,24701.25,24703.25
1758262800,24704.75,24710,24679.25,24688.75,0,0,0,0,0,0,0,NaN,24710,24679.25,24688.75
1758263100,24688,24690.75,24674.75,24688.25,0,0,0,0,0,0,0,NaN,24690.75,24674.75,24688.25
1758263400,24688.5,24693.5,24680.5,24682.75,0,0,0,0,0,0,0,NaN,24693.5,24680.5,24682.75
1758263700,24682.5,24702,24681.5,24701.25,0,0,0,0,0,0,0,NaN,24702,24681.5,24701.25
1758264000,24701.25,24704.25,24695.75,24698,0,0,0,0,0,0,0,NaN,24704.25,24695.75,24698
1758264300,24697.5,24699.5,24684.25,24689.5,0,0,0,0,0,0,0,NaN,24699.5,24684.25,24689.5
1758264600,24690.5,24695.5,24680.5,24684.75,0,0,0,0,0,0,0,NaN,24695.5,24680.5,24684.75
1758264900,24684.5,24690,24672,24673,0,0,0,0,0,0,0,NaN,24690,24672,24673
1758265200,24672,24682.75,24666.25,24667.25,0,0,0,0,0,0,0,NaN,24682.75,24666.25,24667.25
1758265500,24666.5,24670,24655,24664.25,0,0,0,0,0,0,0,NaN,24670,24655,24664.25
1758265800,24664.5,24680,24663.25,24669,0,0,0,0,0,0,0,NaN,24680,24663.25,24669
1758266100,24668.75,24680.5,24666.75,24679,0,0,0,0,0,0,0,NaN,24680.5,24666.75,24679
1758266400,24678.5,24686.25,24675.5,24685,0,0,0,0,0,0,0,NaN,24686.25,24675.5,24685
1758266700,24685.5,24692,24678,24687.5,0,0,0,0,0,0,0,NaN,24692,24678,24687.5
1758267000,24688.25,24688.5,24680,24682,0,0,0,0,0,0,0,NaN,24688.5,24680,24682
1758267300,24681.5,24685,24673.25,24683.25,0,0,0,0,0,0,0,NaN,24685,24673.25,24683.25
1758267600,24684,24687,24679.75,24685,0,0,0,0,0,0,0,NaN,24687,24679.75,24685
1758267900,24684,24684.25,24671,24675.25,0,0,0,0,0,0,0,NaN,24684.25,24671,24675.25
1758268200,24675.5,24688.25,24672.75,24688,0,0,0,0,0,0,0,NaN,24688.25,24672.75,24688
1758268500,24688,24690.25,24681.75,24685,0,0,0,0,0,0,0,NaN,24690.25,24681.75,24685
1758268800,24685.25,24694,24680.5,24691,0,0,0,0,0,0,0,NaN,24694,24680.5,24691
1758269100,24691,24697.5,24687.5,24697.5,0,0,0,0,0,0,0,NaN,24697.5,24687.5,24697.5
1758269400,24697,24703.75,24695.5,24699.5,0,0,0,0,0,0,0,NaN,24703.75,24695.5,24699.5
1758269700,24699.5,24706,24697,24703.25,0,0,0,0,0,0,0,NaN,24706,24697,24703.25
1758270000,24704.5,24708.75,24702,24705.5,0,0,0,0,0,0,0,NaN,24708.75,24702,24705.5
1758270300,24706,24711.25,24702,24709,0,0,0,0,0,0,0,NaN,24711.25,24702,24709
1758270600,24709.75,24711.25,24706.5,24710.5,0,0,0,0,0,0,0,NaN,24711.25,24706.5,24710.5
1758270900,24711,24714.75,24711,24711.75,0,0,0,0,0,0,0,NaN,24714.75,24711,24711.75
1758271200,24712.5,24712.5,24702.5,24705.75,0,0,0,0,0,0,0,NaN,24712.5,24702.5,24705.75
1758271500,24706.25,24706.5,24702.25,24702.25,0,0,0,0,0,0,0,NaN,24706.5,24702.25,24702.25
1758271800,24702.25,24709.25,24701,24706,0,0,0,0,0,0,0,NaN,24709.25,24701,24706
1758272100,24704.75,24708.5,24702.5,24705,0,0,0,0,0,0,0,NaN,24708.5,24702.5,24705
1758272400,24706.25,24714.25,24703.25,24708.25,0,0,0,0,0,0,0,NaN,24714.25,24703.25,24708.25
1758272700,24708,24716.25,24705,24711.5,0,0,0,0,0,0,0,NaN,24716.25,24705,24711.5
1758273000,24711,24714.75,24705.5,24707,0,0,0,0,0,0,0,NaN,24714.75,24705.5,24707
1758273300,24707,24715.25,24706.25,24715,0,0,0,0,0,0,0,NaN,24715.25,24706.25,24715
1758273600,24714.5,24722.25,24712.75,24722,0,0,0,0,0,0,0,NaN,24722.25,24712.75,24722
1758273900,24721.5,24723.75,24719.5,24720.5,0,0,0,0,0,0,0,NaN,24723.75,24719.5,24720.5
1758274200,24721.5,24729.75,24718.5,24726.25,0,0,0,0,0,0,0,NaN,24729.75,24718.5,24726.25
1758274500,24725.25,24729.75,24722.5,24729.25,0,0,0,0,0,0,0,NaN,24729.75,24722.5,24729.25
1758274800,24728.5,24729.75,24724,24724,0,0,0,0,0,0,0,NaN,24729.75,24724,24724
1758275100,24724.25,24728,24719.25,24720.75,0,0,0,0,0,0,0,NaN,24728,24719.25,24720.75
1758275400,24721.25,24722.75,24705.75,24708,0,0,0,0,0,0,0,NaN,24722.75,24705.75,24708
1758275700,24708.25,24713.75,24706.5,24706.75,0,0,0,0,0,0,0,NaN,24713.75,24706.5,24706.75
1758276000,24707.75,24708.5,24700.25,24707.5,0,0,0,0,0,0,0,NaN,24708.5,24700.25,24707.5
1758276300,24707.25,24711.75,24706,24710.5,0,0,0,0,0,0,0,NaN,24711.75,24706,24710.5
1758276600,24710.5,24716,24705.75,24713.75,0,0,0,0,0,0,0,NaN,24716,24705.75,24713.75
1758276900,24713.75,24727.5,24713.25,24720.25,0,0,0,0,0,0,0,NaN,24727.5,24713.25,24720.25
1758277200,24721,24721,24710.75,24715.75,0,0,0,0,0,0,0,NaN,24721,24710.75,24715.75
1758277500,24715.75,24726.25,24715.75,24723.25,0,0,0,0,0,0,0,NaN,24726.25,24715.75,24723.25
1758277800,24723.25,24725,24719.25,24723,0,0,0,0,0,0,0,NaN,24725,24719.25,24723
1758278100,24723.25,24732.25,24720.75,24726.25,0,0,0,0,0,0,0,NaN,24732.25,24720.75,24726.25
1758278400,24726.5,24731.25,24723.5,24723.75,0,0,0,0,0,0,0,NaN,24731.25,24723.5,24723.75
1758278700,24723.25,24726.75,24716.5,24717.5,0,0,0,0,0,0,0,NaN,24726.75,24716.5,24717.5
1758279000,24717,24722.75,24716,24719.5,0,0,0,0,0,0,0,NaN,24722.75,24716,24719.5
1758279300,24718,24727.75,24711.25,24724.5,0,0,0,0,0,0,0,NaN,24727.75,24711.25,24724.5
1758279600,24724.5,24735.25,24722.75,24728,0,0,0,0,0,0,0,NaN,24735.25,24722.75,24728
1758279900,24728.5,24731.25,24722,24723.25,0,0,0,0,0,0,0,NaN,24731.25,24722,24723.25
1758280200,24723.25,24724,24713,24718.75,0,0,0,0,0,0,0,NaN,24724,24713,24718.75
1758280500,24718.5,24722.5,24716.75,24720.75,0,0,0,0,0,0,0,NaN,24722.5,24716.75,24720.75
1758280800,24721.5,24723,24716.25,24720.25,0,0,0,0,0,0,0,NaN,24723,24716.25,24720.25
1758281100,24719.75,24725.5,24716,24723.75,0,0,0,0,0,0,0,NaN,24725.5,24716,24723.75
1758281400,24722.75,24725.25,24716.75,24725.25,0,0,0,0,0,0,0,NaN,24725.25,24716.75,24725.25
1758281700,24724.5,24730.25,24724,24730.25,0,0,0,0,0,0,0,NaN,24730.25,24724,24730.25
1758282000,24730.5,24733,24721.75,24722,0,0,0,0,0,0,0,NaN,24733,24721.75,24722
1758282300,24721.75,24730.25,24720,24728.5,0,0,0,0,0,0,0,NaN,24730.25,24720,24728.5
1758282600,24728.25,24733.5,24728,24733.25,0,0,0,0,0,0,0,NaN,24733.5,24728,24733.25
1758282900,24732.75,24736.25,24730.5,24736.25,0,0,0,0,0,0,0,NaN,24736.25,24730.5,24736.25
1758283200,24735.75,24743.75,24731.5,24742.75,0,0,0,0,0,0,0,NaN,24743.75,24731.5,24742.75
1758283500,24743.25,24744.75,24737.25,24739,0,0,0,0,0,0,0,NaN,24744.75,24737.25,24739
1758283800,24738.5,24745.5,24738.5,24744,0,0,0,0,0,0,0,NaN,24745.5,24738.5,24744
1758284100,24744,24745.5,24740.75,24742.5,0,0,0,0,0,0,0,NaN,24745.5,24740.75,24742.5
1758284400,24743,24746.5,24738.75,24744.5,0,0,0,0,0,0,0,NaN,24746.5,24738.75,24744.5
1758284700,24744.75,24754.75,24741.75,24751.5,0,0,0,0,0,0,0,NaN,24754.75,24741.75,24751.5
1758285000,24751.25,24754.5,24745.25,24745.5,0,0,0,0,0,0,0,NaN,24754.5,24745.25,24745.5
1758285300,24745.5,24751.75,24737.5,24745.75,0,0,0,0,0,0,0,NaN,24751.75,24737.5,24745.75
1758285600,24746.25,24750.75,24735.75,24738.25,0,0,0,0,0,0,0,NaN,24750.75,24735.75,24738.25
1758285900,24739.25,24748.75,24738,24748.5,0,0,0,0,0,0,0,NaN,24748.75,24738,24748.5
1758286200,24748.25,24750,24735.25,24736,0,0,0,0,0,0,0,NaN,24750,24735.25,24736
1758286500,24735.5,24743,24734,24738.25,0,0,0,0,0,0,0,NaN,24743,24734,24738.25
1758286800,24738.25,24745.75,24734.75,24743.75,0,0,0,0,0,0,0,NaN,24745.75,24734.75,24743.75
1758287100,24743.75,24752.25,24743,24749.25,0,0,0,0,0,0,0,NaN,24752.25,24743,24749.25
1758287400,24748.75,24760.75,24748.75,24759,0,0,0,0,0,0,0,NaN,24760.75,24748.75,24759
1758287700,24759,24765.75,24755.75,24757.5,0,0,0,0,0,0,0,NaN,24765.75,24755.75,24757.5
1758288000,24757.75,24767.5,24755.25,24765.5,0,0,0,0,0,0,0,NaN,24767.5,24755.25,24765.5
1758288300,24766,24784.75,24765,24768.5,0,0,0,0,0,0,0,NaN,24784.75,24765,24768.5
1758288600,24767.75,24783.25,24743.75,24752.5,0,0,0,0,0,0,0,NaN,24783.25,24743.75,24752.5
1758288900,24752.25,24761.75,24737.5,24752.75,0,0,0,0,0,0,0,NaN,24761.75,24737.5,24752.75
1758289200,24752.5,24782,24748.5,24767,0,0,0,0,0,0,0,NaN,24782,24748.5,24767
1758289500,24767,24802.25,24747.5,24793.25,0,0,0,0,0,0,0,NaN,24802.25,24747.5,24793.25
1758289800,24793.25,24817.5,24787,24802.5,0,0,0,0,0,0,0,NaN,24817.5,24787,24802.5
1758290100,24802.5,24812.25,24781.25,24791,0,0,0,0,0,0,0,NaN,24812.25,24781.25,24791
1758290400,24790.5,24804.75,24784.5,24799.5,0,0,0,0,0,0,0,NaN,24804.75,24784.5,24799.5
1758290700,24799.25,24807.5,24783,24786.75,0,0,0,0,0,0,0,NaN,24807.5,24783,24786.75
1758291000,24787,24801,24778,24789.25,0,0,0,0,0,0,0,NaN,24801,24778,24789.25
1758291300,24789.5,24791,24762,24767.25,0,0,0,0,0,0,0,NaN,24791,24762,24767.25
1758291600,24766.75,24787.75,24754.5,24782.25,0,0,0,0,0,0,0,NaN,24787.75,24754.5,24782.25
1758291900,24781.75,24800,24777.5,24782.75,0,0,0,0,0,0,0,NaN,24800,24777.5,24782.75
1758292200,24782.75,24789.25,24773.5,24783.25,0,0,0,0,0,0,0,NaN,24789.25,24773.5,24783.25
1758292500,24783.75,24789.75,24766.25,24772,0,0,0,0,0,0,0,NaN,24789.75,24766.25,24772
1758292800,24771.75,24772.25,24752.5,24753.25,0,0,0,0,0,0,0,NaN,24772.25,24752.5,24753.25
1758293100,24753.5,24760.75,24734,24756.25,0,0,0,0,0,0,0,NaN,24760.75,24734,24756.25
1758293400,24756,24778.25,24745.5,24760.25,0,0,0,0,0,0,0,NaN,24778.25,24745.5,24760.25
1758293700,24760.5,24770,24746,24763.5,0,0,0,0,0,0,0,NaN,24770,24746,24763.5
1758294000,24763.5,24778.5,24745,24745.5,0,0,0,0,0,0,0,NaN,24778.5,24745,24745.5
1758294300,24745,24751.75,24733,24741.75,0,0,0,0,0,0,0,NaN,24751.75,24733,24741.75
1758294600,24741.75,24746.75,24731.25,24735.25,0,0,0,0,0,0,0,NaN,24746.75,24731.25,24735.25
1758294900,24735,24739.5,24724.5,24737.75,0,0,0,0,0,0,0,NaN,24739.5,24724.5,24737.75
1758295200,24737.75,24749.75,24719.5,24738.5,0,0,0,0,0,0,0,NaN,24749.75,24719.5,24738.5
1758295500,24738,24741,24720.5,24727.25,0,0,0,0,0,0,0,NaN,24741,24720.5,24727.25
1758295800,24727,24727.75,24708,24724.5,0,0,0,0,0,0,0,NaN,24727.75,24708,24724.5
1758296100,24724.25,24735,24721.5,24728,0,0,0,0,0,0,0,NaN,24735,24721.5,24728
1758296400,24727.5,24754,24727.5,24747.25,0,0,0,0,0,0,0,NaN,24754,24727.5,24747.25
1758296700,24747.25,24752.25,24744,24749,0,0,0,0,0,0,0,NaN,24752.25,24744,24749
1758297000,24749,24767,24748.5,24764.75,0,0,0,0,0,0,0,NaN,24767,24748.5,24764.75
1758297300,24764.5,24774.25,24757.75,24771.25,0,0,0,0,0,0,0,NaN,24774.25,24757.75,24771.25
1758297600,24771,24798.25,24770.25,24794.75,0,0,0,0,0,0,0,NaN,24798.25,24770.25,24794.75
1758297900,24795,24805.75,24790.75,24797,0,0,0,0,0,0,0,NaN,24805.75,24790.75,24797
1758298200,24797.5,24812,24795.5,24806,0,0,0,0,0,0,0,NaN,24812,24795.5,24806
1758298500,24805.75,24813.75,24803.25,24808.75,0,0,0,0,0,0,0,NaN,24813.75,24803.25,24808.75
1758298800,24809,24824.5,24801.75,24811.5,0,0,0,0,0,0,0,NaN,24824.5,24801.75,24811.5
1758299100,24811.75,24818.75,24808.5,24817.75,0,0,0,0,0,0,0,NaN,24818.75,24808.5,24817.75
1758299400,24817.5,24823.25,24801.5,24806.25,0,0,0,0,0,0,0,NaN,24823.25,24801.5,24806.25
1758299700,24806.5,24817.75,24806,24810,0,0,0,0,0,0,0,NaN,24817.75,24806,24810
1758300000,24810,24827.25,24809.5,24826.5,0,0,0,0,0,0,0,NaN,24827.25,24809.5,24826.5
1758300300,24826,24835.5,24817.25,24825.75,0,0,0,0,0,0,0,NaN,24835.5,24817.25,24825.75
1758300600,24825.25,24826,24815.75,24822.75,0,0,0,0,0,0,0,NaN,24826,24815.75,24822.75
1758300900,24822.75,24826.25,24816.5,24821.5,0,0,0,0,0,0,0,NaN,24826.25,24816.5,24821.5
1758301200,24821.5,24824.75,24817.25,24818.25,0,0,0,0,0,0,0,NaN,24824.75,24817.25,24818.25
1758301500,24818,24819.25,24809.5,24811.25,0,0,0,0,0,0,0,NaN,24819.25,24809.5,24811.25
1758301800,24811,24811.25,24804.5,24808,0,0,0,0,0,0,0,NaN,24811.25,24804.5,24808
1758302100,24808,24810.5,24799.5,24801.25,0,0,0,0,0,0,0,NaN,24810.5,24799.5,24801.25
1758302400,24801.25,24810.5,24798.25,24806.75,0,0,0,0,0,0,0,NaN,24810.5,24798.25,24806.75
1758302700,24807.25,24808,24795.5,24806,0,0,0,0,0,0,0,NaN,24808,24795.5,24806
1758303000,24805.75,24821.25,24805,24813.75,0,0,0,0,0,0,0,NaN,24821.25,24805,24813.75
1758303300,24813.25,24817,24807,24816.5,0,0,0,0,0,0,0,NaN,24817,24807,24816.5
1758303600,24816.5,24825,24813.75,24824.75,0,0,0,0,0,0,0,NaN,24825,24813.75,24824.75
1758303900,24824.75,24828.5,24824.5,24826.75,0,0,0,0,0,0,0,NaN,24828.5,24824.5,24826.75